2025-02-26 13:57:38,188 main WARN Advanced terminal features are not available in this environment
[13:57:38] [main/INFO] [cp.mo.mo.Launcher/MODLAUNCHER]: ModLauncher running: args [--launchTarget, forgeserver, --fml.forgeVersion, 43.4.20, --fml.mcVersion, 1.19.2, --fml.forgeGroup, net.minecraftforge, --fml.mcpVersion, 20220805.130853]
[13:57:38] [main/INFO] [cp.mo.mo.Launcher/MODLAUNCHER]: ModLauncher 10.0.8+10.0.8+main.0ef7e830 starting: java version 21.0.5 by Microsoft; OS Linux arch amd64 version 6.5.0-1025-azure
[13:57:38] [main/INFO] [mixin/]: SpongePowered MIXIN Subsystem Version=0.8.5 Source=union:/workspaces/apii/libraries/org/spongepowered/mixin/0.8.5/mixin-0.8.5.jar%2364!/ Service=ModLauncher Env=SERVER
[13:57:38] [main/WARN] [ne.mi.fm.lo.mo.ModFileParser/LOADING]: Mod file /workspaces/apii/libraries/net/minecraftforge/fmlcore/1.19.2-43.4.20/fmlcore-1.19.2-43.4.20.jar is missing mods.toml file
[13:57:38] [main/WARN] [ne.mi.fm.lo.mo.ModFileParser/LOADING]: Mod file /workspaces/apii/libraries/net/minecraftforge/javafmllanguage/1.19.2-43.4.20/javafmllanguage-1.19.2-43.4.20.jar is missing mods.toml file
[13:57:38] [main/WARN] [ne.mi.fm.lo.mo.ModFileParser/LOADING]: Mod file /workspaces/apii/libraries/net/minecraftforge/lowcodelanguage/1.19.2-43.4.20/lowcodelanguage-1.19.2-43.4.20.jar is missing mods.toml file
[13:57:38] [main/WARN] [ne.mi.fm.lo.mo.ModFileParser/LOADING]: Mod file /workspaces/apii/libraries/net/minecraftforge/mclanguage/1.19.2-43.4.20/mclanguage-1.19.2-43.4.20.jar is missing mods.toml file
[13:57:38] [main/INFO] [ne.mi.fm.lo.mo.JarInJarDependencyLocator/]: No dependencies to load found. Skipping!
[13:57:40] [main/INFO] [mixin/]: Compatibility level set to JAVA_17
[13:57:40] [main/INFO] [cp.mo.mo.LaunchServiceHandler/MODLAUNCHER]: Launching target 'forgeserver' with arguments []
[13:57:44] [main/INFO] [minecraft/DataFixers]: Building unoptimized datafixer
[13:57:46] [modloading-worker-0/INFO] [ne.mi.co.ForgeMod/FORGEMOD]: Forge mod loading, version 43.4.20, for MC 1.19.2 with MCP 20220805.130853
[13:57:46] [modloading-worker-0/INFO] [ne.mi.co.MinecraftForge/FORGE]: MinecraftForge v43.4.20 Initialized
[13:57:47] [Forge Version Check/INFO] [ne.mi.fm.VersionChecker/]: [forge] Starting version check at https://files.minecraftforge.net/net/minecraftforge/forge/promotions_slim.json
[13:57:48] [Forge Version Check/INFO] [ne.mi.fm.VersionChecker/]: [forge] Found status: AHEAD Current: 43.4.20 Target: null
[13:57:48] [main/INFO] [mojang/YggdrasilAuthenticationService]: Environment: authHost='https://authserver.mojang.com', accountsHost='https://api.mojang.com', sessionHost='https://sessionserver.mojang.com', servicesHost='https://api.minecraftservices.com', name='PROD'
[13:57:49] [main/WARN] [minecraft/VanillaPackResources]: Assets URL 'union:/workspaces/apii/libraries/net/minecraft/server/1.19.2-20220805.130853/server-1.19.2-20220805.130853-srg.jar%23106!/assets/.mcassetsroot' uses unexpected schema
[13:57:49] [main/WARN] [minecraft/VanillaPackResources]: Assets URL 'union:/workspaces/apii/libraries/net/minecraft/server/1.19.2-20220805.130853/server-1.19.2-20220805.130853-srg.jar%23106!/data/.mcassetsroot' uses unexpected schema
[13:57:51] [main/INFO] [minecraft/RecipeManager]: Loaded 7 recipes
[13:57:51] [main/INFO] [minecraft/AdvancementList]: Loaded 1179 advancements
[13:57:52] [Server thread/INFO] [minecraft/DedicatedServer]: Starting minecraft server version 1.19.2
[13:57:52] [Server thread/INFO] [minecraft/DedicatedServer]: Loading properties
[13:57:52] [Server thread/INFO] [minecraft/DedicatedServer]: Default game type: SURVIVAL
[13:57:52] [Server thread/INFO] [minecraft/MinecraftServer]: Generating keypair
[13:57:52] [Server console handler/ERROR] [minecraft/DedicatedServer]: Exception handling console input
java.io.IOException: Bad file descriptor
	at java.io.FileInputStream.readBytes(Native Method) ~[?:?] {}
	at java.io.FileInputStream.read(FileInputStream.java:287) ~[?:?] {}
	at java.io.BufferedInputStream.read1(BufferedInputStream.java:345) ~[?:?] {}
	at java.io.BufferedInputStream.implRead(BufferedInputStream.java:420) ~[?:?] {}
	at java.io.BufferedInputStream.read(BufferedInputStream.java:399) ~[?:?] {}
	at sun.nio.cs.StreamDecoder.readBytes(StreamDecoder.java:350) ~[?:?] {}
	at sun.nio.cs.StreamDecoder.implRead(StreamDecoder.java:393) ~[?:?] {}
	at sun.nio.cs.StreamDecoder.lockedRead(StreamDecoder.java:217) ~[?:?] {}
	at sun.nio.cs.StreamDecoder.read(StreamDecoder.java:171) ~[?:?] {}
	at java.io.InputStreamReader.read(InputStreamReader.java:188) ~[?:?] {}
	at java.io.BufferedReader.fill(BufferedReader.java:160) ~[?:?] {}
	at java.io.BufferedReader.implReadLine(BufferedReader.java:370) ~[?:?] {}
	at java.io.BufferedReader.readLine(BufferedReader.java:347) ~[?:?] {}
	at java.io.BufferedReader.readLine(BufferedReader.java:436) ~[?:?] {}
	at net.minecraft.server.dedicated.DedicatedServer$1.run(DedicatedServer.java:90) ~[server-1.19.2-20220805.130853-srg.jar%23106!/:?] {re:classloading}
[13:57:52] [Server thread/INFO] [minecraft/DedicatedServer]: Starting Minecraft server on *:25565
[13:57:52] [Server thread/INFO] [minecraft/ServerConnectionListener]: Using epoll channel type
[13:57:52] [Server thread/WARN] [minecraft/DedicatedServer]: **** SERVER IS RUNNING IN OFFLINE/INSECURE MODE!
[13:57:52] [Server thread/WARN] [minecraft/DedicatedServer]: The server will make no attempt to authenticate usernames. Beware.
[13:57:52] [Server thread/WARN] [minecraft/DedicatedServer]: While this makes the game possible to play without internet access, it also opens up the ability for hackers to connect with any username they choose.
[13:57:52] [Server thread/WARN] [minecraft/DedicatedServer]: To change this, set "online-mode" to "true" in the server.properties file.
[13:57:52] [Server thread/WARN] [ne.mi.co.ForgeConfigSpec/CORE]: Configuration file ./world/serverconfig/cave_dweller-server.toml is not correct. Correcting
[13:57:52] [Server thread/WARN] [ne.mi.co.ForgeConfigSpec/CORE]: Incorrect key Timers was corrected from null to its default, SimpleCommentedConfig:{}. 
[13:57:52] [Server thread/WARN] [ne.mi.co.ForgeConfigSpec/CORE]: Incorrect key Timers.Spawn was corrected from null to its default, SimpleCommentedConfig:{}. 
[13:57:52] [Server thread/WARN] [ne.mi.co.ForgeConfigSpec/CORE]: Incorrect key Timers.Spawn.can_spawn_min was corrected from null to its default, 300. 
[13:57:52] [Server thread/WARN] [ne.mi.co.ForgeConfigSpec/CORE]: Incorrect key Timers.Spawn.can_spawn_max was corrected from null to its default, 600. 
[13:57:52] [Server thread/WARN] [ne.mi.co.ForgeConfigSpec/CORE]: Incorrect key Timers.Spawn.can_spawn_cooldown_chance was corrected from null to its default, 0.4. 
[13:57:52] [Server thread/WARN] [ne.mi.co.ForgeConfigSpec/CORE]: Incorrect key Timers.Spawn.can_spawn_cooldown was corrected from null to its default, 1200. 
[13:57:52] [Server thread/WARN] [ne.mi.co.ForgeConfigSpec/CORE]: Incorrect key Timers.Noise was corrected from null to its default, SimpleCommentedConfig:{}. 
[13:57:52] [Server thread/WARN] [ne.mi.co.ForgeConfigSpec/CORE]: Incorrect key Timers.Noise.reset_noise_min was corrected from null to its default, 240. 
[13:57:52] [Server thread/WARN] [ne.mi.co.ForgeConfigSpec/CORE]: Incorrect key Timers.Noise.reset_noise_max was corrected from null to its default, 360. 
[13:57:52] [Server thread/WARN] [ne.mi.co.ForgeConfigSpec/CORE]: Incorrect key Timers.Leave was corrected from null to its default, SimpleCommentedConfig:{}. 
[13:57:52] [Server thread/WARN] [ne.mi.co.ForgeConfigSpec/CORE]: Incorrect key Timers.Leave.time_until_leave was corrected from null to its default, 300. 
[13:57:52] [Server thread/WARN] [ne.mi.co.ForgeConfigSpec/CORE]: Incorrect key Timers.Leave.time_until_leave_chase was corrected from null to its default, 30. 
[13:57:52] [Server thread/WARN] [ne.mi.co.ForgeConfigSpec/CORE]: Incorrect key Timers.surface_timer_multiplier was corrected from null to its default, 1.0. 
[13:57:52] [Server thread/WARN] [ne.mi.co.ForgeConfigSpec/CORE]: Incorrect key Spawn Conditions was corrected from null to its default, SimpleCommentedConfig:{}. 
[13:57:52] [Server thread/WARN] [ne.mi.co.ForgeConfigSpec/CORE]: Incorrect key Spawn Conditions.spawn_chance_per_tick was corrected from null to its default, 0.005. 
[13:57:52] [Server thread/WARN] [ne.mi.co.ForgeConfigSpec/CORE]: Incorrect key Spawn Conditions.spawn_height was corrected from null to its default, 40. 
[13:57:52] [Server thread/WARN] [ne.mi.co.ForgeConfigSpec/CORE]: Incorrect key Spawn Conditions.allow_surface_spawn was corrected from null to its default, false. 
[13:57:52] [Server thread/WARN] [ne.mi.co.ForgeConfigSpec/CORE]: Incorrect key Spawn Conditions.sky_light_level was corrected from null to its default, 8. 
[13:57:52] [Server thread/WARN] [ne.mi.co.ForgeConfigSpec/CORE]: Incorrect key Spawn Conditions.block_light_level was corrected from null to its default, 15. 
[13:57:52] [Server thread/WARN] [ne.mi.co.ForgeConfigSpec/CORE]: Incorrect key Spawn Conditions.maximum_amount was corrected from null to its default, 3. 
[13:57:52] [Server thread/WARN] [ne.mi.co.ForgeConfigSpec/CORE]: Incorrect key Spawn Conditions.spawn_distance was corrected from null to its default, 16. 
[13:57:52] [Server thread/WARN] [ne.mi.co.ForgeConfigSpec/CORE]: Incorrect key Spawn Conditions.check_path_to_spawn was corrected from null to its default, true. 
[13:57:52] [Server thread/WARN] [ne.mi.co.ForgeConfigSpec/CORE]: Incorrect key Spawn Conditions.Dimensions was corrected from null to its default, SimpleCommentedConfig:{}. 
[13:57:52] [Server thread/WARN] [ne.mi.co.ForgeConfigSpec/CORE]: Incorrect key Spawn Conditions.Dimensions.dimension_whitelist was corrected from null to its default, [minecraft:overworld]. 
[13:57:52] [Server thread/WARN] [ne.mi.co.ForgeConfigSpec/CORE]: Incorrect key Spawn Conditions.Biomes was corrected from null to its default, SimpleCommentedConfig:{}. 
[13:57:52] [Server thread/WARN] [ne.mi.co.ForgeConfigSpec/CORE]: Incorrect key Spawn Conditions.Biomes.override_biome_datapack_config was corrected from null to its default, false. 
[13:57:52] [Server thread/WARN] [ne.mi.co.ForgeConfigSpec/CORE]: Incorrect key Spawn Conditions.Biomes.surface_biomes_is_whitelist was corrected from null to its default, true. 
[13:57:52] [Server thread/WARN] [ne.mi.co.ForgeConfigSpec/CORE]: Incorrect key Spawn Conditions.Biomes.surface_biomes was corrected from null to its default, []. 
[13:57:52] [Server thread/WARN] [ne.mi.co.ForgeConfigSpec/CORE]: Incorrect key Behaviour was corrected from null to its default, SimpleCommentedConfig:{}. 
[13:57:52] [Server thread/WARN] [ne.mi.co.ForgeConfigSpec/CORE]: Incorrect key Behaviour.spotting_range was corrected from null to its default, 60. 
[13:57:52] [Server thread/WARN] [ne.mi.co.ForgeConfigSpec/CORE]: Incorrect key Behaviour.can_disable_shields was corrected from null to its default, false. 
[13:57:52] [Server thread/WARN] [ne.mi.co.ForgeConfigSpec/CORE]: Incorrect key Behaviour.can_climb was corrected from null to its default, true. 
[13:57:52] [Server thread/WARN] [ne.mi.co.ForgeConfigSpec/CORE]: Incorrect key Behaviour.can_break_door was corrected from null to its default, true. 
[13:57:52] [Server thread/WARN] [ne.mi.co.ForgeConfigSpec/CORE]: Incorrect key Behaviour.break_door_time was corrected from null to its default, 3. 
[13:57:52] [Server thread/WARN] [ne.mi.co.ForgeConfigSpec/CORE]: Incorrect key Behaviour.allow_riding was corrected from null to its default, false. 
[13:57:52] [Server thread/WARN] [ne.mi.co.ForgeConfigSpec/CORE]: Incorrect key Behaviour.target_invisible was corrected from null to its default, true. 
[13:57:52] [Server thread/WARN] [ne.mi.co.ForgeConfigSpec/CORE]: Incorrect key Attributes was corrected from null to its default, SimpleCommentedConfig:{}. 
[13:57:52] [Server thread/WARN] [ne.mi.co.ForgeConfigSpec/CORE]: Incorrect key Attributes.maximum_health was corrected from null to its default, 60.0. 
[13:57:52] [Server thread/WARN] [ne.mi.co.ForgeConfigSpec/CORE]: Incorrect key Attributes.attack_damage was corrected from null to its default, 6.0. 
[13:57:52] [Server thread/WARN] [ne.mi.co.ForgeConfigSpec/CORE]: Incorrect key Attributes.attack_speed was corrected from null to its default, 0.35. 
[13:57:52] [Server thread/WARN] [ne.mi.co.ForgeConfigSpec/CORE]: Incorrect key Attributes.movement_speed was corrected from null to its default, 0.5. 
[13:57:52] [Server thread/WARN] [ne.mi.co.ForgeConfigSpec/CORE]: Incorrect key Attributes.depth_strider_bonus was corrected from null to its default, 1.5. 
[13:57:52] [Server thread/WARN] [ne.mi.co.ForgeConfigSpec/CORE]: Incorrect key Misc was corrected from null to its default, SimpleCommentedConfig:{}. 
[13:57:52] [Server thread/WARN] [ne.mi.co.ForgeConfigSpec/CORE]: Incorrect key Misc.only_play_noise_to_target was corrected from null to its default, false. 
[13:57:52] [Thread-0/INFO] [de.ca.ca.CaveDweller/]: Server configuration has been reloaded
[13:57:52] [Server thread/INFO] [minecraft/DedicatedServer]: Preparing level "world"
[13:57:53] [Server thread/INFO] [minecraft/MinecraftServer]: Preparing start region for dimension minecraft:overworld
[13:57:57] [Worker-Main-1/INFO] [minecraft/LoggerChunkProgressListener]: Preparing spawn area: 0%
[13:57:57] [Worker-Main-2/INFO] [minecraft/LoggerChunkProgressListener]: Preparing spawn area: 0%
[13:57:57] [Worker-Main-2/INFO] [minecraft/LoggerChunkProgressListener]: Preparing spawn area: 0%
[13:57:57] [Worker-Main-2/INFO] [minecraft/LoggerChunkProgressListener]: Preparing spawn area: 0%
[13:57:57] [Worker-Main-2/INFO] [minecraft/LoggerChunkProgressListener]: Preparing spawn area: 0%
[13:57:57] [Worker-Main-2/INFO] [minecraft/LoggerChunkProgressListener]: Preparing spawn area: 0%
[13:57:57] [Worker-Main-2/INFO] [minecraft/LoggerChunkProgressListener]: Preparing spawn area: 0%
[13:57:57] [Worker-Main-2/INFO] [minecraft/LoggerChunkProgressListener]: Preparing spawn area: 0%
[13:57:57] [Worker-Main-2/INFO] [minecraft/LoggerChunkProgressListener]: Preparing spawn area: 0%
[13:57:57] [Worker-Main-2/INFO] [minecraft/LoggerChunkProgressListener]: Preparing spawn area: 0%
[13:57:58] [Worker-Main-1/INFO] [minecraft/LoggerChunkProgressListener]: Preparing spawn area: 39%
[13:57:58] [Worker-Main-1/INFO] [minecraft/LoggerChunkProgressListener]: Preparing spawn area: 91%
[13:57:58] [Server thread/INFO] [minecraft/LoggerChunkProgressListener]: Time elapsed: 5573 ms
[13:57:58] [Server thread/INFO] [minecraft/DedicatedServer]: Done (5.914s)! For help, type "help"
[13:57:58] [Server thread/INFO] [ne.mi.se.pe.PermissionAPI/]: Successfully initialized permission handler forge:default_handler
[13:58:34] [Server thread/INFO] [ne.mi.co.AdvancementLoadFix/]: Using new advancement loading for net.minecraft.server.PlayerAdvancements@7c62cff
[13:58:34] [Server thread/INFO] [minecraft/PlayerList]: gamerku[/127.114.104.5:58711] logged in with entity id 254 at (400.9731278862783, 68.16938796789714, 351.5599022553142)
[13:58:34] [Server thread/INFO] [minecraft/MinecraftServer]: gamerku joined the game
[13:59:05] [Server thread/INFO] [minecraft/MinecraftServer]: gamerku has completed the challenge [Cover Me in Debris]
[13:59:37] [Server thread/INFO] [minecraft/MinecraftServer]: [gamerku: Set own game mode to Spectator Mode]
[13:59:45] [Server thread/INFO] [minecraft/MinecraftServer]: [gamerku: Set own game mode to Creative Mode]
[13:59:47] [Server thread/INFO] [minecraft/ServerGamePacketListenerImpl]: gamerku lost connection: Disconnected
[13:59:47] [Server thread/INFO] [minecraft/MinecraftServer]: gamerku left the game
2025-02-27 09:33:06,578 main WARN Advanced terminal features are not available in this environment
[09:33:06] [main/INFO] [cp.mo.mo.Launcher/MODLAUNCHER]: ModLauncher running: args [--launchTarget, forgeserver, --fml.forgeVersion, 43.4.20, --fml.mcVersion, 1.19.2, --fml.forgeGroup, net.minecraftforge, --fml.mcpVersion, 20220805.130853]
[09:33:06] [main/INFO] [cp.mo.mo.Launcher/MODLAUNCHER]: ModLauncher 10.0.8+10.0.8+main.0ef7e830 starting: java version 21.0.5 by Microsoft; OS Linux arch amd64 version 6.5.0-1025-azure
[09:33:06] [main/INFO] [mixin/]: SpongePowered MIXIN Subsystem Version=0.8.5 Source=union:/workspaces/codespaces-jupyter/libraries/org/spongepowered/mixin/0.8.5/mixin-0.8.5.jar%2364!/ Service=ModLauncher Env=SERVER
[09:33:07] [main/WARN] [ne.mi.fm.lo.mo.ModFileParser/LOADING]: Mod file /workspaces/codespaces-jupyter/libraries/net/minecraftforge/fmlcore/1.19.2-43.4.20/fmlcore-1.19.2-43.4.20.jar is missing mods.toml file
[09:33:07] [main/WARN] [ne.mi.fm.lo.mo.ModFileParser/LOADING]: Mod file /workspaces/codespaces-jupyter/libraries/net/minecraftforge/javafmllanguage/1.19.2-43.4.20/javafmllanguage-1.19.2-43.4.20.jar is missing mods.toml file
[09:33:07] [main/WARN] [ne.mi.fm.lo.mo.ModFileParser/LOADING]: Mod file /workspaces/codespaces-jupyter/libraries/net/minecraftforge/lowcodelanguage/1.19.2-43.4.20/lowcodelanguage-1.19.2-43.4.20.jar is missing mods.toml file
[09:33:07] [main/WARN] [ne.mi.fm.lo.mo.ModFileParser/LOADING]: Mod file /workspaces/codespaces-jupyter/libraries/net/minecraftforge/mclanguage/1.19.2-43.4.20/mclanguage-1.19.2-43.4.20.jar is missing mods.toml file
[09:33:07] [main/INFO] [ne.mi.fm.lo.mo.JarInJarDependencyLocator/]: Found 2 dependencies adding them to mods collection
[09:33:08] [main/INFO] [mixin/]: Compatibility level set to JAVA_17
[09:33:08] [main/ERROR] [mixin/]: Mixin config cameraoverhaul.mixins.json does not specify "minVersion" property
[09:33:08] [main/INFO] [mixin/]: Successfully loaded Mixin Connector [com.sonicether.soundphysics.MixinConnector]
[09:33:08] [main/INFO] [mixin/]: Successfully loaded Mixin Connector [org.tlauncher.MixinConnector]
[09:33:08] [main/INFO] [cp.mo.mo.LaunchServiceHandler/MODLAUNCHER]: Launching target 'forgeserver' with arguments []
[09:33:09] [main/ERROR] [ne.mi.fm.lo.RuntimeDistCleaner/DISTXFORM]: Attempted to load class net/minecraft/client/player/AbstractClientPlayer for invalid dist DEDICATED_SERVER
[09:33:09] [main/WARN] [mixin/]: Error loading class: net/minecraft/client/player/AbstractClientPlayer (java.lang.RuntimeException: Attempted to load class net/minecraft/client/player/AbstractClientPlayer for invalid dist DEDICATED_SERVER)
[09:33:09] [main/WARN] [mixin/]: @Mixin target net.minecraft.client.player.AbstractClientPlayer was not found tlskincape-mixins.json:MixinAbstractPlayer
[09:33:09] [main/ERROR] [ne.mi.fm.lo.RuntimeDistCleaner/DISTXFORM]: Attempted to load class net/minecraft/client/gui/screens/TitleScreen for invalid dist DEDICATED_SERVER
[09:33:09] [main/WARN] [mixin/]: Error loading class: net/minecraft/client/gui/screens/TitleScreen (java.lang.RuntimeException: Attempted to load class net/minecraft/client/gui/screens/TitleScreen for invalid dist DEDICATED_SERVER)
[09:33:09] [main/WARN] [mixin/]: @Mixin target net.minecraft.client.gui.screens.TitleScreen was not found tlskincape-mixins.json:MixinMainMenu
[09:33:09] [main/WARN] [mixin/]: Error loading class: net/minecraft/client/model/PlayerModel (java.lang.ClassNotFoundException: net.minecraft.client.model.PlayerModel)
[09:33:09] [main/WARN] [mixin/]: @Mixin target net.minecraft.client.model.PlayerModel was not found tlskincape-mixins.json:MixinPlayerModel
[09:33:09] [main/ERROR] [ne.mi.fm.lo.RuntimeDistCleaner/DISTXFORM]: Attempted to load class net/minecraft/client/Camera for invalid dist DEDICATED_SERVER
[09:33:09] [main/WARN] [mixin/]: Error loading class: net/minecraft/client/Camera (java.lang.RuntimeException: Attempted to load class net/minecraft/client/Camera for invalid dist DEDICATED_SERVER)
[09:33:09] [main/WARN] [mixin/]: @Mixin target net.minecraft.client.Camera was not found cameraoverhaul.mixins.json:CameraMixin
[09:33:09] [main/ERROR] [ne.mi.fm.lo.RuntimeDistCleaner/DISTXFORM]: Attempted to load class net/minecraft/client/renderer/GameRenderer for invalid dist DEDICATED_SERVER
[09:33:09] [main/WARN] [mixin/]: Error loading class: net/minecraft/client/renderer/GameRenderer (java.lang.RuntimeException: Attempted to load class net/minecraft/client/renderer/GameRenderer for invalid dist DEDICATED_SERVER)
[09:33:09] [main/WARN] [mixin/]: @Mixin target net.minecraft.client.renderer.GameRenderer was not found cameraoverhaul.mixins.json:GameRendererMixin
[09:33:09] [main/ERROR] [ne.mi.fm.lo.RuntimeDistCleaner/DISTXFORM]: Attempted to load class net/minecraft/client/player/LocalPlayer for invalid dist DEDICATED_SERVER
[09:33:09] [main/WARN] [mixin/]: Error loading class: net/minecraft/client/player/LocalPlayer (java.lang.RuntimeException: Attempted to load class net/minecraft/client/player/LocalPlayer for invalid dist DEDICATED_SERVER)
[09:33:09] [main/WARN] [mixin/]: @Mixin target net.minecraft.client.player.LocalPlayer was not found cameraoverhaul.mixins.json:LocalPlayerMixin
[09:33:13] [main/INFO] [minecraft/DataFixers]: Building unoptimized datafixer
[09:33:15] [modloading-worker-0/INFO] [ne.mi.co.ForgeMod/FORGEMOD]: Forge mod loading, version 43.4.20, for MC 1.19.2 with MCP 20220805.130853
[09:33:15] [modloading-worker-0/INFO] [ne.mi.co.MinecraftForge/FORGE]: MinecraftForge v43.4.20 Initialized
[09:33:16] [Forge Version Check/INFO] [ne.mi.fm.VersionChecker/]: [cameraoverhaul] Starting version check at https://github.com/Mirsario/Minecraft-CameraOverhaul/blob/dev/meta/ForgeUpdateCheck.json?raw=true
[09:33:17] [main/INFO] [mojang/YggdrasilAuthenticationService]: Environment: authHost='https://authserver.mojang.com', accountsHost='https://api.mojang.com', sessionHost='https://sessionserver.mojang.com', servicesHost='https://api.minecraftservices.com', name='PROD'
[09:33:17] [Forge Version Check/INFO] [ne.mi.fm.VersionChecker/]: [cameraoverhaul] Found status: UP_TO_DATE Current: 2.0.0-forge+mc.1.19.0-1.19.2 Target: null
[09:33:17] [Forge Version Check/INFO] [ne.mi.fm.VersionChecker/]: [forge] Starting version check at https://files.minecraftforge.net/net/minecraftforge/forge/promotions_slim.json
[09:33:18] [Forge Version Check/INFO] [ne.mi.fm.VersionChecker/]: [forge] Found status: AHEAD Current: 43.4.20 Target: null
[09:33:18] [Forge Version Check/INFO] [ne.mi.fm.VersionChecker/]: [sound_physics_remastered] Starting version check at https://update.maxhenkel.de/forge/sound_physics_remastered
[09:33:18] [main/WARN] [minecraft/VanillaPackResources]: Assets URL 'union:/workspaces/codespaces-jupyter/libraries/net/minecraft/server/1.19.2-20220805.130853/server-1.19.2-20220805.130853-srg.jar%23124!/assets/.mcassetsroot' uses unexpected schema
[09:33:18] [main/WARN] [minecraft/VanillaPackResources]: Assets URL 'union:/workspaces/codespaces-jupyter/libraries/net/minecraft/server/1.19.2-20220805.130853/server-1.19.2-20220805.130853-srg.jar%23124!/data/.mcassetsroot' uses unexpected schema
[09:33:19] [Forge Version Check/INFO] [ne.mi.fm.VersionChecker/]: [sound_physics_remastered] Found status: AHEAD Current: 1.19.2-1.4.5 Target: null
[09:33:20] [main/INFO] [minecraft/RecipeManager]: Loaded 7 recipes
[09:33:20] [main/ERROR] [minecraft/ServerAdvancementManager]: Parsing error loading custom advancement man:thetear: Non [a-z0-9/._-] character in path of location: man:tearoftheman

[09:33:20] [main/INFO] [minecraft/AdvancementList]: Loaded 1185 advancements
[09:33:21] [Server thread/INFO] [minecraft/DedicatedServer]: Starting minecraft server version 1.19.2
[09:33:21] [Server thread/INFO] [minecraft/DedicatedServer]: Loading properties
[09:33:21] [Server thread/INFO] [minecraft/DedicatedServer]: Default game type: SURVIVAL
[09:33:21] [Server thread/INFO] [minecraft/MinecraftServer]: Generating keypair
[09:33:21] [Server console handler/ERROR] [minecraft/DedicatedServer]: Exception handling console input
java.io.IOException: Bad file descriptor
	at java.io.FileInputStream.readBytes(Native Method) ~[?:?] {}
	at java.io.FileInputStream.read(FileInputStream.java:287) ~[?:?] {}
	at java.io.BufferedInputStream.read1(BufferedInputStream.java:345) ~[?:?] {}
	at java.io.BufferedInputStream.implRead(BufferedInputStream.java:420) ~[?:?] {}
	at java.io.BufferedInputStream.read(BufferedInputStream.java:399) ~[?:?] {}
	at sun.nio.cs.StreamDecoder.readBytes(StreamDecoder.java:350) ~[?:?] {}
	at sun.nio.cs.StreamDecoder.implRead(StreamDecoder.java:393) ~[?:?] {}
	at sun.nio.cs.StreamDecoder.lockedRead(StreamDecoder.java:217) ~[?:?] {}
	at sun.nio.cs.StreamDecoder.read(StreamDecoder.java:171) ~[?:?] {}
	at java.io.InputStreamReader.read(InputStreamReader.java:188) ~[?:?] {}
	at java.io.BufferedReader.fill(BufferedReader.java:160) ~[?:?] {}
	at java.io.BufferedReader.implReadLine(BufferedReader.java:370) ~[?:?] {}
	at java.io.BufferedReader.readLine(BufferedReader.java:347) ~[?:?] {}
	at java.io.BufferedReader.readLine(BufferedReader.java:436) ~[?:?] {}
	at net.minecraft.server.dedicated.DedicatedServer$1.run(DedicatedServer.java:90) ~[server-1.19.2-20220805.130853-srg.jar%23124!/:?] {re:classloading}
[09:33:21] [Server thread/INFO] [minecraft/DedicatedServer]: Starting Minecraft server on *:25565
[09:33:21] [Server thread/INFO] [minecraft/ServerConnectionListener]: Using epoll channel type
[09:33:21] [Server thread/WARN] [minecraft/DedicatedServer]: **** SERVER IS RUNNING IN OFFLINE/INSECURE MODE!
[09:33:21] [Server thread/WARN] [minecraft/DedicatedServer]: The server will make no attempt to authenticate usernames. Beware.
[09:33:21] [Server thread/WARN] [minecraft/DedicatedServer]: While this makes the game possible to play without internet access, it also opens up the ability for hackers to connect with any username they choose.
[09:33:21] [Server thread/WARN] [minecraft/DedicatedServer]: To change this, set "online-mode" to "true" in the server.properties file.
[09:33:21] [Thread-0/INFO] [de.ca.ca.CaveDweller/]: Server configuration has been reloaded
[09:33:21] [Thread-0/INFO] [de.ca.ca.CaveDweller/]: Server configuration has been reloaded
[09:33:21] [Server thread/INFO] [minecraft/DedicatedServer]: Preparing level "world"
[09:33:22] [Server thread/INFO] [minecraft/MinecraftServer]: Preparing start region for dimension minecraft:overworld
2025-02-27 09:34:11,093 main WARN Advanced terminal features are not available in this environment
[09:34:11] [main/INFO] [cp.mo.mo.Launcher/MODLAUNCHER]: ModLauncher running: args [--launchTarget, forgeserver, --fml.forgeVersion, 43.4.20, --fml.mcVersion, 1.19.2, --fml.forgeGroup, net.minecraftforge, --fml.mcpVersion, 20220805.130853]
[09:34:11] [main/INFO] [cp.mo.mo.Launcher/MODLAUNCHER]: ModLauncher 10.0.8+10.0.8+main.0ef7e830 starting: java version 21.0.5 by Microsoft; OS Linux arch amd64 version 6.5.0-1025-azure
[09:34:11] [main/INFO] [mixin/]: SpongePowered MIXIN Subsystem Version=0.8.5 Source=union:/workspaces/codespaces-jupyter/libraries/org/spongepowered/mixin/0.8.5/mixin-0.8.5.jar%2364!/ Service=ModLauncher Env=SERVER
[09:34:11] [main/WARN] [ne.mi.fm.lo.mo.ModFileParser/LOADING]: Mod file /workspaces/codespaces-jupyter/libraries/net/minecraftforge/fmlcore/1.19.2-43.4.20/fmlcore-1.19.2-43.4.20.jar is missing mods.toml file
[09:34:11] [main/WARN] [ne.mi.fm.lo.mo.ModFileParser/LOADING]: Mod file /workspaces/codespaces-jupyter/libraries/net/minecraftforge/javafmllanguage/1.19.2-43.4.20/javafmllanguage-1.19.2-43.4.20.jar is missing mods.toml file
[09:34:11] [main/WARN] [ne.mi.fm.lo.mo.ModFileParser/LOADING]: Mod file /workspaces/codespaces-jupyter/libraries/net/minecraftforge/lowcodelanguage/1.19.2-43.4.20/lowcodelanguage-1.19.2-43.4.20.jar is missing mods.toml file
[09:34:11] [main/WARN] [ne.mi.fm.lo.mo.ModFileParser/LOADING]: Mod file /workspaces/codespaces-jupyter/libraries/net/minecraftforge/mclanguage/1.19.2-43.4.20/mclanguage-1.19.2-43.4.20.jar is missing mods.toml file
[09:34:11] [main/INFO] [ne.mi.fm.lo.mo.JarInJarDependencyLocator/]: Found 2 dependencies adding them to mods collection
[09:34:12] [main/INFO] [mixin/]: Compatibility level set to JAVA_17
[09:34:12] [main/ERROR] [mixin/]: Mixin config cameraoverhaul.mixins.json does not specify "minVersion" property
[09:34:12] [main/INFO] [mixin/]: Successfully loaded Mixin Connector [com.sonicether.soundphysics.MixinConnector]
[09:34:12] [main/INFO] [mixin/]: Successfully loaded Mixin Connector [org.tlauncher.MixinConnector]
[09:34:12] [main/INFO] [cp.mo.mo.LaunchServiceHandler/MODLAUNCHER]: Launching target 'forgeserver' with arguments []
[09:34:13] [main/ERROR] [ne.mi.fm.lo.RuntimeDistCleaner/DISTXFORM]: Attempted to load class net/minecraft/client/player/AbstractClientPlayer for invalid dist DEDICATED_SERVER
[09:34:13] [main/WARN] [mixin/]: Error loading class: net/minecraft/client/player/AbstractClientPlayer (java.lang.RuntimeException: Attempted to load class net/minecraft/client/player/AbstractClientPlayer for invalid dist DEDICATED_SERVER)
[09:34:13] [main/WARN] [mixin/]: @Mixin target net.minecraft.client.player.AbstractClientPlayer was not found tlskincape-mixins.json:MixinAbstractPlayer
[09:34:13] [main/ERROR] [ne.mi.fm.lo.RuntimeDistCleaner/DISTXFORM]: Attempted to load class net/minecraft/client/gui/screens/TitleScreen for invalid dist DEDICATED_SERVER
[09:34:13] [main/WARN] [mixin/]: Error loading class: net/minecraft/client/gui/screens/TitleScreen (java.lang.RuntimeException: Attempted to load class net/minecraft/client/gui/screens/TitleScreen for invalid dist DEDICATED_SERVER)
[09:34:13] [main/WARN] [mixin/]: @Mixin target net.minecraft.client.gui.screens.TitleScreen was not found tlskincape-mixins.json:MixinMainMenu
[09:34:13] [main/WARN] [mixin/]: Error loading class: net/minecraft/client/model/PlayerModel (java.lang.ClassNotFoundException: net.minecraft.client.model.PlayerModel)
[09:34:13] [main/WARN] [mixin/]: @Mixin target net.minecraft.client.model.PlayerModel was not found tlskincape-mixins.json:MixinPlayerModel
[09:34:13] [main/ERROR] [ne.mi.fm.lo.RuntimeDistCleaner/DISTXFORM]: Attempted to load class net/minecraft/client/Camera for invalid dist DEDICATED_SERVER
[09:34:13] [main/WARN] [mixin/]: Error loading class: net/minecraft/client/Camera (java.lang.RuntimeException: Attempted to load class net/minecraft/client/Camera for invalid dist DEDICATED_SERVER)
[09:34:13] [main/WARN] [mixin/]: @Mixin target net.minecraft.client.Camera was not found cameraoverhaul.mixins.json:CameraMixin
[09:34:13] [main/ERROR] [ne.mi.fm.lo.RuntimeDistCleaner/DISTXFORM]: Attempted to load class net/minecraft/client/renderer/GameRenderer for invalid dist DEDICATED_SERVER
[09:34:13] [main/WARN] [mixin/]: Error loading class: net/minecraft/client/renderer/GameRenderer (java.lang.RuntimeException: Attempted to load class net/minecraft/client/renderer/GameRenderer for invalid dist DEDICATED_SERVER)
[09:34:13] [main/WARN] [mixin/]: @Mixin target net.minecraft.client.renderer.GameRenderer was not found cameraoverhaul.mixins.json:GameRendererMixin
[09:34:13] [main/ERROR] [ne.mi.fm.lo.RuntimeDistCleaner/DISTXFORM]: Attempted to load class net/minecraft/client/player/LocalPlayer for invalid dist DEDICATED_SERVER
[09:34:13] [main/WARN] [mixin/]: Error loading class: net/minecraft/client/player/LocalPlayer (java.lang.RuntimeException: Attempted to load class net/minecraft/client/player/LocalPlayer for invalid dist DEDICATED_SERVER)
[09:34:13] [main/WARN] [mixin/]: @Mixin target net.minecraft.client.player.LocalPlayer was not found cameraoverhaul.mixins.json:LocalPlayerMixin
[09:34:16] [main/INFO] [minecraft/DataFixers]: Building unoptimized datafixer
[09:34:18] [modloading-worker-0/INFO] [ne.mi.co.ForgeMod/FORGEMOD]: Forge mod loading, version 43.4.20, for MC 1.19.2 with MCP 20220805.130853
[09:34:18] [modloading-worker-0/INFO] [ne.mi.co.MinecraftForge/FORGE]: MinecraftForge v43.4.20 Initialized
[09:34:19] [Forge Version Check/INFO] [ne.mi.fm.VersionChecker/]: [cameraoverhaul] Starting version check at https://github.com/Mirsario/Minecraft-CameraOverhaul/blob/dev/meta/ForgeUpdateCheck.json?raw=true
[09:34:19] [Forge Version Check/INFO] [ne.mi.fm.VersionChecker/]: [cameraoverhaul] Found status: UP_TO_DATE Current: 2.0.0-forge+mc.1.19.0-1.19.2 Target: null
[09:34:19] [Forge Version Check/INFO] [ne.mi.fm.VersionChecker/]: [forge] Starting version check at https://files.minecraftforge.net/net/minecraftforge/forge/promotions_slim.json
[09:34:20] [Forge Version Check/INFO] [ne.mi.fm.VersionChecker/]: [forge] Found status: AHEAD Current: 43.4.20 Target: null
[09:34:20] [Forge Version Check/INFO] [ne.mi.fm.VersionChecker/]: [sound_physics_remastered] Starting version check at https://update.maxhenkel.de/forge/sound_physics_remastered
[09:34:20] [main/INFO] [mojang/YggdrasilAuthenticationService]: Environment: authHost='https://authserver.mojang.com', accountsHost='https://api.mojang.com', sessionHost='https://sessionserver.mojang.com', servicesHost='https://api.minecraftservices.com', name='PROD'
[09:34:20] [main/ERROR] [minecraft/Main]: Failed to start the minecraft server
net.minecraft.util.DirectoryLock$LockException: /workspaces/codespaces-jupyter/./world/session.lock: already locked (possibly by other Minecraft instance?)
	at net.minecraft.util.DirectoryLock$LockException.m_13648_(DirectoryLock.java:98) ~[server-1.19.2-20220805.130853-srg.jar%23124!/:?] {re:classloading}
	at net.minecraft.util.DirectoryLock.m_13640_(DirectoryLock.java:44) ~[server-1.19.2-20220805.130853-srg.jar%23124!/:?] {re:classloading}
	at net.minecraft.world.level.storage.LevelStorageSource$LevelStorageAccess.<init>(LevelStorageSource.java:344) ~[server-1.19.2-20220805.130853-srg.jar%23124!/:?] {re:classloading}
	at net.minecraft.world.level.storage.LevelStorageSource.m_78260_(LevelStorageSource.java:292) ~[server-1.19.2-20220805.130853-srg.jar%23124!/:?] {re:classloading}
	at net.minecraft.server.Main.main(Main.java:130) ~[server-1.19.2-20220805.130853-srg.jar%23124!/:?] {re:classloading}
	at jdk.internal.reflect.DirectMethodHandleAccessor.invoke(DirectMethodHandleAccessor.java:103) ~[?:?] {}
	at java.lang.reflect.Method.invoke(Method.java:580) ~[?:?] {}
	at net.minecraftforge.fml.loading.targets.CommonServerLaunchHandler.lambda$launchService$0(CommonServerLaunchHandler.java:29) ~[fmlloader-1.19.2-43.4.20.jar%2373!/:?] {}
	at cpw.mods.modlauncher.LaunchServiceHandlerDecorator.launch(LaunchServiceHandlerDecorator.java:30) ~[modlauncher-10.0.8.jar%2355!/:?] {}
	at cpw.mods.modlauncher.LaunchServiceHandler.launch(LaunchServiceHandler.java:53) ~[modlauncher-10.0.8.jar%2355!/:?] {}
	at cpw.mods.modlauncher.LaunchServiceHandler.launch(LaunchServiceHandler.java:71) ~[modlauncher-10.0.8.jar%2355!/:?] {}
	at cpw.mods.modlauncher.Launcher.run(Launcher.java:106) ~[modlauncher-10.0.8.jar%2355!/:?] {}
	at cpw.mods.modlauncher.Launcher.main(Launcher.java:77) ~[modlauncher-10.0.8.jar%2355!/:?] {}
	at cpw.mods.modlauncher.BootstrapLaunchConsumer.accept(BootstrapLaunchConsumer.java:26) ~[modlauncher-10.0.8.jar%2355!/:?] {}
	at cpw.mods.modlauncher.BootstrapLaunchConsumer.accept(BootstrapLaunchConsumer.java:23) ~[modlauncher-10.0.8.jar%2355!/:?] {}
	at cpw.mods.bootstraplauncher.BootstrapLauncher.main(BootstrapLauncher.java:141) ~[bootstraplauncher-1.1.2.jar:?] {}
2025-02-27 09:36:39,599 main WARN Advanced terminal features are not available in this environment
[09:36:39] [main/INFO] [cp.mo.mo.Launcher/MODLAUNCHER]: ModLauncher running: args [--launchTarget, forgeserver, --fml.forgeVersion, 43.4.20, --fml.mcVersion, 1.19.2, --fml.forgeGroup, net.minecraftforge, --fml.mcpVersion, 20220805.130853]
[09:36:39] [main/INFO] [cp.mo.mo.Launcher/MODLAUNCHER]: ModLauncher 10.0.8+10.0.8+main.0ef7e830 starting: java version 21.0.5 by Microsoft; OS Linux arch amd64 version 6.5.0-1025-azure
[09:36:40] [main/INFO] [mixin/]: SpongePowered MIXIN Subsystem Version=0.8.5 Source=union:/workspaces/codespaces-jupyter/libraries/org/spongepowered/mixin/0.8.5/mixin-0.8.5.jar%2364!/ Service=ModLauncher Env=SERVER
[09:36:40] [main/WARN] [ne.mi.fm.lo.mo.ModFileParser/LOADING]: Mod file /workspaces/codespaces-jupyter/libraries/net/minecraftforge/fmlcore/1.19.2-43.4.20/fmlcore-1.19.2-43.4.20.jar is missing mods.toml file
[09:36:40] [main/WARN] [ne.mi.fm.lo.mo.ModFileParser/LOADING]: Mod file /workspaces/codespaces-jupyter/libraries/net/minecraftforge/javafmllanguage/1.19.2-43.4.20/javafmllanguage-1.19.2-43.4.20.jar is missing mods.toml file
[09:36:40] [main/WARN] [ne.mi.fm.lo.mo.ModFileParser/LOADING]: Mod file /workspaces/codespaces-jupyter/libraries/net/minecraftforge/lowcodelanguage/1.19.2-43.4.20/lowcodelanguage-1.19.2-43.4.20.jar is missing mods.toml file
[09:36:40] [main/WARN] [ne.mi.fm.lo.mo.ModFileParser/LOADING]: Mod file /workspaces/codespaces-jupyter/libraries/net/minecraftforge/mclanguage/1.19.2-43.4.20/mclanguage-1.19.2-43.4.20.jar is missing mods.toml file
[09:36:40] [main/INFO] [ne.mi.fm.lo.mo.JarInJarDependencyLocator/]: Found 2 dependencies adding them to mods collection
[09:36:42] [main/INFO] [mixin/]: Compatibility level set to JAVA_17
[09:36:42] [main/ERROR] [mixin/]: Mixin config cameraoverhaul.mixins.json does not specify "minVersion" property
[09:36:42] [main/INFO] [mixin/]: Successfully loaded Mixin Connector [com.sonicether.soundphysics.MixinConnector]
[09:36:42] [main/INFO] [mixin/]: Successfully loaded Mixin Connector [org.tlauncher.MixinConnector]
[09:36:42] [main/INFO] [cp.mo.mo.LaunchServiceHandler/MODLAUNCHER]: Launching target 'forgeserver' with arguments []
[09:36:42] [main/ERROR] [ne.mi.fm.lo.RuntimeDistCleaner/DISTXFORM]: Attempted to load class net/minecraft/client/player/AbstractClientPlayer for invalid dist DEDICATED_SERVER
[09:36:42] [main/WARN] [mixin/]: Error loading class: net/minecraft/client/player/AbstractClientPlayer (java.lang.RuntimeException: Attempted to load class net/minecraft/client/player/AbstractClientPlayer for invalid dist DEDICATED_SERVER)
[09:36:42] [main/WARN] [mixin/]: @Mixin target net.minecraft.client.player.AbstractClientPlayer was not found tlskincape-mixins.json:MixinAbstractPlayer
[09:36:42] [main/ERROR] [ne.mi.fm.lo.RuntimeDistCleaner/DISTXFORM]: Attempted to load class net/minecraft/client/gui/screens/TitleScreen for invalid dist DEDICATED_SERVER
[09:36:42] [main/WARN] [mixin/]: Error loading class: net/minecraft/client/gui/screens/TitleScreen (java.lang.RuntimeException: Attempted to load class net/minecraft/client/gui/screens/TitleScreen for invalid dist DEDICATED_SERVER)
[09:36:42] [main/WARN] [mixin/]: @Mixin target net.minecraft.client.gui.screens.TitleScreen was not found tlskincape-mixins.json:MixinMainMenu
[09:36:42] [main/WARN] [mixin/]: Error loading class: net/minecraft/client/model/PlayerModel (java.lang.ClassNotFoundException: net.minecraft.client.model.PlayerModel)
[09:36:42] [main/WARN] [mixin/]: @Mixin target net.minecraft.client.model.PlayerModel was not found tlskincape-mixins.json:MixinPlayerModel
[09:36:42] [main/ERROR] [ne.mi.fm.lo.RuntimeDistCleaner/DISTXFORM]: Attempted to load class net/minecraft/client/Camera for invalid dist DEDICATED_SERVER
[09:36:42] [main/WARN] [mixin/]: Error loading class: net/minecraft/client/Camera (java.lang.RuntimeException: Attempted to load class net/minecraft/client/Camera for invalid dist DEDICATED_SERVER)
[09:36:42] [main/WARN] [mixin/]: @Mixin target net.minecraft.client.Camera was not found cameraoverhaul.mixins.json:CameraMixin
[09:36:42] [main/ERROR] [ne.mi.fm.lo.RuntimeDistCleaner/DISTXFORM]: Attempted to load class net/minecraft/client/renderer/GameRenderer for invalid dist DEDICATED_SERVER
[09:36:42] [main/WARN] [mixin/]: Error loading class: net/minecraft/client/renderer/GameRenderer (java.lang.RuntimeException: Attempted to load class net/minecraft/client/renderer/GameRenderer for invalid dist DEDICATED_SERVER)
[09:36:42] [main/WARN] [mixin/]: @Mixin target net.minecraft.client.renderer.GameRenderer was not found cameraoverhaul.mixins.json:GameRendererMixin
[09:36:42] [main/ERROR] [ne.mi.fm.lo.RuntimeDistCleaner/DISTXFORM]: Attempted to load class net/minecraft/client/player/LocalPlayer for invalid dist DEDICATED_SERVER
[09:36:42] [main/WARN] [mixin/]: Error loading class: net/minecraft/client/player/LocalPlayer (java.lang.RuntimeException: Attempted to load class net/minecraft/client/player/LocalPlayer for invalid dist DEDICATED_SERVER)
[09:36:42] [main/WARN] [mixin/]: @Mixin target net.minecraft.client.player.LocalPlayer was not found cameraoverhaul.mixins.json:LocalPlayerMixin
[09:36:47] [main/INFO] [minecraft/DataFixers]: Building unoptimized datafixer
[09:36:49] [modloading-worker-0/INFO] [ne.mi.co.ForgeMod/FORGEMOD]: Forge mod loading, version 43.4.20, for MC 1.19.2 with MCP 20220805.130853
[09:36:49] [modloading-worker-0/INFO] [ne.mi.co.MinecraftForge/FORGE]: MinecraftForge v43.4.20 Initialized
[09:36:50] [Forge Version Check/INFO] [ne.mi.fm.VersionChecker/]: [cameraoverhaul] Starting version check at https://github.com/Mirsario/Minecraft-CameraOverhaul/blob/dev/meta/ForgeUpdateCheck.json?raw=true
[09:36:51] [Forge Version Check/INFO] [ne.mi.fm.VersionChecker/]: [cameraoverhaul] Found status: UP_TO_DATE Current: 2.0.0-forge+mc.1.19.0-1.19.2 Target: null
[09:36:51] [Forge Version Check/INFO] [ne.mi.fm.VersionChecker/]: [forge] Starting version check at https://files.minecraftforge.net/net/minecraftforge/forge/promotions_slim.json
[09:36:51] [Forge Version Check/INFO] [ne.mi.fm.VersionChecker/]: [forge] Found status: AHEAD Current: 43.4.20 Target: null
[09:36:51] [Forge Version Check/INFO] [ne.mi.fm.VersionChecker/]: [sound_physics_remastered] Starting version check at https://update.maxhenkel.de/forge/sound_physics_remastered
[09:36:52] [main/INFO] [mojang/YggdrasilAuthenticationService]: Environment: authHost='https://authserver.mojang.com', accountsHost='https://api.mojang.com', sessionHost='https://sessionserver.mojang.com', servicesHost='https://api.minecraftservices.com', name='PROD'
[09:36:52] [Forge Version Check/INFO] [ne.mi.fm.VersionChecker/]: [sound_physics_remastered] Found status: AHEAD Current: 1.19.2-1.4.5 Target: null
[09:36:53] [main/WARN] [minecraft/VanillaPackResources]: Assets URL 'union:/workspaces/codespaces-jupyter/libraries/net/minecraft/server/1.19.2-20220805.130853/server-1.19.2-20220805.130853-srg.jar%23124!/assets/.mcassetsroot' uses unexpected schema
[09:36:53] [main/WARN] [minecraft/VanillaPackResources]: Assets URL 'union:/workspaces/codespaces-jupyter/libraries/net/minecraft/server/1.19.2-20220805.130853/server-1.19.2-20220805.130853-srg.jar%23124!/data/.mcassetsroot' uses unexpected schema
[09:36:55] [main/INFO] [minecraft/RecipeManager]: Loaded 7 recipes
[09:36:55] [main/ERROR] [minecraft/ServerAdvancementManager]: Parsing error loading custom advancement man:thetear: Non [a-z0-9/._-] character in path of location: man:tearoftheman

[09:36:55] [main/INFO] [minecraft/AdvancementList]: Loaded 1185 advancements
[09:36:56] [Server thread/INFO] [minecraft/DedicatedServer]: Starting minecraft server version 1.19.2
[09:36:56] [Server thread/INFO] [minecraft/DedicatedServer]: Loading properties
[09:36:56] [Server thread/INFO] [minecraft/DedicatedServer]: Default game type: SURVIVAL
[09:36:56] [Server thread/INFO] [minecraft/MinecraftServer]: Generating keypair
[09:36:56] [Server console handler/ERROR] [minecraft/DedicatedServer]: Exception handling console input
java.io.IOException: Bad file descriptor
	at java.io.FileInputStream.readBytes(Native Method) ~[?:?] {}
	at java.io.FileInputStream.read(FileInputStream.java:287) ~[?:?] {}
	at java.io.BufferedInputStream.read1(BufferedInputStream.java:345) ~[?:?] {}
	at java.io.BufferedInputStream.implRead(BufferedInputStream.java:420) ~[?:?] {}
	at java.io.BufferedInputStream.read(BufferedInputStream.java:399) ~[?:?] {}
	at sun.nio.cs.StreamDecoder.readBytes(StreamDecoder.java:350) ~[?:?] {}
	at sun.nio.cs.StreamDecoder.implRead(StreamDecoder.java:393) ~[?:?] {}
	at sun.nio.cs.StreamDecoder.lockedRead(StreamDecoder.java:217) ~[?:?] {}
	at sun.nio.cs.StreamDecoder.read(StreamDecoder.java:171) ~[?:?] {}
	at java.io.InputStreamReader.read(InputStreamReader.java:188) ~[?:?] {}
	at java.io.BufferedReader.fill(BufferedReader.java:160) ~[?:?] {}
	at java.io.BufferedReader.implReadLine(BufferedReader.java:370) ~[?:?] {}
	at java.io.BufferedReader.readLine(BufferedReader.java:347) ~[?:?] {}
	at java.io.BufferedReader.readLine(BufferedReader.java:436) ~[?:?] {}
	at net.minecraft.server.dedicated.DedicatedServer$1.run(DedicatedServer.java:90) ~[server-1.19.2-20220805.130853-srg.jar%23124!/:?] {re:classloading}
[09:36:56] [Server thread/INFO] [minecraft/DedicatedServer]: Starting Minecraft server on *:25565
[09:36:56] [Server thread/INFO] [minecraft/ServerConnectionListener]: Using epoll channel type
[09:36:56] [Server thread/WARN] [minecraft/DedicatedServer]: **** SERVER IS RUNNING IN OFFLINE/INSECURE MODE!
[09:36:56] [Server thread/WARN] [minecraft/DedicatedServer]: The server will make no attempt to authenticate usernames. Beware.
[09:36:56] [Server thread/WARN] [minecraft/DedicatedServer]: While this makes the game possible to play without internet access, it also opens up the ability for hackers to connect with any username they choose.
[09:36:56] [Server thread/WARN] [minecraft/DedicatedServer]: To change this, set "online-mode" to "true" in the server.properties file.
[09:36:56] [Thread-0/INFO] [de.ca.ca.CaveDweller/]: Server configuration has been reloaded
[09:36:56] [Thread-0/INFO] [de.ca.ca.CaveDweller/]: Server configuration has been reloaded
[09:36:56] [Server thread/INFO] [minecraft/DedicatedServer]: Preparing level "world"
[09:36:57] [Server thread/INFO] [minecraft/MinecraftServer]: Preparing start region for dimension minecraft:overworld
[09:37:03] [Worker-Main-2/INFO] [minecraft/LoggerChunkProgressListener]: Preparing spawn area: 0%
[09:37:03] [Worker-Main-3/INFO] [minecraft/LoggerChunkProgressListener]: Preparing spawn area: 0%
[09:37:03] [Worker-Main-3/INFO] [minecraft/LoggerChunkProgressListener]: Preparing spawn area: 0%
[09:37:03] [Worker-Main-3/INFO] [minecraft/LoggerChunkProgressListener]: Preparing spawn area: 0%
[09:37:03] [Worker-Main-3/INFO] [minecraft/LoggerChunkProgressListener]: Preparing spawn area: 0%
[09:37:03] [Worker-Main-3/INFO] [minecraft/LoggerChunkProgressListener]: Preparing spawn area: 0%
[09:37:03] [Worker-Main-3/INFO] [minecraft/LoggerChunkProgressListener]: Preparing spawn area: 0%
[09:37:03] [Worker-Main-3/INFO] [minecraft/LoggerChunkProgressListener]: Preparing spawn area: 0%
[09:37:03] [Worker-Main-3/INFO] [minecraft/LoggerChunkProgressListener]: Preparing spawn area: 0%
[09:37:03] [Worker-Main-3/INFO] [minecraft/LoggerChunkProgressListener]: Preparing spawn area: 0%
[09:37:03] [Worker-Main-3/INFO] [minecraft/LoggerChunkProgressListener]: Preparing spawn area: 0%
[09:37:03] [Worker-Main-3/INFO] [minecraft/LoggerChunkProgressListener]: Preparing spawn area: 0%
[09:37:03] [Worker-Main-3/INFO] [minecraft/LoggerChunkProgressListener]: Preparing spawn area: 0%
[09:37:03] [Worker-Main-2/INFO] [minecraft/LoggerChunkProgressListener]: Preparing spawn area: 0%
[09:37:04] [Worker-Main-2/INFO] [minecraft/LoggerChunkProgressListener]: Preparing spawn area: 0%
[09:37:04] [Worker-Main-2/INFO] [minecraft/LoggerChunkProgressListener]: Preparing spawn area: 20%
[09:37:05] [Worker-Main-3/INFO] [minecraft/LoggerChunkProgressListener]: Preparing spawn area: 70%
[09:37:05] [Server thread/INFO] [minecraft/LoggerChunkProgressListener]: Time elapsed: 8192 ms
[09:37:05] [Server thread/INFO] [minecraft/DedicatedServer]: Done (8.774s)! For help, type "help"
[09:37:05] [Server thread/INFO] [ne.mi.se.pe.PermissionAPI/]: Successfully initialized permission handler forge:default_handler
[09:38:08] [Server thread/INFO] [ne.mi.co.AdvancementLoadFix/]: Using new advancement loading for net.minecraft.server.PlayerAdvancements@78bf30e2
[09:38:08] [Server thread/INFO] [minecraft/PlayerList]: YAMAPROSIH[/127.159.13.28:49637] logged in with entity id 69 at (-265.9997052998776, 65.0, -43.47288591329009)
[09:38:09] [Server thread/INFO] [minecraft/MinecraftServer]: YAMAPROSIH joined the game
[09:38:09] [Server thread/INFO] [minecraft/MinecraftServer]: Behave yourself
[09:38:10] [Server thread/WARN] [minecraft/ServerLevel]: Tried to add entity the_anomaly:anomaly_trap but it was marked as removed already
[09:38:10] [Server thread/WARN] [minecraft/ServerLevel]: Tried to add entity the_anomaly:anomaly_trap but it was marked as removed already
[09:38:34] [Server thread/WARN] [minecraft/ServerLevel]: Tried to add entity the_anomaly:anomaly_trap but it was marked as removed already
[09:38:34] [Server thread/WARN] [minecraft/ServerLevel]: Tried to add entity the_anomaly:anomaly_viewer but it was marked as removed already
[09:38:34] [Server thread/WARN] [minecraft/ServerLevel]: Tried to add entity the_anomaly:anomaly_viewer but it was marked as removed already
[09:38:35] [Server thread/WARN] [minecraft/ServerLevel]: Tried to add entity the_anomaly:anomaly_viewer but it was marked as removed already
[09:38:40] [Server thread/WARN] [minecraft/ServerLevel]: Tried to add entity the_anomaly:anomaly_viewer but it was marked as removed already
[09:38:41] [Server thread/WARN] [minecraft/ServerLevel]: Tried to add entity the_anomaly:anomaly_trap but it was marked as removed already
[09:38:41] [Server thread/WARN] [minecraft/ServerLevel]: Tried to add entity the_anomaly:anomaly_viewer but it was marked as removed already
[09:38:41] [Server thread/WARN] [minecraft/ServerLevel]: Tried to add entity the_anomaly:anomaly_trap but it was marked as removed already
[09:38:41] [Server thread/WARN] [minecraft/ServerLevel]: Tried to add entity the_anomaly:anomaly_trap but it was marked as removed already
[09:38:41] [Server thread/WARN] [minecraft/ServerLevel]: Tried to add entity the_anomaly:anomaly_escape but it was marked as removed already
[09:38:41] [Server thread/WARN] [minecraft/ServerLevel]: Tried to add entity the_anomaly:anomaly_escape but it was marked as removed already
[09:38:41] [Server thread/WARN] [minecraft/ServerLevel]: Tried to add entity the_anomaly:anomaly_trap but it was marked as removed already
[09:38:41] [Server thread/WARN] [minecraft/ServerLevel]: Tried to add entity the_anomaly:anomaly_viewer but it was marked as removed already
[09:38:41] [Server thread/WARN] [minecraft/ServerLevel]: Tried to add entity the_anomaly:anomaly_viewer but it was marked as removed already
[09:38:41] [Server thread/WARN] [minecraft/ServerLevel]: Tried to add entity the_anomaly:anomaly_trap but it was marked as removed already
[09:38:43] [Server thread/WARN] [minecraft/ServerLevel]: Tried to add entity the_anomaly:anomaly_escape but it was marked as removed already
[09:38:44] [Server thread/WARN] [minecraft/ServerLevel]: Tried to add entity the_anomaly:anomaly_viewer but it was marked as removed already
[09:38:46] [Server thread/WARN] [minecraft/ServerLevel]: Tried to add entity the_anomaly:anomaly_trap but it was marked as removed already
[09:38:51] [Server thread/WARN] [minecraft/ServerLevel]: Tried to add entity the_anomaly:anomaly_trap but it was marked as removed already
[09:38:51] [Server thread/WARN] [minecraft/ServerLevel]: Tried to add entity the_anomaly:anomaly_viewer but it was marked as removed already
[09:38:51] [Server thread/WARN] [minecraft/ServerLevel]: Tried to add entity the_anomaly:anomaly_viewer but it was marked as removed already
[09:38:51] [Server thread/WARN] [minecraft/ServerLevel]: Tried to add entity the_anomaly:anomaly_viewer but it was marked as removed already
[09:38:51] [Server thread/WARN] [minecraft/ServerLevel]: Tried to add entity the_anomaly:anomaly_escape but it was marked as removed already
[09:38:57] [Server thread/WARN] [minecraft/ServerLevel]: Tried to add entity the_anomaly:anomaly_viewer but it was marked as removed already
[09:39:10] [Server thread/WARN] [minecraft/ServerLevel]: Tried to add entity the_anomaly:anomaly_trap but it was marked as removed already
[09:39:22] [Server thread/WARN] [minecraft/ServerLevel]: Tried to add entity the_anomaly:anomaly_viewer but it was marked as removed already
[09:39:28] [Server thread/WARN] [minecraft/ServerLevel]: Tried to add entity the_anomaly:anomaly_viewer but it was marked as removed already
[09:39:40] [Server thread/WARN] [minecraft/ServerLevel]: Tried to add entity the_anomaly:anomaly_viewer but it was marked as removed already
[09:39:43] [Server thread/WARN] [minecraft/ServerLevel]: Tried to add entity the_anomaly:anomaly_trap but it was marked as removed already
[09:39:44] [Server thread/WARN] [minecraft/ServerLevel]: Tried to add entity the_anomaly:anomaly_viewer but it was marked as removed already
[09:39:44] [Server thread/WARN] [minecraft/ServerLevel]: Tried to add entity the_anomaly:anomaly_viewer but it was marked as removed already
[09:39:44] [Server thread/WARN] [minecraft/ServerLevel]: Tried to add entity the_anomaly:anomaly_trap but it was marked as removed already
[09:39:57] [Server thread/WARN] [minecraft/ServerLevel]: Tried to add entity the_anomaly:anomaly_trap but it was marked as removed already
[09:40:01] [Server thread/WARN] [minecraft/ServerLevel]: Tried to add entity the_anomaly:anomaly_trap but it was marked as removed already
[09:40:04] [Server thread/WARN] [minecraft/ServerLevel]: Tried to add entity the_anomaly:anomaly_trap but it was marked as removed already
[09:40:12] [Server thread/WARN] [minecraft/ServerLevel]: Tried to add entity the_anomaly:anomaly_trap but it was marked as removed already
[09:40:17] [Server thread/WARN] [minecraft/ServerLevel]: Tried to add entity the_anomaly:anomaly_viewer but it was marked as removed already
[09:40:19] [Server thread/WARN] [minecraft/ServerLevel]: Tried to add entity the_anomaly:anomaly_viewer but it was marked as removed already
[09:40:21] [Server thread/WARN] [minecraft/ServerLevel]: Tried to add entity the_anomaly:anomaly_viewer but it was marked as removed already
[09:40:21] [Server thread/WARN] [minecraft/ServerLevel]: Tried to add entity the_anomaly:anomaly_viewer but it was marked as removed already
[09:40:21] [Server thread/WARN] [minecraft/ServerLevel]: Tried to add entity the_anomaly:anomaly_viewer but it was marked as removed already
[09:40:36] [Server thread/WARN] [minecraft/ServerLevel]: Tried to add entity the_anomaly:anomaly_trap but it was marked as removed already
[09:40:36] [Server thread/WARN] [minecraft/ServerLevel]: Tried to add entity the_anomaly:anomaly_trap but it was marked as removed already
[09:40:36] [Server thread/WARN] [minecraft/ServerLevel]: Tried to add entity the_anomaly:anomaly_trap but it was marked as removed already
[09:40:37] [Server thread/WARN] [minecraft/ServerLevel]: Tried to add entity the_anomaly:anomaly_viewer but it was marked as removed already
[09:40:37] [Server thread/WARN] [minecraft/ServerLevel]: Tried to add entity the_anomaly:anomaly_viewer but it was marked as removed already
[09:40:37] [Server thread/WARN] [minecraft/ServerLevel]: Tried to add entity the_anomaly:anomaly_viewer but it was marked as removed already
[09:40:39] [Server thread/WARN] [minecraft/ServerLevel]: Tried to add entity the_anomaly:anomaly_escape but it was marked as removed already
[09:40:39] [Server thread/WARN] [minecraft/ServerLevel]: Tried to add entity the_anomaly:anomaly_trap but it was marked as removed already
[09:40:42] [Server thread/WARN] [minecraft/ServerLevel]: Tried to add entity the_anomaly:anomaly_trap but it was marked as removed already
[09:40:45] [Server thread/WARN] [minecraft/ServerLevel]: Tried to add entity the_anomaly:anomaly_viewer but it was marked as removed already
[09:40:48] [Server thread/WARN] [minecraft/ServerLevel]: Tried to add entity the_anomaly:anomaly_escape but it was marked as removed already
[09:40:58] [Server thread/WARN] [minecraft/ServerLevel]: Tried to add entity the_anomaly:anomaly_trap but it was marked as removed already
[09:40:59] [Server thread/WARN] [minecraft/ServerLevel]: Tried to add entity the_anomaly:anomaly_escape but it was marked as removed already
[09:40:59] [Server thread/WARN] [minecraft/ServerLevel]: Tried to add entity the_anomaly:anomaly_viewer but it was marked as removed already
[09:40:59] [Server thread/WARN] [minecraft/ServerLevel]: Tried to add entity the_anomaly:anomaly_escape but it was marked as removed already
[09:41:02] [Server thread/WARN] [minecraft/ServerLevel]: Tried to add entity the_anomaly:anomaly_viewer but it was marked as removed already
[09:41:02] [Server thread/WARN] [minecraft/ServerLevel]: Tried to add entity the_anomaly:anomaly_escape but it was marked as removed already
[09:41:02] [Server thread/WARN] [minecraft/ServerLevel]: Tried to add entity the_anomaly:anomaly_trap but it was marked as removed already
[09:41:05] [Server thread/WARN] [minecraft/ServerLevel]: Tried to add entity the_anomaly:anomaly_viewer but it was marked as removed already
[09:41:06] [Server thread/WARN] [minecraft/ServerLevel]: Tried to add entity the_anomaly:anomaly_trap but it was marked as removed already
[09:41:06] [Server thread/WARN] [minecraft/ServerLevel]: Tried to add entity the_anomaly:anomaly_trap but it was marked as removed already
[09:41:08] [Server thread/WARN] [minecraft/ServerLevel]: Tried to add entity the_anomaly:anomaly_trap but it was marked as removed already
[09:41:12] [Server thread/WARN] [minecraft/ServerLevel]: Tried to add entity the_anomaly:anomaly_trap but it was marked as removed already
[09:41:17] [Server thread/WARN] [minecraft/ServerLevel]: Tried to add entity the_anomaly:anomaly_trap but it was marked as removed already
[09:41:18] [Server thread/WARN] [minecraft/ServerLevel]: Tried to add entity the_anomaly:anomaly_trap but it was marked as removed already
[09:41:19] [Server thread/WARN] [minecraft/ServerLevel]: Tried to add entity the_anomaly:anomaly_escape but it was marked as removed already
[09:41:20] [Server thread/WARN] [minecraft/ServerLevel]: Tried to add entity the_anomaly:anomaly_viewer but it was marked as removed already
[09:41:20] [Server thread/WARN] [minecraft/ServerLevel]: Tried to add entity the_anomaly:anomaly_viewer but it was marked as removed already
[09:41:20] [Server thread/WARN] [minecraft/ServerLevel]: Tried to add entity the_anomaly:anomaly_escape but it was marked as removed already
[09:41:27] [Server thread/WARN] [minecraft/ServerLevel]: Tried to add entity the_anomaly:anomaly_escape but it was marked as removed already
[09:41:27] [Server thread/WARN] [minecraft/ServerLevel]: Tried to add entity the_anomaly:anomaly_trap but it was marked as removed already
[09:41:27] [Server thread/WARN] [minecraft/ServerLevel]: Tried to add entity the_anomaly:anomaly_trap but it was marked as removed already
[09:41:30] [Server thread/WARN] [minecraft/ServerLevel]: Tried to add entity the_anomaly:anomaly_viewer but it was marked as removed already
[09:41:30] [Server thread/WARN] [minecraft/ServerLevel]: Tried to add entity the_anomaly:anomaly_escape but it was marked as removed already
[09:41:35] [Server thread/WARN] [minecraft/ServerLevel]: Tried to add entity the_anomaly:anomaly_escape but it was marked as removed already
[09:41:39] [Server thread/WARN] [minecraft/ServerLevel]: Tried to add entity the_anomaly:anomaly_escape but it was marked as removed already
[09:41:42] [Server thread/WARN] [minecraft/ServerLevel]: Tried to add entity the_anomaly:anomaly_escape but it was marked as removed already
[09:41:50] [Server thread/WARN] [minecraft/ServerLevel]: Tried to add entity the_anomaly:anomaly_viewer but it was marked as removed already
[09:41:58] [Server thread/WARN] [minecraft/ServerLevel]: Tried to add entity the_anomaly:anomaly_escape but it was marked as removed already
[09:41:58] [Server thread/WARN] [minecraft/ServerLevel]: Tried to add entity the_anomaly:anomaly_viewer but it was marked as removed already
[09:41:58] [Server thread/WARN] [minecraft/ServerLevel]: Tried to add entity the_anomaly:anomaly_viewer but it was marked as removed already
[09:42:08] [Server thread/WARN] [minecraft/ServerLevel]: Tried to add entity the_anomaly:anomaly_escape but it was marked as removed already
[09:42:10] [Server thread/INFO] [minecraft/ServerLoginPacketListenerImpl]: com.mojang.authlib.GameProfile@127c2c7b[id=<null>,name=gamerku,properties={},legacy=false] (/127.163.95.26:50201) lost connection: Disconnected
[09:42:13] [Server thread/WARN] [minecraft/ServerLevel]: Tried to add entity the_anomaly:anomaly_escape but it was marked as removed already
[09:42:15] [Server thread/WARN] [minecraft/ServerLevel]: Tried to add entity the_anomaly:anomaly_escape but it was marked as removed already
[09:42:15] [Server thread/WARN] [minecraft/ServerLevel]: Tried to add entity the_anomaly:anomaly_trap but it was marked as removed already
[09:42:15] [Server thread/WARN] [minecraft/ServerLevel]: Tried to add entity the_anomaly:anomaly_escape but it was marked as removed already
[09:42:15] [Server thread/WARN] [minecraft/ServerLevel]: Tried to add entity the_anomaly:anomaly_escape but it was marked as removed already
[09:42:17] [Server thread/WARN] [minecraft/ServerLevel]: Tried to add entity the_anomaly:anomaly_trap but it was marked as removed already
[09:42:17] [Server thread/WARN] [minecraft/ServerLevel]: Tried to add entity the_anomaly:anomaly_viewer but it was marked as removed already
[09:42:18] [Server thread/WARN] [minecraft/ServerLevel]: Tried to add entity the_anomaly:anomaly_trap but it was marked as removed already
[09:42:18] [Server thread/WARN] [minecraft/ServerLevel]: Tried to add entity the_anomaly:anomaly_escape but it was marked as removed already
[09:42:18] [Server thread/WARN] [minecraft/ServerLevel]: Tried to add entity the_anomaly:anomaly_escape but it was marked as removed already
[09:42:18] [Server thread/WARN] [minecraft/ServerLevel]: Tried to add entity the_anomaly:anomaly_viewer but it was marked as removed already
[09:42:21] [Server thread/WARN] [minecraft/ServerLevel]: Tried to add entity the_anomaly:anomaly_escape but it was marked as removed already
[09:42:24] [Server thread/WARN] [minecraft/ServerLevel]: Tried to add entity the_anomaly:anomaly_escape but it was marked as removed already
[09:42:28] [Server thread/WARN] [minecraft/ServerLevel]: Tried to add entity the_anomaly:anomaly_escape but it was marked as removed already
[09:42:29] [Server thread/WARN] [minecraft/ServerLevel]: Tried to add entity the_anomaly:anomaly_trap but it was marked as removed already
[09:42:31] [Server thread/WARN] [minecraft/ServerLevel]: Tried to add entity the_anomaly:anomaly_trap but it was marked as removed already
[09:42:31] [Server thread/WARN] [minecraft/ServerLevel]: Tried to add entity the_anomaly:anomaly_escape but it was marked as removed already
[09:42:31] [Server thread/WARN] [minecraft/ServerLevel]: Tried to add entity the_anomaly:anomaly_escape but it was marked as removed already
[09:42:32] [Server thread/WARN] [minecraft/ServerLevel]: Tried to add entity the_anomaly:anomaly_escape but it was marked as removed already
[09:42:38] [Server thread/WARN] [minecraft/ServerLevel]: Tried to add entity the_anomaly:anomaly_trap but it was marked as removed already
[09:42:38] [Server thread/WARN] [minecraft/ServerLevel]: Tried to add entity the_anomaly:anomaly_escape but it was marked as removed already
[09:42:40] [Server thread/WARN] [minecraft/ServerLevel]: Tried to add entity the_anomaly:anomaly_escape but it was marked as removed already
[09:42:46] [Server thread/WARN] [minecraft/ServerLevel]: Tried to add entity the_anomaly:anomaly_escape but it was marked as removed already
[09:42:53] [Server thread/WARN] [minecraft/ServerLevel]: Tried to add entity the_anomaly:anomaly_escape but it was marked as removed already
[09:42:56] [Server thread/WARN] [minecraft/ServerLevel]: Tried to add entity the_anomaly:anomaly_escape but it was marked as removed already
[09:43:01] [Server thread/WARN] [minecraft/ServerLevel]: Tried to add entity the_anomaly:anomaly_escape but it was marked as removed already
[09:43:01] [Server thread/WARN] [minecraft/ServerLevel]: Tried to add entity the_anomaly:anomaly_trap but it was marked as removed already
[09:43:05] [Server thread/WARN] [minecraft/ServerLevel]: Tried to add entity the_anomaly:anomaly_trap but it was marked as removed already
[09:43:06] [Server thread/WARN] [minecraft/ServerLevel]: Tried to add entity the_anomaly:anomaly_viewer but it was marked as removed already
[09:43:06] [Server thread/WARN] [minecraft/ServerLevel]: Tried to add entity the_anomaly:anomaly_viewer but it was marked as removed already
[09:43:06] [Server thread/WARN] [minecraft/ServerLevel]: Tried to add entity the_anomaly:anomaly_escape but it was marked as removed already
[09:43:06] [Server thread/WARN] [minecraft/ServerLevel]: Tried to add entity the_anomaly:anomaly_escape but it was marked as removed already
[09:43:06] [Server thread/WARN] [minecraft/ServerLevel]: Tried to add entity the_anomaly:anomaly_escape but it was marked as removed already
[09:43:06] [Server thread/WARN] [minecraft/ServerLevel]: Tried to add entity the_anomaly:anomaly_viewer but it was marked as removed already
[09:43:07] [Server thread/WARN] [minecraft/ServerLevel]: Tried to add entity the_anomaly:anomaly_viewer but it was marked as removed already
[09:43:07] [Server thread/WARN] [minecraft/ServerLevel]: Tried to add entity the_anomaly:anomaly_escape but it was marked as removed already
[09:43:08] [Server thread/WARN] [minecraft/ServerLevel]: Tried to add entity the_anomaly:anomaly_viewer but it was marked as removed already
[09:43:08] [Server thread/WARN] [minecraft/ServerLevel]: Tried to add entity the_anomaly:anomaly_escape but it was marked as removed already
[09:43:23] [Server thread/WARN] [minecraft/ServerLevel]: Tried to add entity the_anomaly:anomaly_viewer but it was marked as removed already
[09:43:28] [Server thread/WARN] [minecraft/ServerLevel]: Tried to add entity the_anomaly:anomaly_viewer but it was marked as removed already
[09:43:28] [Server thread/WARN] [minecraft/ServerLevel]: Tried to add entity the_anomaly:anomaly_escape but it was marked as removed already
[09:43:28] [Server thread/WARN] [minecraft/ServerLevel]: Tried to add entity the_anomaly:anomaly_escape but it was marked as removed already
[09:43:28] [Server thread/WARN] [minecraft/ServerLevel]: Tried to add entity the_anomaly:anomaly_trap but it was marked as removed already
[09:43:28] [Server thread/WARN] [minecraft/ServerLevel]: Tried to add entity the_anomaly:anomaly_trap but it was marked as removed already
[09:43:29] [Server thread/WARN] [minecraft/ServerLevel]: Tried to add entity the_anomaly:anomaly_trap but it was marked as removed already
[09:43:38] [Server thread/WARN] [minecraft/ServerLevel]: Tried to add entity the_anomaly:anomaly_escape but it was marked as removed already
[09:43:38] [Server thread/WARN] [minecraft/ServerLevel]: Tried to add entity the_anomaly:anomaly_viewer but it was marked as removed already
[09:43:38] [Server thread/WARN] [minecraft/ServerLevel]: Tried to add entity the_anomaly:anomaly_escape but it was marked as removed already
[09:43:38] [Server thread/WARN] [minecraft/ServerLevel]: Tried to add entity the_anomaly:anomaly_trap but it was marked as removed already
[09:43:38] [Server thread/WARN] [minecraft/ServerLevel]: Tried to add entity the_anomaly:anomaly_trap but it was marked as removed already
[09:43:43] [Server thread/WARN] [minecraft/ServerLevel]: Tried to add entity the_anomaly:anomaly_escape but it was marked as removed already
[09:43:50] [Server thread/WARN] [minecraft/ServerLevel]: Tried to add entity the_anomaly:anomaly_viewer but it was marked as removed already
[09:43:53] [Server thread/WARN] [minecraft/ServerLevel]: Tried to add entity the_anomaly:anomaly_trap but it was marked as removed already
[09:43:53] [Server thread/WARN] [minecraft/ServerLevel]: Tried to add entity the_anomaly:anomaly_trap but it was marked as removed already
[09:43:53] [Server thread/WARN] [minecraft/ServerLevel]: Tried to add entity the_anomaly:anomaly_escape but it was marked as removed already
[09:43:56] [Server thread/WARN] [minecraft/ServerLevel]: Tried to add entity the_anomaly:anomaly_escape but it was marked as removed already
[09:44:00] [Server thread/INFO] [ne.mi.co.AdvancementLoadFix/]: Using new advancement loading for net.minecraft.server.PlayerAdvancements@3146b5e
[09:44:00] [Server thread/INFO] [minecraft/PlayerList]: gamerku[/127.163.95.26:49213] logged in with entity id 1218 at (-288.0949239587587, 60.62342483948801, -52.8588973669972)
[09:44:00] [Server thread/INFO] [minecraft/MinecraftServer]: gamerku joined the game
[09:44:00] [Server thread/INFO] [minecraft/MinecraftServer]: Behave yourself
[09:44:00] [Server thread/WARN] [minecraft/ServerLevel]: Tried to add entity the_anomaly:anomaly_trap but it was marked as removed already
[09:44:00] [Server thread/WARN] [minecraft/ServerLevel]: Tried to add entity the_anomaly:anomaly_escape but it was marked as removed already
[09:44:00] [Server thread/WARN] [minecraft/ServerLevel]: Tried to add entity the_anomaly:anomaly_trap but it was marked as removed already
[09:44:00] [Server thread/WARN] [minecraft/ServerLevel]: Tried to add entity the_anomaly:anomaly_escape but it was marked as removed already
[09:44:09] [Server thread/WARN] [minecraft/ServerLevel]: Tried to add entity the_anomaly:anomaly_viewer but it was marked as removed already
[09:44:09] [Server thread/WARN] [minecraft/ServerLevel]: Tried to add entity the_anomaly:anomaly_escape but it was marked as removed already
[09:44:09] [Server thread/WARN] [minecraft/ServerLevel]: Tried to add entity the_anomaly:anomaly_viewer but it was marked as removed already
[09:44:09] [Server thread/WARN] [minecraft/ServerLevel]: Tried to add entity the_anomaly:anomaly_viewer but it was marked as removed already
[09:44:10] [Server thread/WARN] [minecraft/ServerLevel]: Tried to add entity the_anomaly:anomaly_viewer but it was marked as removed already
[09:44:11] [Server thread/WARN] [minecraft/ServerLevel]: Tried to add entity the_anomaly:anomaly_viewer but it was marked as removed already
[09:44:11] [Server thread/WARN] [minecraft/ServerLevel]: Tried to add entity the_anomaly:anomaly_escape but it was marked as removed already
[09:44:11] [Server thread/WARN] [minecraft/ServerLevel]: Tried to add entity the_anomaly:anomaly_trap but it was marked as removed already
[09:44:11] [Server thread/WARN] [minecraft/ServerLevel]: Tried to add entity the_anomaly:anomaly_trap but it was marked as removed already
[09:44:11] [Server thread/WARN] [minecraft/ServerLevel]: Tried to add entity the_anomaly:anomaly_viewer but it was marked as removed already
[09:44:11] [Server thread/WARN] [minecraft/ServerLevel]: Tried to add entity the_anomaly:anomaly_viewer but it was marked as removed already
[09:44:11] [Server thread/WARN] [minecraft/ServerLevel]: Tried to add entity the_anomaly:anomaly_escape but it was marked as removed already
[09:44:11] [Server thread/WARN] [minecraft/ServerLevel]: Tried to add entity the_anomaly:anomaly_trap but it was marked as removed already
[09:44:16] [Server thread/WARN] [minecraft/ServerLevel]: Tried to add entity the_anomaly:anomaly_trap but it was marked as removed already
[09:44:17] [Server thread/WARN] [minecraft/ServerLevel]: Tried to add entity the_anomaly:anomaly_trap but it was marked as removed already
[09:44:20] [Server thread/WARN] [minecraft/ServerLevel]: Tried to add entity the_anomaly:anomaly_escape but it was marked as removed already
[09:44:20] [Server thread/WARN] [minecraft/ServerLevel]: Tried to add entity the_anomaly:anomaly_viewer but it was marked as removed already
[09:44:23] [Server thread/WARN] [minecraft/ServerLevel]: Tried to add entity the_anomaly:anomaly_trap but it was marked as removed already
[09:44:26] [Server thread/WARN] [minecraft/ServerLevel]: Tried to add entity the_anomaly:anomaly_escape but it was marked as removed already
[09:44:26] [Server thread/WARN] [minecraft/ServerLevel]: Tried to add entity the_anomaly:anomaly_escape but it was marked as removed already
[09:44:32] [Server thread/WARN] [minecraft/ServerLevel]: Tried to add entity the_anomaly:anomaly_trap but it was marked as removed already
[09:44:34] [Server thread/WARN] [minecraft/ServerLevel]: Tried to add entity the_anomaly:anomaly_viewer but it was marked as removed already
[09:44:37] [Server thread/WARN] [minecraft/ServerLevel]: Tried to add entity the_anomaly:anomaly_trap but it was marked as removed already
[09:44:37] [Server thread/WARN] [minecraft/ServerLevel]: Tried to add entity the_anomaly:anomaly_trap but it was marked as removed already
[09:44:37] [Server thread/WARN] [minecraft/ServerLevel]: Tried to add entity the_anomaly:anomaly_escape but it was marked as removed already
[09:44:37] [Server thread/WARN] [minecraft/ServerLevel]: Tried to add entity the_anomaly:anomaly_viewer but it was marked as removed already
[09:44:46] [Server thread/WARN] [minecraft/ServerLevel]: Tried to add entity the_anomaly:anomaly_trap but it was marked as removed already
[09:44:46] [Server thread/WARN] [minecraft/ServerLevel]: Tried to add entity the_anomaly:anomaly_trap but it was marked as removed already
[09:44:52] [Server thread/WARN] [minecraft/ServerLevel]: Tried to add entity the_anomaly:anomaly_escape but it was marked as removed already
[09:44:54] [Server thread/WARN] [minecraft/ServerLevel]: Tried to add entity the_anomaly:anomaly_escape but it was marked as removed already
[09:44:55] [Server thread/WARN] [minecraft/ServerLevel]: Tried to add entity the_anomaly:anomaly_trap but it was marked as removed already
[09:44:56] [Server thread/WARN] [minecraft/ServerLevel]: Tried to add entity the_anomaly:anomaly_viewer but it was marked as removed already
[09:44:57] [Server thread/WARN] [minecraft/ServerLevel]: Tried to add entity the_anomaly:anomaly_escape but it was marked as removed already
[09:44:57] [Server thread/WARN] [minecraft/ServerLevel]: Tried to add entity the_anomaly:anomaly_trap but it was marked as removed already
[09:44:57] [Server thread/WARN] [minecraft/ServerLevel]: Tried to add entity the_anomaly:anomaly_trap but it was marked as removed already
[09:44:57] [Server thread/WARN] [minecraft/ServerLevel]: Tried to add entity the_anomaly:anomaly_trap but it was marked as removed already
[09:45:01] [Server thread/WARN] [minecraft/ServerLevel]: Tried to add entity the_anomaly:anomaly_viewer but it was marked as removed already
[09:45:01] [Server thread/WARN] [minecraft/ServerLevel]: Tried to add entity the_anomaly:anomaly_escape but it was marked as removed already
[09:45:01] [Server thread/WARN] [minecraft/ServerLevel]: Tried to add entity the_anomaly:anomaly_trap but it was marked as removed already
[09:45:01] [Server thread/WARN] [minecraft/ServerLevel]: Tried to add entity the_anomaly:anomaly_escape but it was marked as removed already
[09:45:01] [Server thread/WARN] [minecraft/ServerLevel]: Tried to add entity the_anomaly:anomaly_viewer but it was marked as removed already
[09:45:01] [Server thread/WARN] [minecraft/ServerLevel]: Tried to add entity the_anomaly:anomaly_viewer but it was marked as removed already
[09:45:02] [Server thread/WARN] [minecraft/ServerLevel]: Tried to add entity the_anomaly:anomaly_viewer but it was marked as removed already
[09:45:02] [Server thread/WARN] [minecraft/ServerLevel]: Tried to add entity the_anomaly:anomaly_escape but it was marked as removed already
[09:45:06] [Server thread/WARN] [minecraft/ServerLevel]: Tried to add entity the_anomaly:anomaly_escape but it was marked as removed already
[09:45:07] [Server thread/WARN] [minecraft/ServerLevel]: Tried to add entity the_anomaly:anomaly_escape but it was marked as removed already
[09:45:07] [Server thread/WARN] [minecraft/ServerLevel]: Tried to add entity the_anomaly:anomaly_escape but it was marked as removed already
[09:45:07] [Server thread/WARN] [minecraft/ServerLevel]: Tried to add entity the_anomaly:anomaly_escape but it was marked as removed already
[09:45:09] [Server thread/WARN] [minecraft/ServerLevel]: Tried to add entity the_anomaly:anomaly_trap but it was marked as removed already
[09:45:19] [Server thread/WARN] [minecraft/ServerLevel]: Tried to add entity the_anomaly:anomaly_escape but it was marked as removed already
[09:45:19] [Server thread/WARN] [minecraft/ServerLevel]: Tried to add entity the_anomaly:anomaly_viewer but it was marked as removed already
[09:45:19] [Server thread/WARN] [minecraft/ServerLevel]: Tried to add entity the_anomaly:anomaly_viewer but it was marked as removed already
[09:45:19] [Server thread/WARN] [minecraft/ServerLevel]: Tried to add entity the_anomaly:anomaly_escape but it was marked as removed already
[09:45:20] [Server thread/WARN] [minecraft/ServerLevel]: Tried to add entity the_anomaly:anomaly_escape but it was marked as removed already
[09:45:20] [Server thread/WARN] [minecraft/ServerLevel]: Tried to add entity the_anomaly:anomaly_escape but it was marked as removed already
[09:45:20] [Server thread/WARN] [minecraft/ServerLevel]: Tried to add entity the_anomaly:anomaly_trap but it was marked as removed already
[09:45:23] [Server thread/WARN] [minecraft/ServerLevel]: Tried to add entity the_anomaly:anomaly_trap but it was marked as removed already
[09:45:23] [Server thread/WARN] [minecraft/ServerLevel]: Tried to add entity the_anomaly:anomaly_escape but it was marked as removed already
[09:45:25] [Server thread/WARN] [minecraft/ServerLevel]: Tried to add entity the_anomaly:anomaly_trap but it was marked as removed already
[09:45:25] [Server thread/WARN] [minecraft/ServerLevel]: Tried to add entity the_anomaly:anomaly_viewer but it was marked as removed already
[09:45:28] [Server thread/WARN] [minecraft/ServerLevel]: Tried to add entity the_anomaly:anomaly_viewer but it was marked as removed already
[09:45:30] [Server thread/WARN] [minecraft/ServerLevel]: Tried to add entity the_anomaly:anomaly_escape but it was marked as removed already
[09:45:30] [Server thread/WARN] [minecraft/ServerLevel]: Tried to add entity the_anomaly:anomaly_escape but it was marked as removed already
[09:45:30] [Server thread/WARN] [minecraft/ServerLevel]: Tried to add entity the_anomaly:anomaly_escape but it was marked as removed already
[09:45:32] [Server thread/WARN] [minecraft/ServerLevel]: Tried to add entity the_anomaly:anomaly_viewer but it was marked as removed already
[09:45:32] [Server thread/WARN] [minecraft/ServerLevel]: Tried to add entity the_anomaly:anomaly_trap but it was marked as removed already
[09:45:32] [Server thread/WARN] [minecraft/ServerLevel]: Tried to add entity the_anomaly:anomaly_viewer but it was marked as removed already
[09:45:33] [Server thread/WARN] [minecraft/ServerLevel]: Tried to add entity the_anomaly:anomaly_escape but it was marked as removed already
[09:45:33] [Server thread/WARN] [minecraft/ServerLevel]: Tried to add entity the_anomaly:anomaly_trap but it was marked as removed already
[09:45:33] [Server thread/WARN] [minecraft/ServerLevel]: Tried to add entity the_anomaly:anomaly_viewer but it was marked as removed already
[09:45:34] [Server thread/WARN] [minecraft/ServerLevel]: Tried to add entity the_anomaly:anomaly_viewer but it was marked as removed already
[09:45:35] [Server thread/WARN] [minecraft/ServerLevel]: Tried to add entity the_anomaly:anomaly_trap but it was marked as removed already
[09:45:36] [Server thread/WARN] [minecraft/ServerLevel]: Tried to add entity the_anomaly:anomaly_viewer but it was marked as removed already
[09:45:39] [Server thread/WARN] [minecraft/ServerLevel]: Tried to add entity the_anomaly:anomaly_escape but it was marked as removed already
[09:45:45] [Server thread/WARN] [minecraft/ServerLevel]: Tried to add entity the_anomaly:anomaly_escape but it was marked as removed already
[09:45:46] [Server thread/WARN] [minecraft/ServerLevel]: Tried to add entity the_anomaly:anomaly_escape but it was marked as removed already
[09:45:46] [Server thread/WARN] [minecraft/ServerLevel]: Tried to add entity the_anomaly:anomaly_escape but it was marked as removed already
[09:45:56] [Server thread/WARN] [minecraft/ServerLevel]: Tried to add entity the_anomaly:anomaly_viewer but it was marked as removed already
[09:45:57] [Server thread/WARN] [minecraft/ServerLevel]: Tried to add entity the_anomaly:anomaly_escape but it was marked as removed already
[09:45:57] [Server thread/WARN] [minecraft/ServerLevel]: Tried to add entity the_anomaly:anomaly_escape but it was marked as removed already
[09:45:57] [Server thread/WARN] [minecraft/ServerLevel]: Tried to add entity the_anomaly:anomaly_viewer but it was marked as removed already
[09:46:00] [Server thread/WARN] [minecraft/ServerLevel]: Tried to add entity the_anomaly:anomaly_trap but it was marked as removed already
[09:46:00] [Server thread/WARN] [minecraft/ServerLevel]: Tried to add entity the_anomaly:anomaly_viewer but it was marked as removed already
[09:46:04] [Server thread/WARN] [minecraft/ServerLevel]: Tried to add entity the_anomaly:anomaly_escape but it was marked as removed already
[09:46:06] [Server thread/WARN] [minecraft/ServerLevel]: Tried to add entity the_anomaly:anomaly_trap but it was marked as removed already
[09:46:06] [Server thread/WARN] [minecraft/ServerLevel]: Tried to add entity the_anomaly:anomaly_escape but it was marked as removed already
[09:46:06] [Server thread/WARN] [minecraft/ServerLevel]: Tried to add entity the_anomaly:anomaly_viewer but it was marked as removed already
[09:46:06] [Server thread/WARN] [minecraft/ServerLevel]: Tried to add entity the_anomaly:anomaly_trap but it was marked as removed already
[09:46:06] [Server thread/WARN] [minecraft/ServerLevel]: Tried to add entity the_anomaly:anomaly_viewer but it was marked as removed already
[09:46:06] [Server thread/WARN] [minecraft/ServerLevel]: Tried to add entity the_anomaly:anomaly_viewer but it was marked as removed already
[09:46:06] [Server thread/WARN] [minecraft/ServerLevel]: Tried to add entity the_anomaly:anomaly_viewer but it was marked as removed already
[09:46:09] [Server thread/WARN] [minecraft/ServerLevel]: Tried to add entity the_anomaly:anomaly_viewer but it was marked as removed already
[09:46:10] [Server thread/WARN] [minecraft/ServerLevel]: Tried to add entity the_anomaly:anomaly_escape but it was marked as removed already
[09:46:12] [Server thread/WARN] [minecraft/ServerLevel]: Tried to add entity the_anomaly:anomaly_trap but it was marked as removed already
[09:46:13] [Server thread/WARN] [minecraft/ServerLevel]: Tried to add entity the_anomaly:anomaly_escape but it was marked as removed already
[09:46:15] [Server thread/WARN] [minecraft/ServerLevel]: Tried to add entity the_anomaly:anomaly_trap but it was marked as removed already
[09:46:20] [Server thread/WARN] [minecraft/ServerLevel]: Tried to add entity the_anomaly:anomaly_trap but it was marked as removed already
[09:46:20] [Server thread/WARN] [minecraft/ServerLevel]: Tried to add entity the_anomaly:anomaly_viewer but it was marked as removed already
[09:46:21] [Server thread/WARN] [minecraft/ServerLevel]: Tried to add entity the_anomaly:anomaly_escape but it was marked as removed already
[09:46:21] [Server thread/WARN] [minecraft/ServerLevel]: Tried to add entity the_anomaly:anomaly_viewer but it was marked as removed already
[09:46:22] [Server thread/WARN] [minecraft/ServerLevel]: Tried to add entity the_anomaly:anomaly_escape but it was marked as removed already
[09:46:22] [Server thread/WARN] [minecraft/ServerLevel]: Tried to add entity the_anomaly:anomaly_viewer but it was marked as removed already
[09:46:22] [Server thread/WARN] [minecraft/ServerLevel]: Tried to add entity the_anomaly:anomaly_trap but it was marked as removed already
[09:46:22] [Server thread/WARN] [minecraft/ServerLevel]: Tried to add entity the_anomaly:anomaly_viewer but it was marked as removed already
[09:46:24] [Server thread/WARN] [minecraft/ServerLevel]: Tried to add entity the_anomaly:anomaly_trap but it was marked as removed already
[09:46:24] [Server thread/WARN] [minecraft/ServerLevel]: Tried to add entity the_anomaly:anomaly_viewer but it was marked as removed already
[09:46:27] [Server thread/WARN] [minecraft/ServerLevel]: Tried to add entity the_anomaly:anomaly_viewer but it was marked as removed already
[09:46:27] [Server thread/WARN] [minecraft/ServerLevel]: Tried to add entity the_anomaly:anomaly_viewer but it was marked as removed already
[09:46:27] [Server thread/WARN] [minecraft/ServerLevel]: Tried to add entity the_anomaly:anomaly_trap but it was marked as removed already
[09:46:28] [Server thread/WARN] [minecraft/ServerLevel]: Tried to add entity the_anomaly:anomaly_escape but it was marked as removed already
[09:46:28] [Server thread/WARN] [minecraft/ServerLevel]: Tried to add entity the_anomaly:anomaly_viewer but it was marked as removed already
[09:46:35] [Server thread/WARN] [minecraft/ServerLevel]: Tried to add entity the_anomaly:anomaly_escape but it was marked as removed already
[09:46:35] [Server thread/WARN] [minecraft/ServerLevel]: Tried to add entity the_anomaly:anomaly_viewer but it was marked as removed already
[09:46:35] [Server thread/WARN] [minecraft/ServerLevel]: Tried to add entity the_anomaly:anomaly_trap but it was marked as removed already
[09:46:39] [Server thread/WARN] [minecraft/ServerLevel]: Tried to add entity the_anomaly:anomaly_escape but it was marked as removed already
[09:46:39] [Server thread/WARN] [minecraft/ServerLevel]: Tried to add entity the_anomaly:anomaly_escape but it was marked as removed already
[09:46:40] [Server thread/WARN] [minecraft/ServerLevel]: Tried to add entity the_anomaly:anomaly_escape but it was marked as removed already
[09:46:41] [Server thread/WARN] [minecraft/ServerLevel]: Tried to add entity the_anomaly:anomaly_escape but it was marked as removed already
[09:46:42] [Server thread/WARN] [minecraft/ServerLevel]: Tried to add entity the_anomaly:anomaly_escape but it was marked as removed already
[09:46:43] [Server thread/WARN] [minecraft/ServerLevel]: Tried to add entity the_anomaly:anomaly_trap but it was marked as removed already
[09:46:43] [Server thread/WARN] [minecraft/ServerLevel]: Tried to add entity the_anomaly:anomaly_escape but it was marked as removed already
[09:46:45] [Server thread/WARN] [minecraft/ServerLevel]: Tried to add entity the_anomaly:anomaly_escape but it was marked as removed already
[09:46:45] [Server thread/WARN] [minecraft/ServerLevel]: Tried to add entity the_anomaly:anomaly_escape but it was marked as removed already
[09:46:55] [Server thread/WARN] [minecraft/ServerLevel]: Tried to add entity the_anomaly:anomaly_viewer but it was marked as removed already
[09:46:58] [Server thread/WARN] [minecraft/ServerLevel]: Tried to add entity the_anomaly:anomaly_viewer but it was marked as removed already
[09:46:58] [Server thread/WARN] [minecraft/ServerLevel]: Tried to add entity the_anomaly:anomaly_viewer but it was marked as removed already
[09:47:03] [Server thread/WARN] [minecraft/ServerLevel]: Tried to add entity the_anomaly:anomaly_trap but it was marked as removed already
[09:47:03] [Server thread/WARN] [minecraft/ServerLevel]: Tried to add entity the_anomaly:anomaly_escape but it was marked as removed already
[09:47:09] [Server thread/WARN] [minecraft/ServerLevel]: Tried to add entity the_anomaly:anomaly_viewer but it was marked as removed already
[09:47:09] [Server thread/WARN] [minecraft/ServerLevel]: Tried to add entity the_anomaly:anomaly_viewer but it was marked as removed already
[09:47:12] [Server thread/WARN] [minecraft/ServerLevel]: Tried to add entity the_anomaly:anomaly_viewer but it was marked as removed already
[09:47:12] [Server thread/WARN] [minecraft/ServerLevel]: Tried to add entity the_anomaly:anomaly_viewer but it was marked as removed already
[09:47:14] [Server thread/WARN] [minecraft/ServerLevel]: Tried to add entity the_anomaly:anomaly_viewer but it was marked as removed already
[09:47:14] [Server thread/WARN] [minecraft/ServerLevel]: Tried to add entity the_anomaly:anomaly_viewer but it was marked as removed already
[09:47:14] [Server thread/WARN] [minecraft/ServerLevel]: Tried to add entity the_anomaly:anomaly_escape but it was marked as removed already
[09:47:15] [Server thread/WARN] [minecraft/ServerLevel]: Tried to add entity the_anomaly:anomaly_viewer but it was marked as removed already
[09:47:15] [Server thread/WARN] [minecraft/ServerLevel]: Tried to add entity the_anomaly:anomaly_trap but it was marked as removed already
[09:47:15] [Server thread/WARN] [minecraft/ServerLevel]: Tried to add entity the_anomaly:anomaly_viewer but it was marked as removed already
[09:47:16] [Server thread/WARN] [minecraft/ServerLevel]: Tried to add entity the_anomaly:anomaly_trap but it was marked as removed already
[09:47:17] [Server thread/WARN] [minecraft/ServerLevel]: Tried to add entity the_anomaly:anomaly_trap but it was marked as removed already
[09:47:18] [Server thread/WARN] [minecraft/ServerLevel]: Tried to add entity the_anomaly:anomaly_trap but it was marked as removed already
[09:47:18] [Server thread/WARN] [minecraft/ServerLevel]: Tried to add entity the_anomaly:anomaly_trap but it was marked as removed already
[09:47:18] [Server thread/WARN] [minecraft/ServerLevel]: Tried to add entity the_anomaly:anomaly_viewer but it was marked as removed already
[09:47:20] [Server thread/WARN] [minecraft/ServerLevel]: Tried to add entity the_anomaly:anomaly_trap but it was marked as removed already
[09:47:20] [Server thread/WARN] [minecraft/ServerLevel]: Tried to add entity the_anomaly:anomaly_trap but it was marked as removed already
[09:47:22] [Server thread/WARN] [minecraft/ServerLevel]: Tried to add entity the_anomaly:anomaly_trap but it was marked as removed already
[09:47:22] [Server thread/WARN] [minecraft/ServerLevel]: Tried to add entity the_anomaly:anomaly_escape but it was marked as removed already
[09:47:22] [Server thread/WARN] [minecraft/ServerLevel]: Tried to add entity the_anomaly:anomaly_trap but it was marked as removed already
[09:47:36] [Server thread/WARN] [minecraft/ServerLevel]: Tried to add entity the_anomaly:anomaly_viewer but it was marked as removed already
[09:47:36] [Server thread/WARN] [minecraft/ServerLevel]: Tried to add entity the_anomaly:anomaly_trap but it was marked as removed already
[09:47:36] [Server thread/WARN] [minecraft/ServerLevel]: Tried to add entity the_anomaly:anomaly_trap but it was marked as removed already
[09:47:36] [Server thread/WARN] [minecraft/ServerLevel]: Tried to add entity the_anomaly:anomaly_trap but it was marked as removed already
[09:47:37] [Server thread/WARN] [minecraft/ServerLevel]: Tried to add entity the_anomaly:anomaly_escape but it was marked as removed already
[09:47:39] [Server thread/WARN] [minecraft/ServerLevel]: Tried to add entity the_anomaly:anomaly_viewer but it was marked as removed already
[09:47:44] [Server thread/WARN] [minecraft/ServerLevel]: Tried to add entity the_anomaly:anomaly_escape but it was marked as removed already
[09:47:44] [Server thread/WARN] [minecraft/ServerLevel]: Tried to add entity the_anomaly:anomaly_trap but it was marked as removed already
[09:47:46] [Server thread/WARN] [minecraft/ServerLevel]: Tried to add entity the_anomaly:anomaly_viewer but it was marked as removed already
[09:47:46] [Server thread/WARN] [minecraft/ServerLevel]: Tried to add entity the_anomaly:anomaly_viewer but it was marked as removed already
[09:47:46] [Server thread/WARN] [minecraft/ServerLevel]: Tried to add entity the_anomaly:anomaly_viewer but it was marked as removed already
[09:47:46] [Server thread/WARN] [minecraft/ServerLevel]: Tried to add entity the_anomaly:anomaly_escape but it was marked as removed already
[09:47:46] [Server thread/WARN] [minecraft/ServerLevel]: Tried to add entity the_anomaly:anomaly_escape but it was marked as removed already
[09:47:47] [Server thread/WARN] [minecraft/ServerLevel]: Tried to add entity the_anomaly:anomaly_escape but it was marked as removed already
[09:47:47] [Server thread/WARN] [minecraft/ServerLevel]: Tried to add entity the_anomaly:anomaly_viewer but it was marked as removed already
[09:47:52] [Server thread/WARN] [minecraft/ServerLevel]: Tried to add entity the_anomaly:anomaly_viewer but it was marked as removed already
[09:47:52] [Server thread/WARN] [minecraft/ServerLevel]: Tried to add entity the_anomaly:anomaly_escape but it was marked as removed already
[09:47:52] [Server thread/WARN] [minecraft/ServerLevel]: Tried to add entity the_anomaly:anomaly_viewer but it was marked as removed already
[09:47:52] [Server thread/WARN] [minecraft/ServerLevel]: Tried to add entity the_anomaly:anomaly_escape but it was marked as removed already
[09:47:52] [Server thread/WARN] [minecraft/ServerLevel]: Tried to add entity the_anomaly:anomaly_escape but it was marked as removed already
[09:48:00] [Server thread/WARN] [minecraft/ServerLevel]: Tried to add entity the_anomaly:anomaly_viewer but it was marked as removed already
[09:48:00] [Server thread/WARN] [minecraft/ServerLevel]: Tried to add entity the_anomaly:anomaly_viewer but it was marked as removed already
[09:48:00] [Server thread/WARN] [minecraft/ServerLevel]: Tried to add entity the_anomaly:anomaly_viewer but it was marked as removed already
[09:48:00] [Server thread/WARN] [minecraft/ServerLevel]: Tried to add entity the_anomaly:anomaly_trap but it was marked as removed already
[09:48:00] [Server thread/WARN] [minecraft/ServerLevel]: Tried to add entity the_anomaly:anomaly_trap but it was marked as removed already
[09:48:02] [Server thread/WARN] [minecraft/ServerLevel]: Tried to add entity the_anomaly:anomaly_escape but it was marked as removed already
[09:48:02] [Server thread/WARN] [minecraft/ServerLevel]: Tried to add entity the_anomaly:anomaly_escape but it was marked as removed already
[09:48:03] [Server thread/WARN] [minecraft/ServerLevel]: Tried to add entity the_anomaly:anomaly_viewer but it was marked as removed already
[09:48:03] [Server thread/WARN] [minecraft/ServerLevel]: Tried to add entity the_anomaly:anomaly_trap but it was marked as removed already
[09:48:06] [Server thread/WARN] [minecraft/ServerLevel]: Tried to add entity the_anomaly:anomaly_viewer but it was marked as removed already
[09:48:06] [Server thread/WARN] [minecraft/ServerLevel]: Tried to add entity the_anomaly:anomaly_trap but it was marked as removed already
[09:48:06] [Server thread/WARN] [minecraft/ServerLevel]: Tried to add entity the_anomaly:anomaly_trap but it was marked as removed already
[09:48:08] [Server thread/WARN] [minecraft/ServerLevel]: Tried to add entity the_anomaly:anomaly_escape but it was marked as removed already
[09:48:08] [Server thread/WARN] [minecraft/ServerLevel]: Tried to add entity the_anomaly:anomaly_escape but it was marked as removed already
[09:48:13] [Server thread/WARN] [minecraft/ServerLevel]: Tried to add entity the_anomaly:anomaly_trap but it was marked as removed already
[09:48:22] [Server thread/WARN] [minecraft/ServerLevel]: Tried to add entity the_anomaly:anomaly_viewer but it was marked as removed already
[09:48:22] [Server thread/WARN] [minecraft/ServerLevel]: Tried to add entity the_anomaly:anomaly_trap but it was marked as removed already
[09:48:22] [Server thread/WARN] [minecraft/ServerLevel]: Tried to add entity the_anomaly:anomaly_trap but it was marked as removed already
[09:48:22] [Server thread/WARN] [minecraft/ServerLevel]: Tried to add entity the_anomaly:anomaly_escape but it was marked as removed already
[09:48:22] [Server thread/WARN] [minecraft/ServerLevel]: Tried to add entity the_anomaly:anomaly_trap but it was marked as removed already
[09:48:23] [Server thread/WARN] [minecraft/ServerLevel]: Tried to add entity the_anomaly:anomaly_escape but it was marked as removed already
[09:48:23] [Server thread/WARN] [minecraft/ServerLevel]: Tried to add entity the_anomaly:anomaly_trap but it was marked as removed already
[09:48:26] [Server thread/WARN] [minecraft/ServerLevel]: Tried to add entity the_anomaly:anomaly_escape but it was marked as removed already
[09:48:31] [Server thread/WARN] [minecraft/ServerLevel]: Tried to add entity the_anomaly:anomaly_escape but it was marked as removed already
[09:48:31] [Server thread/WARN] [minecraft/ServerLevel]: Tried to add entity the_anomaly:anomaly_viewer but it was marked as removed already
[09:48:31] [Server thread/WARN] [minecraft/ServerLevel]: Tried to add entity the_anomaly:anomaly_escape but it was marked as removed already
[09:48:33] [Server thread/WARN] [minecraft/ServerLevel]: Tried to add entity the_anomaly:anomaly_viewer but it was marked as removed already
[09:48:33] [Server thread/WARN] [minecraft/ServerLevel]: Tried to add entity the_anomaly:anomaly_trap but it was marked as removed already
[09:48:33] [Server thread/WARN] [minecraft/ServerLevel]: Tried to add entity the_anomaly:anomaly_trap but it was marked as removed already
[09:48:33] [Server thread/WARN] [minecraft/ServerLevel]: Tried to add entity the_anomaly:anomaly_trap but it was marked as removed already
[09:48:38] [Server thread/WARN] [minecraft/ServerLevel]: Tried to add entity the_anomaly:anomaly_trap but it was marked as removed already
[09:48:45] [Server thread/WARN] [minecraft/ServerLevel]: Tried to add entity the_anomaly:anomaly_escape but it was marked as removed already
[09:48:47] [Server thread/WARN] [minecraft/ServerLevel]: Tried to add entity the_anomaly:anomaly_trap but it was marked as removed already
[09:48:47] [Server thread/WARN] [minecraft/ServerLevel]: Tried to add entity the_anomaly:anomaly_viewer but it was marked as removed already
[09:48:47] [Server thread/WARN] [minecraft/ServerLevel]: Tried to add entity the_anomaly:anomaly_trap but it was marked as removed already
[09:48:47] [Server thread/WARN] [minecraft/ServerLevel]: Tried to add entity the_anomaly:anomaly_viewer but it was marked as removed already
[09:48:49] [Server thread/INFO] [minecraft/ServerGamePacketListenerImpl]: gamerku lost connection: Disconnected
[09:48:49] [Server thread/INFO] [minecraft/MinecraftServer]: gamerku left the game
[09:48:49] [Server thread/WARN] [minecraft/Connection]: handleDisconnection() called twice
[09:48:52] [Server thread/WARN] [minecraft/ServerLevel]: Tried to add entity the_anomaly:anomaly_trap but it was marked as removed already
[09:48:52] [Server thread/WARN] [minecraft/ServerLevel]: Tried to add entity the_anomaly:anomaly_trap but it was marked as removed already
[09:48:55] [Server thread/WARN] [minecraft/ServerLevel]: Tried to add entity the_anomaly:anomaly_viewer but it was marked as removed already
[09:48:55] [Server thread/WARN] [minecraft/ServerLevel]: Tried to add entity the_anomaly:anomaly_viewer but it was marked as removed already
[09:48:55] [Server thread/WARN] [minecraft/ServerLevel]: Tried to add entity the_anomaly:anomaly_viewer but it was marked as removed already
[09:48:55] [Server thread/WARN] [minecraft/ServerLevel]: Tried to add entity the_anomaly:anomaly_escape but it was marked as removed already
[09:48:55] [Server thread/WARN] [minecraft/ServerLevel]: Tried to add entity the_anomaly:anomaly_viewer but it was marked as removed already
[09:48:55] [Server thread/WARN] [minecraft/ServerLevel]: Tried to add entity the_anomaly:anomaly_trap but it was marked as removed already
[09:49:01] [Server thread/WARN] [minecraft/ServerLevel]: Tried to add entity the_anomaly:anomaly_viewer but it was marked as removed already
[09:49:02] [Server thread/WARN] [minecraft/ServerLevel]: Tried to add entity the_anomaly:anomaly_viewer but it was marked as removed already
[09:49:02] [Server thread/WARN] [minecraft/ServerLevel]: Tried to add entity the_anomaly:anomaly_trap but it was marked as removed already
[09:49:02] [Server thread/WARN] [minecraft/ServerLevel]: Tried to add entity the_anomaly:anomaly_trap but it was marked as removed already
[09:49:02] [Server thread/WARN] [minecraft/ServerLevel]: Tried to add entity the_anomaly:anomaly_trap but it was marked as removed already
[09:49:02] [Server thread/WARN] [minecraft/ServerLevel]: Tried to add entity the_anomaly:anomaly_escape but it was marked as removed already
[09:49:04] [Server thread/WARN] [minecraft/ServerLevel]: Tried to add entity the_anomaly:anomaly_trap but it was marked as removed already
[09:49:06] [Server thread/WARN] [minecraft/ServerLevel]: Tried to add entity the_anomaly:anomaly_escape but it was marked as removed already
[09:49:06] [Server thread/WARN] [minecraft/ServerLevel]: Tried to add entity the_anomaly:anomaly_trap but it was marked as removed already
[09:49:06] [Server thread/WARN] [minecraft/ServerLevel]: Tried to add entity the_anomaly:anomaly_escape but it was marked as removed already
[09:49:06] [Server thread/WARN] [minecraft/ServerLevel]: Tried to add entity the_anomaly:anomaly_viewer but it was marked as removed already
[09:49:13] [Server thread/WARN] [minecraft/ServerLevel]: Tried to add entity the_anomaly:anomaly_viewer but it was marked as removed already
[09:49:13] [Server thread/WARN] [minecraft/ServerLevel]: Tried to add entity the_anomaly:anomaly_trap but it was marked as removed already
[09:49:13] [Server thread/WARN] [minecraft/ServerLevel]: Tried to add entity the_anomaly:anomaly_escape but it was marked as removed already
[09:49:14] [Server thread/WARN] [minecraft/ServerLevel]: Tried to add entity the_anomaly:anomaly_viewer but it was marked as removed already
[09:49:15] [Server thread/WARN] [minecraft/ServerLevel]: Tried to add entity the_anomaly:anomaly_trap but it was marked as removed already
[09:49:15] [Server thread/WARN] [minecraft/ServerLevel]: Tried to add entity the_anomaly:anomaly_viewer but it was marked as removed already
[09:49:15] [Server thread/WARN] [minecraft/ServerLevel]: Tried to add entity the_anomaly:anomaly_viewer but it was marked as removed already
[09:49:15] [Server thread/WARN] [minecraft/ServerLevel]: Tried to add entity the_anomaly:anomaly_trap but it was marked as removed already
[09:49:15] [Server thread/WARN] [minecraft/ServerLevel]: Tried to add entity the_anomaly:anomaly_viewer but it was marked as removed already
[09:49:15] [Server thread/WARN] [minecraft/ServerLevel]: Tried to add entity the_anomaly:anomaly_escape but it was marked as removed already
[09:49:15] [Server thread/WARN] [minecraft/ServerLevel]: Tried to add entity the_anomaly:anomaly_trap but it was marked as removed already
[09:49:17] [Server thread/WARN] [minecraft/ServerLevel]: Tried to add entity the_anomaly:anomaly_trap but it was marked as removed already
[09:49:21] [Server thread/WARN] [minecraft/ServerLevel]: Tried to add entity the_anomaly:anomaly_escape but it was marked as removed already
[09:49:21] [Server thread/WARN] [minecraft/ServerLevel]: Tried to add entity the_anomaly:anomaly_viewer but it was marked as removed already
[09:49:22] [Server thread/WARN] [minecraft/ServerLevel]: Tried to add entity the_anomaly:anomaly_trap but it was marked as removed already
[09:49:30] [Server thread/WARN] [minecraft/ServerLevel]: Tried to add entity the_anomaly:anomaly_viewer but it was marked as removed already
[09:49:32] [Server thread/WARN] [minecraft/ServerLevel]: Tried to add entity the_anomaly:anomaly_trap but it was marked as removed already
[09:49:36] [Server thread/WARN] [minecraft/ServerLevel]: Tried to add entity the_anomaly:anomaly_viewer but it was marked as removed already
[09:49:36] [Server thread/WARN] [minecraft/ServerLevel]: Tried to add entity the_anomaly:anomaly_escape but it was marked as removed already
[09:49:40] [Server thread/WARN] [minecraft/ServerLevel]: Tried to add entity the_anomaly:anomaly_trap but it was marked as removed already
[09:49:40] [Server thread/WARN] [minecraft/ServerLevel]: Tried to add entity the_anomaly:anomaly_escape but it was marked as removed already
[09:49:40] [Server thread/WARN] [minecraft/ServerLevel]: Tried to add entity the_anomaly:anomaly_viewer but it was marked as removed already
[09:49:41] [Server thread/WARN] [minecraft/ServerLevel]: Tried to add entity the_anomaly:anomaly_escape but it was marked as removed already
[09:49:41] [Server thread/WARN] [minecraft/ServerLevel]: Tried to add entity the_anomaly:anomaly_viewer but it was marked as removed already
[09:49:41] [Server thread/WARN] [minecraft/ServerLevel]: Tried to add entity the_anomaly:anomaly_trap but it was marked as removed already
[09:49:54] [Server thread/WARN] [minecraft/ServerLevel]: Tried to add entity the_anomaly:anomaly_viewer but it was marked as removed already
[09:49:55] [Server thread/WARN] [minecraft/ServerLevel]: Tried to add entity the_anomaly:anomaly_escape but it was marked as removed already
[09:49:57] [Server thread/WARN] [minecraft/ServerLevel]: Tried to add entity the_anomaly:anomaly_escape but it was marked as removed already
[09:49:59] [Server thread/WARN] [minecraft/ServerLevel]: Tried to add entity the_anomaly:anomaly_escape but it was marked as removed already
[09:50:02] [Server thread/WARN] [minecraft/ServerLevel]: Tried to add entity the_anomaly:anomaly_trap but it was marked as removed already
[09:50:03] [Server thread/WARN] [minecraft/ServerLevel]: Tried to add entity the_anomaly:anomaly_trap but it was marked as removed already
[09:50:03] [Server thread/WARN] [minecraft/ServerLevel]: Tried to add entity the_anomaly:anomaly_viewer but it was marked as removed already
[09:50:04] [Server thread/WARN] [minecraft/ServerLevel]: Tried to add entity the_anomaly:anomaly_trap but it was marked as removed already
[09:50:05] [Server thread/WARN] [minecraft/ServerLevel]: Tried to add entity the_anomaly:anomaly_viewer but it was marked as removed already
[09:50:06] [Server thread/WARN] [minecraft/ServerLevel]: Tried to add entity the_anomaly:anomaly_trap but it was marked as removed already
[09:50:08] [Server thread/WARN] [minecraft/ServerLevel]: Tried to add entity the_anomaly:anomaly_escape but it was marked as removed already
[09:50:08] [Server thread/WARN] [minecraft/ServerLevel]: Tried to add entity the_anomaly:anomaly_escape but it was marked as removed already
[09:50:08] [Server thread/WARN] [minecraft/ServerLevel]: Tried to add entity the_anomaly:anomaly_viewer but it was marked as removed already
[09:50:28] [Server thread/WARN] [minecraft/ServerLevel]: Tried to add entity the_anomaly:anomaly_escape but it was marked as removed already
[09:50:29] [Server thread/WARN] [minecraft/ServerLevel]: Tried to add entity the_anomaly:anomaly_trap but it was marked as removed already
[09:50:34] [Server thread/WARN] [minecraft/ServerLevel]: Tried to add entity the_anomaly:anomaly_trap but it was marked as removed already
[09:50:34] [Server thread/WARN] [minecraft/ServerLevel]: Tried to add entity the_anomaly:anomaly_escape but it was marked as removed already
[09:50:36] [Server thread/WARN] [minecraft/ServerLevel]: Tried to add entity the_anomaly:anomaly_escape but it was marked as removed already
[09:50:36] [Server thread/WARN] [minecraft/ServerLevel]: Tried to add entity the_anomaly:anomaly_escape but it was marked as removed already
[09:50:39] [Server thread/WARN] [minecraft/ServerLevel]: Tried to add entity the_anomaly:anomaly_escape but it was marked as removed already
[09:50:39] [Server thread/WARN] [minecraft/ServerLevel]: Tried to add entity the_anomaly:anomaly_escape but it was marked as removed already
[09:50:39] [Server thread/WARN] [minecraft/ServerLevel]: Tried to add entity the_anomaly:anomaly_viewer but it was marked as removed already
[09:50:40] [Server thread/WARN] [minecraft/ServerLevel]: Tried to add entity the_anomaly:anomaly_escape but it was marked as removed already
[09:50:43] [Server thread/WARN] [minecraft/ServerLevel]: Tried to add entity the_anomaly:anomaly_trap but it was marked as removed already
[09:50:44] [Server thread/WARN] [minecraft/ServerLevel]: Tried to add entity the_anomaly:anomaly_escape but it was marked as removed already
[09:50:44] [Server thread/WARN] [minecraft/ServerLevel]: Tried to add entity the_anomaly:anomaly_escape but it was marked as removed already
[09:50:44] [Server thread/WARN] [minecraft/ServerLevel]: Tried to add entity the_anomaly:anomaly_trap but it was marked as removed already
[09:50:48] [Server thread/WARN] [minecraft/ServerLevel]: Tried to add entity the_anomaly:anomaly_escape but it was marked as removed already
[09:50:48] [Server thread/WARN] [minecraft/ServerLevel]: Tried to add entity the_anomaly:anomaly_viewer but it was marked as removed already
[09:50:48] [Server thread/WARN] [minecraft/ServerLevel]: Tried to add entity the_anomaly:anomaly_trap but it was marked as removed already
[09:50:56] [Server thread/WARN] [minecraft/ServerLevel]: Tried to add entity the_anomaly:anomaly_trap but it was marked as removed already
[09:50:59] [Server thread/WARN] [minecraft/ServerLevel]: Tried to add entity the_anomaly:anomaly_escape but it was marked as removed already
[09:51:06] [Server thread/WARN] [minecraft/ServerLevel]: Tried to add entity the_anomaly:anomaly_escape but it was marked as removed already
[09:51:06] [Server thread/WARN] [minecraft/ServerLevel]: Tried to add entity the_anomaly:anomaly_escape but it was marked as removed already
[09:51:07] [Server thread/WARN] [minecraft/ServerLevel]: Tried to add entity the_anomaly:anomaly_escape but it was marked as removed already
[09:51:13] [Server thread/WARN] [minecraft/ServerLevel]: Tried to add entity the_anomaly:anomaly_viewer but it was marked as removed already
[09:51:18] [Server thread/WARN] [minecraft/ServerLevel]: Tried to add entity the_anomaly:anomaly_viewer but it was marked as removed already
[09:51:23] [Server thread/WARN] [minecraft/ServerLevel]: Tried to add entity the_anomaly:anomaly_viewer but it was marked as removed already
[09:51:24] [Server thread/WARN] [minecraft/ServerLevel]: Tried to add entity the_anomaly:anomaly_viewer but it was marked as removed already
[09:51:25] [Server thread/WARN] [minecraft/ServerLevel]: Tried to add entity the_anomaly:anomaly_trap but it was marked as removed already
[09:51:29] [Server thread/WARN] [minecraft/ServerLevel]: Tried to add entity the_anomaly:anomaly_viewer but it was marked as removed already
[09:51:29] [Server thread/WARN] [minecraft/ServerLevel]: Tried to add entity the_anomaly:anomaly_escape but it was marked as removed already
[09:51:29] [Server thread/WARN] [minecraft/ServerLevel]: Tried to add entity the_anomaly:anomaly_escape but it was marked as removed already
[09:51:36] [Server thread/WARN] [minecraft/ServerLevel]: Tried to add entity the_anomaly:anomaly_viewer but it was marked as removed already
[09:51:45] [Server thread/WARN] [minecraft/ServerLevel]: Tried to add entity the_anomaly:anomaly_trap but it was marked as removed already
[09:51:50] [Server thread/WARN] [minecraft/ServerLevel]: Tried to add entity the_anomaly:anomaly_viewer but it was marked as removed already
[09:51:54] [Server thread/WARN] [minecraft/ServerLevel]: Tried to add entity the_anomaly:anomaly_viewer but it was marked as removed already
[09:51:54] [Server thread/WARN] [minecraft/ServerLevel]: Tried to add entity the_anomaly:anomaly_escape but it was marked as removed already
[09:51:54] [Server thread/WARN] [minecraft/ServerLevel]: Tried to add entity the_anomaly:anomaly_viewer but it was marked as removed already
[09:51:58] [Server thread/WARN] [minecraft/ServerLevel]: Tried to add entity the_anomaly:anomaly_trap but it was marked as removed already
[09:52:01] [Server thread/WARN] [minecraft/ServerLevel]: Tried to add entity the_anomaly:anomaly_viewer but it was marked as removed already
[09:52:01] [Server thread/WARN] [minecraft/ServerLevel]: Tried to add entity the_anomaly:anomaly_viewer but it was marked as removed already
[09:52:02] [Server thread/WARN] [minecraft/ServerLevel]: Tried to add entity the_anomaly:anomaly_escape but it was marked as removed already
[09:52:02] [Server thread/WARN] [minecraft/ServerLevel]: Tried to add entity the_anomaly:anomaly_viewer but it was marked as removed already
[09:52:02] [Server thread/WARN] [minecraft/ServerLevel]: Tried to add entity the_anomaly:anomaly_viewer but it was marked as removed already
[09:52:04] [Server thread/WARN] [minecraft/ServerLevel]: Tried to add entity the_anomaly:anomaly_escape but it was marked as removed already
[09:52:04] [Server thread/WARN] [minecraft/ServerLevel]: Tried to add entity the_anomaly:anomaly_escape but it was marked as removed already
[09:52:07] [Server thread/WARN] [minecraft/ServerLevel]: Tried to add entity the_anomaly:anomaly_escape but it was marked as removed already
[09:52:07] [Server thread/WARN] [minecraft/ServerLevel]: Tried to add entity the_anomaly:anomaly_viewer but it was marked as removed already
[09:52:10] [Server thread/WARN] [minecraft/ServerLevel]: Tried to add entity the_anomaly:anomaly_viewer but it was marked as removed already
[09:52:10] [Server thread/WARN] [minecraft/ServerLevel]: Tried to add entity the_anomaly:anomaly_viewer but it was marked as removed already
[09:52:11] [Server thread/WARN] [minecraft/ServerLevel]: Tried to add entity the_anomaly:anomaly_escape but it was marked as removed already
[09:52:16] [Server thread/WARN] [minecraft/ServerLevel]: Tried to add entity the_anomaly:anomaly_trap but it was marked as removed already
[09:52:17] [Server thread/WARN] [minecraft/ServerLevel]: Tried to add entity the_anomaly:anomaly_escape but it was marked as removed already
[09:52:17] [Server thread/WARN] [minecraft/ServerLevel]: Tried to add entity the_anomaly:anomaly_viewer but it was marked as removed already
[09:52:17] [Server thread/WARN] [minecraft/ServerLevel]: Tried to add entity the_anomaly:anomaly_escape but it was marked as removed already
[09:52:17] [Server thread/WARN] [minecraft/ServerLevel]: Tried to add entity the_anomaly:anomaly_escape but it was marked as removed already
[09:52:17] [Server thread/WARN] [minecraft/ServerLevel]: Tried to add entity the_anomaly:anomaly_escape but it was marked as removed already
[09:52:17] [Server thread/WARN] [minecraft/ServerLevel]: Tried to add entity the_anomaly:anomaly_escape but it was marked as removed already
[09:52:20] [Server thread/WARN] [minecraft/ServerLevel]: Tried to add entity the_anomaly:anomaly_trap but it was marked as removed already
[09:52:20] [Server thread/INFO] [minecraft/MinecraftServer]: YAMAPROSIH has made the advancement [Isn't It Iron Pick]
[09:52:20] [Server thread/WARN] [minecraft/ServerLevel]: Tried to add entity the_anomaly:anomaly_trap but it was marked as removed already
[09:52:20] [Server thread/WARN] [minecraft/ServerLevel]: Tried to add entity the_anomaly:anomaly_trap but it was marked as removed already
[09:52:20] [Server thread/WARN] [minecraft/ServerLevel]: Tried to add entity the_anomaly:anomaly_viewer but it was marked as removed already
[09:52:20] [Server thread/WARN] [minecraft/ServerLevel]: Tried to add entity the_anomaly:anomaly_viewer but it was marked as removed already
[09:52:21] [Server thread/WARN] [minecraft/ServerLevel]: Tried to add entity the_anomaly:anomaly_escape but it was marked as removed already
[09:52:21] [Server thread/WARN] [minecraft/ServerLevel]: Tried to add entity the_anomaly:anomaly_viewer but it was marked as removed already
[09:52:21] [Server thread/WARN] [minecraft/ServerLevel]: Tried to add entity the_anomaly:anomaly_viewer but it was marked as removed already
[09:52:21] [Server thread/WARN] [minecraft/ServerLevel]: Tried to add entity the_anomaly:anomaly_escape but it was marked as removed already
[09:52:21] [Server thread/WARN] [minecraft/ServerLevel]: Tried to add entity the_anomaly:anomaly_escape but it was marked as removed already
[09:52:26] [Server thread/WARN] [minecraft/ServerLevel]: Tried to add entity the_anomaly:anomaly_trap but it was marked as removed already
[09:52:26] [Server thread/WARN] [minecraft/ServerLevel]: Tried to add entity the_anomaly:anomaly_trap but it was marked as removed already
[09:52:26] [Server thread/WARN] [minecraft/ServerLevel]: Tried to add entity the_anomaly:anomaly_escape but it was marked as removed already
[09:52:28] [Server thread/WARN] [minecraft/ServerLevel]: Tried to add entity the_anomaly:anomaly_escape but it was marked as removed already
[09:52:28] [Server thread/WARN] [minecraft/ServerLevel]: Tried to add entity the_anomaly:anomaly_trap but it was marked as removed already
[09:52:28] [Server thread/WARN] [minecraft/ServerLevel]: Tried to add entity the_anomaly:anomaly_escape but it was marked as removed already
[09:52:28] [Server thread/WARN] [minecraft/ServerLevel]: Tried to add entity the_anomaly:anomaly_trap but it was marked as removed already
[09:52:30] [Server thread/WARN] [minecraft/ServerLevel]: Tried to add entity the_anomaly:anomaly_viewer but it was marked as removed already
[09:52:30] [Server thread/WARN] [minecraft/ServerLevel]: Tried to add entity the_anomaly:anomaly_trap but it was marked as removed already
[09:52:40] [Server thread/INFO] [ne.mi.co.AdvancementLoadFix/]: Using new advancement loading for net.minecraft.server.PlayerAdvancements@47f2c4a8
[09:52:40] [Server thread/INFO] [minecraft/PlayerList]: gamerku[/127.163.95.26:57269] logged in with entity id 2700 at (-255.7741161604223, 62.0, -52.124947054057245)
[09:52:40] [Server thread/INFO] [minecraft/MinecraftServer]: gamerku joined the game
[09:52:40] [Server thread/INFO] [minecraft/MinecraftServer]: Behave yourself
[09:52:42] [Server thread/WARN] [minecraft/ServerLevel]: Tried to add entity the_anomaly:anomaly_trap but it was marked as removed already
[09:52:42] [Server thread/WARN] [minecraft/ServerLevel]: Tried to add entity the_anomaly:anomaly_escape but it was marked as removed already
[09:52:42] [Server thread/WARN] [minecraft/ServerLevel]: Tried to add entity the_anomaly:anomaly_escape but it was marked as removed already
[09:52:43] [Server thread/WARN] [minecraft/ServerLevel]: Tried to add entity the_anomaly:anomaly_viewer but it was marked as removed already
[09:52:43] [Server thread/WARN] [minecraft/ServerLevel]: Tried to add entity the_anomaly:anomaly_viewer but it was marked as removed already
[09:52:45] [Server thread/WARN] [minecraft/ServerLevel]: Tried to add entity the_anomaly:anomaly_viewer but it was marked as removed already
[09:52:46] [Server thread/WARN] [minecraft/ServerLevel]: Tried to add entity the_anomaly:anomaly_trap but it was marked as removed already
[09:52:54] [Server thread/WARN] [minecraft/ServerLevel]: Tried to add entity the_anomaly:anomaly_viewer but it was marked as removed already
[09:52:55] [Server thread/WARN] [minecraft/ServerLevel]: Tried to add entity the_anomaly:anomaly_escape but it was marked as removed already
[09:52:55] [Server thread/WARN] [minecraft/ServerLevel]: Tried to add entity the_anomaly:anomaly_viewer but it was marked as removed already
[09:52:56] [Server thread/WARN] [minecraft/ServerLevel]: Tried to add entity the_anomaly:anomaly_trap but it was marked as removed already
[09:52:56] [Server thread/WARN] [minecraft/ServerLevel]: Tried to add entity the_anomaly:anomaly_viewer but it was marked as removed already
[09:52:56] [Server thread/WARN] [minecraft/ServerLevel]: Tried to add entity the_anomaly:anomaly_trap but it was marked as removed already
[09:52:58] [Server thread/WARN] [minecraft/ServerLevel]: Tried to add entity the_anomaly:anomaly_escape but it was marked as removed already
[09:52:58] [Server thread/WARN] [minecraft/ServerLevel]: Tried to add entity the_anomaly:anomaly_trap but it was marked as removed already
[09:52:58] [Server thread/WARN] [minecraft/ServerLevel]: Tried to add entity the_anomaly:anomaly_trap but it was marked as removed already
[09:53:10] [Server thread/WARN] [minecraft/ServerLevel]: Tried to add entity the_anomaly:anomaly_viewer but it was marked as removed already
[09:53:10] [Server thread/WARN] [minecraft/ServerLevel]: Tried to add entity the_anomaly:anomaly_viewer but it was marked as removed already
[09:53:11] [Server thread/WARN] [minecraft/ServerLevel]: Tried to add entity the_anomaly:anomaly_escape but it was marked as removed already
[09:53:11] [Server thread/WARN] [minecraft/ServerLevel]: Tried to add entity the_anomaly:anomaly_viewer but it was marked as removed already
[09:53:14] [Server thread/WARN] [minecraft/ServerLevel]: Tried to add entity the_anomaly:anomaly_viewer but it was marked as removed already
[09:53:14] [Server thread/WARN] [minecraft/ServerLevel]: Tried to add entity the_anomaly:anomaly_escape but it was marked as removed already
[09:53:14] [Server thread/WARN] [minecraft/ServerLevel]: Tried to add entity the_anomaly:anomaly_escape but it was marked as removed already
[09:53:15] [Server thread/WARN] [minecraft/ServerLevel]: Tried to add entity the_anomaly:anomaly_viewer but it was marked as removed already
[09:53:20] [Server thread/WARN] [minecraft/ServerLevel]: Tried to add entity the_anomaly:anomaly_viewer but it was marked as removed already
[09:53:20] [Server thread/WARN] [minecraft/ServerLevel]: Tried to add entity the_anomaly:anomaly_viewer but it was marked as removed already
[09:53:20] [Server thread/WARN] [minecraft/ServerLevel]: Tried to add entity the_anomaly:anomaly_escape but it was marked as removed already
[09:53:20] [Server thread/WARN] [minecraft/ServerLevel]: Tried to add entity the_anomaly:anomaly_escape but it was marked as removed already
[09:53:20] [Server thread/WARN] [minecraft/ServerLevel]: Tried to add entity the_anomaly:anomaly_trap but it was marked as removed already
[09:53:20] [Server thread/WARN] [minecraft/ServerLevel]: Tried to add entity the_anomaly:anomaly_viewer but it was marked as removed already
[09:53:20] [Server thread/WARN] [minecraft/ServerLevel]: Tried to add entity the_anomaly:anomaly_trap but it was marked as removed already
[09:53:20] [Server thread/WARN] [minecraft/ServerLevel]: Tried to add entity the_anomaly:anomaly_escape but it was marked as removed already
[09:53:24] [Server thread/WARN] [minecraft/ServerLevel]: Tried to add entity the_anomaly:anomaly_escape but it was marked as removed already
[09:53:24] [Server thread/WARN] [minecraft/ServerLevel]: Tried to add entity the_anomaly:anomaly_viewer but it was marked as removed already
[09:53:25] [Server thread/WARN] [minecraft/ServerLevel]: Tried to add entity the_anomaly:anomaly_viewer but it was marked as removed already
[09:53:25] [Server thread/WARN] [minecraft/ServerLevel]: Tried to add entity the_anomaly:anomaly_trap but it was marked as removed already
[09:53:27] [Server thread/WARN] [minecraft/ServerLevel]: Tried to add entity the_anomaly:anomaly_escape but it was marked as removed already
[09:53:27] [Server thread/WARN] [minecraft/ServerLevel]: Tried to add entity the_anomaly:anomaly_trap but it was marked as removed already
[09:53:29] [Server thread/WARN] [minecraft/ServerLevel]: Tried to add entity the_anomaly:anomaly_viewer but it was marked as removed already
[09:53:29] [Server thread/WARN] [minecraft/ServerLevel]: Tried to add entity the_anomaly:anomaly_trap but it was marked as removed already
[09:53:35] [Server thread/WARN] [minecraft/ServerLevel]: Tried to add entity the_anomaly:anomaly_trap but it was marked as removed already
[09:53:36] [Server thread/WARN] [minecraft/ServerLevel]: Tried to add entity the_anomaly:anomaly_viewer but it was marked as removed already
[09:53:36] [Server thread/WARN] [minecraft/ServerLevel]: Tried to add entity the_anomaly:anomaly_viewer but it was marked as removed already
[09:53:36] [Server thread/WARN] [minecraft/ServerLevel]: Tried to add entity the_anomaly:anomaly_escape but it was marked as removed already
[09:53:42] [Server thread/WARN] [minecraft/ServerLevel]: Tried to add entity the_anomaly:anomaly_viewer but it was marked as removed already
[09:53:42] [Server thread/WARN] [minecraft/ServerLevel]: Tried to add entity the_anomaly:anomaly_escape but it was marked as removed already
[09:53:43] [Server thread/WARN] [minecraft/ServerLevel]: Tried to add entity the_anomaly:anomaly_trap but it was marked as removed already
[09:53:43] [Server thread/WARN] [minecraft/ServerLevel]: Tried to add entity the_anomaly:anomaly_trap but it was marked as removed already
[09:53:45] [Server thread/WARN] [minecraft/ServerLevel]: Tried to add entity the_anomaly:anomaly_escape but it was marked as removed already
[09:53:45] [Server thread/WARN] [minecraft/ServerLevel]: Tried to add entity the_anomaly:anomaly_viewer but it was marked as removed already
[09:53:45] [Server thread/WARN] [minecraft/ServerLevel]: Tried to add entity the_anomaly:anomaly_trap but it was marked as removed already
[09:53:48] [Server thread/WARN] [minecraft/ServerLevel]: Tried to add entity the_anomaly:anomaly_viewer but it was marked as removed already
[09:53:51] [Server thread/WARN] [minecraft/ServerLevel]: Tried to add entity the_anomaly:anomaly_escape but it was marked as removed already
[09:53:51] [Server thread/WARN] [minecraft/ServerLevel]: Tried to add entity the_anomaly:anomaly_trap but it was marked as removed already
[09:53:54] [Server thread/WARN] [minecraft/ServerLevel]: Tried to add entity the_anomaly:anomaly_escape but it was marked as removed already
[09:53:54] [Server thread/WARN] [minecraft/ServerLevel]: Tried to add entity the_anomaly:anomaly_viewer but it was marked as removed already
[09:53:56] [Server thread/WARN] [minecraft/ServerLevel]: Tried to add entity the_anomaly:anomaly_escape but it was marked as removed already
[09:54:00] [Server thread/WARN] [minecraft/ServerLevel]: Tried to add entity the_anomaly:anomaly_viewer but it was marked as removed already
[09:54:00] [Server thread/WARN] [minecraft/ServerLevel]: Tried to add entity the_anomaly:anomaly_trap but it was marked as removed already
[09:54:00] [Server thread/WARN] [minecraft/ServerLevel]: Tried to add entity the_anomaly:anomaly_viewer but it was marked as removed already
[09:54:00] [Server thread/WARN] [minecraft/ServerLevel]: Tried to add entity the_anomaly:anomaly_escape but it was marked as removed already
[09:54:00] [Server thread/WARN] [minecraft/ServerLevel]: Tried to add entity the_anomaly:anomaly_viewer but it was marked as removed already
[09:54:00] [Server thread/WARN] [minecraft/ServerLevel]: Tried to add entity the_anomaly:anomaly_escape but it was marked as removed already
[09:54:00] [Server thread/WARN] [minecraft/ServerLevel]: Tried to add entity the_anomaly:anomaly_escape but it was marked as removed already
[09:54:00] [Server thread/WARN] [minecraft/ServerLevel]: Tried to add entity the_anomaly:anomaly_escape but it was marked as removed already
[09:54:00] [Server thread/WARN] [minecraft/ServerLevel]: Tried to add entity the_anomaly:anomaly_trap but it was marked as removed already
[09:54:01] [Server thread/WARN] [minecraft/ServerLevel]: Tried to add entity the_anomaly:anomaly_viewer but it was marked as removed already
[09:54:02] [Server thread/WARN] [minecraft/ServerLevel]: Tried to add entity the_anomaly:anomaly_escape but it was marked as removed already
[09:54:03] [Server thread/WARN] [minecraft/ServerLevel]: Tried to add entity the_anomaly:anomaly_trap but it was marked as removed already
[09:54:06] [Server thread/WARN] [minecraft/ServerLevel]: Tried to add entity the_anomaly:anomaly_escape but it was marked as removed already
[09:54:07] [Server thread/WARN] [minecraft/ServerLevel]: Tried to add entity the_anomaly:anomaly_escape but it was marked as removed already
[09:54:07] [Server thread/WARN] [minecraft/ServerLevel]: Tried to add entity the_anomaly:anomaly_viewer but it was marked as removed already
[09:54:07] [Server thread/WARN] [minecraft/ServerLevel]: Tried to add entity the_anomaly:anomaly_viewer but it was marked as removed already
[09:54:07] [Server thread/WARN] [minecraft/ServerLevel]: Tried to add entity the_anomaly:anomaly_trap but it was marked as removed already
[09:54:07] [Server thread/WARN] [minecraft/ServerLevel]: Tried to add entity the_anomaly:anomaly_trap but it was marked as removed already
[09:54:12] [Server thread/WARN] [minecraft/ServerLevel]: Tried to add entity the_anomaly:anomaly_viewer but it was marked as removed already
[09:54:13] [Server thread/WARN] [minecraft/ServerLevel]: Tried to add entity the_anomaly:anomaly_trap but it was marked as removed already
[09:54:13] [Server thread/WARN] [minecraft/ServerLevel]: Tried to add entity the_anomaly:anomaly_viewer but it was marked as removed already
[09:54:13] [Server thread/WARN] [minecraft/ServerLevel]: Tried to add entity the_anomaly:anomaly_viewer but it was marked as removed already
[09:54:13] [Server thread/WARN] [minecraft/ServerLevel]: Tried to add entity the_anomaly:anomaly_trap but it was marked as removed already
[09:54:14] [Server thread/WARN] [minecraft/ServerLevel]: Tried to add entity the_anomaly:anomaly_viewer but it was marked as removed already
[09:54:14] [Server thread/WARN] [minecraft/ServerLevel]: Tried to add entity the_anomaly:anomaly_viewer but it was marked as removed already
[09:54:15] [Server thread/WARN] [minecraft/ServerLevel]: Tried to add entity the_anomaly:anomaly_trap but it was marked as removed already
[09:54:19] [Server thread/WARN] [minecraft/ServerLevel]: Tried to add entity the_anomaly:anomaly_trap but it was marked as removed already
[09:54:19] [Server thread/WARN] [minecraft/ServerLevel]: Tried to add entity the_anomaly:anomaly_viewer but it was marked as removed already
[09:54:19] [Server thread/WARN] [minecraft/ServerLevel]: Tried to add entity the_anomaly:anomaly_escape but it was marked as removed already
[09:54:19] [Server thread/WARN] [minecraft/ServerLevel]: Tried to add entity the_anomaly:anomaly_trap but it was marked as removed already
[09:54:19] [Server thread/WARN] [minecraft/ServerLevel]: Tried to add entity the_anomaly:anomaly_escape but it was marked as removed already
[09:54:19] [Server thread/WARN] [minecraft/ServerLevel]: Tried to add entity the_anomaly:anomaly_escape but it was marked as removed already
[09:54:26] [Server thread/WARN] [minecraft/ServerLevel]: Tried to add entity the_anomaly:anomaly_escape but it was marked as removed already
[09:54:26] [Server thread/WARN] [minecraft/ServerLevel]: Tried to add entity the_anomaly:anomaly_viewer but it was marked as removed already
[09:54:26] [Server thread/WARN] [minecraft/ServerLevel]: Tried to add entity the_anomaly:anomaly_viewer but it was marked as removed already
[09:54:45] [Server thread/WARN] [minecraft/ServerLevel]: Tried to add entity the_anomaly:anomaly_trap but it was marked as removed already
[09:54:45] [Server thread/WARN] [minecraft/ServerLevel]: Tried to add entity the_anomaly:anomaly_trap but it was marked as removed already
[09:54:46] [Server thread/WARN] [minecraft/ServerLevel]: Tried to add entity the_anomaly:anomaly_escape but it was marked as removed already
[09:54:49] [Server thread/WARN] [minecraft/ServerLevel]: Tried to add entity the_anomaly:anomaly_trap but it was marked as removed already
[09:54:49] [Server thread/WARN] [minecraft/ServerLevel]: Tried to add entity the_anomaly:anomaly_escape but it was marked as removed already
[09:54:50] [Server thread/WARN] [minecraft/ServerLevel]: Tried to add entity the_anomaly:anomaly_trap but it was marked as removed already
[09:54:56] [Server thread/WARN] [minecraft/ServerLevel]: Tried to add entity the_anomaly:anomaly_trap but it was marked as removed already
[09:54:56] [Server thread/WARN] [minecraft/ServerLevel]: Tried to add entity the_anomaly:anomaly_escape but it was marked as removed already
[09:54:56] [Server thread/WARN] [minecraft/ServerLevel]: Tried to add entity the_anomaly:anomaly_viewer but it was marked as removed already
[09:54:58] [Server thread/WARN] [minecraft/ServerLevel]: Tried to add entity the_anomaly:anomaly_trap but it was marked as removed already
[09:54:58] [Server thread/WARN] [minecraft/ServerLevel]: Tried to add entity the_anomaly:anomaly_viewer but it was marked as removed already
[09:54:58] [Server thread/WARN] [minecraft/ServerLevel]: Tried to add entity the_anomaly:anomaly_escape but it was marked as removed already
[09:55:00] [Server thread/WARN] [minecraft/ServerLevel]: Tried to add entity the_anomaly:anomaly_viewer but it was marked as removed already
[09:55:02] [Server thread/WARN] [minecraft/ServerLevel]: Tried to add entity the_anomaly:anomaly_escape but it was marked as removed already
[09:55:03] [Server thread/WARN] [minecraft/ServerLevel]: Tried to add entity the_anomaly:anomaly_viewer but it was marked as removed already
[09:55:07] [Server thread/INFO] [minecraft/MinecraftServer]: [gamerku: Applied effect Night Vision to YAMAPROSIH]
[09:55:12] [Server thread/WARN] [minecraft/ServerLevel]: Tried to add entity the_anomaly:anomaly_escape but it was marked as removed already
[09:55:12] [Server thread/WARN] [minecraft/ServerLevel]: Tried to add entity the_anomaly:anomaly_trap but it was marked as removed already
[09:55:12] [Server thread/WARN] [minecraft/ServerLevel]: Tried to add entity the_anomaly:anomaly_viewer but it was marked as removed already
[09:55:13] [Server thread/WARN] [minecraft/ServerLevel]: Tried to add entity the_anomaly:anomaly_viewer but it was marked as removed already
[09:55:13] [Server thread/WARN] [minecraft/ServerLevel]: Tried to add entity the_anomaly:anomaly_escape but it was marked as removed already
[09:55:13] [Server thread/WARN] [minecraft/ServerLevel]: Tried to add entity the_anomaly:anomaly_trap but it was marked as removed already
[09:55:14] [Server thread/WARN] [minecraft/ServerLevel]: Tried to add entity the_anomaly:anomaly_escape but it was marked as removed already
[09:55:14] [Server thread/WARN] [minecraft/ServerLevel]: Tried to add entity the_anomaly:anomaly_trap but it was marked as removed already
[09:55:17] [Server thread/WARN] [minecraft/ServerLevel]: Tried to add entity the_anomaly:anomaly_trap but it was marked as removed already
[09:55:17] [Server thread/WARN] [minecraft/ServerLevel]: Tried to add entity the_anomaly:anomaly_escape but it was marked as removed already
[09:55:21] [Server thread/WARN] [minecraft/ServerLevel]: Tried to add entity the_anomaly:anomaly_trap but it was marked as removed already
[09:55:21] [Server thread/WARN] [minecraft/ServerLevel]: Tried to add entity the_anomaly:anomaly_escape but it was marked as removed already
[09:55:21] [Server thread/WARN] [minecraft/ServerLevel]: Tried to add entity the_anomaly:anomaly_trap but it was marked as removed already
[09:55:22] [Server thread/WARN] [minecraft/ServerLevel]: Tried to add entity the_anomaly:anomaly_trap but it was marked as removed already
[09:55:22] [Server thread/WARN] [minecraft/ServerLevel]: Tried to add entity the_anomaly:anomaly_escape but it was marked as removed already
[09:55:25] [Server thread/WARN] [minecraft/ServerLevel]: Tried to add entity the_anomaly:anomaly_viewer but it was marked as removed already
[09:55:27] [Server thread/WARN] [minecraft/ServerLevel]: Tried to add entity the_anomaly:anomaly_trap but it was marked as removed already
[09:55:27] [Server thread/WARN] [minecraft/ServerLevel]: Tried to add entity the_anomaly:anomaly_escape but it was marked as removed already
[09:55:27] [Server thread/WARN] [minecraft/ServerLevel]: Tried to add entity the_anomaly:anomaly_trap but it was marked as removed already
[09:55:28] [Server thread/WARN] [minecraft/ServerLevel]: Tried to add entity the_anomaly:anomaly_trap but it was marked as removed already
[09:55:31] [Server thread/WARN] [minecraft/ServerLevel]: Tried to add entity the_anomaly:anomaly_trap but it was marked as removed already
[09:55:32] [Server thread/WARN] [minecraft/ServerLevel]: Tried to add entity the_anomaly:anomaly_trap but it was marked as removed already
[09:55:32] [Server thread/WARN] [minecraft/ServerLevel]: Tried to add entity the_anomaly:anomaly_viewer but it was marked as removed already
[09:55:32] [Server thread/WARN] [minecraft/ServerLevel]: Tried to add entity the_anomaly:anomaly_escape but it was marked as removed already
[09:55:34] [Server thread/WARN] [minecraft/ServerLevel]: Tried to add entity the_anomaly:anomaly_trap but it was marked as removed already
[09:55:34] [Server thread/WARN] [minecraft/ServerLevel]: Tried to add entity the_anomaly:anomaly_viewer but it was marked as removed already
[09:55:39] [Server thread/WARN] [minecraft/ServerLevel]: Tried to add entity the_anomaly:anomaly_viewer but it was marked as removed already
[09:55:40] [Server thread/WARN] [minecraft/ServerLevel]: Tried to add entity the_anomaly:anomaly_viewer but it was marked as removed already
[09:55:40] [Server thread/WARN] [minecraft/ServerLevel]: Tried to add entity the_anomaly:anomaly_trap but it was marked as removed already
[09:55:40] [Server thread/WARN] [minecraft/ServerLevel]: Tried to add entity the_anomaly:anomaly_trap but it was marked as removed already
[09:55:40] [Server thread/WARN] [minecraft/ServerLevel]: Tried to add entity the_anomaly:anomaly_escape but it was marked as removed already
[09:55:40] [Server thread/WARN] [minecraft/ServerLevel]: Tried to add entity the_anomaly:anomaly_escape but it was marked as removed already
[09:55:41] [Server thread/WARN] [minecraft/ServerLevel]: Tried to add entity the_anomaly:anomaly_trap but it was marked as removed already
[09:55:41] [Server thread/WARN] [minecraft/ServerLevel]: Tried to add entity the_anomaly:anomaly_escape but it was marked as removed already
[09:55:45] [Server thread/WARN] [minecraft/ServerLevel]: Tried to add entity the_anomaly:anomaly_viewer but it was marked as removed already
[09:55:46] [Server thread/WARN] [minecraft/ServerLevel]: Tried to add entity the_anomaly:anomaly_trap but it was marked as removed already
[09:55:46] [Server thread/WARN] [minecraft/ServerLevel]: Tried to add entity the_anomaly:anomaly_viewer but it was marked as removed already
[09:55:50] [Server thread/WARN] [minecraft/ServerLevel]: Tried to add entity the_anomaly:anomaly_viewer but it was marked as removed already
[09:55:50] [Server thread/WARN] [minecraft/ServerLevel]: Tried to add entity the_anomaly:anomaly_escape but it was marked as removed already
[09:55:50] [Server thread/WARN] [minecraft/ServerLevel]: Tried to add entity the_anomaly:anomaly_trap but it was marked as removed already
[09:55:52] [Server thread/WARN] [minecraft/ServerLevel]: Tried to add entity the_anomaly:anomaly_escape but it was marked as removed already
[09:55:52] [Server thread/WARN] [minecraft/ServerLevel]: Tried to add entity the_anomaly:anomaly_viewer but it was marked as removed already
[09:55:56] [Server thread/WARN] [minecraft/ServerLevel]: Tried to add entity the_anomaly:anomaly_trap but it was marked as removed already
[09:55:56] [Server thread/WARN] [minecraft/ServerLevel]: Tried to add entity the_anomaly:anomaly_escape but it was marked as removed already
[09:55:56] [Server thread/WARN] [minecraft/ServerLevel]: Tried to add entity the_anomaly:anomaly_escape but it was marked as removed already
[09:55:56] [Server thread/WARN] [minecraft/ServerLevel]: Tried to add entity the_anomaly:anomaly_trap but it was marked as removed already
[09:55:56] [Server thread/WARN] [minecraft/ServerLevel]: Tried to add entity the_anomaly:anomaly_escape but it was marked as removed already
[09:55:56] [Server thread/WARN] [minecraft/ServerLevel]: Tried to add entity the_anomaly:anomaly_viewer but it was marked as removed already
[09:55:57] [Server thread/WARN] [minecraft/ServerLevel]: Tried to add entity the_anomaly:anomaly_trap but it was marked as removed already
[09:56:03] [Server thread/WARN] [minecraft/ServerLevel]: Tried to add entity the_anomaly:anomaly_escape but it was marked as removed already
[09:56:03] [Server thread/WARN] [minecraft/ServerLevel]: Tried to add entity the_anomaly:anomaly_escape but it was marked as removed already
[09:56:04] [Server thread/WARN] [minecraft/ServerLevel]: Tried to add entity the_anomaly:anomaly_trap but it was marked as removed already
[09:56:04] [Server thread/WARN] [minecraft/ServerLevel]: Tried to add entity the_anomaly:anomaly_escape but it was marked as removed already
[09:56:04] [Server thread/WARN] [minecraft/ServerLevel]: Tried to add entity the_anomaly:anomaly_escape but it was marked as removed already
[09:56:08] [Server thread/WARN] [minecraft/ServerLevel]: Tried to add entity the_anomaly:anomaly_viewer but it was marked as removed already
[09:56:12] [Server thread/WARN] [minecraft/ServerLevel]: Tried to add entity the_anomaly:anomaly_viewer but it was marked as removed already
[09:56:12] [Server thread/WARN] [minecraft/ServerLevel]: Tried to add entity the_anomaly:anomaly_trap but it was marked as removed already
[09:56:12] [Server thread/WARN] [minecraft/ServerLevel]: Tried to add entity the_anomaly:anomaly_trap but it was marked as removed already
[09:56:14] [Server thread/WARN] [minecraft/ServerLevel]: Tried to add entity the_anomaly:anomaly_viewer but it was marked as removed already
[09:56:14] [Server thread/WARN] [minecraft/ServerLevel]: Tried to add entity the_anomaly:anomaly_viewer but it was marked as removed already
[09:56:14] [Server thread/WARN] [minecraft/ServerLevel]: Tried to add entity the_anomaly:anomaly_trap but it was marked as removed already
[09:56:26] [Server thread/WARN] [minecraft/ServerLevel]: Tried to add entity the_anomaly:anomaly_escape but it was marked as removed already
[09:56:27] [Server thread/WARN] [minecraft/ServerLevel]: Tried to add entity the_anomaly:anomaly_trap but it was marked as removed already
[09:56:27] [Server thread/WARN] [minecraft/ServerLevel]: Tried to add entity the_anomaly:anomaly_trap but it was marked as removed already
[09:56:27] [Server thread/WARN] [minecraft/ServerLevel]: Tried to add entity the_anomaly:anomaly_escape but it was marked as removed already
[09:56:27] [Server thread/WARN] [minecraft/ServerLevel]: Tried to add entity the_anomaly:anomaly_viewer but it was marked as removed already
[09:56:27] [Server thread/WARN] [minecraft/ServerLevel]: Tried to add entity the_anomaly:anomaly_trap but it was marked as removed already
[09:56:27] [Server thread/WARN] [minecraft/ServerLevel]: Tried to add entity the_anomaly:anomaly_trap but it was marked as removed already
[09:56:31] [Server thread/WARN] [minecraft/ServerLevel]: Tried to add entity the_anomaly:anomaly_viewer but it was marked as removed already
[09:56:31] [Server thread/WARN] [minecraft/ServerLevel]: Tried to add entity the_anomaly:anomaly_trap but it was marked as removed already
[09:56:31] [Server thread/WARN] [minecraft/ServerLevel]: Tried to add entity the_anomaly:anomaly_escape but it was marked as removed already
[09:56:31] [Server thread/WARN] [minecraft/ServerLevel]: Tried to add entity the_anomaly:anomaly_viewer but it was marked as removed already
[09:56:31] [Server thread/WARN] [minecraft/ServerLevel]: Tried to add entity the_anomaly:anomaly_escape but it was marked as removed already
[09:56:34] [Server thread/WARN] [minecraft/ServerLevel]: Tried to add entity the_anomaly:anomaly_escape but it was marked as removed already
[09:56:37] [Server thread/WARN] [minecraft/ServerLevel]: Tried to add entity the_anomaly:anomaly_escape but it was marked as removed already
[09:56:37] [Server thread/WARN] [minecraft/ServerLevel]: Tried to add entity the_anomaly:anomaly_viewer but it was marked as removed already
[09:56:37] [Server thread/WARN] [minecraft/ServerLevel]: Tried to add entity the_anomaly:anomaly_escape but it was marked as removed already
[09:56:42] [Server thread/WARN] [minecraft/ServerLevel]: Tried to add entity the_anomaly:anomaly_escape but it was marked as removed already
[09:56:47] [Server thread/WARN] [minecraft/ServerLevel]: Tried to add entity the_anomaly:anomaly_escape but it was marked as removed already
[09:56:55] [Server thread/WARN] [minecraft/ServerLevel]: Tried to add entity the_anomaly:anomaly_viewer but it was marked as removed already
[09:56:55] [Server thread/WARN] [minecraft/ServerLevel]: Tried to add entity the_anomaly:anomaly_escape but it was marked as removed already
[09:56:57] [Server thread/WARN] [minecraft/ServerLevel]: Tried to add entity the_anomaly:anomaly_trap but it was marked as removed already
[09:57:02] [Server thread/WARN] [minecraft/ServerLevel]: Tried to add entity the_anomaly:anomaly_viewer but it was marked as removed already
[09:57:05] [Server thread/WARN] [minecraft/ServerLevel]: Tried to add entity the_anomaly:anomaly_escape but it was marked as removed already
[09:57:05] [Server thread/WARN] [minecraft/ServerLevel]: Tried to add entity the_anomaly:anomaly_viewer but it was marked as removed already
[09:57:05] [Server thread/WARN] [minecraft/ServerLevel]: Tried to add entity the_anomaly:anomaly_viewer but it was marked as removed already
[09:57:08] [Server thread/WARN] [minecraft/ServerLevel]: Tried to add entity the_anomaly:anomaly_viewer but it was marked as removed already
[09:57:09] [Server thread/WARN] [minecraft/ServerLevel]: Tried to add entity the_anomaly:anomaly_escape but it was marked as removed already
[09:57:09] [Server thread/WARN] [minecraft/ServerLevel]: Tried to add entity the_anomaly:anomaly_escape but it was marked as removed already
[09:57:13] [Server thread/WARN] [minecraft/ServerLevel]: Tried to add entity the_anomaly:anomaly_escape but it was marked as removed already
[09:57:15] [Server thread/WARN] [minecraft/ServerLevel]: Tried to add entity the_anomaly:anomaly_viewer but it was marked as removed already
[09:57:15] [Server thread/WARN] [minecraft/ServerLevel]: Tried to add entity the_anomaly:anomaly_viewer but it was marked as removed already
[09:57:15] [Server thread/WARN] [minecraft/ServerLevel]: Tried to add entity the_anomaly:anomaly_escape but it was marked as removed already
[09:57:15] [Server thread/WARN] [minecraft/ServerLevel]: Tried to add entity the_anomaly:anomaly_trap but it was marked as removed already
[09:57:15] [Server thread/WARN] [minecraft/ServerLevel]: Tried to add entity the_anomaly:anomaly_viewer but it was marked as removed already
[09:57:15] [Server thread/WARN] [minecraft/ServerLevel]: Tried to add entity the_anomaly:anomaly_escape but it was marked as removed already
[09:57:17] [Server thread/WARN] [minecraft/ServerLevel]: Tried to add entity the_anomaly:anomaly_escape but it was marked as removed already
[09:57:21] [Server thread/WARN] [minecraft/ServerLevel]: Tried to add entity the_anomaly:anomaly_trap but it was marked as removed already
[09:57:21] [Server thread/WARN] [minecraft/ServerLevel]: Tried to add entity the_anomaly:anomaly_viewer but it was marked as removed already
[09:57:21] [Server thread/WARN] [minecraft/ServerLevel]: Tried to add entity the_anomaly:anomaly_viewer but it was marked as removed already
[09:57:21] [Server thread/WARN] [minecraft/ServerLevel]: Tried to add entity the_anomaly:anomaly_trap but it was marked as removed already
[09:57:21] [Server thread/WARN] [minecraft/ServerLevel]: Tried to add entity the_anomaly:anomaly_viewer but it was marked as removed already
[09:57:21] [Server thread/WARN] [minecraft/ServerLevel]: Tried to add entity the_anomaly:anomaly_viewer but it was marked as removed already
[09:57:27] [Server thread/WARN] [minecraft/ServerLevel]: Tried to add entity the_anomaly:anomaly_trap but it was marked as removed already
[09:57:27] [Server thread/WARN] [minecraft/ServerLevel]: Tried to add entity the_anomaly:anomaly_viewer but it was marked as removed already
[09:57:30] [Server thread/WARN] [minecraft/ServerLevel]: Tried to add entity the_anomaly:anomaly_escape but it was marked as removed already
[09:57:30] [Server thread/WARN] [minecraft/ServerLevel]: Tried to add entity the_anomaly:anomaly_escape but it was marked as removed already
[09:57:30] [Server thread/WARN] [minecraft/ServerLevel]: Tried to add entity the_anomaly:anomaly_viewer but it was marked as removed already
[09:57:31] [Server thread/WARN] [minecraft/ServerLevel]: Tried to add entity the_anomaly:anomaly_trap but it was marked as removed already
[09:57:33] [Server thread/WARN] [minecraft/ServerLevel]: Tried to add entity the_anomaly:anomaly_escape but it was marked as removed already
[09:57:35] [Server thread/WARN] [minecraft/ServerLevel]: Tried to add entity the_anomaly:anomaly_trap but it was marked as removed already
[09:57:37] [Server thread/WARN] [minecraft/ServerLevel]: Tried to add entity the_anomaly:anomaly_trap but it was marked as removed already
[09:57:37] [Server thread/WARN] [minecraft/ServerLevel]: Tried to add entity the_anomaly:anomaly_trap but it was marked as removed already
[09:57:37] [Server thread/WARN] [minecraft/ServerLevel]: Tried to add entity the_anomaly:anomaly_viewer but it was marked as removed already
[09:57:38] [Server thread/WARN] [minecraft/ServerLevel]: Tried to add entity the_anomaly:anomaly_trap but it was marked as removed already
[09:57:38] [Server thread/WARN] [minecraft/ServerLevel]: Tried to add entity the_anomaly:anomaly_viewer but it was marked as removed already
[09:57:38] [Server thread/WARN] [minecraft/ServerLevel]: Tried to add entity the_anomaly:anomaly_escape but it was marked as removed already
[09:57:38] [Server thread/WARN] [minecraft/ServerLevel]: Tried to add entity the_anomaly:anomaly_escape but it was marked as removed already
[09:57:39] [Server thread/WARN] [minecraft/ServerLevel]: Tried to add entity the_anomaly:anomaly_escape but it was marked as removed already
[09:57:39] [Server thread/WARN] [minecraft/ServerLevel]: Tried to add entity the_anomaly:anomaly_escape but it was marked as removed already
[09:57:39] [Server thread/WARN] [minecraft/ServerLevel]: Tried to add entity the_anomaly:anomaly_trap but it was marked as removed already
[09:57:41] [Server thread/WARN] [minecraft/ServerLevel]: Tried to add entity the_anomaly:anomaly_trap but it was marked as removed already
[09:57:41] [Server thread/WARN] [minecraft/ServerLevel]: Tried to add entity the_anomaly:anomaly_viewer but it was marked as removed already
[09:57:41] [Server thread/WARN] [minecraft/ServerLevel]: Tried to add entity the_anomaly:anomaly_trap but it was marked as removed already
[09:57:41] [Server thread/WARN] [minecraft/ServerLevel]: Tried to add entity the_anomaly:anomaly_trap but it was marked as removed already
[09:57:41] [Server thread/WARN] [minecraft/ServerLevel]: Tried to add entity the_anomaly:anomaly_trap but it was marked as removed already
[09:57:41] [Server thread/WARN] [minecraft/ServerLevel]: Tried to add entity the_anomaly:anomaly_trap but it was marked as removed already
[09:57:41] [Server thread/WARN] [minecraft/ServerLevel]: Tried to add entity the_anomaly:anomaly_viewer but it was marked as removed already
[09:57:42] [Server thread/WARN] [minecraft/ServerLevel]: Tried to add entity the_anomaly:anomaly_viewer but it was marked as removed already
[09:57:42] [Server thread/WARN] [minecraft/ServerLevel]: Tried to add entity the_anomaly:anomaly_viewer but it was marked as removed already
[09:57:42] [Server thread/WARN] [minecraft/ServerLevel]: Tried to add entity the_anomaly:anomaly_viewer but it was marked as removed already
[09:57:42] [Server thread/WARN] [minecraft/ServerLevel]: Tried to add entity the_anomaly:anomaly_escape but it was marked as removed already
[09:57:52] [Server thread/WARN] [minecraft/ServerLevel]: Tried to add entity the_anomaly:anomaly_trap but it was marked as removed already
[09:57:55] [Server thread/WARN] [minecraft/ServerLevel]: Tried to add entity the_anomaly:anomaly_trap but it was marked as removed already
[09:57:55] [Server thread/WARN] [minecraft/ServerLevel]: Tried to add entity the_anomaly:anomaly_trap but it was marked as removed already
[09:57:55] [Server thread/WARN] [minecraft/ServerLevel]: Tried to add entity the_anomaly:anomaly_escape but it was marked as removed already
[09:57:59] [Server thread/WARN] [minecraft/ServerLevel]: Tried to add entity the_anomaly:anomaly_escape but it was marked as removed already
[09:58:02] [Server thread/WARN] [minecraft/ServerLevel]: Tried to add entity the_anomaly:anomaly_trap but it was marked as removed already
[09:58:02] [Server thread/WARN] [minecraft/ServerLevel]: Tried to add entity the_anomaly:anomaly_trap but it was marked as removed already
[09:58:02] [Server thread/WARN] [minecraft/ServerLevel]: Tried to add entity the_anomaly:anomaly_trap but it was marked as removed already
[09:58:02] [Server thread/WARN] [minecraft/ServerLevel]: Tried to add entity the_anomaly:anomaly_escape but it was marked as removed already
[09:58:02] [Server thread/WARN] [minecraft/ServerLevel]: Tried to add entity the_anomaly:anomaly_trap but it was marked as removed already
[09:58:02] [Server thread/WARN] [minecraft/ServerLevel]: Tried to add entity the_anomaly:anomaly_escape but it was marked as removed already
[09:58:03] [Server thread/WARN] [minecraft/ServerLevel]: Tried to add entity the_anomaly:anomaly_escape but it was marked as removed already
[09:58:03] [Server thread/WARN] [minecraft/ServerLevel]: Tried to add entity the_anomaly:anomaly_escape but it was marked as removed already
[09:58:07] [Server thread/WARN] [minecraft/ServerLevel]: Tried to add entity the_anomaly:anomaly_viewer but it was marked as removed already
[09:58:07] [Server thread/WARN] [minecraft/ServerLevel]: Tried to add entity the_anomaly:anomaly_viewer but it was marked as removed already
[09:58:07] [Server thread/WARN] [minecraft/ServerLevel]: Tried to add entity the_anomaly:anomaly_viewer but it was marked as removed already
[09:58:08] [Server thread/WARN] [minecraft/ServerLevel]: Tried to add entity the_anomaly:anomaly_escape but it was marked as removed already
[09:58:12] [Server thread/INFO] [minecraft/ServerGamePacketListenerImpl]: gamerku lost connection: Disconnected
[09:58:12] [Server thread/INFO] [minecraft/MinecraftServer]: gamerku left the game
[09:58:17] [Server thread/INFO] [ne.mi.co.AdvancementLoadFix/]: Using new advancement loading for net.minecraft.server.PlayerAdvancements@3837789
[09:58:17] [Server thread/INFO] [minecraft/PlayerList]: gamerku[/127.163.95.26:50199] logged in with entity id 3772 at (-256.30000001192093, 62.0, -51.317615330566014)
[09:58:17] [Server thread/INFO] [minecraft/MinecraftServer]: gamerku joined the game
[09:58:17] [Server thread/INFO] [minecraft/MinecraftServer]: Behave yourself
[09:58:18] [Server thread/WARN] [minecraft/ServerLevel]: Tried to add entity the_anomaly:anomaly_trap but it was marked as removed already
[09:58:20] [Server thread/WARN] [minecraft/ServerLevel]: Tried to add entity the_anomaly:anomaly_viewer but it was marked as removed already
[09:58:20] [Server thread/WARN] [minecraft/ServerLevel]: Tried to add entity the_anomaly:anomaly_trap but it was marked as removed already
[09:58:20] [Server thread/WARN] [minecraft/ServerLevel]: Tried to add entity the_anomaly:anomaly_viewer but it was marked as removed already
[09:58:20] [Server thread/WARN] [minecraft/ServerLevel]: Tried to add entity the_anomaly:anomaly_escape but it was marked as removed already
[09:58:20] [Server thread/WARN] [minecraft/ServerLevel]: Tried to add entity the_anomaly:anomaly_trap but it was marked as removed already
[09:58:25] [Server thread/INFO] [minecraft/ServerGamePacketListenerImpl]: YAMAPROSIH lost connection: Timed out
[09:58:25] [Server thread/INFO] [minecraft/MinecraftServer]: YAMAPROSIH left the game
[09:58:25] [Server thread/WARN] [minecraft/Connection]: handleDisconnection() called twice
[09:58:27] [Server thread/WARN] [minecraft/ServerLevel]: Tried to add entity the_anomaly:anomaly_viewer but it was marked as removed already
[09:58:28] [Server thread/WARN] [minecraft/ServerLevel]: Tried to add entity the_anomaly:anomaly_viewer but it was marked as removed already
[09:58:30] [Server thread/WARN] [minecraft/ServerLevel]: Tried to add entity the_anomaly:anomaly_escape but it was marked as removed already
[09:58:32] [Server thread/WARN] [minecraft/ServerLevel]: Tried to add entity the_anomaly:anomaly_viewer but it was marked as removed already
[09:58:42] [Server thread/WARN] [minecraft/ServerLevel]: Tried to add entity the_anomaly:anomaly_trap but it was marked as removed already
[09:58:45] [Server thread/WARN] [minecraft/ServerLevel]: Tried to add entity the_anomaly:anomaly_viewer but it was marked as removed already
[09:58:48] [Server thread/INFO] [ne.mi.co.AdvancementLoadFix/]: Using new advancement loading for net.minecraft.server.PlayerAdvancements@6b37f8be
[09:58:48] [Server thread/INFO] [minecraft/PlayerList]: YAMAPROSIH[/127.159.13.28:53659] logged in with entity id 3868 at (-246.1651932441453, 61.0, -44.46989935674755)
[09:58:48] [Server thread/INFO] [minecraft/MinecraftServer]: YAMAPROSIH joined the game
[09:58:48] [Server thread/INFO] [minecraft/MinecraftServer]: Behave yourself
[09:58:48] [Server thread/WARN] [minecraft/ServerLevel]: Tried to add entity the_anomaly:anomaly_trap but it was marked as removed already
[09:58:58] [Server thread/WARN] [minecraft/ServerLevel]: Tried to add entity the_anomaly:anomaly_viewer but it was marked as removed already
[09:58:58] [Server thread/WARN] [minecraft/ServerLevel]: Tried to add entity the_anomaly:anomaly_trap but it was marked as removed already
[09:58:58] [Server thread/WARN] [minecraft/ServerLevel]: Tried to add entity the_anomaly:anomaly_viewer but it was marked as removed already
[09:58:58] [Server thread/WARN] [minecraft/ServerLevel]: Tried to add entity the_anomaly:anomaly_trap but it was marked as removed already
[09:58:58] [Server thread/WARN] [minecraft/ServerLevel]: Tried to add entity the_anomaly:anomaly_trap but it was marked as removed already
[09:58:58] [Server thread/WARN] [minecraft/ServerLevel]: Tried to add entity the_anomaly:anomaly_viewer but it was marked as removed already
[09:58:59] [Server thread/WARN] [minecraft/ServerLevel]: Tried to add entity the_anomaly:anomaly_viewer but it was marked as removed already
[09:58:59] [Server thread/WARN] [minecraft/ServerLevel]: Tried to add entity the_anomaly:anomaly_escape but it was marked as removed already
[09:59:03] [Server thread/WARN] [minecraft/ServerLevel]: Tried to add entity the_anomaly:anomaly_trap but it was marked as removed already
[09:59:03] [Server thread/WARN] [minecraft/ServerLevel]: Tried to add entity the_anomaly:anomaly_trap but it was marked as removed already
[09:59:04] [Server thread/WARN] [minecraft/ServerLevel]: Tried to add entity the_anomaly:anomaly_viewer but it was marked as removed already
[09:59:06] [Server thread/WARN] [minecraft/ServerLevel]: Tried to add entity the_anomaly:anomaly_trap but it was marked as removed already
[09:59:21] [Server thread/WARN] [minecraft/ServerLevel]: Tried to add entity the_anomaly:anomaly_viewer but it was marked as removed already
[09:59:21] [Server thread/WARN] [minecraft/ServerLevel]: Tried to add entity the_anomaly:anomaly_escape but it was marked as removed already
[09:59:26] [Server thread/WARN] [minecraft/ServerLevel]: Tried to add entity the_anomaly:anomaly_trap but it was marked as removed already
[09:59:26] [Server thread/WARN] [minecraft/ServerLevel]: Tried to add entity the_anomaly:anomaly_viewer but it was marked as removed already
[09:59:30] [Server thread/WARN] [minecraft/ServerLevel]: Tried to add entity the_anomaly:anomaly_viewer but it was marked as removed already
[09:59:35] [Server thread/WARN] [minecraft/ServerLevel]: Tried to add entity the_anomaly:anomaly_escape but it was marked as removed already
[09:59:36] [Server thread/WARN] [minecraft/ServerLevel]: Tried to add entity the_anomaly:anomaly_escape but it was marked as removed already
[09:59:39] [Server thread/INFO] [minecraft/MinecraftServer]: [gamerku: Applied effect Night Vision to YAMAPROSIH]
[09:59:39] [Server thread/WARN] [minecraft/ServerLevel]: Tried to add entity the_anomaly:anomaly_trap but it was marked as removed already
[09:59:39] [Server thread/WARN] [minecraft/ServerLevel]: Tried to add entity the_anomaly:anomaly_viewer but it was marked as removed already
[09:59:42] [Server thread/WARN] [minecraft/ServerLevel]: Tried to add entity the_anomaly:anomaly_viewer but it was marked as removed already
[09:59:46] [Server thread/WARN] [minecraft/ServerLevel]: Tried to add entity the_anomaly:anomaly_viewer but it was marked as removed already
[09:59:46] [Server thread/WARN] [minecraft/ServerLevel]: Tried to add entity the_anomaly:anomaly_viewer but it was marked as removed already
[09:59:50] [Server thread/WARN] [minecraft/ServerLevel]: Tried to add entity the_anomaly:anomaly_trap but it was marked as removed already
[09:59:50] [Server thread/WARN] [minecraft/ServerLevel]: Tried to add entity the_anomaly:anomaly_escape but it was marked as removed already
[09:59:52] [Server thread/WARN] [minecraft/ServerLevel]: Tried to add entity the_anomaly:anomaly_viewer but it was marked as removed already
[09:59:52] [Server thread/WARN] [minecraft/ServerLevel]: Tried to add entity the_anomaly:anomaly_viewer but it was marked as removed already
[09:59:53] [Server thread/WARN] [minecraft/ServerLevel]: Tried to add entity the_anomaly:anomaly_viewer but it was marked as removed already
[09:59:53] [Server thread/WARN] [minecraft/ServerLevel]: Tried to add entity the_anomaly:anomaly_trap but it was marked as removed already
[09:59:54] [Server thread/WARN] [minecraft/ServerLevel]: Tried to add entity the_anomaly:anomaly_viewer but it was marked as removed already
[09:59:56] [Server thread/WARN] [minecraft/ServerLevel]: Tried to add entity the_anomaly:anomaly_escape but it was marked as removed already
[09:59:56] [Server thread/WARN] [minecraft/ServerLevel]: Tried to add entity the_anomaly:anomaly_trap but it was marked as removed already
[09:59:56] [Server thread/WARN] [minecraft/ServerLevel]: Tried to add entity the_anomaly:anomaly_escape but it was marked as removed already
[09:59:56] [Server thread/WARN] [minecraft/ServerLevel]: Tried to add entity the_anomaly:anomaly_trap but it was marked as removed already
[09:59:57] [Server thread/WARN] [minecraft/ServerLevel]: Tried to add entity the_anomaly:anomaly_viewer but it was marked as removed already
[09:59:57] [Server thread/WARN] [minecraft/ServerLevel]: Tried to add entity the_anomaly:anomaly_viewer but it was marked as removed already
[09:59:57] [Server thread/WARN] [minecraft/ServerLevel]: Tried to add entity the_anomaly:anomaly_viewer but it was marked as removed already
[09:59:57] [Server thread/WARN] [minecraft/ServerLevel]: Tried to add entity the_anomaly:anomaly_viewer but it was marked as removed already
[09:59:57] [Server thread/WARN] [minecraft/ServerLevel]: Tried to add entity the_anomaly:anomaly_escape but it was marked as removed already
[09:59:57] [Server thread/WARN] [minecraft/ServerLevel]: Tried to add entity the_anomaly:anomaly_escape but it was marked as removed already
[09:59:57] [Server thread/WARN] [minecraft/ServerLevel]: Tried to add entity the_anomaly:anomaly_escape but it was marked as removed already
[09:59:57] [Server thread/WARN] [minecraft/ServerLevel]: Tried to add entity the_anomaly:anomaly_trap but it was marked as removed already
[09:59:59] [Server thread/WARN] [minecraft/ServerLevel]: Tried to add entity the_anomaly:anomaly_viewer but it was marked as removed already
[09:59:59] [Server thread/WARN] [minecraft/ServerLevel]: Tried to add entity the_anomaly:anomaly_escape but it was marked as removed already
[09:59:59] [Server thread/WARN] [minecraft/ServerLevel]: Tried to add entity the_anomaly:anomaly_viewer but it was marked as removed already
[09:59:59] [Server thread/WARN] [minecraft/ServerLevel]: Tried to add entity the_anomaly:anomaly_viewer but it was marked as removed already
[09:59:59] [Server thread/WARN] [minecraft/ServerLevel]: Tried to add entity the_anomaly:anomaly_trap but it was marked as removed already
[09:59:59] [Server thread/WARN] [minecraft/ServerLevel]: Tried to add entity the_anomaly:anomaly_trap but it was marked as removed already
[09:59:59] [Server thread/WARN] [minecraft/ServerLevel]: Tried to add entity the_anomaly:anomaly_viewer but it was marked as removed already
[10:00:00] [Server thread/WARN] [minecraft/ServerLevel]: Tried to add entity the_anomaly:anomaly_trap but it was marked as removed already
[10:00:00] [Server thread/WARN] [minecraft/ServerLevel]: Tried to add entity the_anomaly:anomaly_viewer but it was marked as removed already
[10:00:03] [Server thread/WARN] [minecraft/ServerLevel]: Tried to add entity the_anomaly:anomaly_viewer but it was marked as removed already
[10:00:03] [Server thread/WARN] [minecraft/ServerLevel]: Tried to add entity the_anomaly:anomaly_escape but it was marked as removed already
[10:00:08] [Server thread/WARN] [minecraft/ServerLevel]: Tried to add entity the_anomaly:anomaly_escape but it was marked as removed already
[10:00:09] [Server thread/WARN] [minecraft/ServerLevel]: Tried to add entity the_anomaly:anomaly_viewer but it was marked as removed already
[10:00:10] [Server thread/WARN] [minecraft/ServerLevel]: Tried to add entity the_anomaly:anomaly_trap but it was marked as removed already
[10:00:10] [Server thread/WARN] [minecraft/ServerLevel]: Tried to add entity the_anomaly:anomaly_trap but it was marked as removed already
[10:00:17] [Server thread/WARN] [minecraft/ServerLevel]: Tried to add entity the_anomaly:anomaly_escape but it was marked as removed already
[10:00:17] [Server thread/WARN] [minecraft/ServerLevel]: Tried to add entity the_anomaly:anomaly_escape but it was marked as removed already
[10:00:17] [Server thread/WARN] [minecraft/ServerLevel]: Tried to add entity the_anomaly:anomaly_viewer but it was marked as removed already
[10:00:17] [Server thread/WARN] [minecraft/ServerLevel]: Tried to add entity the_anomaly:anomaly_viewer but it was marked as removed already
[10:00:25] [Server thread/WARN] [minecraft/ServerLevel]: Tried to add entity the_anomaly:anomaly_trap but it was marked as removed already
[10:00:25] [Server thread/WARN] [minecraft/ServerLevel]: Tried to add entity the_anomaly:anomaly_trap but it was marked as removed already
[10:00:26] [Server thread/WARN] [minecraft/ServerLevel]: Tried to add entity the_anomaly:anomaly_escape but it was marked as removed already
[10:00:29] [Server thread/WARN] [minecraft/ServerLevel]: Tried to add entity the_anomaly:anomaly_escape but it was marked as removed already
[10:00:29] [Server thread/WARN] [minecraft/ServerLevel]: Tried to add entity the_anomaly:anomaly_trap but it was marked as removed already
[10:00:32] [Server thread/WARN] [minecraft/ServerLevel]: Tried to add entity the_anomaly:anomaly_escape but it was marked as removed already
[10:00:32] [Server thread/WARN] [minecraft/ServerLevel]: Tried to add entity the_anomaly:anomaly_escape but it was marked as removed already
[10:00:33] [Server thread/WARN] [minecraft/ServerLevel]: Tried to add entity the_anomaly:anomaly_escape but it was marked as removed already
[10:00:33] [Server thread/WARN] [minecraft/ServerLevel]: Tried to add entity the_anomaly:anomaly_viewer but it was marked as removed already
[10:00:33] [Server thread/WARN] [minecraft/ServerLevel]: Tried to add entity the_anomaly:anomaly_trap but it was marked as removed already
[10:00:33] [Server thread/WARN] [minecraft/ServerLevel]: Tried to add entity the_anomaly:anomaly_viewer but it was marked as removed already
[10:00:33] [Server thread/WARN] [minecraft/ServerLevel]: Tried to add entity the_anomaly:anomaly_trap but it was marked as removed already
[10:00:33] [Server thread/WARN] [minecraft/ServerLevel]: Tried to add entity the_anomaly:anomaly_trap but it was marked as removed already
[10:00:33] [Server thread/WARN] [minecraft/ServerLevel]: Tried to add entity the_anomaly:anomaly_escape but it was marked as removed already
[10:00:33] [Server thread/WARN] [minecraft/ServerLevel]: Tried to add entity the_anomaly:anomaly_trap but it was marked as removed already
[10:00:39] [Server thread/WARN] [minecraft/ServerLevel]: Tried to add entity the_anomaly:anomaly_escape but it was marked as removed already
[10:00:39] [Server thread/WARN] [minecraft/ServerLevel]: Tried to add entity the_anomaly:anomaly_viewer but it was marked as removed already
[10:00:39] [Server thread/WARN] [minecraft/ServerLevel]: Tried to add entity the_anomaly:anomaly_viewer but it was marked as removed already
[10:00:40] [Server thread/WARN] [minecraft/ServerLevel]: Tried to add entity the_anomaly:anomaly_escape but it was marked as removed already
[10:00:40] [Server thread/WARN] [minecraft/ServerLevel]: Tried to add entity the_anomaly:anomaly_trap but it was marked as removed already
[10:00:40] [Server thread/WARN] [minecraft/ServerLevel]: Tried to add entity the_anomaly:anomaly_trap but it was marked as removed already
[10:00:41] [Server thread/WARN] [minecraft/ServerLevel]: Tried to add entity the_anomaly:anomaly_escape but it was marked as removed already
[10:00:41] [Server thread/WARN] [minecraft/ServerLevel]: Tried to add entity the_anomaly:anomaly_escape but it was marked as removed already
[10:00:41] [Server thread/WARN] [minecraft/ServerLevel]: Tried to add entity the_anomaly:anomaly_escape but it was marked as removed already
[10:00:45] [Server thread/WARN] [minecraft/ServerLevel]: Tried to add entity the_anomaly:anomaly_viewer but it was marked as removed already
[10:00:45] [Server thread/WARN] [minecraft/ServerLevel]: Tried to add entity the_anomaly:anomaly_trap but it was marked as removed already
[10:00:45] [Server thread/WARN] [minecraft/ServerLevel]: Tried to add entity the_anomaly:anomaly_trap but it was marked as removed already
[10:00:47] [Server thread/WARN] [minecraft/ServerLevel]: Tried to add entity the_anomaly:anomaly_viewer but it was marked as removed already
[10:00:49] [Server thread/WARN] [minecraft/ServerLevel]: Tried to add entity the_anomaly:anomaly_viewer but it was marked as removed already
[10:00:58] [Server thread/WARN] [minecraft/ServerLevel]: Tried to add entity the_anomaly:anomaly_viewer but it was marked as removed already
[10:00:58] [Server thread/WARN] [minecraft/ServerLevel]: Tried to add entity the_anomaly:anomaly_viewer but it was marked as removed already
[10:00:58] [Server thread/WARN] [minecraft/ServerLevel]: Tried to add entity the_anomaly:anomaly_viewer but it was marked as removed already
[10:00:58] [Server thread/WARN] [minecraft/ServerLevel]: Tried to add entity the_anomaly:anomaly_escape but it was marked as removed already
[10:01:00] [Server thread/WARN] [minecraft/ServerLevel]: Tried to add entity the_anomaly:anomaly_trap but it was marked as removed already
[10:01:04] [Server thread/WARN] [minecraft/ServerLevel]: Tried to add entity the_anomaly:anomaly_trap but it was marked as removed already
[10:01:06] [Server thread/WARN] [minecraft/ServerLevel]: Tried to add entity the_anomaly:anomaly_viewer but it was marked as removed already
[10:01:06] [Server thread/WARN] [minecraft/ServerLevel]: Tried to add entity the_anomaly:anomaly_escape but it was marked as removed already
[10:01:06] [Server thread/WARN] [minecraft/ServerLevel]: Tried to add entity the_anomaly:anomaly_viewer but it was marked as removed already
[10:01:09] [Server thread/WARN] [minecraft/ServerLevel]: Tried to add entity the_anomaly:anomaly_escape but it was marked as removed already
[10:01:09] [Server thread/WARN] [minecraft/ServerLevel]: Tried to add entity the_anomaly:anomaly_escape but it was marked as removed already
[10:01:10] [Server thread/WARN] [minecraft/ServerLevel]: Tried to add entity the_anomaly:anomaly_viewer but it was marked as removed already
[10:01:10] [Server thread/WARN] [minecraft/ServerLevel]: Tried to add entity the_anomaly:anomaly_viewer but it was marked as removed already
[10:01:10] [Server thread/WARN] [minecraft/ServerLevel]: Tried to add entity the_anomaly:anomaly_escape but it was marked as removed already
[10:01:12] [Server thread/WARN] [minecraft/ServerLevel]: Tried to add entity the_anomaly:anomaly_trap but it was marked as removed already
[10:01:13] [Server thread/WARN] [minecraft/ServerLevel]: Tried to add entity the_anomaly:anomaly_trap but it was marked as removed already
[10:01:13] [Server thread/WARN] [minecraft/ServerLevel]: Tried to add entity the_anomaly:anomaly_escape but it was marked as removed already
[10:01:18] [Server thread/WARN] [minecraft/ServerLevel]: Tried to add entity the_anomaly:anomaly_escape but it was marked as removed already
[10:01:18] [Server thread/WARN] [minecraft/ServerLevel]: Tried to add entity the_anomaly:anomaly_viewer but it was marked as removed already
[10:01:33] [Server thread/WARN] [minecraft/ServerLevel]: Tried to add entity the_anomaly:anomaly_escape but it was marked as removed already
[10:01:33] [Server thread/WARN] [minecraft/ServerLevel]: Tried to add entity the_anomaly:anomaly_escape but it was marked as removed already
[10:01:33] [Server thread/WARN] [minecraft/ServerLevel]: Tried to add entity the_anomaly:anomaly_escape but it was marked as removed already
[10:01:33] [Server thread/WARN] [minecraft/ServerLevel]: Tried to add entity the_anomaly:anomaly_trap but it was marked as removed already
[10:01:33] [Server thread/WARN] [minecraft/ServerLevel]: Tried to add entity the_anomaly:anomaly_trap but it was marked as removed already
[10:01:34] [Server thread/WARN] [minecraft/ServerLevel]: Tried to add entity the_anomaly:anomaly_escape but it was marked as removed already
[10:01:35] [Server thread/WARN] [minecraft/ServerLevel]: Tried to add entity the_anomaly:anomaly_viewer but it was marked as removed already
[10:01:35] [Server thread/WARN] [minecraft/ServerLevel]: Tried to add entity the_anomaly:anomaly_escape but it was marked as removed already
[10:01:37] [Server thread/WARN] [minecraft/ServerLevel]: Tried to add entity the_anomaly:anomaly_trap but it was marked as removed already
[10:01:37] [Server thread/WARN] [minecraft/ServerLevel]: Tried to add entity the_anomaly:anomaly_escape but it was marked as removed already
[10:01:38] [Server thread/WARN] [minecraft/ServerLevel]: Tried to add entity the_anomaly:anomaly_viewer but it was marked as removed already
[10:01:40] [Server thread/WARN] [minecraft/ServerLevel]: Tried to add entity the_anomaly:anomaly_viewer but it was marked as removed already
[10:01:42] [Server thread/WARN] [minecraft/ServerLevel]: Tried to add entity the_anomaly:anomaly_escape but it was marked as removed already
[10:01:42] [Server thread/WARN] [minecraft/ServerLevel]: Tried to add entity the_anomaly:anomaly_viewer but it was marked as removed already
[10:01:42] [Server thread/WARN] [minecraft/ServerLevel]: Tried to add entity the_anomaly:anomaly_trap but it was marked as removed already
[10:01:43] [Server thread/WARN] [minecraft/ServerLevel]: Tried to add entity the_anomaly:anomaly_trap but it was marked as removed already
[10:01:43] [Server thread/WARN] [minecraft/ServerLevel]: Tried to add entity the_anomaly:anomaly_escape but it was marked as removed already
[10:01:54] [Server thread/WARN] [minecraft/ServerLevel]: Tried to add entity the_anomaly:anomaly_trap but it was marked as removed already
[10:01:56] [Server thread/WARN] [minecraft/ServerLevel]: Tried to add entity the_anomaly:anomaly_trap but it was marked as removed already
[10:01:56] [Server thread/WARN] [minecraft/ServerLevel]: Tried to add entity the_anomaly:anomaly_viewer but it was marked as removed already
[10:01:56] [Server thread/WARN] [minecraft/ServerLevel]: Tried to add entity the_anomaly:anomaly_trap but it was marked as removed already
[10:02:00] [Server thread/WARN] [minecraft/ServerLevel]: Tried to add entity the_anomaly:anomaly_viewer but it was marked as removed already
[10:02:00] [Server thread/WARN] [minecraft/ServerLevel]: Tried to add entity the_anomaly:anomaly_viewer but it was marked as removed already
[10:02:06] [Server thread/WARN] [minecraft/ServerLevel]: Tried to add entity the_anomaly:anomaly_viewer but it was marked as removed already
[10:02:06] [Server thread/WARN] [minecraft/ServerLevel]: Tried to add entity the_anomaly:anomaly_trap but it was marked as removed already
[10:02:06] [Server thread/WARN] [minecraft/ServerLevel]: Tried to add entity the_anomaly:anomaly_escape but it was marked as removed already
[10:02:07] [Server thread/WARN] [minecraft/ServerLevel]: Tried to add entity the_anomaly:anomaly_escape but it was marked as removed already
[10:02:07] [Server thread/WARN] [minecraft/ServerLevel]: Tried to add entity the_anomaly:anomaly_viewer but it was marked as removed already
[10:02:08] [Server thread/WARN] [minecraft/ServerLevel]: Tried to add entity the_anomaly:anomaly_trap but it was marked as removed already
[10:02:08] [Server thread/WARN] [minecraft/ServerLevel]: Tried to add entity the_anomaly:anomaly_trap but it was marked as removed already
[10:02:09] [Server thread/INFO] [ne.mi.co.AdvancementLoadFix/]: Using new advancement loading for net.minecraft.server.PlayerAdvancements@4088356c
[10:02:09] [Server thread/INFO] [minecraft/PlayerList]: Achbar[/127.17.40.46:34637] logged in with entity id 4549 at (-55.5, 71.0, -110.5)
[10:02:09] [Server thread/INFO] [minecraft/MinecraftServer]: Achbar joined the game
[10:02:09] [Server thread/INFO] [minecraft/MinecraftServer]: Behave yourself
[10:02:09] [Server thread/WARN] [minecraft/ServerLevel]: Tried to add entity the_anomaly:anomaly_viewer but it was marked as removed already
[10:02:09] [Server thread/WARN] [minecraft/ServerLevel]: Tried to add entity the_anomaly:anomaly_trap but it was marked as removed already
[10:02:09] [Server thread/WARN] [minecraft/ServerLevel]: Tried to add entity the_anomaly:anomaly_trap but it was marked as removed already
[10:02:10] [Server thread/WARN] [minecraft/ServerLevel]: Tried to add entity the_anomaly:anomaly_escape but it was marked as removed already
[10:02:10] [Server thread/WARN] [minecraft/ServerLevel]: Tried to add entity the_anomaly:anomaly_trap but it was marked as removed already
[10:02:10] [Server thread/WARN] [minecraft/ServerLevel]: Tried to add entity the_anomaly:anomaly_trap but it was marked as removed already
[10:02:10] [Server thread/WARN] [minecraft/ServerLevel]: Tried to add entity the_anomaly:anomaly_escape but it was marked as removed already
[10:02:10] [Server thread/WARN] [minecraft/ServerLevel]: Tried to add entity the_anomaly:anomaly_viewer but it was marked as removed already
[10:02:10] [Server thread/WARN] [minecraft/ServerLevel]: Tried to add entity the_anomaly:anomaly_trap but it was marked as removed already
[10:02:10] [Server thread/WARN] [minecraft/ServerLevel]: Tried to add entity the_anomaly:anomaly_trap but it was marked as removed already
[10:02:10] [Server thread/WARN] [minecraft/ServerLevel]: Tried to add entity the_anomaly:anomaly_visitor but it was marked as removed already
[10:02:11] [Server thread/WARN] [minecraft/ServerLevel]: Tried to add entity the_anomaly:anomaly_escape but it was marked as removed already
[10:02:11] [Server thread/WARN] [minecraft/ServerLevel]: Tried to add entity the_anomaly:anomaly_viewer but it was marked as removed already
[10:02:11] [Server thread/WARN] [minecraft/ServerLevel]: Tried to add entity the_anomaly:anomaly_escape but it was marked as removed already
[10:02:11] [Server thread/WARN] [minecraft/ServerLevel]: Tried to add entity the_anomaly:anomaly_trap but it was marked as removed already
[10:02:11] [Server thread/WARN] [minecraft/ServerLevel]: Tried to add entity the_anomaly:anomaly_escape but it was marked as removed already
[10:02:11] [Server thread/WARN] [minecraft/ServerLevel]: Tried to add entity the_anomaly:anomaly_escape but it was marked as removed already
[10:02:11] [Server thread/WARN] [minecraft/ServerLevel]: Tried to add entity the_anomaly:anomaly_escape but it was marked as removed already
[10:02:11] [Server thread/WARN] [minecraft/ServerLevel]: Tried to add entity the_anomaly:anomaly_trap but it was marked as removed already
[10:02:11] [Server thread/WARN] [minecraft/ServerLevel]: Tried to add entity the_anomaly:anomaly_viewer but it was marked as removed already
[10:02:11] [Server thread/WARN] [minecraft/ServerLevel]: Tried to add entity the_anomaly:anomaly_trap but it was marked as removed already
[10:02:11] [Server thread/WARN] [minecraft/ServerLevel]: Tried to add entity the_anomaly:anomaly_escape but it was marked as removed already
[10:02:11] [Server thread/WARN] [minecraft/ServerLevel]: Tried to add entity the_anomaly:anomaly_escape but it was marked as removed already
[10:02:11] [Server thread/WARN] [minecraft/ServerLevel]: Tried to add entity the_anomaly:anomaly_escape but it was marked as removed already
[10:02:11] [Server thread/WARN] [minecraft/ServerLevel]: Tried to add entity the_anomaly:anomaly_escape but it was marked as removed already
[10:02:11] [Server thread/WARN] [minecraft/ServerLevel]: Tried to add entity the_anomaly:anomaly_viewer but it was marked as removed already
[10:02:12] [Server thread/WARN] [minecraft/ServerLevel]: Tried to add entity the_anomaly:anomaly_escape but it was marked as removed already
[10:02:12] [Server thread/WARN] [minecraft/ServerLevel]: Tried to add entity the_anomaly:anomaly_viewer but it was marked as removed already
[10:02:12] [Server thread/WARN] [minecraft/ServerLevel]: Tried to add entity the_anomaly:anomaly_trap but it was marked as removed already
[10:02:12] [Server thread/WARN] [minecraft/ServerLevel]: Tried to add entity the_anomaly:anomaly_viewer but it was marked as removed already
[10:02:12] [Server thread/WARN] [minecraft/ServerLevel]: Tried to add entity the_anomaly:anomaly_escape but it was marked as removed already
[10:02:12] [Server thread/WARN] [minecraft/ServerLevel]: Tried to add entity the_anomaly:anomaly_trap but it was marked as removed already
[10:02:12] [Server thread/WARN] [minecraft/ServerLevel]: Tried to add entity the_anomaly:anomaly_escape but it was marked as removed already
[10:02:12] [Server thread/WARN] [minecraft/ServerLevel]: Tried to add entity the_anomaly:anomaly_escape but it was marked as removed already
[10:02:12] [Server thread/WARN] [minecraft/ServerLevel]: Tried to add entity the_anomaly:anomaly_trap but it was marked as removed already
[10:02:13] [Server thread/WARN] [minecraft/ServerLevel]: Tried to add entity the_anomaly:anomaly_escape but it was marked as removed already
[10:02:13] [Server thread/WARN] [minecraft/ServerLevel]: Tried to add entity the_anomaly:anomaly_trap but it was marked as removed already
[10:02:13] [Server thread/WARN] [minecraft/ServerLevel]: Tried to add entity the_anomaly:anomaly_viewer but it was marked as removed already
[10:02:13] [Server thread/WARN] [minecraft/ServerLevel]: Tried to add entity the_anomaly:anomaly_viewer but it was marked as removed already
[10:02:13] [Server thread/WARN] [minecraft/ServerLevel]: Tried to add entity the_anomaly:anomaly_trap but it was marked as removed already
[10:02:13] [Server thread/WARN] [minecraft/ServerLevel]: Tried to add entity the_anomaly:anomaly_trap but it was marked as removed already
[10:02:13] [Server thread/WARN] [minecraft/ServerLevel]: Tried to add entity the_anomaly:anomaly_escape but it was marked as removed already
[10:02:13] [Server thread/WARN] [minecraft/ServerLevel]: Tried to add entity the_anomaly:anomaly_viewer but it was marked as removed already
[10:02:13] [Server thread/WARN] [minecraft/ServerLevel]: Tried to add entity the_anomaly:anomaly_viewer but it was marked as removed already
[10:02:13] [Server thread/WARN] [minecraft/ServerLevel]: Tried to add entity the_anomaly:anomaly_trap but it was marked as removed already
[10:02:13] [Server thread/WARN] [minecraft/ServerLevel]: Tried to add entity the_anomaly:anomaly_escape but it was marked as removed already
[10:02:13] [Server thread/WARN] [minecraft/ServerLevel]: Tried to add entity the_anomaly:anomaly_trap but it was marked as removed already
[10:02:13] [Server thread/WARN] [minecraft/ServerLevel]: Tried to add entity the_anomaly:anomaly_escape but it was marked as removed already
[10:02:13] [Server thread/WARN] [minecraft/ServerLevel]: Tried to add entity the_anomaly:anomaly_viewer but it was marked as removed already
[10:02:14] [Server thread/WARN] [minecraft/ServerLevel]: Tried to add entity the_anomaly:anomaly_escape but it was marked as removed already
[10:02:14] [Server thread/WARN] [minecraft/ServerLevel]: Tried to add entity the_anomaly:anomaly_escape but it was marked as removed already
[10:02:14] [Server thread/WARN] [minecraft/ServerLevel]: Tried to add entity the_anomaly:anomaly_viewer but it was marked as removed already
[10:02:14] [Server thread/WARN] [minecraft/ServerLevel]: Tried to add entity the_anomaly:anomaly_escape but it was marked as removed already
[10:02:14] [Server thread/WARN] [minecraft/ServerLevel]: Tried to add entity the_anomaly:anomaly_viewer but it was marked as removed already
[10:02:14] [Server thread/WARN] [minecraft/ServerLevel]: Tried to add entity the_anomaly:anomaly_trap but it was marked as removed already
[10:02:14] [Server thread/WARN] [minecraft/ServerLevel]: Tried to add entity the_anomaly:anomaly_trap but it was marked as removed already
[10:02:14] [Server thread/WARN] [minecraft/ServerLevel]: Tried to add entity the_anomaly:anomaly_escape but it was marked as removed already
[10:02:14] [Server thread/WARN] [minecraft/ServerLevel]: Tried to add entity the_anomaly:anomaly_viewer but it was marked as removed already
[10:02:14] [Server thread/WARN] [minecraft/ServerLevel]: Tried to add entity the_anomaly:anomaly_escape but it was marked as removed already
[10:02:14] [Server thread/WARN] [minecraft/ServerLevel]: Tried to add entity the_anomaly:anomaly_trap but it was marked as removed already
[10:02:14] [Server thread/WARN] [minecraft/ServerLevel]: Tried to add entity the_anomaly:anomaly_trap but it was marked as removed already
[10:02:14] [Server thread/WARN] [minecraft/ServerLevel]: Tried to add entity the_anomaly:anomaly_escape but it was marked as removed already
[10:02:14] [Server thread/WARN] [minecraft/ServerLevel]: Tried to add entity the_anomaly:anomaly_viewer but it was marked as removed already
[10:02:14] [Server thread/WARN] [minecraft/ServerLevel]: Tried to add entity the_anomaly:anomaly_escape but it was marked as removed already
[10:02:14] [Server thread/WARN] [minecraft/ServerLevel]: Tried to add entity the_anomaly:anomaly_viewer but it was marked as removed already
[10:02:14] [Server thread/WARN] [minecraft/ServerLevel]: Tried to add entity the_anomaly:anomaly_escape but it was marked as removed already
[10:02:14] [Server thread/WARN] [minecraft/ServerLevel]: Tried to add entity the_anomaly:anomaly_escape but it was marked as removed already
[10:02:14] [Server thread/WARN] [minecraft/ServerLevel]: Tried to add entity the_anomaly:anomaly_viewer but it was marked as removed already
[10:02:14] [Server thread/WARN] [minecraft/ServerLevel]: Tried to add entity the_anomaly:anomaly_escape but it was marked as removed already
[10:02:15] [Server thread/WARN] [minecraft/ServerLevel]: Tried to add entity the_anomaly:anomaly_viewer but it was marked as removed already
[10:02:15] [Server thread/WARN] [minecraft/ServerLevel]: Tried to add entity the_anomaly:anomaly_viewer but it was marked as removed already
[10:02:15] [Server thread/WARN] [minecraft/ServerLevel]: Tried to add entity the_anomaly:anomaly_escape but it was marked as removed already
[10:02:15] [Server thread/WARN] [minecraft/ServerLevel]: Tried to add entity the_anomaly:anomaly_viewer but it was marked as removed already
[10:02:15] [Server thread/WARN] [minecraft/ServerLevel]: Tried to add entity the_anomaly:anomaly_viewer but it was marked as removed already
[10:02:15] [Server thread/WARN] [minecraft/ServerLevel]: Tried to add entity the_anomaly:anomaly_escape but it was marked as removed already
[10:02:15] [Server thread/WARN] [minecraft/ServerLevel]: Tried to add entity the_anomaly:anomaly_viewer but it was marked as removed already
[10:02:16] [Server thread/WARN] [minecraft/ServerLevel]: Tried to add entity the_anomaly:anomaly_escape but it was marked as removed already
[10:02:16] [Server thread/WARN] [minecraft/ServerLevel]: Tried to add entity the_anomaly:anomaly_viewer but it was marked as removed already
[10:02:16] [Server thread/WARN] [minecraft/ServerLevel]: Tried to add entity the_anomaly:anomaly_trap but it was marked as removed already
[10:02:16] [Server thread/WARN] [minecraft/ServerLevel]: Tried to add entity the_anomaly:anomaly_escape but it was marked as removed already
[10:02:16] [Server thread/WARN] [minecraft/ServerLevel]: Tried to add entity the_anomaly:anomaly_viewer but it was marked as removed already
[10:02:16] [Server thread/WARN] [minecraft/ServerLevel]: Tried to add entity the_anomaly:anomaly_visitor_2 but it was marked as removed already
[10:02:16] [Server thread/WARN] [minecraft/ServerLevel]: Tried to add entity the_anomaly:anomaly_escape but it was marked as removed already
[10:02:16] [Server thread/WARN] [minecraft/ServerLevel]: Tried to add entity the_anomaly:anomaly_visitor but it was marked as removed already
[10:02:16] [Server thread/WARN] [minecraft/ServerLevel]: Tried to add entity the_anomaly:anomaly_escape but it was marked as removed already
[10:02:16] [Server thread/WARN] [minecraft/ServerLevel]: Tried to add entity the_anomaly:anomaly_viewer but it was marked as removed already
[10:02:17] [Server thread/WARN] [minecraft/ServerLevel]: Tried to add entity the_anomaly:anomaly_viewer but it was marked as removed already
[10:02:17] [Server thread/WARN] [minecraft/ServerLevel]: Tried to add entity the_anomaly:anomaly_escape but it was marked as removed already
[10:02:17] [Server thread/WARN] [minecraft/ServerLevel]: Tried to add entity the_anomaly:anomaly_viewer but it was marked as removed already
[10:02:17] [Server thread/WARN] [minecraft/ServerLevel]: Tried to add entity the_anomaly:anomaly_viewer but it was marked as removed already
[10:02:17] [Server thread/WARN] [minecraft/ServerLevel]: Tried to add entity the_anomaly:anomaly_viewer but it was marked as removed already
[10:02:17] [Server thread/WARN] [minecraft/ServerLevel]: Tried to add entity the_anomaly:anomaly_escape but it was marked as removed already
[10:02:17] [Server thread/WARN] [minecraft/ServerLevel]: Tried to add entity the_anomaly:anomaly_trap but it was marked as removed already
[10:02:17] [Server thread/WARN] [minecraft/ServerLevel]: Tried to add entity the_anomaly:anomaly_trap but it was marked as removed already
[10:02:17] [Server thread/WARN] [minecraft/ServerLevel]: Tried to add entity the_anomaly:anomaly_trap but it was marked as removed already
[10:02:17] [Server thread/WARN] [minecraft/ServerLevel]: Tried to add entity the_anomaly:anomaly_escape but it was marked as removed already
[10:02:17] [Server thread/WARN] [minecraft/ServerLevel]: Tried to add entity the_anomaly:anomaly_viewer but it was marked as removed already
[10:02:17] [Server thread/WARN] [minecraft/ServerLevel]: Tried to add entity the_anomaly:anomaly_viewer but it was marked as removed already
[10:02:17] [Server thread/WARN] [minecraft/ServerLevel]: Tried to add entity the_anomaly:anomaly_viewer but it was marked as removed already
[10:02:18] [Server thread/WARN] [minecraft/ServerLevel]: Tried to add entity the_anomaly:anomaly_viewer but it was marked as removed already
[10:02:18] [Server thread/WARN] [minecraft/ServerLevel]: Tried to add entity the_anomaly:anomaly_viewer but it was marked as removed already
[10:02:18] [Server thread/WARN] [minecraft/ServerLevel]: Tried to add entity the_anomaly:anomaly_escape but it was marked as removed already
[10:02:18] [Server thread/WARN] [minecraft/ServerLevel]: Tried to add entity the_anomaly:anomaly_escape but it was marked as removed already
[10:02:18] [Server thread/WARN] [minecraft/ServerLevel]: Tried to add entity the_anomaly:anomaly_trap but it was marked as removed already
[10:02:18] [Server thread/WARN] [minecraft/ServerLevel]: Tried to add entity the_anomaly:anomaly_escape but it was marked as removed already
[10:02:18] [Server thread/WARN] [minecraft/ServerLevel]: Tried to add entity the_anomaly:anomaly_escape but it was marked as removed already
[10:02:21] [Server thread/WARN] [minecraft/ServerLevel]: Tried to add entity the_anomaly:anomaly_escape but it was marked as removed already
[10:02:25] [Server thread/WARN] [minecraft/ServerLevel]: Tried to add entity the_anomaly:anomaly_escape but it was marked as removed already
[10:02:25] [Server thread/WARN] [minecraft/ServerLevel]: Tried to add entity the_anomaly:anomaly_escape but it was marked as removed already
[10:02:25] [Server thread/WARN] [minecraft/ServerLevel]: Tried to add entity the_anomaly:anomaly_escape but it was marked as removed already
[10:02:26] [Server thread/WARN] [minecraft/ServerLevel]: Tried to add entity the_anomaly:anomaly_escape but it was marked as removed already
[10:02:27] [Server thread/WARN] [minecraft/ServerLevel]: Tried to add entity the_anomaly:anomaly_escape but it was marked as removed already
[10:02:27] [Server thread/WARN] [minecraft/ServerLevel]: Tried to add entity the_anomaly:anomaly_escape but it was marked as removed already
[10:02:27] [Server thread/WARN] [minecraft/ServerLevel]: Tried to add entity the_anomaly:anomaly_trap but it was marked as removed already
[10:02:33] [Server thread/WARN] [minecraft/ServerLevel]: Tried to add entity the_anomaly:anomaly_escape but it was marked as removed already
[10:02:34] [Server thread/WARN] [minecraft/ServerLevel]: Tried to add entity the_anomaly:anomaly_viewer but it was marked as removed already
[10:02:34] [Server thread/WARN] [minecraft/ServerLevel]: Tried to add entity the_anomaly:anomaly_viewer but it was marked as removed already
[10:02:34] [Server thread/WARN] [minecraft/ServerLevel]: Tried to add entity the_anomaly:anomaly_escape but it was marked as removed already
[10:02:38] [Server thread/WARN] [minecraft/ServerLevel]: Tried to add entity the_anomaly:anomaly_escape but it was marked as removed already
[10:02:38] [Server thread/WARN] [minecraft/ServerLevel]: Tried to add entity the_anomaly:anomaly_escape but it was marked as removed already
[10:02:38] [Server thread/WARN] [minecraft/ServerLevel]: Tried to add entity the_anomaly:anomaly_escape but it was marked as removed already
[10:02:38] [Server thread/WARN] [minecraft/ServerLevel]: Tried to add entity the_anomaly:anomaly_trap but it was marked as removed already
[10:02:38] [Server thread/WARN] [minecraft/ServerLevel]: Tried to add entity the_anomaly:anomaly_viewer but it was marked as removed already
[10:02:43] [Server thread/WARN] [minecraft/ServerLevel]: Tried to add entity the_anomaly:anomaly_viewer but it was marked as removed already
[10:02:44] [Server thread/WARN] [minecraft/ServerLevel]: Tried to add entity the_anomaly:anomaly_trap but it was marked as removed already
[10:02:44] [Server thread/WARN] [minecraft/ServerLevel]: Tried to add entity the_anomaly:anomaly_escape but it was marked as removed already
[10:02:44] [Server thread/WARN] [minecraft/ServerLevel]: Tried to add entity the_anomaly:anomaly_escape but it was marked as removed already
[10:02:45] [Server thread/WARN] [minecraft/ServerLevel]: Tried to add entity the_anomaly:anomaly_trap but it was marked as removed already
[10:02:47] [Server thread/WARN] [minecraft/ServerLevel]: Tried to add entity the_anomaly:anomaly_trap but it was marked as removed already
[10:02:48] [Server thread/WARN] [minecraft/ServerLevel]: Tried to add entity the_anomaly:anomaly_viewer but it was marked as removed already
[10:02:48] [Server thread/WARN] [minecraft/ServerLevel]: Tried to add entity the_anomaly:anomaly_viewer but it was marked as removed already
[10:02:48] [Server thread/WARN] [minecraft/ServerLevel]: Tried to add entity the_anomaly:anomaly_trap but it was marked as removed already
[10:02:48] [Server thread/WARN] [minecraft/ServerLevel]: Tried to add entity the_anomaly:anomaly_viewer but it was marked as removed already
[10:02:48] [Server thread/WARN] [minecraft/ServerLevel]: Tried to add entity the_anomaly:anomaly_escape but it was marked as removed already
[10:02:49] [Server thread/WARN] [minecraft/ServerLevel]: Tried to add entity the_anomaly:anomaly_trap but it was marked as removed already
[10:02:51] [Server thread/WARN] [minecraft/ServerLevel]: Tried to add entity the_anomaly:anomaly_trap but it was marked as removed already
[10:02:51] [Server thread/WARN] [minecraft/ServerLevel]: Tried to add entity the_anomaly:anomaly_escape but it was marked as removed already
[10:02:51] [Server thread/WARN] [minecraft/ServerLevel]: Tried to add entity the_anomaly:anomaly_viewer but it was marked as removed already
[10:02:51] [Server thread/WARN] [minecraft/ServerLevel]: Tried to add entity the_anomaly:anomaly_escape but it was marked as removed already
[10:02:51] [Server thread/WARN] [minecraft/ServerLevel]: Tried to add entity the_anomaly:anomaly_viewer but it was marked as removed already
[10:02:51] [Server thread/WARN] [minecraft/ServerLevel]: Tried to add entity the_anomaly:anomaly_viewer but it was marked as removed already
[10:02:54] [Server thread/WARN] [minecraft/ServerLevel]: Tried to add entity the_anomaly:anomaly_viewer but it was marked as removed already
[10:02:55] [Server thread/WARN] [minecraft/ServerLevel]: Tried to add entity the_anomaly:anomaly_viewer but it was marked as removed already
[10:02:56] [Server thread/WARN] [minecraft/ServerLevel]: Tried to add entity the_anomaly:anomaly_viewer but it was marked as removed already
[10:02:56] [Server thread/WARN] [minecraft/ServerLevel]: Tried to add entity the_anomaly:anomaly_viewer but it was marked as removed already
[10:02:56] [Server thread/WARN] [minecraft/ServerLevel]: Tried to add entity the_anomaly:anomaly_trap but it was marked as removed already
[10:02:56] [Server thread/WARN] [minecraft/ServerLevel]: Tried to add entity the_anomaly:anomaly_viewer but it was marked as removed already
[10:02:56] [Server thread/WARN] [minecraft/ServerLevel]: Tried to add entity the_anomaly:anomaly_trap but it was marked as removed already
[10:02:56] [Server thread/WARN] [minecraft/ServerLevel]: Tried to add entity the_anomaly:anomaly_escape but it was marked as removed already
[10:02:56] [Server thread/WARN] [minecraft/ServerLevel]: Tried to add entity the_anomaly:anomaly_escape but it was marked as removed already
[10:02:56] [Server thread/WARN] [minecraft/ServerLevel]: Tried to add entity the_anomaly:anomaly_trap but it was marked as removed already
[10:02:56] [Server thread/WARN] [minecraft/ServerLevel]: Tried to add entity the_anomaly:anomaly_trap but it was marked as removed already
[10:02:57] [Server thread/WARN] [minecraft/ServerLevel]: Tried to add entity the_anomaly:anomaly_escape but it was marked as removed already
[10:02:57] [Server thread/WARN] [minecraft/ServerLevel]: Tried to add entity the_anomaly:anomaly_escape but it was marked as removed already
[10:02:57] [Server thread/WARN] [minecraft/ServerLevel]: Tried to add entity the_anomaly:anomaly_viewer but it was marked as removed already
[10:02:57] [Server thread/WARN] [minecraft/ServerLevel]: Tried to add entity the_anomaly:anomaly_viewer but it was marked as removed already
[10:02:57] [Server thread/WARN] [minecraft/ServerLevel]: Tried to add entity the_anomaly:anomaly_escape but it was marked as removed already
[10:02:58] [Server thread/WARN] [minecraft/ServerLevel]: Tried to add entity the_anomaly:anomaly_trap but it was marked as removed already
[10:02:58] [Server thread/WARN] [minecraft/ServerLevel]: Tried to add entity the_anomaly:anomaly_viewer but it was marked as removed already
[10:02:58] [Server thread/WARN] [minecraft/ServerLevel]: Tried to add entity the_anomaly:anomaly_escape but it was marked as removed already
[10:02:58] [Server thread/WARN] [minecraft/ServerLevel]: Tried to add entity the_anomaly:anomaly_escape but it was marked as removed already
[10:02:59] [Server thread/WARN] [minecraft/ServerLevel]: Tried to add entity the_anomaly:anomaly_trap but it was marked as removed already
[10:02:59] [Server thread/WARN] [minecraft/ServerLevel]: Tried to add entity the_anomaly:anomaly_trap but it was marked as removed already
[10:02:59] [Server thread/WARN] [minecraft/ServerLevel]: Tried to add entity the_anomaly:anomaly_viewer but it was marked as removed already
[10:02:59] [Server thread/WARN] [minecraft/ServerLevel]: Tried to add entity the_anomaly:anomaly_viewer but it was marked as removed already
[10:03:00] [Server thread/WARN] [minecraft/ServerLevel]: Tried to add entity the_anomaly:anomaly_escape but it was marked as removed already
[10:03:00] [Server thread/WARN] [minecraft/ServerLevel]: Tried to add entity the_anomaly:anomaly_viewer but it was marked as removed already
[10:03:00] [Server thread/WARN] [minecraft/ServerLevel]: Tried to add entity the_anomaly:anomaly_viewer but it was marked as removed already
[10:03:03] [Server thread/WARN] [minecraft/ServerLevel]: Tried to add entity the_anomaly:anomaly_trap but it was marked as removed already
[10:03:03] [Server thread/WARN] [minecraft/ServerLevel]: Tried to add entity the_anomaly:anomaly_trap but it was marked as removed already
[10:03:03] [Server thread/WARN] [minecraft/ServerLevel]: Tried to add entity the_anomaly:anomaly_viewer but it was marked as removed already
[10:03:04] [Server thread/WARN] [minecraft/ServerLevel]: Tried to add entity the_anomaly:anomaly_viewer but it was marked as removed already
[10:03:04] [Server thread/WARN] [minecraft/ServerLevel]: Tried to add entity the_anomaly:anomaly_escape but it was marked as removed already
[10:03:04] [Server thread/WARN] [minecraft/ServerLevel]: Tried to add entity the_anomaly:anomaly_escape but it was marked as removed already
[10:03:04] [Server thread/WARN] [minecraft/ServerLevel]: Tried to add entity the_anomaly:anomaly_viewer but it was marked as removed already
[10:03:04] [Server thread/WARN] [minecraft/ServerLevel]: Tried to add entity the_anomaly:anomaly_viewer but it was marked as removed already
[10:03:04] [Server thread/WARN] [minecraft/ServerLevel]: Tried to add entity the_anomaly:anomaly_trap but it was marked as removed already
[10:03:04] [Server thread/WARN] [minecraft/ServerLevel]: Tried to add entity the_anomaly:anomaly_trap but it was marked as removed already
[10:03:04] [Server thread/WARN] [minecraft/ServerLevel]: Tried to add entity the_anomaly:anomaly_trap but it was marked as removed already
[10:03:04] [Server thread/WARN] [minecraft/ServerLevel]: Tried to add entity the_anomaly:anomaly_escape but it was marked as removed already
[10:03:04] [Server thread/WARN] [minecraft/ServerLevel]: Tried to add entity the_anomaly:anomaly_viewer but it was marked as removed already
[10:03:04] [Server thread/WARN] [minecraft/ServerLevel]: Tried to add entity the_anomaly:anomaly_viewer but it was marked as removed already
[10:03:06] [Server thread/WARN] [minecraft/ServerLevel]: Tried to add entity the_anomaly:anomaly_trap but it was marked as removed already
[10:03:07] [Server thread/WARN] [minecraft/ServerLevel]: Tried to add entity the_anomaly:anomaly_viewer but it was marked as removed already
[10:03:08] [Server thread/WARN] [minecraft/ServerLevel]: Tried to add entity the_anomaly:anomaly_trap but it was marked as removed already
[10:03:08] [Server thread/WARN] [minecraft/ServerLevel]: Tried to add entity the_anomaly:anomaly_trap but it was marked as removed already
[10:03:11] [Server thread/WARN] [minecraft/ServerLevel]: Tried to add entity the_anomaly:anomaly_escape but it was marked as removed already
[10:03:11] [Server thread/WARN] [minecraft/ServerLevel]: Tried to add entity the_anomaly:anomaly_viewer but it was marked as removed already
[10:03:11] [Server thread/WARN] [minecraft/ServerLevel]: Tried to add entity the_anomaly:anomaly_escape but it was marked as removed already
[10:03:11] [Server thread/WARN] [minecraft/ServerLevel]: Tried to add entity the_anomaly:anomaly_trap but it was marked as removed already
[10:03:11] [Server thread/WARN] [minecraft/ServerLevel]: Tried to add entity the_anomaly:anomaly_escape but it was marked as removed already
[10:03:12] [Server thread/WARN] [minecraft/ServerLevel]: Tried to add entity the_anomaly:anomaly_escape but it was marked as removed already
[10:03:12] [Server thread/WARN] [minecraft/ServerLevel]: Tried to add entity the_anomaly:anomaly_escape but it was marked as removed already
[10:03:12] [Server thread/WARN] [minecraft/ServerLevel]: Tried to add entity the_anomaly:anomaly_trap but it was marked as removed already
[10:03:12] [Server thread/WARN] [minecraft/ServerLevel]: Tried to add entity the_anomaly:anomaly_visitor_2 but it was marked as removed already
[10:03:12] [Server thread/WARN] [minecraft/ServerLevel]: Tried to add entity the_anomaly:anomaly_viewer but it was marked as removed already
[10:03:13] [Server thread/WARN] [minecraft/ServerLevel]: Tried to add entity the_anomaly:anomaly_escape but it was marked as removed already
[10:03:14] [Server thread/WARN] [minecraft/ServerLevel]: Tried to add entity the_anomaly:anomaly_viewer but it was marked as removed already
[10:03:14] [Server thread/WARN] [minecraft/ServerLevel]: Tried to add entity the_anomaly:anomaly_viewer but it was marked as removed already
[10:03:14] [Server thread/WARN] [minecraft/ServerLevel]: Tried to add entity the_anomaly:anomaly_escape but it was marked as removed already
[10:03:15] [Server thread/WARN] [minecraft/ServerLevel]: Tried to add entity the_anomaly:anomaly_escape but it was marked as removed already
[10:03:15] [Server thread/WARN] [minecraft/ServerLevel]: Tried to add entity the_anomaly:anomaly_trap but it was marked as removed already
[10:03:15] [Server thread/WARN] [minecraft/ServerLevel]: Tried to add entity the_anomaly:anomaly_visitor but it was marked as removed already
[10:03:16] [Server thread/WARN] [minecraft/ServerLevel]: Tried to add entity the_anomaly:anomaly_escape but it was marked as removed already
[10:03:16] [Server thread/WARN] [minecraft/ServerLevel]: Tried to add entity the_anomaly:anomaly_escape but it was marked as removed already
[10:03:16] [Server thread/WARN] [minecraft/ServerLevel]: Tried to add entity the_anomaly:anomaly_escape but it was marked as removed already
[10:03:16] [Server thread/WARN] [minecraft/ServerLevel]: Tried to add entity the_anomaly:anomaly_escape but it was marked as removed already
[10:03:16] [Server thread/WARN] [minecraft/ServerLevel]: Tried to add entity the_anomaly:anomaly_viewer but it was marked as removed already
[10:03:16] [Server thread/WARN] [minecraft/ServerLevel]: Tried to add entity the_anomaly:anomaly_escape but it was marked as removed already
[10:03:16] [Server thread/WARN] [minecraft/ServerLevel]: Tried to add entity the_anomaly:anomaly_trap but it was marked as removed already
[10:03:16] [Server thread/WARN] [minecraft/ServerLevel]: Tried to add entity the_anomaly:anomaly_viewer but it was marked as removed already
[10:03:16] [Server thread/WARN] [minecraft/ServerLevel]: Tried to add entity the_anomaly:anomaly_escape but it was marked as removed already
[10:03:16] [Server thread/WARN] [minecraft/ServerLevel]: Tried to add entity the_anomaly:anomaly_trap but it was marked as removed already
[10:03:16] [Server thread/WARN] [minecraft/ServerLevel]: Tried to add entity the_anomaly:anomaly_trap but it was marked as removed already
[10:03:16] [Server thread/WARN] [minecraft/ServerLevel]: Tried to add entity the_anomaly:anomaly_viewer but it was marked as removed already
[10:03:17] [Server thread/WARN] [minecraft/ServerLevel]: Tried to add entity the_anomaly:anomaly_visitor_2 but it was marked as removed already
[10:03:17] [Server thread/WARN] [minecraft/ServerLevel]: Tried to add entity the_anomaly:anomaly_trap but it was marked as removed already
[10:03:17] [Server thread/WARN] [minecraft/ServerLevel]: Tried to add entity the_anomaly:anomaly_escape but it was marked as removed already
[10:03:17] [Server thread/WARN] [minecraft/ServerLevel]: Tried to add entity the_anomaly:anomaly_trap but it was marked as removed already
[10:03:17] [Server thread/WARN] [minecraft/ServerLevel]: Tried to add entity the_anomaly:anomaly_viewer but it was marked as removed already
[10:03:17] [Server thread/WARN] [minecraft/ServerLevel]: Tried to add entity the_anomaly:anomaly_viewer but it was marked as removed already
[10:03:17] [Server thread/WARN] [minecraft/ServerLevel]: Tried to add entity the_anomaly:anomaly_viewer but it was marked as removed already
[10:03:18] [Server thread/WARN] [minecraft/ServerLevel]: Tried to add entity the_anomaly:anomaly_viewer but it was marked as removed already
[10:03:18] [Server thread/WARN] [minecraft/ServerLevel]: Tried to add entity the_anomaly:anomaly_escape but it was marked as removed already
[10:03:19] [Server thread/WARN] [minecraft/ServerLevel]: Tried to add entity the_anomaly:anomaly_escape but it was marked as removed already
[10:03:19] [Server thread/WARN] [minecraft/ServerLevel]: Tried to add entity the_anomaly:anomaly_trap but it was marked as removed already
[10:03:19] [Server thread/WARN] [minecraft/ServerLevel]: Tried to add entity the_anomaly:anomaly_trap but it was marked as removed already
[10:03:19] [Server thread/WARN] [minecraft/ServerLevel]: Tried to add entity the_anomaly:anomaly_escape but it was marked as removed already
[10:03:19] [Server thread/WARN] [minecraft/ServerLevel]: Tried to add entity the_anomaly:anomaly_trap but it was marked as removed already
[10:03:19] [Server thread/WARN] [minecraft/ServerLevel]: Tried to add entity the_anomaly:anomaly_viewer but it was marked as removed already
[10:03:19] [Server thread/WARN] [minecraft/ServerLevel]: Tried to add entity the_anomaly:anomaly_trap but it was marked as removed already
[10:03:30] [Server thread/WARN] [minecraft/ServerLevel]: Tried to add entity the_anomaly:anomaly_viewer but it was marked as removed already
[10:03:30] [Server thread/WARN] [minecraft/ServerLevel]: Tried to add entity the_anomaly:anomaly_viewer but it was marked as removed already
[10:03:30] [Server thread/WARN] [minecraft/ServerLevel]: Tried to add entity the_anomaly:anomaly_trap but it was marked as removed already
[10:03:30] [Server thread/WARN] [minecraft/ServerLevel]: Tried to add entity the_anomaly:anomaly_viewer but it was marked as removed already
[10:03:30] [Server thread/WARN] [minecraft/ServerLevel]: Tried to add entity the_anomaly:anomaly_escape but it was marked as removed already
[10:03:30] [Server thread/WARN] [minecraft/ServerLevel]: Tried to add entity the_anomaly:anomaly_visitor_2 but it was marked as removed already
[10:03:34] [Server thread/WARN] [minecraft/ServerLevel]: Tried to add entity the_anomaly:anomaly_escape but it was marked as removed already
[10:03:34] [Server thread/WARN] [minecraft/ServerLevel]: Tried to add entity the_anomaly:anomaly_viewer but it was marked as removed already
[10:03:34] [Server thread/WARN] [minecraft/ServerLevel]: Tried to add entity the_anomaly:anomaly_trap but it was marked as removed already
[10:03:38] [Server thread/WARN] [minecraft/ServerLevel]: Tried to add entity the_anomaly:anomaly_viewer but it was marked as removed already
[10:03:38] [Server thread/WARN] [minecraft/ServerLevel]: Tried to add entity the_anomaly:anomaly_viewer but it was marked as removed already
[10:03:38] [Server thread/WARN] [minecraft/ServerLevel]: Tried to add entity the_anomaly:anomaly_viewer but it was marked as removed already
[10:03:40] [Server thread/WARN] [minecraft/ServerLevel]: Tried to add entity the_anomaly:anomaly_escape but it was marked as removed already
[10:03:40] [Server thread/WARN] [minecraft/ServerLevel]: Tried to add entity the_anomaly:anomaly_escape but it was marked as removed already
[10:03:40] [Server thread/WARN] [minecraft/ServerLevel]: Tried to add entity the_anomaly:anomaly_escape but it was marked as removed already
[10:03:41] [Server thread/WARN] [minecraft/ServerLevel]: Tried to add entity the_anomaly:anomaly_escape but it was marked as removed already
[10:03:43] [Server thread/WARN] [minecraft/ServerLevel]: Tried to add entity the_anomaly:anomaly_trap but it was marked as removed already
[10:03:44] [Server thread/WARN] [minecraft/ServerLevel]: Tried to add entity the_anomaly:anomaly_viewer but it was marked as removed already
[10:03:45] [Server thread/WARN] [minecraft/ServerLevel]: Tried to add entity the_anomaly:anomaly_visitor_2 but it was marked as removed already
[10:03:45] [Server thread/WARN] [minecraft/ServerLevel]: Tried to add entity the_anomaly:anomaly_viewer but it was marked as removed already
[10:03:45] [Server thread/WARN] [minecraft/ServerLevel]: Tried to add entity the_anomaly:anomaly_escape but it was marked as removed already
[10:03:45] [Server thread/WARN] [minecraft/ServerLevel]: Tried to add entity the_anomaly:anomaly_viewer but it was marked as removed already
[10:03:45] [Server thread/WARN] [minecraft/ServerLevel]: Tried to add entity the_anomaly:anomaly_escape but it was marked as removed already
[10:03:48] [Server thread/WARN] [minecraft/ServerLevel]: Tried to add entity the_anomaly:anomaly_escape but it was marked as removed already
[10:03:50] [Server thread/WARN] [minecraft/ServerLevel]: Tried to add entity the_anomaly:anomaly_trap but it was marked as removed already
[10:03:50] [Server thread/WARN] [minecraft/ServerLevel]: Tried to add entity the_anomaly:anomaly_viewer but it was marked as removed already
[10:03:50] [Server thread/WARN] [minecraft/ServerLevel]: Tried to add entity the_anomaly:anomaly_trap but it was marked as removed already
[10:03:50] [Server thread/WARN] [minecraft/ServerLevel]: Tried to add entity the_anomaly:anomaly_trap but it was marked as removed already
[10:03:50] [Server thread/WARN] [minecraft/ServerLevel]: Tried to add entity the_anomaly:anomaly_viewer but it was marked as removed already
[10:03:51] [Server thread/WARN] [minecraft/ServerLevel]: Tried to add entity the_anomaly:anomaly_trap but it was marked as removed already
[10:03:51] [Server thread/WARN] [minecraft/ServerLevel]: Tried to add entity the_anomaly:anomaly_viewer but it was marked as removed already
[10:03:52] [Server thread/WARN] [minecraft/ServerLevel]: Tried to add entity the_anomaly:anomaly_escape but it was marked as removed already
[10:03:52] [Server thread/WARN] [minecraft/ServerLevel]: Tried to add entity the_anomaly:anomaly_viewer but it was marked as removed already
[10:03:52] [Server thread/WARN] [minecraft/ServerLevel]: Tried to add entity the_anomaly:anomaly_viewer but it was marked as removed already
[10:03:52] [Server thread/WARN] [minecraft/ServerLevel]: Tried to add entity the_anomaly:anomaly_escape but it was marked as removed already
[10:03:52] [Server thread/WARN] [minecraft/ServerLevel]: Tried to add entity the_anomaly:anomaly_escape but it was marked as removed already
[10:03:52] [Server thread/WARN] [minecraft/ServerLevel]: Tried to add entity the_anomaly:anomaly_viewer but it was marked as removed already
[10:03:52] [Server thread/WARN] [minecraft/ServerLevel]: Tried to add entity the_anomaly:anomaly_trap but it was marked as removed already
[10:03:52] [Server thread/WARN] [minecraft/ServerLevel]: Tried to add entity the_anomaly:anomaly_viewer but it was marked as removed already
[10:03:54] [Server thread/WARN] [minecraft/ServerLevel]: Tried to add entity the_anomaly:anomaly_viewer but it was marked as removed already
[10:03:54] [Server thread/WARN] [minecraft/ServerLevel]: Tried to add entity the_anomaly:anomaly_escape but it was marked as removed already
[10:03:54] [Server thread/WARN] [minecraft/ServerLevel]: Tried to add entity the_anomaly:anomaly_viewer but it was marked as removed already
[10:03:54] [Server thread/WARN] [minecraft/ServerLevel]: Tried to add entity the_anomaly:anomaly_escape but it was marked as removed already
[10:03:54] [Server thread/WARN] [minecraft/ServerLevel]: Tried to add entity the_anomaly:anomaly_viewer but it was marked as removed already
[10:03:54] [Server thread/WARN] [minecraft/ServerLevel]: Tried to add entity the_anomaly:anomaly_viewer but it was marked as removed already
[10:04:01] [Server thread/WARN] [minecraft/ServerLevel]: Tried to add entity the_anomaly:anomaly_viewer but it was marked as removed already
[10:04:01] [Server thread/WARN] [minecraft/ServerLevel]: Tried to add entity the_anomaly:anomaly_viewer but it was marked as removed already
[10:04:02] [Server thread/WARN] [minecraft/ServerLevel]: Tried to add entity the_anomaly:anomaly_escape but it was marked as removed already
[10:04:02] [Server thread/WARN] [minecraft/ServerLevel]: Tried to add entity the_anomaly:anomaly_trap but it was marked as removed already
[10:04:02] [Server thread/WARN] [minecraft/ServerLevel]: Tried to add entity the_anomaly:anomaly_trap but it was marked as removed already
[10:04:02] [Server thread/WARN] [minecraft/ServerLevel]: Tried to add entity the_anomaly:anomaly_escape but it was marked as removed already
[10:04:03] [Server thread/WARN] [minecraft/ServerLevel]: Tried to add entity the_anomaly:anomaly_viewer but it was marked as removed already
[10:04:06] [Server thread/WARN] [minecraft/ServerLevel]: Tried to add entity the_anomaly:anomaly_viewer but it was marked as removed already
[10:04:07] [Server thread/WARN] [minecraft/ServerLevel]: Tried to add entity the_anomaly:anomaly_escape but it was marked as removed already
[10:04:08] [Server thread/WARN] [minecraft/ServerLevel]: Tried to add entity the_anomaly:anomaly_viewer but it was marked as removed already
[10:04:08] [Server thread/WARN] [minecraft/ServerLevel]: Tried to add entity the_anomaly:anomaly_trap but it was marked as removed already
[10:04:08] [Server thread/WARN] [minecraft/ServerLevel]: Tried to add entity the_anomaly:anomaly_viewer but it was marked as removed already
[10:04:09] [Server thread/WARN] [minecraft/ServerLevel]: Tried to add entity the_anomaly:anomaly_escape but it was marked as removed already
[10:04:10] [Server thread/WARN] [minecraft/ServerLevel]: Tried to add entity the_anomaly:anomaly_escape but it was marked as removed already
[10:04:11] [Server thread/WARN] [minecraft/ServerLevel]: Tried to add entity the_anomaly:anomaly_trap but it was marked as removed already
[10:04:12] [Server thread/WARN] [minecraft/ServerLevel]: Tried to add entity the_anomaly:anomaly_escape but it was marked as removed already
[10:04:15] [Server thread/INFO] [minecraft/ServerGamePacketListenerImpl]: YAMAPROSIH lost connection: Disconnected
[10:04:15] [Server thread/INFO] [minecraft/MinecraftServer]: YAMAPROSIH left the game
[10:04:18] [Server thread/WARN] [minecraft/ServerLevel]: Tried to add entity the_anomaly:anomaly_viewer but it was marked as removed already
[10:04:21] [Server thread/INFO] [ne.mi.co.AdvancementLoadFix/]: Using new advancement loading for net.minecraft.server.PlayerAdvancements@1879b857
[10:04:21] [Server thread/INFO] [minecraft/PlayerList]: YAMAPROSIH[/127.159.13.28:41981] logged in with entity id 5697 at (-261.5806366685954, 63.0, -42.89912008957456)
[10:04:21] [Server thread/INFO] [minecraft/MinecraftServer]: YAMAPROSIH joined the game
[10:04:21] [Server thread/INFO] [minecraft/MinecraftServer]: Behave yourself
[10:04:21] [Server thread/WARN] [minecraft/ServerLevel]: Tried to add entity the_anomaly:anomaly_viewer but it was marked as removed already
[10:04:21] [Server thread/WARN] [minecraft/ServerLevel]: Tried to add entity the_anomaly:anomaly_trap but it was marked as removed already
[10:04:21] [Server thread/WARN] [minecraft/ServerLevel]: Tried to add entity the_anomaly:anomaly_viewer but it was marked as removed already
[10:04:22] [Server thread/WARN] [minecraft/ServerLevel]: Tried to add entity the_anomaly:anomaly_trap but it was marked as removed already
[10:04:22] [Server thread/WARN] [minecraft/ServerLevel]: Tried to add entity the_anomaly:anomaly_viewer but it was marked as removed already
[10:04:22] [Server thread/WARN] [minecraft/ServerLevel]: Tried to add entity the_anomaly:anomaly_trap but it was marked as removed already
[10:04:22] [Server thread/WARN] [minecraft/ServerLevel]: Tried to add entity the_anomaly:anomaly_trap but it was marked as removed already
[10:04:22] [Server thread/WARN] [minecraft/ServerLevel]: Tried to add entity the_anomaly:anomaly_trap but it was marked as removed already
[10:04:23] [Server thread/WARN] [minecraft/ServerLevel]: Tried to add entity the_anomaly:anomaly_trap but it was marked as removed already
[10:04:23] [Server thread/WARN] [minecraft/ServerLevel]: Tried to add entity the_anomaly:anomaly_trap but it was marked as removed already
[10:04:27] [Server thread/WARN] [minecraft/ServerLevel]: Tried to add entity the_anomaly:anomaly_trap but it was marked as removed already
[10:04:27] [Server thread/WARN] [minecraft/ServerLevel]: Tried to add entity the_anomaly:anomaly_trap but it was marked as removed already
[10:04:28] [Server thread/WARN] [minecraft/ServerLevel]: Tried to add entity the_anomaly:anomaly_viewer but it was marked as removed already
[10:04:28] [Server thread/WARN] [minecraft/ServerLevel]: Tried to add entity the_anomaly:anomaly_trap but it was marked as removed already
[10:04:29] [Server thread/WARN] [minecraft/ServerLevel]: Tried to add entity the_anomaly:anomaly_trap but it was marked as removed already
[10:04:31] [Server thread/INFO] [minecraft/MinecraftServer]: [Not Secure] <YAMAPROSIH> lag JEMBOT
[10:04:31] [Server thread/WARN] [minecraft/ServerLevel]: Tried to add entity the_anomaly:anomaly_viewer but it was marked as removed already
[10:04:33] [Server thread/WARN] [minecraft/ServerLevel]: Tried to add entity the_anomaly:anomaly_escape but it was marked as removed already
[10:04:33] [Server thread/WARN] [minecraft/ServerLevel]: Tried to add entity the_anomaly:anomaly_escape but it was marked as removed already
[10:04:33] [Server thread/WARN] [minecraft/ServerLevel]: Tried to add entity the_anomaly:anomaly_viewer but it was marked as removed already
[10:04:34] [Server thread/WARN] [minecraft/ServerLevel]: Tried to add entity the_anomaly:anomaly_viewer but it was marked as removed already
[10:04:34] [Server thread/WARN] [minecraft/ServerLevel]: Tried to add entity the_anomaly:anomaly_viewer but it was marked as removed already
[10:04:34] [Server thread/WARN] [minecraft/ServerLevel]: Tried to add entity the_anomaly:anomaly_trap but it was marked as removed already
[10:04:34] [Server thread/INFO] [minecraft/MinecraftServer]: [Not Secure] <gamerku> weh
[10:04:37] [Server thread/INFO] [minecraft/MinecraftServer]: [Not Secure] <gamerku> 76 67 -112
[10:04:40] [Server thread/WARN] [minecraft/ServerLevel]: Tried to add entity the_anomaly:anomaly_trap but it was marked as removed already
[10:04:40] [Server thread/WARN] [minecraft/ServerLevel]: Tried to add entity the_anomaly:anomaly_viewer but it was marked as removed already
[10:04:41] [Server thread/WARN] [minecraft/ServerLevel]: Tried to add entity the_anomaly:anomaly_viewer but it was marked as removed already
[10:04:41] [Server thread/WARN] [minecraft/ServerLevel]: Tried to add entity the_anomaly:anomaly_visitor but it was marked as removed already
[10:04:42] [Server thread/INFO] [minecraft/MinecraftServer]: [Not Secure] <YAMAPROSIH> JEMBATAN BOTAK
[10:04:42] [Server thread/WARN] [minecraft/ServerLevel]: Tried to add entity the_anomaly:anomaly_viewer but it was marked as removed already
[10:04:44] [Server thread/WARN] [minecraft/ServerLevel]: Tried to add entity the_anomaly:anomaly_escape but it was marked as removed already
[10:04:44] [Server thread/WARN] [minecraft/ServerLevel]: Tried to add entity the_anomaly:anomaly_visitor but it was marked as removed already
[10:04:44] [Server thread/WARN] [minecraft/ServerLevel]: Tried to add entity the_anomaly:anomaly_viewer but it was marked as removed already
[10:04:45] [Server thread/WARN] [minecraft/ServerLevel]: Tried to add entity the_anomaly:anomaly_trap but it was marked as removed already
[10:04:45] [Server thread/WARN] [minecraft/ServerLevel]: Tried to add entity the_anomaly:anomaly_trap but it was marked as removed already
[10:04:45] [Server thread/WARN] [minecraft/ServerLevel]: Tried to add entity the_anomaly:anomaly_escape but it was marked as removed already
[10:04:45] [Server thread/WARN] [minecraft/ServerLevel]: Tried to add entity the_anomaly:anomaly_viewer but it was marked as removed already
[10:04:45] [Server thread/WARN] [minecraft/ServerLevel]: Tried to add entity the_anomaly:anomaly_trap but it was marked as removed already
[10:04:47] [Server thread/WARN] [minecraft/ServerLevel]: Tried to add entity the_anomaly:anomaly_trap but it was marked as removed already
[10:04:47] [Server thread/WARN] [minecraft/ServerLevel]: Tried to add entity the_anomaly:anomaly_escape but it was marked as removed already
[10:04:50] [Server thread/WARN] [minecraft/ServerLevel]: Tried to add entity the_anomaly:anomaly_escape but it was marked as removed already
[10:04:50] [Server thread/WARN] [minecraft/ServerLevel]: Tried to add entity the_anomaly:anomaly_viewer but it was marked as removed already
[10:04:50] [Server thread/WARN] [minecraft/ServerLevel]: Tried to add entity the_anomaly:anomaly_trap but it was marked as removed already
[10:04:50] [Server thread/WARN] [minecraft/ServerLevel]: Tried to add entity the_anomaly:anomaly_escape but it was marked as removed already
[10:04:50] [Server thread/WARN] [minecraft/ServerLevel]: Tried to add entity the_anomaly:anomaly_trap but it was marked as removed already
[10:04:51] [Server thread/WARN] [minecraft/ServerLevel]: Tried to add entity the_anomaly:anomaly_viewer but it was marked as removed already
[10:04:51] [Server thread/WARN] [minecraft/ServerLevel]: Tried to add entity the_anomaly:anomaly_escape but it was marked as removed already
[10:04:51] [Server thread/WARN] [minecraft/ServerLevel]: Tried to add entity the_anomaly:anomaly_viewer but it was marked as removed already
[10:04:52] [Server thread/WARN] [minecraft/ServerLevel]: Tried to add entity the_anomaly:anomaly_viewer but it was marked as removed already
[10:04:52] [Server thread/WARN] [minecraft/ServerLevel]: Tried to add entity the_anomaly:anomaly_escape but it was marked as removed already
[10:04:54] [Server thread/WARN] [minecraft/ServerLevel]: Tried to add entity the_anomaly:anomaly_viewer but it was marked as removed already
[10:04:54] [Server thread/WARN] [minecraft/ServerLevel]: Tried to add entity the_anomaly:anomaly_viewer but it was marked as removed already
[10:04:54] [Server thread/WARN] [minecraft/ServerLevel]: Tried to add entity the_anomaly:anomaly_escape but it was marked as removed already
[10:04:55] [Server thread/WARN] [minecraft/ServerLevel]: Tried to add entity the_anomaly:anomaly_viewer but it was marked as removed already
[10:04:55] [Server thread/WARN] [minecraft/ServerLevel]: Tried to add entity the_anomaly:anomaly_escape but it was marked as removed already
[10:04:56] [Server thread/WARN] [minecraft/ServerLevel]: Tried to add entity the_anomaly:anomaly_escape but it was marked as removed already
[10:04:56] [Server thread/WARN] [minecraft/ServerLevel]: Tried to add entity the_anomaly:anomaly_viewer but it was marked as removed already
[10:04:58] [Server thread/WARN] [minecraft/ServerLevel]: Tried to add entity the_anomaly:anomaly_trap but it was marked as removed already
[10:04:58] [Server thread/WARN] [minecraft/ServerLevel]: Tried to add entity the_anomaly:anomaly_escape but it was marked as removed already
[10:04:58] [Server thread/WARN] [minecraft/ServerLevel]: Tried to add entity the_anomaly:anomaly_escape but it was marked as removed already
[10:04:58] [Server thread/WARN] [minecraft/ServerLevel]: Tried to add entity the_anomaly:anomaly_viewer but it was marked as removed already
[10:04:58] [Server thread/WARN] [minecraft/ServerLevel]: Tried to add entity the_anomaly:anomaly_trap but it was marked as removed already
[10:04:58] [Server thread/WARN] [minecraft/ServerLevel]: Tried to add entity the_anomaly:anomaly_escape but it was marked as removed already
[10:04:59] [Server thread/WARN] [minecraft/ServerLevel]: Tried to add entity the_anomaly:anomaly_trap but it was marked as removed already
[10:04:59] [Server thread/WARN] [minecraft/ServerLevel]: Tried to add entity the_anomaly:anomaly_escape but it was marked as removed already
[10:04:59] [Server thread/WARN] [minecraft/ServerLevel]: Tried to add entity the_anomaly:anomaly_escape but it was marked as removed already
[10:04:59] [Server thread/WARN] [minecraft/ServerLevel]: Tried to add entity the_anomaly:anomaly_trap but it was marked as removed already
[10:05:00] [Server thread/WARN] [minecraft/ServerLevel]: Tried to add entity the_anomaly:anomaly_trap but it was marked as removed already
[10:05:01] [Server thread/WARN] [minecraft/ServerLevel]: Tried to add entity the_anomaly:anomaly_viewer but it was marked as removed already
[10:05:01] [Server thread/WARN] [minecraft/ServerLevel]: Tried to add entity the_anomaly:anomaly_trap but it was marked as removed already
[10:05:03] [Server thread/WARN] [minecraft/ServerLevel]: Tried to add entity the_anomaly:anomaly_trap but it was marked as removed already
[10:05:04] [Server thread/WARN] [minecraft/ServerLevel]: Tried to add entity the_anomaly:anomaly_viewer but it was marked as removed already
[10:05:04] [Server thread/WARN] [minecraft/ServerLevel]: Tried to add entity the_anomaly:anomaly_escape but it was marked as removed already
[10:05:05] [Server thread/WARN] [minecraft/ServerLevel]: Tried to add entity the_anomaly:anomaly_viewer but it was marked as removed already
[10:05:05] [Server thread/WARN] [minecraft/ServerLevel]: Tried to add entity the_anomaly:anomaly_viewer but it was marked as removed already
[10:05:05] [Server thread/WARN] [minecraft/ServerLevel]: Tried to add entity the_anomaly:anomaly_escape but it was marked as removed already
[10:05:05] [Server thread/WARN] [minecraft/ServerLevel]: Tried to add entity the_anomaly:anomaly_trap but it was marked as removed already
[10:05:05] [Server thread/WARN] [minecraft/ServerLevel]: Tried to add entity the_anomaly:anomaly_trap but it was marked as removed already
[10:05:05] [Server thread/WARN] [minecraft/ServerLevel]: Tried to add entity the_anomaly:anomaly_escape but it was marked as removed already
[10:05:05] [Server thread/WARN] [minecraft/ServerLevel]: Tried to add entity the_anomaly:anomaly_viewer but it was marked as removed already
[10:05:06] [Server thread/WARN] [minecraft/ServerLevel]: Tried to add entity the_anomaly:anomaly_trap but it was marked as removed already
[10:05:06] [Server thread/WARN] [minecraft/ServerLevel]: Tried to add entity the_anomaly:anomaly_viewer but it was marked as removed already
[10:05:06] [Server thread/WARN] [minecraft/ServerLevel]: Tried to add entity the_anomaly:anomaly_trap but it was marked as removed already
[10:05:06] [Server thread/WARN] [minecraft/ServerLevel]: Tried to add entity the_anomaly:anomaly_escape but it was marked as removed already
[10:05:06] [Server thread/WARN] [minecraft/ServerLevel]: Tried to add entity the_anomaly:anomaly_escape but it was marked as removed already
[10:05:06] [Server thread/WARN] [minecraft/ServerLevel]: Tried to add entity the_anomaly:anomaly_trap but it was marked as removed already
[10:05:06] [Server thread/WARN] [minecraft/ServerLevel]: Tried to add entity the_anomaly:anomaly_escape but it was marked as removed already
[10:05:08] [Server thread/WARN] [minecraft/ServerLevel]: Tried to add entity the_anomaly:anomaly_viewer but it was marked as removed already
[10:05:08] [Server thread/WARN] [minecraft/ServerLevel]: Tried to add entity the_anomaly:anomaly_escape but it was marked as removed already
[10:05:08] [Server thread/WARN] [minecraft/ServerLevel]: Tried to add entity the_anomaly:anomaly_trap but it was marked as removed already
[10:05:09] [Server thread/WARN] [minecraft/ServerLevel]: Tried to add entity the_anomaly:anomaly_escape but it was marked as removed already
[10:05:09] [Server thread/WARN] [minecraft/ServerLevel]: Tried to add entity the_anomaly:anomaly_escape but it was marked as removed already
[10:05:09] [Server thread/WARN] [minecraft/ServerLevel]: Tried to add entity the_anomaly:anomaly_escape but it was marked as removed already
[10:05:09] [Server thread/WARN] [minecraft/ServerLevel]: Tried to add entity the_anomaly:anomaly_viewer but it was marked as removed already
[10:05:10] [Server thread/WARN] [minecraft/ServerLevel]: Tried to add entity the_anomaly:anomaly_escape but it was marked as removed already
[10:05:10] [Server thread/WARN] [minecraft/ServerLevel]: Tried to add entity the_anomaly:anomaly_escape but it was marked as removed already
[10:05:10] [Server thread/WARN] [minecraft/ServerLevel]: Tried to add entity the_anomaly:anomaly_viewer but it was marked as removed already
[10:05:11] [Server thread/WARN] [minecraft/ServerLevel]: Tried to add entity the_anomaly:anomaly_escape but it was marked as removed already
[10:05:11] [Server thread/WARN] [minecraft/ServerLevel]: Tried to add entity the_anomaly:anomaly_escape but it was marked as removed already
[10:05:11] [Server thread/WARN] [minecraft/ServerLevel]: Tried to add entity the_anomaly:anomaly_viewer but it was marked as removed already
[10:05:12] [Server thread/WARN] [minecraft/ServerLevel]: Tried to add entity the_anomaly:anomaly_trap but it was marked as removed already
[10:05:12] [Server thread/WARN] [minecraft/ServerLevel]: Tried to add entity the_anomaly:anomaly_escape but it was marked as removed already
[10:05:12] [Server thread/WARN] [minecraft/ServerLevel]: Tried to add entity the_anomaly:anomaly_viewer but it was marked as removed already
[10:05:12] [Server thread/WARN] [minecraft/ServerLevel]: Tried to add entity the_anomaly:anomaly_viewer but it was marked as removed already
[10:05:12] [Server thread/WARN] [minecraft/ServerLevel]: Tried to add entity the_anomaly:anomaly_viewer but it was marked as removed already
[10:05:12] [Server thread/WARN] [minecraft/ServerLevel]: Tried to add entity the_anomaly:anomaly_trap but it was marked as removed already
[10:05:13] [Server thread/WARN] [minecraft/ServerLevel]: Tried to add entity the_anomaly:anomaly_trap but it was marked as removed already
[10:05:13] [Server thread/WARN] [minecraft/ServerLevel]: Tried to add entity the_anomaly:anomaly_escape but it was marked as removed already
[10:05:13] [Server thread/WARN] [minecraft/ServerLevel]: Tried to add entity the_anomaly:anomaly_viewer but it was marked as removed already
[10:05:13] [Server thread/WARN] [minecraft/ServerLevel]: Tried to add entity the_anomaly:anomaly_escape but it was marked as removed already
[10:05:13] [Server thread/WARN] [minecraft/ServerLevel]: Tried to add entity the_anomaly:anomaly_trap but it was marked as removed already
[10:05:13] [Server thread/WARN] [minecraft/ServerLevel]: Tried to add entity the_anomaly:anomaly_trap but it was marked as removed already
[10:05:13] [Server thread/WARN] [minecraft/ServerLevel]: Tried to add entity the_anomaly:anomaly_viewer but it was marked as removed already
[10:05:13] [Server thread/WARN] [minecraft/ServerLevel]: Tried to add entity the_anomaly:anomaly_escape but it was marked as removed already
[10:05:13] [Server thread/WARN] [minecraft/ServerLevel]: Tried to add entity the_anomaly:anomaly_viewer but it was marked as removed already
[10:05:13] [Server thread/WARN] [minecraft/ServerLevel]: Tried to add entity the_anomaly:anomaly_viewer but it was marked as removed already
[10:05:14] [Server thread/WARN] [minecraft/ServerLevel]: Tried to add entity the_anomaly:anomaly_escape but it was marked as removed already
[10:05:14] [Server thread/WARN] [minecraft/ServerLevel]: Tried to add entity the_anomaly:anomaly_viewer but it was marked as removed already
[10:05:14] [Server thread/WARN] [minecraft/ServerLevel]: Tried to add entity the_anomaly:anomaly_escape but it was marked as removed already
[10:05:14] [Server thread/WARN] [minecraft/ServerLevel]: Tried to add entity the_anomaly:anomaly_viewer but it was marked as removed already
[10:05:14] [Server thread/WARN] [minecraft/ServerLevel]: Tried to add entity the_anomaly:anomaly_trap but it was marked as removed already
[10:05:14] [Server thread/WARN] [minecraft/ServerLevel]: Tried to add entity the_anomaly:anomaly_viewer but it was marked as removed already
[10:05:14] [Server thread/WARN] [minecraft/ServerLevel]: Tried to add entity the_anomaly:anomaly_escape but it was marked as removed already
[10:05:14] [Server thread/WARN] [minecraft/ServerLevel]: Tried to add entity the_anomaly:anomaly_viewer but it was marked as removed already
[10:05:14] [Server thread/WARN] [minecraft/ServerLevel]: Tried to add entity the_anomaly:anomaly_trap but it was marked as removed already
[10:05:15] [Server thread/WARN] [minecraft/ServerLevel]: Tried to add entity the_anomaly:anomaly_trap but it was marked as removed already
[10:05:15] [Server thread/WARN] [minecraft/ServerLevel]: Tried to add entity the_anomaly:anomaly_viewer but it was marked as removed already
[10:05:17] [Server thread/WARN] [minecraft/ServerLevel]: Tried to add entity the_anomaly:anomaly_viewer but it was marked as removed already
[10:05:17] [Server thread/WARN] [minecraft/ServerLevel]: Tried to add entity the_anomaly:anomaly_escape but it was marked as removed already
[10:05:17] [Server thread/WARN] [minecraft/ServerLevel]: Tried to add entity the_anomaly:anomaly_viewer but it was marked as removed already
[10:05:18] [Server thread/WARN] [minecraft/ServerLevel]: Tried to add entity the_anomaly:anomaly_trap but it was marked as removed already
[10:05:18] [Server thread/WARN] [minecraft/ServerLevel]: Tried to add entity the_anomaly:anomaly_escape but it was marked as removed already
[10:05:18] [Server thread/WARN] [minecraft/ServerLevel]: Tried to add entity the_anomaly:anomaly_escape but it was marked as removed already
[10:05:18] [Server thread/WARN] [minecraft/ServerLevel]: Tried to add entity the_anomaly:anomaly_viewer but it was marked as removed already
[10:05:19] [Server thread/WARN] [minecraft/ServerLevel]: Tried to add entity the_anomaly:anomaly_escape but it was marked as removed already
[10:05:19] [Server thread/WARN] [minecraft/ServerLevel]: Tried to add entity the_anomaly:anomaly_viewer but it was marked as removed already
[10:05:19] [Server thread/WARN] [minecraft/ServerLevel]: Tried to add entity the_anomaly:anomaly_trap but it was marked as removed already
[10:05:19] [Server thread/WARN] [minecraft/ServerLevel]: Tried to add entity the_anomaly:anomaly_escape but it was marked as removed already
[10:05:20] [Server thread/WARN] [minecraft/ServerLevel]: Tried to add entity the_anomaly:anomaly_trap but it was marked as removed already
[10:05:20] [Server thread/WARN] [minecraft/ServerLevel]: Tried to add entity the_anomaly:anomaly_trap but it was marked as removed already
[10:05:21] [Server thread/WARN] [minecraft/ServerLevel]: Tried to add entity the_anomaly:anomaly_escape but it was marked as removed already
[10:05:21] [Server thread/WARN] [minecraft/ServerLevel]: Tried to add entity the_anomaly:anomaly_escape but it was marked as removed already
[10:05:21] [Server thread/WARN] [minecraft/ServerLevel]: Tried to add entity the_anomaly:anomaly_trap but it was marked as removed already
[10:05:22] [Server thread/WARN] [minecraft/ServerLevel]: Tried to add entity the_anomaly:anomaly_viewer but it was marked as removed already
[10:05:22] [Server thread/WARN] [minecraft/ServerLevel]: Tried to add entity the_anomaly:anomaly_viewer but it was marked as removed already
[10:05:22] [Server thread/WARN] [minecraft/ServerLevel]: Tried to add entity the_anomaly:anomaly_escape but it was marked as removed already
[10:05:23] [Server thread/WARN] [minecraft/ServerLevel]: Tried to add entity the_anomaly:anomaly_viewer but it was marked as removed already
[10:05:23] [Server thread/WARN] [minecraft/ServerLevel]: Tried to add entity the_anomaly:anomaly_escape but it was marked as removed already
[10:05:23] [Server thread/WARN] [minecraft/ServerLevel]: Tried to add entity the_anomaly:anomaly_trap but it was marked as removed already
[10:05:23] [Server thread/WARN] [minecraft/ServerLevel]: Tried to add entity the_anomaly:anomaly_viewer but it was marked as removed already
[10:05:23] [Server thread/WARN] [minecraft/ServerLevel]: Tried to add entity the_anomaly:anomaly_viewer but it was marked as removed already
[10:05:24] [Server thread/WARN] [minecraft/ServerLevel]: Tried to add entity the_anomaly:anomaly_escape but it was marked as removed already
[10:05:24] [Server thread/WARN] [minecraft/ServerLevel]: Tried to add entity the_anomaly:anomaly_escape but it was marked as removed already
[10:05:24] [Server thread/WARN] [minecraft/ServerLevel]: Tried to add entity the_anomaly:anomaly_visitor but it was marked as removed already
[10:05:24] [Server thread/WARN] [minecraft/ServerLevel]: Tried to add entity the_anomaly:anomaly_visitor but it was marked as removed already
[10:05:24] [Server thread/WARN] [minecraft/ServerLevel]: Tried to add entity the_anomaly:anomaly_escape but it was marked as removed already
[10:05:24] [Server thread/WARN] [minecraft/ServerLevel]: Tried to add entity the_anomaly:anomaly_viewer but it was marked as removed already
[10:05:24] [Server thread/WARN] [minecraft/ServerLevel]: Tried to add entity the_anomaly:anomaly_escape but it was marked as removed already
[10:05:24] [Server thread/WARN] [minecraft/ServerLevel]: Tried to add entity the_anomaly:anomaly_trap but it was marked as removed already
[10:05:24] [Server thread/WARN] [minecraft/ServerLevel]: Tried to add entity the_anomaly:anomaly_escape but it was marked as removed already
[10:05:24] [Server thread/WARN] [minecraft/ServerLevel]: Tried to add entity the_anomaly:anomaly_visitor_2 but it was marked as removed already
[10:05:24] [Server thread/WARN] [minecraft/ServerLevel]: Tried to add entity the_anomaly:anomaly_escape but it was marked as removed already
[10:05:24] [Server thread/WARN] [minecraft/ServerLevel]: Tried to add entity the_anomaly:anomaly_visitor_2 but it was marked as removed already
[10:05:24] [Server thread/WARN] [minecraft/ServerLevel]: Tried to add entity the_anomaly:anomaly_escape but it was marked as removed already
[10:05:25] [Server thread/WARN] [minecraft/ServerLevel]: Tried to add entity the_anomaly:anomaly_trap but it was marked as removed already
[10:05:25] [Server thread/WARN] [minecraft/ServerLevel]: Tried to add entity the_anomaly:anomaly_viewer but it was marked as removed already
[10:05:26] [Server thread/WARN] [minecraft/ServerLevel]: Tried to add entity the_anomaly:anomaly_trap but it was marked as removed already
[10:05:26] [Server thread/WARN] [minecraft/ServerLevel]: Tried to add entity the_anomaly:anomaly_viewer but it was marked as removed already
[10:05:26] [Server thread/WARN] [minecraft/ServerLevel]: Tried to add entity the_anomaly:anomaly_viewer but it was marked as removed already
[10:05:26] [Server thread/WARN] [minecraft/ServerLevel]: Tried to add entity the_anomaly:anomaly_trap but it was marked as removed already
[10:05:26] [Server thread/WARN] [minecraft/ServerLevel]: Tried to add entity the_anomaly:anomaly_viewer but it was marked as removed already
[10:05:26] [Server thread/WARN] [minecraft/ServerLevel]: Tried to add entity the_anomaly:anomaly_visitor_2 but it was marked as removed already
[10:05:26] [Server thread/WARN] [minecraft/ServerLevel]: Tried to add entity the_anomaly:anomaly_viewer but it was marked as removed already
[10:05:27] [Server thread/WARN] [minecraft/ServerLevel]: Tried to add entity the_anomaly:anomaly_escape but it was marked as removed already
[10:05:27] [Server thread/WARN] [minecraft/ServerLevel]: Tried to add entity the_anomaly:anomaly_viewer but it was marked as removed already
[10:05:32] [Server thread/WARN] [minecraft/ServerLevel]: Tried to add entity the_anomaly:anomaly_viewer but it was marked as removed already
[10:05:33] [Server thread/WARN] [minecraft/ServerLevel]: Tried to add entity the_anomaly:anomaly_escape but it was marked as removed already
[10:05:35] [Server thread/WARN] [minecraft/ServerLevel]: Tried to add entity the_anomaly:anomaly_escape but it was marked as removed already
[10:05:35] [Server thread/WARN] [minecraft/ServerLevel]: Tried to add entity the_anomaly:anomaly_escape but it was marked as removed already
[10:05:38] [Server thread/WARN] [minecraft/ServerLevel]: Tried to add entity the_anomaly:anomaly_escape but it was marked as removed already
[10:05:38] [Server thread/WARN] [minecraft/ServerLevel]: Tried to add entity the_anomaly:anomaly_viewer but it was marked as removed already
[10:05:38] [Server thread/WARN] [minecraft/ServerLevel]: Tried to add entity the_anomaly:anomaly_viewer but it was marked as removed already
[10:05:38] [Server thread/WARN] [minecraft/ServerLevel]: Tried to add entity the_anomaly:anomaly_trap but it was marked as removed already
[10:05:39] [Server thread/WARN] [minecraft/ServerLevel]: Tried to add entity the_anomaly:anomaly_escape but it was marked as removed already
[10:05:39] [Server thread/WARN] [minecraft/ServerLevel]: Tried to add entity the_anomaly:anomaly_escape but it was marked as removed already
[10:05:39] [Server thread/WARN] [minecraft/ServerLevel]: Tried to add entity the_anomaly:anomaly_viewer but it was marked as removed already
[10:05:39] [Server thread/WARN] [minecraft/ServerLevel]: Tried to add entity the_anomaly:anomaly_visitor but it was marked as removed already
[10:05:41] [Server thread/WARN] [minecraft/ServerLevel]: Tried to add entity the_anomaly:anomaly_escape but it was marked as removed already
[10:05:41] [Server thread/WARN] [minecraft/ServerLevel]: Tried to add entity the_anomaly:anomaly_trap but it was marked as removed already
[10:05:42] [Server thread/WARN] [minecraft/ServerLevel]: Tried to add entity the_anomaly:anomaly_escape but it was marked as removed already
[10:05:42] [Server thread/WARN] [minecraft/ServerLevel]: Tried to add entity the_anomaly:anomaly_trap but it was marked as removed already
[10:05:42] [Server thread/WARN] [minecraft/ServerLevel]: Tried to add entity the_anomaly:anomaly_viewer but it was marked as removed already
[10:05:47] [Server thread/WARN] [minecraft/ServerLevel]: Tried to add entity the_anomaly:anomaly_visitor_2 but it was marked as removed already
[10:05:47] [Server thread/WARN] [minecraft/ServerLevel]: Tried to add entity the_anomaly:anomaly_viewer but it was marked as removed already
[10:05:47] [Server thread/WARN] [minecraft/ServerLevel]: Tried to add entity the_anomaly:anomaly_viewer but it was marked as removed already
[10:05:47] [Server thread/WARN] [minecraft/ServerLevel]: Tried to add entity the_anomaly:anomaly_viewer but it was marked as removed already
[10:05:47] [Server thread/WARN] [minecraft/ServerLevel]: Tried to add entity the_anomaly:anomaly_trap but it was marked as removed already
[10:05:47] [Server thread/WARN] [minecraft/ServerLevel]: Tried to add entity the_anomaly:anomaly_trap but it was marked as removed already
[10:05:48] [Server thread/INFO] [minecraft/ServerGamePacketListenerImpl]: gamerku lost connection: Disconnected
[10:05:48] [Server thread/INFO] [minecraft/MinecraftServer]: gamerku left the game
[10:05:54] [Server thread/WARN] [minecraft/ServerLevel]: Tried to add entity the_anomaly:anomaly_viewer but it was marked as removed already
[10:05:54] [Server thread/WARN] [minecraft/ServerLevel]: Tried to add entity the_anomaly:anomaly_escape but it was marked as removed already
[10:05:55] [Server thread/WARN] [minecraft/ServerLevel]: Tried to add entity the_anomaly:anomaly_trap but it was marked as removed already
[10:05:56] [Server thread/WARN] [minecraft/ServerLevel]: Tried to add entity the_anomaly:anomaly_viewer but it was marked as removed already
[10:05:58] [Server thread/WARN] [minecraft/ServerLevel]: Tried to add entity the_anomaly:anomaly_trap but it was marked as removed already
[10:05:58] [Server thread/WARN] [minecraft/ServerLevel]: Tried to add entity the_anomaly:anomaly_viewer but it was marked as removed already
[10:05:58] [Server thread/WARN] [minecraft/ServerLevel]: Tried to add entity the_anomaly:anomaly_trap but it was marked as removed already
[10:05:58] [Server thread/WARN] [minecraft/ServerLevel]: Tried to add entity the_anomaly:anomaly_trap but it was marked as removed already
[10:05:58] [Server thread/WARN] [minecraft/ServerLevel]: Tried to add entity the_anomaly:anomaly_viewer but it was marked as removed already
[10:05:58] [Server thread/WARN] [minecraft/ServerLevel]: Tried to add entity the_anomaly:anomaly_viewer but it was marked as removed already
[10:05:58] [Server thread/WARN] [minecraft/ServerLevel]: Tried to add entity the_anomaly:anomaly_viewer but it was marked as removed already
[10:05:58] [Server thread/WARN] [minecraft/ServerLevel]: Tried to add entity the_anomaly:anomaly_trap but it was marked as removed already
[10:06:00] [Server thread/INFO] [ne.mi.co.AdvancementLoadFix/]: Using new advancement loading for net.minecraft.server.PlayerAdvancements@1aef9725
[10:06:00] [Server thread/INFO] [minecraft/PlayerList]: gamerku[/127.163.95.26:54391] logged in with entity id 6900 at (-18.8978180327144, 67.0, -78.5909719534608)
[10:06:00] [Server thread/INFO] [minecraft/MinecraftServer]: gamerku joined the game
[10:06:00] [Server thread/INFO] [minecraft/MinecraftServer]: Behave yourself
[10:06:00] [Server thread/WARN] [minecraft/ServerLevel]: Tried to add entity the_anomaly:anomaly_viewer but it was marked as removed already
[10:06:00] [Server thread/WARN] [minecraft/ServerLevel]: Tried to add entity the_anomaly:anomaly_trap but it was marked as removed already
[10:06:00] [Server thread/WARN] [minecraft/ServerLevel]: Tried to add entity the_anomaly:anomaly_escape but it was marked as removed already
[10:06:00] [Server thread/WARN] [minecraft/ServerLevel]: Tried to add entity the_anomaly:anomaly_trap but it was marked as removed already
[10:06:00] [Server thread/WARN] [minecraft/ServerLevel]: Tried to add entity the_anomaly:anomaly_viewer but it was marked as removed already
[10:06:00] [Server thread/WARN] [minecraft/ServerLevel]: Tried to add entity the_anomaly:anomaly_trap but it was marked as removed already
[10:06:00] [Server thread/WARN] [minecraft/ServerLevel]: Tried to add entity the_anomaly:anomaly_escape but it was marked as removed already
[10:06:01] [Server thread/WARN] [minecraft/ServerLevel]: Tried to add entity the_anomaly:anomaly_viewer but it was marked as removed already
[10:06:01] [Server thread/WARN] [minecraft/ServerLevel]: Tried to add entity the_anomaly:anomaly_escape but it was marked as removed already
[10:06:01] [Server thread/WARN] [minecraft/ServerLevel]: Tried to add entity the_anomaly:anomaly_visitor_2 but it was marked as removed already
[10:06:01] [Server thread/WARN] [minecraft/ServerLevel]: Tried to add entity the_anomaly:anomaly_escape but it was marked as removed already
[10:06:01] [Server thread/WARN] [minecraft/ServerLevel]: Tried to add entity the_anomaly:anomaly_trap but it was marked as removed already
[10:06:01] [Server thread/WARN] [minecraft/ServerLevel]: Tried to add entity the_anomaly:anomaly_trap but it was marked as removed already
[10:06:01] [Server thread/WARN] [minecraft/ServerLevel]: Tried to add entity the_anomaly:anomaly_trap but it was marked as removed already
[10:06:01] [Server thread/WARN] [minecraft/ServerLevel]: Tried to add entity the_anomaly:anomaly_viewer but it was marked as removed already
[10:06:01] [Server thread/WARN] [minecraft/ServerLevel]: Tried to add entity the_anomaly:anomaly_viewer but it was marked as removed already
[10:06:01] [Server thread/WARN] [minecraft/ServerLevel]: Tried to add entity the_anomaly:anomaly_escape but it was marked as removed already
[10:06:02] [Server thread/WARN] [minecraft/ServerLevel]: Tried to add entity the_anomaly:anomaly_trap but it was marked as removed already
[10:06:02] [Server thread/WARN] [minecraft/ServerLevel]: Tried to add entity the_anomaly:anomaly_viewer but it was marked as removed already
[10:06:02] [Server thread/WARN] [minecraft/ServerLevel]: Tried to add entity the_anomaly:anomaly_viewer but it was marked as removed already
[10:06:02] [Server thread/WARN] [minecraft/ServerLevel]: Tried to add entity the_anomaly:anomaly_escape but it was marked as removed already
[10:06:02] [Server thread/WARN] [minecraft/ServerLevel]: Tried to add entity the_anomaly:anomaly_viewer but it was marked as removed already
[10:06:02] [Server thread/WARN] [minecraft/ServerLevel]: Tried to add entity the_anomaly:anomaly_viewer but it was marked as removed already
[10:06:03] [Server thread/WARN] [minecraft/ServerLevel]: Tried to add entity the_anomaly:anomaly_trap but it was marked as removed already
[10:06:03] [Server thread/WARN] [minecraft/ServerLevel]: Tried to add entity the_anomaly:anomaly_escape but it was marked as removed already
[10:06:03] [Server thread/WARN] [minecraft/ServerLevel]: Tried to add entity the_anomaly:anomaly_trap but it was marked as removed already
[10:06:03] [Server thread/WARN] [minecraft/ServerLevel]: Tried to add entity the_anomaly:anomaly_trap but it was marked as removed already
[10:06:05] [Server thread/WARN] [minecraft/ServerLevel]: Tried to add entity the_anomaly:anomaly_escape but it was marked as removed already
[10:06:05] [Server thread/WARN] [minecraft/ServerLevel]: Tried to add entity the_anomaly:anomaly_escape but it was marked as removed already
[10:06:05] [Server thread/WARN] [minecraft/ServerLevel]: Tried to add entity the_anomaly:anomaly_escape but it was marked as removed already
[10:06:07] [Server thread/WARN] [minecraft/ServerLevel]: Tried to add entity the_anomaly:anomaly_escape but it was marked as removed already
[10:06:09] [Server thread/WARN] [minecraft/ServerLevel]: Tried to add entity the_anomaly:anomaly_trap but it was marked as removed already
[10:06:09] [Server thread/WARN] [minecraft/ServerLevel]: Tried to add entity the_anomaly:anomaly_escape but it was marked as removed already
[10:06:10] [Server thread/WARN] [minecraft/ServerLevel]: Tried to add entity the_anomaly:anomaly_visitor but it was marked as removed already
[10:06:10] [Server thread/WARN] [minecraft/ServerLevel]: Tried to add entity the_anomaly:anomaly_escape but it was marked as removed already
[10:06:10] [Server thread/WARN] [minecraft/ServerLevel]: Tried to add entity the_anomaly:anomaly_trap but it was marked as removed already
[10:06:12] [Server thread/WARN] [minecraft/ServerLevel]: Tried to add entity the_anomaly:anomaly_escape but it was marked as removed already
[10:06:13] [Server thread/WARN] [minecraft/ServerLevel]: Tried to add entity the_anomaly:anomaly_viewer but it was marked as removed already
[10:06:13] [Server thread/WARN] [minecraft/ServerLevel]: Tried to add entity the_anomaly:anomaly_trap but it was marked as removed already
[10:06:13] [Server thread/WARN] [minecraft/ServerLevel]: Tried to add entity the_anomaly:anomaly_viewer but it was marked as removed already
[10:06:13] [Server thread/WARN] [minecraft/ServerLevel]: Tried to add entity the_anomaly:anomaly_escape but it was marked as removed already
[10:06:14] [Server thread/WARN] [minecraft/ServerLevel]: Tried to add entity the_anomaly:anomaly_viewer but it was marked as removed already
[10:06:14] [Server thread/WARN] [minecraft/ServerLevel]: Tried to add entity the_anomaly:anomaly_viewer but it was marked as removed already
[10:06:18] [Server thread/WARN] [minecraft/ServerLevel]: Tried to add entity the_anomaly:anomaly_viewer but it was marked as removed already
[10:06:19] [Server thread/WARN] [minecraft/ServerLevel]: Tried to add entity the_anomaly:anomaly_trap but it was marked as removed already
[10:06:19] [Server thread/WARN] [minecraft/ServerLevel]: Tried to add entity the_anomaly:anomaly_escape but it was marked as removed already
[10:06:19] [Server thread/WARN] [minecraft/ServerLevel]: Tried to add entity the_anomaly:anomaly_viewer but it was marked as removed already
[10:06:19] [Server thread/WARN] [minecraft/ServerLevel]: Tried to add entity the_anomaly:anomaly_trap but it was marked as removed already
[10:06:19] [Server thread/WARN] [minecraft/ServerLevel]: Tried to add entity the_anomaly:anomaly_escape but it was marked as removed already
[10:06:20] [Server thread/WARN] [minecraft/ServerLevel]: Tried to add entity the_anomaly:anomaly_viewer but it was marked as removed already
[10:06:21] [Server thread/INFO] [minecraft/MinecraftServer]: [gamerku: Teleported Achbar to gamerku]
[10:06:21] [Server thread/WARN] [minecraft/ServerLevel]: Tried to add entity the_anomaly:anomaly_escape but it was marked as removed already
[10:06:21] [Server thread/WARN] [minecraft/ServerLevel]: Tried to add entity the_anomaly:anomaly_escape but it was marked as removed already
[10:06:21] [Server thread/WARN] [minecraft/ServerLevel]: Tried to add entity the_anomaly:anomaly_trap but it was marked as removed already
[10:06:21] [Server thread/WARN] [minecraft/ServerLevel]: Tried to add entity the_anomaly:anomaly_viewer but it was marked as removed already
[10:06:25] [Server thread/WARN] [minecraft/ServerLevel]: Tried to add entity the_anomaly:anomaly_escape but it was marked as removed already
[10:06:25] [Server thread/WARN] [minecraft/ServerLevel]: Tried to add entity the_anomaly:anomaly_trap but it was marked as removed already
[10:06:25] [Server thread/WARN] [minecraft/ServerLevel]: Tried to add entity the_anomaly:anomaly_trap but it was marked as removed already
[10:06:25] [Server thread/WARN] [minecraft/ServerLevel]: Tried to add entity the_anomaly:anomaly_escape but it was marked as removed already
[10:06:25] [Server thread/WARN] [minecraft/ServerLevel]: Tried to add entity the_anomaly:anomaly_trap but it was marked as removed already
[10:06:29] [Server thread/WARN] [minecraft/ServerLevel]: Tried to add entity the_anomaly:anomaly_escape but it was marked as removed already
[10:06:29] [Server thread/WARN] [minecraft/ServerLevel]: Tried to add entity the_anomaly:anomaly_escape but it was marked as removed already
[10:06:29] [Server thread/WARN] [minecraft/ServerLevel]: Tried to add entity the_anomaly:anomaly_trap but it was marked as removed already
[10:06:30] [Server thread/WARN] [minecraft/ServerLevel]: Tried to add entity the_anomaly:anomaly_escape but it was marked as removed already
[10:06:31] [Server thread/WARN] [minecraft/ServerLevel]: Tried to add entity the_anomaly:anomaly_escape but it was marked as removed already
[10:06:31] [Server thread/WARN] [minecraft/ServerLevel]: Tried to add entity the_anomaly:anomaly_viewer but it was marked as removed already
[10:06:31] [Server thread/WARN] [minecraft/ServerLevel]: Tried to add entity the_anomaly:anomaly_escape but it was marked as removed already
[10:06:31] [Server thread/WARN] [minecraft/ServerLevel]: Tried to add entity the_anomaly:anomaly_escape but it was marked as removed already
[10:06:32] [Server thread/WARN] [minecraft/ServerLevel]: Tried to add entity the_anomaly:anomaly_escape but it was marked as removed already
[10:06:32] [Server thread/WARN] [minecraft/ServerLevel]: Tried to add entity the_anomaly:anomaly_viewer but it was marked as removed already
[10:06:32] [Server thread/WARN] [minecraft/ServerLevel]: Tried to add entity the_anomaly:anomaly_viewer but it was marked as removed already
[10:06:32] [Server thread/WARN] [minecraft/ServerLevel]: Tried to add entity the_anomaly:anomaly_trap but it was marked as removed already
[10:06:32] [Server thread/WARN] [minecraft/ServerLevel]: Tried to add entity the_anomaly:anomaly_viewer but it was marked as removed already
[10:06:32] [Server thread/WARN] [minecraft/ServerLevel]: Tried to add entity the_anomaly:anomaly_trap but it was marked as removed already
[10:06:34] [Server thread/WARN] [minecraft/ServerLevel]: Tried to add entity the_anomaly:anomaly_trap but it was marked as removed already
[10:06:35] [Server thread/WARN] [minecraft/ServerLevel]: Tried to add entity the_anomaly:anomaly_viewer but it was marked as removed already
[10:06:35] [Server thread/WARN] [minecraft/ServerLevel]: Tried to add entity the_anomaly:anomaly_trap but it was marked as removed already
[10:06:35] [Server thread/WARN] [minecraft/ServerLevel]: Tried to add entity the_anomaly:anomaly_trap but it was marked as removed already
[10:06:35] [Server thread/WARN] [minecraft/ServerLevel]: Tried to add entity the_anomaly:anomaly_viewer but it was marked as removed already
[10:06:35] [Server thread/WARN] [minecraft/ServerLevel]: Tried to add entity the_anomaly:anomaly_viewer but it was marked as removed already
[10:06:36] [Server thread/WARN] [minecraft/ServerLevel]: Tried to add entity the_anomaly:anomaly_escape but it was marked as removed already
[10:06:36] [Server thread/WARN] [minecraft/ServerLevel]: Tried to add entity the_anomaly:anomaly_escape but it was marked as removed already
[10:06:36] [Server thread/WARN] [minecraft/ServerLevel]: Tried to add entity the_anomaly:anomaly_escape but it was marked as removed already
[10:06:36] [Server thread/WARN] [minecraft/ServerLevel]: Tried to add entity the_anomaly:anomaly_viewer but it was marked as removed already
[10:06:36] [Server thread/WARN] [minecraft/ServerLevel]: Tried to add entity the_anomaly:anomaly_escape but it was marked as removed already
[10:06:36] [Server thread/WARN] [minecraft/ServerLevel]: Tried to add entity the_anomaly:anomaly_trap but it was marked as removed already
[10:06:36] [Server thread/WARN] [minecraft/ServerLevel]: Tried to add entity the_anomaly:anomaly_viewer but it was marked as removed already
[10:06:37] [Server thread/WARN] [minecraft/ServerLevel]: Tried to add entity the_anomaly:anomaly_visitor_2 but it was marked as removed already
[10:06:38] [Server thread/WARN] [minecraft/ServerLevel]: Tried to add entity the_anomaly:anomaly_escape but it was marked as removed already
[10:06:38] [Server thread/WARN] [minecraft/ServerLevel]: Tried to add entity the_anomaly:anomaly_trap but it was marked as removed already
[10:06:38] [Server thread/WARN] [minecraft/ServerLevel]: Tried to add entity the_anomaly:anomaly_trap but it was marked as removed already
[10:06:39] [Server thread/WARN] [minecraft/ServerLevel]: Tried to add entity the_anomaly:anomaly_escape but it was marked as removed already
[10:06:39] [Server thread/WARN] [minecraft/ServerLevel]: Tried to add entity the_anomaly:anomaly_escape but it was marked as removed already
[10:06:44] [Server thread/WARN] [minecraft/ServerLevel]: Tried to add entity the_anomaly:anomaly_visitor but it was marked as removed already
[10:06:44] [Server thread/WARN] [minecraft/ServerLevel]: Tried to add entity the_anomaly:anomaly_viewer but it was marked as removed already
[10:06:44] [Server thread/WARN] [minecraft/ServerLevel]: Tried to add entity the_anomaly:anomaly_trap but it was marked as removed already
[10:06:45] [Server thread/WARN] [minecraft/ServerLevel]: Tried to add entity the_anomaly:anomaly_trap but it was marked as removed already
[10:06:45] [Server thread/WARN] [minecraft/ServerLevel]: Tried to add entity the_anomaly:anomaly_visitor_2 but it was marked as removed already
[10:06:45] [Server thread/WARN] [minecraft/ServerLevel]: Tried to add entity the_anomaly:anomaly_visitor_2 but it was marked as removed already
[10:06:45] [Server thread/WARN] [minecraft/ServerLevel]: Tried to add entity the_anomaly:anomaly_trap but it was marked as removed already
[10:06:45] [Server thread/WARN] [minecraft/ServerLevel]: Tried to add entity the_anomaly:anomaly_visitor_2 but it was marked as removed already
[10:06:45] [Server thread/WARN] [minecraft/ServerLevel]: Tried to add entity the_anomaly:anomaly_escape but it was marked as removed already
[10:06:47] [Server thread/WARN] [minecraft/ServerLevel]: Tried to add entity the_anomaly:anomaly_viewer but it was marked as removed already
[10:06:48] [Server thread/WARN] [minecraft/ServerLevel]: Tried to add entity the_anomaly:anomaly_escape but it was marked as removed already
[10:06:48] [Server thread/WARN] [minecraft/ServerLevel]: Tried to add entity the_anomaly:anomaly_escape but it was marked as removed already
[10:06:48] [Server thread/WARN] [minecraft/ServerLevel]: Tried to add entity the_anomaly:anomaly_escape but it was marked as removed already
[10:06:49] [Server thread/WARN] [minecraft/ServerLevel]: Tried to add entity the_anomaly:anomaly_viewer but it was marked as removed already
[10:06:52] [Server thread/WARN] [minecraft/ServerLevel]: Tried to add entity the_anomaly:anomaly_escape but it was marked as removed already
[10:06:56] [Server thread/WARN] [minecraft/ServerLevel]: Tried to add entity the_anomaly:anomaly_viewer but it was marked as removed already
[10:06:57] [Server thread/WARN] [minecraft/ServerLevel]: Tried to add entity the_anomaly:anomaly_trap but it was marked as removed already
[10:06:57] [Server thread/WARN] [minecraft/ServerLevel]: Tried to add entity the_anomaly:anomaly_escape but it was marked as removed already
[10:06:57] [Server thread/WARN] [minecraft/ServerLevel]: Tried to add entity the_anomaly:anomaly_trap but it was marked as removed already
[10:06:57] [Server thread/WARN] [minecraft/ServerLevel]: Tried to add entity the_anomaly:anomaly_viewer but it was marked as removed already
[10:06:57] [Server thread/WARN] [minecraft/ServerLevel]: Tried to add entity the_anomaly:anomaly_trap but it was marked as removed already
[10:06:57] [Server thread/WARN] [minecraft/ServerLevel]: Tried to add entity the_anomaly:anomaly_escape but it was marked as removed already
[10:06:57] [Server thread/WARN] [minecraft/ServerLevel]: Tried to add entity the_anomaly:anomaly_trap but it was marked as removed already
[10:06:57] [Server thread/WARN] [minecraft/ServerLevel]: Tried to add entity the_anomaly:anomaly_escape but it was marked as removed already
[10:06:58] [Server thread/WARN] [minecraft/ServerLevel]: Tried to add entity the_anomaly:anomaly_trap but it was marked as removed already
[10:06:59] [Server thread/WARN] [minecraft/ServerLevel]: Tried to add entity the_anomaly:anomaly_trap but it was marked as removed already
[10:06:59] [Server thread/WARN] [minecraft/ServerLevel]: Tried to add entity the_anomaly:anomaly_trap but it was marked as removed already
[10:06:59] [Server thread/WARN] [minecraft/ServerLevel]: Tried to add entity the_anomaly:anomaly_viewer but it was marked as removed already
[10:06:59] [Server thread/WARN] [minecraft/ServerLevel]: Tried to add entity the_anomaly:anomaly_viewer but it was marked as removed already
[10:06:59] [Server thread/WARN] [minecraft/ServerLevel]: Tried to add entity the_anomaly:anomaly_trap but it was marked as removed already
[10:06:59] [Server thread/WARN] [minecraft/ServerLevel]: Tried to add entity the_anomaly:anomaly_escape but it was marked as removed already
[10:06:59] [Server thread/WARN] [minecraft/ServerLevel]: Tried to add entity the_anomaly:anomaly_escape but it was marked as removed already
[10:07:00] [Server thread/WARN] [minecraft/ServerLevel]: Tried to add entity the_anomaly:anomaly_escape but it was marked as removed already
[10:07:00] [Server thread/WARN] [minecraft/ServerLevel]: Tried to add entity the_anomaly:anomaly_trap but it was marked as removed already
[10:07:01] [Server thread/WARN] [minecraft/ServerPlayerGameMode]: Mismatch in destroy block pos: BlockPos{x=-259, y=56, z=42} BlockPos{x=-259, y=55, z=42}
[10:07:01] [Server thread/WARN] [minecraft/ServerLevel]: Tried to add entity the_anomaly:anomaly_trap but it was marked as removed already
[10:07:01] [Server thread/WARN] [minecraft/ServerLevel]: Tried to add entity the_anomaly:anomaly_trap but it was marked as removed already
[10:07:01] [Server thread/WARN] [minecraft/ServerLevel]: Tried to add entity the_anomaly:anomaly_escape but it was marked as removed already
[10:07:04] [Server thread/WARN] [minecraft/ServerLevel]: Tried to add entity the_anomaly:anomaly_viewer but it was marked as removed already
[10:07:04] [Server thread/WARN] [minecraft/ServerLevel]: Tried to add entity the_anomaly:anomaly_visitor_2 but it was marked as removed already
[10:07:05] [Server thread/WARN] [minecraft/ServerLevel]: Tried to add entity the_anomaly:anomaly_trap but it was marked as removed already
[10:07:05] [Server thread/WARN] [minecraft/ServerLevel]: Tried to add entity the_anomaly:anomaly_escape but it was marked as removed already
[10:07:06] [Server thread/WARN] [minecraft/ServerLevel]: Tried to add entity the_anomaly:anomaly_viewer but it was marked as removed already
[10:07:06] [Server thread/WARN] [minecraft/ServerLevel]: Tried to add entity the_anomaly:anomaly_escape but it was marked as removed already
[10:07:06] [Server thread/WARN] [minecraft/ServerLevel]: Tried to add entity the_anomaly:anomaly_viewer but it was marked as removed already
[10:07:06] [Server thread/WARN] [minecraft/ServerLevel]: Tried to add entity the_anomaly:anomaly_viewer but it was marked as removed already
[10:07:06] [Server thread/WARN] [minecraft/ServerLevel]: Tried to add entity the_anomaly:anomaly_viewer but it was marked as removed already
[10:07:06] [Server thread/WARN] [minecraft/ServerLevel]: Tried to add entity the_anomaly:anomaly_viewer but it was marked as removed already
[10:07:08] [Server thread/WARN] [minecraft/ServerLevel]: Tried to add entity the_anomaly:anomaly_trap but it was marked as removed already
[10:07:08] [Server thread/WARN] [minecraft/ServerLevel]: Tried to add entity the_anomaly:anomaly_viewer but it was marked as removed already
[10:07:08] [Server thread/WARN] [minecraft/ServerLevel]: Tried to add entity the_anomaly:anomaly_escape but it was marked as removed already
[10:07:09] [Server thread/WARN] [minecraft/ServerLevel]: Tried to add entity the_anomaly:anomaly_escape but it was marked as removed already
[10:07:09] [Server thread/WARN] [minecraft/ServerLevel]: Tried to add entity the_anomaly:anomaly_escape but it was marked as removed already
[10:07:12] [Server thread/WARN] [minecraft/ServerLevel]: Tried to add entity the_anomaly:anomaly_trap but it was marked as removed already
[10:07:13] [Server thread/WARN] [minecraft/ServerLevel]: Tried to add entity the_anomaly:anomaly_escape but it was marked as removed already
[10:07:13] [Server thread/WARN] [minecraft/ServerLevel]: Tried to add entity the_anomaly:anomaly_trap but it was marked as removed already
[10:07:13] [Server thread/WARN] [minecraft/ServerLevel]: Tried to add entity the_anomaly:anomaly_viewer but it was marked as removed already
[10:07:13] [Server thread/WARN] [minecraft/ServerLevel]: Tried to add entity the_anomaly:anomaly_escape but it was marked as removed already
[10:07:14] [Server thread/WARN] [minecraft/ServerLevel]: Tried to add entity the_anomaly:anomaly_trap but it was marked as removed already
[10:07:14] [Server thread/WARN] [minecraft/ServerLevel]: Tried to add entity the_anomaly:anomaly_escape but it was marked as removed already
[10:07:17] [Server thread/WARN] [minecraft/ServerLevel]: Tried to add entity the_anomaly:anomaly_escape but it was marked as removed already
[10:07:21] [Server thread/WARN] [minecraft/ServerLevel]: Tried to add entity the_anomaly:anomaly_escape but it was marked as removed already
[10:07:21] [Server thread/WARN] [minecraft/ServerLevel]: Tried to add entity the_anomaly:anomaly_visitor_2 but it was marked as removed already
[10:07:22] [Server thread/INFO] [minecraft/MinecraftServer]: gamerku was slain by Achbar
[10:07:27] [Server thread/WARN] [minecraft/ServerLevel]: Tried to add entity the_anomaly:anomaly_escape but it was marked as removed already
[10:07:27] [Server thread/WARN] [minecraft/ServerLevel]: Tried to add entity the_anomaly:anomaly_viewer but it was marked as removed already
[10:07:27] [Server thread/WARN] [minecraft/ServerLevel]: Tried to add entity the_anomaly:anomaly_escape but it was marked as removed already
[10:07:27] [Server thread/WARN] [minecraft/ServerLevel]: Tried to add entity the_anomaly:anomaly_viewer but it was marked as removed already
[10:07:29] [Server thread/WARN] [minecraft/ServerLevel]: Tried to add entity the_anomaly:anomaly_trap but it was marked as removed already
[10:07:29] [Server thread/WARN] [minecraft/ServerLevel]: Tried to add entity the_anomaly:anomaly_trap but it was marked as removed already
[10:07:29] [Server thread/WARN] [minecraft/ServerLevel]: Tried to add entity the_anomaly:anomaly_trap but it was marked as removed already
[10:07:38] [Server thread/WARN] [minecraft/ServerLevel]: Tried to add entity the_anomaly:anomaly_trap but it was marked as removed already
[10:07:38] [Server thread/WARN] [minecraft/ServerLevel]: Tried to add entity the_anomaly:anomaly_visitor_2 but it was marked as removed already
[10:07:38] [Server thread/WARN] [minecraft/ServerLevel]: Tried to add entity the_anomaly:anomaly_viewer but it was marked as removed already
[10:07:39] [Server thread/WARN] [minecraft/ServerLevel]: Tried to add entity the_anomaly:anomaly_escape but it was marked as removed already
[10:07:39] [Server thread/WARN] [minecraft/ServerLevel]: Tried to add entity the_anomaly:anomaly_escape but it was marked as removed already
[10:07:39] [Server thread/WARN] [minecraft/ServerLevel]: Tried to add entity the_anomaly:anomaly_trap but it was marked as removed already
[10:07:40] [Server thread/WARN] [minecraft/ServerLevel]: Tried to add entity the_anomaly:anomaly_escape but it was marked as removed already
[10:07:40] [Server thread/WARN] [minecraft/ServerLevel]: Tried to add entity the_anomaly:anomaly_trap but it was marked as removed already
[10:07:40] [Server thread/WARN] [minecraft/ServerLevel]: Tried to add entity the_anomaly:anomaly_viewer but it was marked as removed already
[10:07:40] [Server thread/WARN] [minecraft/ServerLevel]: Tried to add entity the_anomaly:anomaly_trap but it was marked as removed already
[10:07:40] [Server thread/WARN] [minecraft/ServerLevel]: Tried to add entity the_anomaly:anomaly_escape but it was marked as removed already
[10:07:40] [Server thread/WARN] [minecraft/ServerLevel]: Tried to add entity the_anomaly:anomaly_viewer but it was marked as removed already
[10:07:40] [Server thread/WARN] [minecraft/ServerLevel]: Tried to add entity the_anomaly:anomaly_viewer but it was marked as removed already
[10:07:40] [Server thread/WARN] [minecraft/ServerLevel]: Tried to add entity the_anomaly:anomaly_trap but it was marked as removed already
[10:07:40] [Server thread/WARN] [minecraft/ServerLevel]: Tried to add entity the_anomaly:anomaly_trap but it was marked as removed already
[10:07:40] [Server thread/WARN] [minecraft/ServerLevel]: Tried to add entity the_anomaly:anomaly_escape but it was marked as removed already
[10:07:40] [Server thread/WARN] [minecraft/ServerLevel]: Tried to add entity the_anomaly:anomaly_viewer but it was marked as removed already
[10:07:40] [Server thread/WARN] [minecraft/ServerLevel]: Tried to add entity the_anomaly:anomaly_escape but it was marked as removed already
[10:07:40] [Server thread/WARN] [minecraft/ServerLevel]: Tried to add entity the_anomaly:anomaly_viewer but it was marked as removed already
[10:07:41] [Server thread/WARN] [minecraft/ServerLevel]: Tried to add entity the_anomaly:anomaly_viewer but it was marked as removed already
[10:07:42] [Server thread/WARN] [minecraft/ServerLevel]: Tried to add entity the_anomaly:anomaly_trap but it was marked as removed already
[10:07:42] [Server thread/WARN] [minecraft/ServerLevel]: Tried to add entity the_anomaly:anomaly_trap but it was marked as removed already
[10:07:44] [Server thread/WARN] [minecraft/ServerLevel]: Tried to add entity the_anomaly:anomaly_trap but it was marked as removed already
[10:07:48] [Server thread/WARN] [minecraft/ServerLevel]: Tried to add entity the_anomaly:anomaly_trap but it was marked as removed already
[10:07:48] [Server thread/WARN] [minecraft/ServerLevel]: Tried to add entity the_anomaly:anomaly_trap but it was marked as removed already
[10:07:49] [Server thread/WARN] [minecraft/ServerLevel]: Tried to add entity the_anomaly:anomaly_viewer but it was marked as removed already
[10:07:49] [Server thread/WARN] [minecraft/ServerLevel]: Tried to add entity the_anomaly:anomaly_viewer but it was marked as removed already
[10:07:50] [Server thread/WARN] [minecraft/ServerLevel]: Tried to add entity the_anomaly:anomaly_trap but it was marked as removed already
[10:07:50] [Server thread/WARN] [minecraft/ServerLevel]: Tried to add entity the_anomaly:anomaly_trap but it was marked as removed already
[10:07:50] [Server thread/INFO] [minecraft/MinecraftServer]: [gamerku: Teleported gamerku to Achbar]
[10:07:51] [Server thread/WARN] [minecraft/ServerLevel]: Tried to add entity the_anomaly:anomaly_trap but it was marked as removed already
[10:07:53] [Server thread/WARN] [minecraft/ServerLevel]: Tried to add entity the_anomaly:anomaly_viewer but it was marked as removed already
[10:07:53] [Server thread/WARN] [minecraft/ServerLevel]: Tried to add entity the_anomaly:anomaly_viewer but it was marked as removed already
[10:07:54] [Server thread/WARN] [minecraft/ServerLevel]: Tried to add entity the_anomaly:anomaly_viewer but it was marked as removed already
[10:07:56] [Server thread/WARN] [minecraft/ServerLevel]: Tried to add entity the_anomaly:anomaly_visitor_2 but it was marked as removed already
[10:07:56] [Server thread/WARN] [minecraft/ServerLevel]: Tried to add entity the_anomaly:anomaly_viewer but it was marked as removed already
[10:07:56] [Server thread/WARN] [minecraft/ServerLevel]: Tried to add entity the_anomaly:anomaly_viewer but it was marked as removed already
[10:07:56] [Server thread/WARN] [minecraft/ServerLevel]: Tried to add entity the_anomaly:anomaly_trap but it was marked as removed already
[10:07:56] [Server thread/WARN] [minecraft/ServerLevel]: Tried to add entity the_anomaly:anomaly_trap but it was marked as removed already
[10:07:57] [Server thread/WARN] [minecraft/ServerLevel]: Tried to add entity the_anomaly:anomaly_trap but it was marked as removed already
[10:08:00] [Server thread/WARN] [minecraft/ServerLevel]: Tried to add entity the_anomaly:anomaly_visitor but it was marked as removed already
[10:08:00] [Server thread/WARN] [minecraft/ServerLevel]: Tried to add entity the_anomaly:anomaly_trap but it was marked as removed already
[10:08:00] [Server thread/WARN] [minecraft/ServerLevel]: Tried to add entity the_anomaly:anomaly_trap but it was marked as removed already
[10:08:01] [Server thread/WARN] [minecraft/ServerLevel]: Tried to add entity the_anomaly:anomaly_viewer but it was marked as removed already
[10:08:01] [Server thread/WARN] [minecraft/ServerLevel]: Tried to add entity the_anomaly:anomaly_trap but it was marked as removed already
[10:08:01] [Server thread/WARN] [minecraft/ServerLevel]: Tried to add entity the_anomaly:anomaly_visitor_2 but it was marked as removed already
[10:08:01] [Server thread/WARN] [minecraft/ServerLevel]: Tried to add entity the_anomaly:anomaly_viewer but it was marked as removed already
[10:08:01] [Server thread/WARN] [minecraft/ServerLevel]: Tried to add entity the_anomaly:anomaly_viewer but it was marked as removed already
[10:08:01] [Server thread/WARN] [minecraft/ServerLevel]: Tried to add entity the_anomaly:anomaly_trap but it was marked as removed already
[10:08:01] [Server thread/WARN] [minecraft/ServerLevel]: Tried to add entity the_anomaly:anomaly_trap but it was marked as removed already
[10:08:02] [Server thread/WARN] [minecraft/ServerLevel]: Tried to add entity the_anomaly:anomaly_trap but it was marked as removed already
[10:08:02] [Server thread/WARN] [minecraft/ServerLevel]: Tried to add entity the_anomaly:anomaly_viewer but it was marked as removed already
[10:08:03] [Server thread/WARN] [minecraft/ServerLevel]: Tried to add entity the_anomaly:anomaly_viewer but it was marked as removed already
[10:08:04] [Server thread/WARN] [minecraft/ServerLevel]: Tried to add entity the_anomaly:anomaly_trap but it was marked as removed already
[10:08:06] [Server thread/WARN] [minecraft/ServerLevel]: Tried to add entity the_anomaly:anomaly_viewer but it was marked as removed already
[10:08:06] [Server thread/WARN] [minecraft/ServerLevel]: Tried to add entity the_anomaly:anomaly_viewer but it was marked as removed already
[10:08:06] [Server thread/WARN] [minecraft/ServerLevel]: Tried to add entity the_anomaly:anomaly_viewer but it was marked as removed already
[10:08:06] [Server thread/WARN] [minecraft/ServerLevel]: Tried to add entity the_anomaly:anomaly_trap but it was marked as removed already
[10:08:07] [Server thread/WARN] [minecraft/ServerLevel]: Tried to add entity the_anomaly:anomaly_viewer but it was marked as removed already
[10:08:07] [Server thread/WARN] [minecraft/ServerLevel]: Tried to add entity the_anomaly:anomaly_trap but it was marked as removed already
[10:08:07] [Server thread/WARN] [minecraft/ServerLevel]: Tried to add entity the_anomaly:anomaly_trap but it was marked as removed already
[10:08:08] [Server thread/WARN] [minecraft/ServerLevel]: Tried to add entity the_anomaly:anomaly_trap but it was marked as removed already
[10:08:11] [Server thread/WARN] [minecraft/ServerLevel]: Tried to add entity the_anomaly:anomaly_trap but it was marked as removed already
[10:08:11] [Server thread/WARN] [minecraft/ServerLevel]: Tried to add entity the_anomaly:anomaly_trap but it was marked as removed already
[10:08:11] [Server thread/WARN] [minecraft/ServerLevel]: Tried to add entity the_anomaly:anomaly_trap but it was marked as removed already
[10:08:13] [Server thread/WARN] [minecraft/ServerLevel]: Tried to add entity the_anomaly:anomaly_trap but it was marked as removed already
[10:08:13] [Server thread/WARN] [minecraft/ServerLevel]: Tried to add entity the_anomaly:anomaly_viewer but it was marked as removed already
[10:08:13] [Server thread/WARN] [minecraft/ServerLevel]: Tried to add entity the_anomaly:anomaly_viewer but it was marked as removed already
[10:08:13] [Server thread/WARN] [minecraft/ServerLevel]: Tried to add entity the_anomaly:anomaly_viewer but it was marked as removed already
[10:08:13] [Server thread/WARN] [minecraft/ServerLevel]: Tried to add entity the_anomaly:anomaly_viewer but it was marked as removed already
[10:08:13] [Server thread/WARN] [minecraft/ServerLevel]: Tried to add entity the_anomaly:anomaly_trap but it was marked as removed already
[10:08:13] [Server thread/WARN] [minecraft/ServerLevel]: Tried to add entity the_anomaly:anomaly_viewer but it was marked as removed already
[10:08:14] [Server thread/WARN] [minecraft/ServerLevel]: Tried to add entity the_anomaly:anomaly_viewer but it was marked as removed already
[10:08:14] [Server thread/WARN] [minecraft/ServerLevel]: Tried to add entity the_anomaly:anomaly_viewer but it was marked as removed already
[10:08:15] [Server thread/WARN] [minecraft/ServerLevel]: Tried to add entity the_anomaly:anomaly_viewer but it was marked as removed already
[10:08:16] [Server thread/WARN] [minecraft/ServerLevel]: Tried to add entity the_anomaly:anomaly_viewer but it was marked as removed already
[10:08:16] [Server thread/WARN] [minecraft/ServerLevel]: Tried to add entity the_anomaly:anomaly_viewer but it was marked as removed already
[10:08:16] [Server thread/WARN] [minecraft/ServerLevel]: Tried to add entity the_anomaly:anomaly_viewer but it was marked as removed already
[10:08:16] [Server thread/WARN] [minecraft/ServerLevel]: Tried to add entity the_anomaly:anomaly_trap but it was marked as removed already
[10:08:17] [Server thread/WARN] [minecraft/ServerLevel]: Tried to add entity the_anomaly:anomaly_trap but it was marked as removed already
[10:08:19] [Server thread/WARN] [minecraft/ServerLevel]: Tried to add entity the_anomaly:anomaly_viewer but it was marked as removed already
[10:08:19] [Server thread/WARN] [minecraft/ServerLevel]: Tried to add entity the_anomaly:anomaly_viewer but it was marked as removed already
[10:08:20] [Server thread/WARN] [minecraft/ServerLevel]: Tried to add entity the_anomaly:anomaly_escape but it was marked as removed already
[10:08:23] [Server thread/WARN] [minecraft/ServerLevel]: Tried to add entity the_anomaly:anomaly_viewer but it was marked as removed already
[10:08:23] [Server thread/WARN] [minecraft/ServerLevel]: Tried to add entity the_anomaly:anomaly_trap but it was marked as removed already
[10:08:23] [Server thread/WARN] [minecraft/ServerLevel]: Tried to add entity the_anomaly:anomaly_viewer but it was marked as removed already
[10:08:24] [Server thread/WARN] [minecraft/ServerLevel]: Tried to add entity the_anomaly:anomaly_viewer but it was marked as removed already
[10:08:24] [Server thread/WARN] [minecraft/ServerLevel]: Tried to add entity the_anomaly:anomaly_visitor but it was marked as removed already
[10:08:24] [Server thread/WARN] [minecraft/ServerLevel]: Tried to add entity the_anomaly:anomaly_trap but it was marked as removed already
[10:08:26] [Server thread/WARN] [minecraft/ServerLevel]: Tried to add entity the_anomaly:anomaly_trap but it was marked as removed already
[10:08:26] [Server thread/WARN] [minecraft/ServerLevel]: Tried to add entity the_anomaly:anomaly_trap but it was marked as removed already
[10:08:27] [Server thread/WARN] [minecraft/ServerLevel]: Tried to add entity the_anomaly:anomaly_viewer but it was marked as removed already
[10:08:27] [Server thread/WARN] [minecraft/ServerLevel]: Tried to add entity the_anomaly:anomaly_trap but it was marked as removed already
[10:08:27] [Server thread/WARN] [minecraft/ServerLevel]: Tried to add entity the_anomaly:anomaly_escape but it was marked as removed already
[10:08:27] [Server thread/WARN] [minecraft/ServerLevel]: Tried to add entity the_anomaly:anomaly_viewer but it was marked as removed already
[10:08:29] [Server thread/WARN] [minecraft/ServerLevel]: Tried to add entity the_anomaly:anomaly_escape but it was marked as removed already
[10:08:29] [Server thread/WARN] [minecraft/ServerLevel]: Tried to add entity the_anomaly:anomaly_trap but it was marked as removed already
[10:08:29] [Server thread/WARN] [minecraft/ServerLevel]: Tried to add entity the_anomaly:anomaly_trap but it was marked as removed already
[10:08:29] [Server thread/WARN] [minecraft/ServerLevel]: Tried to add entity the_anomaly:anomaly_trap but it was marked as removed already
[10:08:29] [Server thread/WARN] [minecraft/ServerLevel]: Tried to add entity the_anomaly:anomaly_escape but it was marked as removed already
[10:08:29] [Server thread/WARN] [minecraft/ServerLevel]: Tried to add entity the_anomaly:anomaly_escape but it was marked as removed already
[10:08:29] [Server thread/WARN] [minecraft/ServerLevel]: Tried to add entity the_anomaly:anomaly_escape but it was marked as removed already
[10:08:30] [Server thread/WARN] [minecraft/ServerLevel]: Tried to add entity the_anomaly:anomaly_trap but it was marked as removed already
[10:08:30] [Server thread/WARN] [minecraft/ServerLevel]: Tried to add entity the_anomaly:anomaly_trap but it was marked as removed already
[10:08:30] [Server thread/WARN] [minecraft/ServerLevel]: Tried to add entity the_anomaly:anomaly_trap but it was marked as removed already
[10:08:30] [Server thread/WARN] [minecraft/ServerLevel]: Tried to add entity the_anomaly:anomaly_escape but it was marked as removed already
[10:08:30] [Server thread/WARN] [minecraft/ServerLevel]: Tried to add entity the_anomaly:anomaly_trap but it was marked as removed already
[10:08:30] [Server thread/WARN] [minecraft/ServerLevel]: Tried to add entity the_anomaly:anomaly_trap but it was marked as removed already
[10:08:30] [Server thread/WARN] [minecraft/ServerLevel]: Tried to add entity the_anomaly:anomaly_trap but it was marked as removed already
[10:08:30] [Server thread/WARN] [minecraft/ServerLevel]: Tried to add entity the_anomaly:anomaly_viewer but it was marked as removed already
[10:08:30] [Server thread/WARN] [minecraft/ServerLevel]: Tried to add entity the_anomaly:anomaly_viewer but it was marked as removed already
[10:08:30] [Server thread/WARN] [minecraft/ServerLevel]: Tried to add entity the_anomaly:anomaly_trap but it was marked as removed already
[10:08:30] [Server thread/WARN] [minecraft/ServerLevel]: Tried to add entity the_anomaly:anomaly_trap but it was marked as removed already
[10:08:30] [Server thread/WARN] [minecraft/ServerLevel]: Tried to add entity the_anomaly:anomaly_trap but it was marked as removed already
[10:08:31] [Server thread/WARN] [minecraft/ServerLevel]: Tried to add entity the_anomaly:anomaly_trap but it was marked as removed already
[10:08:31] [Server thread/WARN] [minecraft/ServerLevel]: Tried to add entity the_anomaly:anomaly_escape but it was marked as removed already
[10:08:32] [Server thread/WARN] [minecraft/ServerLevel]: Tried to add entity the_anomaly:anomaly_escape but it was marked as removed already
[10:08:34] [Server thread/WARN] [minecraft/ServerLevel]: Tried to add entity the_anomaly:anomaly_escape but it was marked as removed already
[10:08:34] [Server thread/WARN] [minecraft/ServerLevel]: Tried to add entity the_anomaly:anomaly_trap but it was marked as removed already
[10:08:34] [Server thread/WARN] [minecraft/ServerLevel]: Tried to add entity the_anomaly:anomaly_trap but it was marked as removed already
[10:08:36] [Server thread/WARN] [minecraft/ServerLevel]: Tried to add entity the_anomaly:anomaly_visitor but it was marked as removed already
[10:08:37] [Server thread/WARN] [minecraft/ServerLevel]: Tried to add entity the_anomaly:anomaly_escape but it was marked as removed already
[10:08:37] [Server thread/WARN] [minecraft/ServerLevel]: Tried to add entity the_anomaly:anomaly_viewer but it was marked as removed already
[10:08:38] [Server thread/WARN] [minecraft/ServerLevel]: Tried to add entity the_anomaly:anomaly_viewer but it was marked as removed already
[10:08:40] [Server thread/WARN] [minecraft/ServerLevel]: Tried to add entity the_anomaly:anomaly_escape but it was marked as removed already
[10:08:43] [Server thread/WARN] [minecraft/ServerLevel]: Tried to add entity the_anomaly:anomaly_trap but it was marked as removed already
[10:08:43] [Server thread/WARN] [minecraft/ServerLevel]: Tried to add entity the_anomaly:anomaly_viewer but it was marked as removed already
[10:08:44] [Server thread/WARN] [minecraft/ServerLevel]: Tried to add entity the_anomaly:anomaly_trap but it was marked as removed already
[10:08:44] [Server thread/WARN] [minecraft/ServerLevel]: Tried to add entity the_anomaly:anomaly_viewer but it was marked as removed already
[10:08:45] [Server thread/WARN] [minecraft/ServerLevel]: Tried to add entity the_anomaly:anomaly_escape but it was marked as removed already
[10:08:47] [Server thread/WARN] [minecraft/ServerLevel]: Tried to add entity the_anomaly:anomaly_trap but it was marked as removed already
[10:08:47] [Server thread/WARN] [minecraft/ServerLevel]: Tried to add entity the_anomaly:anomaly_trap but it was marked as removed already
[10:08:48] [Server thread/WARN] [minecraft/ServerLevel]: Tried to add entity the_anomaly:anomaly_trap but it was marked as removed already
[10:08:48] [Server thread/WARN] [minecraft/ServerLevel]: Tried to add entity the_anomaly:anomaly_escape but it was marked as removed already
[10:08:48] [Server thread/WARN] [minecraft/ServerLevel]: Tried to add entity the_anomaly:anomaly_escape but it was marked as removed already
[10:08:49] [Server thread/INFO] [minecraft/ServerGamePacketListenerImpl]: gamerku lost connection: Disconnected
[10:08:49] [Server thread/INFO] [minecraft/MinecraftServer]: gamerku left the game
[10:08:54] [Server thread/WARN] [minecraft/ServerLevel]: Tried to add entity the_anomaly:anomaly_viewer but it was marked as removed already
[10:08:55] [Server thread/WARN] [minecraft/ServerLevel]: Tried to add entity the_anomaly:anomaly_trap but it was marked as removed already
[10:08:57] [Server thread/WARN] [minecraft/ServerLevel]: Tried to add entity the_anomaly:anomaly_viewer but it was marked as removed already
[10:08:58] [Server thread/INFO] [ne.mi.co.AdvancementLoadFix/]: Using new advancement loading for net.minecraft.server.PlayerAdvancements@d8747e3
[10:08:58] [Server thread/INFO] [minecraft/PlayerList]: gamerku[/127.163.95.26:38239] logged in with entity id 8565 at (-22.36787727212287, 74.0, -82.04702165727802)
[10:08:58] [Server thread/INFO] [minecraft/MinecraftServer]: gamerku joined the game
[10:08:58] [Server thread/INFO] [minecraft/MinecraftServer]: Behave yourself
[10:08:58] [Server thread/WARN] [minecraft/ServerLevel]: Tried to add entity the_anomaly:anomaly_viewer but it was marked as removed already
[10:08:58] [Server thread/WARN] [minecraft/ServerLevel]: Tried to add entity the_anomaly:anomaly_viewer but it was marked as removed already
[10:08:58] [Server thread/WARN] [minecraft/ServerLevel]: Tried to add entity the_anomaly:anomaly_viewer but it was marked as removed already
[10:08:59] [Server thread/WARN] [minecraft/ServerLevel]: Tried to add entity the_anomaly:anomaly_trap but it was marked as removed already
[10:08:59] [Server thread/WARN] [minecraft/ServerLevel]: Tried to add entity the_anomaly:anomaly_viewer but it was marked as removed already
[10:08:59] [Server thread/WARN] [minecraft/ServerLevel]: Tried to add entity the_anomaly:anomaly_escape but it was marked as removed already
[10:09:00] [Server thread/WARN] [minecraft/ServerLevel]: Tried to add entity the_anomaly:anomaly_trap but it was marked as removed already
[10:09:00] [Server thread/WARN] [minecraft/ServerLevel]: Tried to add entity the_anomaly:anomaly_trap but it was marked as removed already
[10:09:00] [Server thread/WARN] [minecraft/ServerLevel]: Tried to add entity the_anomaly:anomaly_visitor but it was marked as removed already
[10:09:00] [Server thread/WARN] [minecraft/ServerLevel]: Tried to add entity the_anomaly:anomaly_viewer but it was marked as removed already
[10:09:01] [Server thread/WARN] [minecraft/ServerLevel]: Tried to add entity the_anomaly:anomaly_escape but it was marked as removed already
[10:09:01] [Server thread/WARN] [minecraft/ServerLevel]: Tried to add entity the_anomaly:anomaly_trap but it was marked as removed already
[10:09:01] [Server thread/WARN] [minecraft/ServerLevel]: Tried to add entity the_anomaly:anomaly_viewer but it was marked as removed already
[10:09:01] [Server thread/WARN] [minecraft/ServerLevel]: Tried to add entity the_anomaly:anomaly_escape but it was marked as removed already
[10:09:01] [Server thread/WARN] [minecraft/ServerLevel]: Tried to add entity the_anomaly:anomaly_trap but it was marked as removed already
[10:09:01] [Server thread/WARN] [minecraft/ServerLevel]: Tried to add entity the_anomaly:anomaly_trap but it was marked as removed already
[10:09:01] [Server thread/WARN] [minecraft/ServerLevel]: Tried to add entity the_anomaly:anomaly_viewer but it was marked as removed already
[10:09:08] [Server thread/WARN] [minecraft/ServerLevel]: Tried to add entity the_anomaly:anomaly_escape but it was marked as removed already
[10:09:08] [Server thread/WARN] [minecraft/ServerLevel]: Tried to add entity the_anomaly:anomaly_escape but it was marked as removed already
[10:09:08] [Server thread/WARN] [minecraft/ServerLevel]: Tried to add entity the_anomaly:anomaly_trap but it was marked as removed already
[10:09:08] [Server thread/WARN] [minecraft/ServerLevel]: Tried to add entity the_anomaly:anomaly_viewer but it was marked as removed already
[10:09:09] [Server thread/WARN] [minecraft/ServerLevel]: Tried to add entity the_anomaly:anomaly_visitor_2 but it was marked as removed already
[10:09:09] [Server thread/WARN] [minecraft/ServerLevel]: Tried to add entity the_anomaly:anomaly_viewer but it was marked as removed already
[10:09:09] [Server thread/WARN] [minecraft/ServerLevel]: Tried to add entity the_anomaly:anomaly_trap but it was marked as removed already
[10:09:09] [Server thread/WARN] [minecraft/ServerLevel]: Tried to add entity the_anomaly:anomaly_escape but it was marked as removed already
[10:09:10] [Server thread/WARN] [minecraft/ServerLevel]: Tried to add entity the_anomaly:anomaly_trap but it was marked as removed already
[10:09:10] [Server thread/WARN] [minecraft/ServerLevel]: Tried to add entity the_anomaly:anomaly_viewer but it was marked as removed already
[10:09:11] [Server thread/WARN] [minecraft/ServerLevel]: Tried to add entity the_anomaly:anomaly_viewer but it was marked as removed already
[10:09:11] [Server thread/WARN] [minecraft/ServerLevel]: Tried to add entity the_anomaly:anomaly_viewer but it was marked as removed already
[10:09:11] [Server thread/WARN] [minecraft/ServerLevel]: Tried to add entity the_anomaly:anomaly_trap but it was marked as removed already
[10:09:12] [Server thread/WARN] [minecraft/ServerLevel]: Tried to add entity the_anomaly:anomaly_escape but it was marked as removed already
[10:09:12] [Server thread/WARN] [minecraft/ServerLevel]: Tried to add entity the_anomaly:anomaly_viewer but it was marked as removed already
[10:09:12] [Server thread/WARN] [minecraft/ServerLevel]: Tried to add entity the_anomaly:anomaly_visitor_2 but it was marked as removed already
[10:09:12] [Server thread/WARN] [minecraft/ServerLevel]: Tried to add entity the_anomaly:anomaly_escape but it was marked as removed already
[10:09:12] [Server thread/WARN] [minecraft/ServerLevel]: Tried to add entity the_anomaly:anomaly_escape but it was marked as removed already
[10:09:12] [Server thread/WARN] [minecraft/ServerLevel]: Tried to add entity the_anomaly:anomaly_trap but it was marked as removed already
[10:09:12] [Server thread/WARN] [minecraft/ServerLevel]: Tried to add entity the_anomaly:anomaly_escape but it was marked as removed already
[10:09:12] [Server thread/WARN] [minecraft/ServerLevel]: Tried to add entity the_anomaly:anomaly_trap but it was marked as removed already
[10:09:12] [Server thread/WARN] [minecraft/ServerLevel]: Tried to add entity the_anomaly:anomaly_trap but it was marked as removed already
[10:09:12] [Server thread/WARN] [minecraft/ServerLevel]: Tried to add entity the_anomaly:anomaly_trap but it was marked as removed already
[10:09:12] [Server thread/WARN] [minecraft/ServerLevel]: Tried to add entity the_anomaly:anomaly_trap but it was marked as removed already
[10:09:12] [Server thread/WARN] [minecraft/ServerLevel]: Tried to add entity the_anomaly:anomaly_trap but it was marked as removed already
[10:09:12] [Server thread/WARN] [minecraft/ServerLevel]: Tried to add entity the_anomaly:anomaly_escape but it was marked as removed already
[10:09:12] [Server thread/WARN] [minecraft/ServerLevel]: Tried to add entity the_anomaly:anomaly_escape but it was marked as removed already
[10:09:12] [Server thread/WARN] [minecraft/ServerLevel]: Tried to add entity the_anomaly:anomaly_escape but it was marked as removed already
[10:09:12] [Server thread/WARN] [minecraft/ServerLevel]: Tried to add entity the_anomaly:anomaly_viewer but it was marked as removed already
[10:09:13] [Server thread/WARN] [minecraft/ServerLevel]: Tried to add entity the_anomaly:anomaly_escape but it was marked as removed already
[10:09:14] [Server thread/WARN] [minecraft/ServerLevel]: Tried to add entity the_anomaly:anomaly_viewer but it was marked as removed already
[10:09:15] [Server thread/WARN] [minecraft/ServerLevel]: Tried to add entity the_anomaly:anomaly_escape but it was marked as removed already
[10:09:15] [Server thread/WARN] [minecraft/ServerLevel]: Tried to add entity the_anomaly:anomaly_viewer but it was marked as removed already
[10:09:16] [Server thread/WARN] [minecraft/ServerLevel]: Tried to add entity the_anomaly:anomaly_visitor_2 but it was marked as removed already
[10:09:16] [Server thread/WARN] [minecraft/ServerLevel]: Tried to add entity the_anomaly:anomaly_visitor_2 but it was marked as removed already
[10:09:16] [Server thread/WARN] [minecraft/ServerLevel]: Tried to add entity the_anomaly:anomaly_trap but it was marked as removed already
[10:09:16] [Server thread/WARN] [minecraft/ServerLevel]: Tried to add entity the_anomaly:anomaly_viewer but it was marked as removed already
[10:09:16] [Server thread/WARN] [minecraft/ServerLevel]: Tried to add entity the_anomaly:anomaly_viewer but it was marked as removed already
[10:09:16] [Server thread/WARN] [minecraft/ServerLevel]: Tried to add entity the_anomaly:anomaly_viewer but it was marked as removed already
[10:09:16] [Server thread/WARN] [minecraft/ServerLevel]: Tried to add entity the_anomaly:anomaly_escape but it was marked as removed already
[10:09:16] [Server thread/WARN] [minecraft/ServerLevel]: Tried to add entity the_anomaly:anomaly_visitor but it was marked as removed already
[10:09:16] [Server thread/WARN] [minecraft/ServerLevel]: Tried to add entity the_anomaly:anomaly_escape but it was marked as removed already
[10:09:16] [Server thread/WARN] [minecraft/ServerLevel]: Tried to add entity the_anomaly:anomaly_trap but it was marked as removed already
[10:09:17] [Server thread/WARN] [minecraft/ServerLevel]: Tried to add entity the_anomaly:anomaly_viewer but it was marked as removed already
[10:09:21] [Server thread/WARN] [minecraft/ServerLevel]: Tried to add entity the_anomaly:anomaly_escape but it was marked as removed already
[10:09:23] [Server thread/WARN] [minecraft/ServerLevel]: Tried to add entity the_anomaly:anomaly_viewer but it was marked as removed already
[10:09:23] [Server thread/WARN] [minecraft/ServerLevel]: Tried to add entity the_anomaly:anomaly_trap but it was marked as removed already
[10:09:23] [Server thread/WARN] [minecraft/ServerLevel]: Tried to add entity the_anomaly:anomaly_escape but it was marked as removed already
[10:09:23] [Server thread/WARN] [minecraft/ServerLevel]: Tried to add entity the_anomaly:anomaly_trap but it was marked as removed already
[10:09:23] [Server thread/WARN] [minecraft/ServerLevel]: Tried to add entity the_anomaly:anomaly_trap but it was marked as removed already
[10:09:23] [Server thread/WARN] [minecraft/ServerLevel]: Tried to add entity the_anomaly:anomaly_trap but it was marked as removed already
[10:09:23] [Server thread/WARN] [minecraft/ServerLevel]: Tried to add entity the_anomaly:anomaly_viewer but it was marked as removed already
[10:09:24] [Server thread/WARN] [minecraft/ServerLevel]: Tried to add entity the_anomaly:anomaly_viewer but it was marked as removed already
[10:09:24] [Server thread/WARN] [minecraft/ServerLevel]: Tried to add entity the_anomaly:anomaly_viewer but it was marked as removed already
[10:09:24] [Server thread/WARN] [minecraft/ServerLevel]: Tried to add entity the_anomaly:anomaly_escape but it was marked as removed already
[10:09:24] [Server thread/WARN] [minecraft/ServerLevel]: Tried to add entity the_anomaly:anomaly_trap but it was marked as removed already
[10:09:24] [Server thread/WARN] [minecraft/ServerLevel]: Tried to add entity the_anomaly:anomaly_trap but it was marked as removed already
[10:09:24] [Server thread/WARN] [minecraft/ServerLevel]: Tried to add entity the_anomaly:anomaly_viewer but it was marked as removed already
[10:09:24] [Server thread/WARN] [minecraft/ServerLevel]: Tried to add entity the_anomaly:anomaly_visitor but it was marked as removed already
[10:09:25] [Server thread/WARN] [minecraft/ServerLevel]: Tried to add entity the_anomaly:anomaly_trap but it was marked as removed already
[10:09:25] [Server thread/WARN] [minecraft/ServerLevel]: Tried to add entity the_anomaly:anomaly_viewer but it was marked as removed already
[10:09:25] [Server thread/WARN] [minecraft/ServerLevel]: Tried to add entity the_anomaly:anomaly_escape but it was marked as removed already
[10:09:26] [Server thread/WARN] [minecraft/ServerLevel]: Tried to add entity the_anomaly:anomaly_escape but it was marked as removed already
[10:09:26] [Server thread/WARN] [minecraft/ServerLevel]: Tried to add entity the_anomaly:anomaly_escape but it was marked as removed already
[10:09:27] [Server thread/WARN] [minecraft/ServerLevel]: Tried to add entity the_anomaly:anomaly_visitor_2 but it was marked as removed already
[10:09:27] [Server thread/WARN] [minecraft/ServerLevel]: Tried to add entity the_anomaly:anomaly_viewer but it was marked as removed already
[10:09:27] [Server thread/WARN] [minecraft/ServerLevel]: Tried to add entity the_anomaly:anomaly_escape but it was marked as removed already
[10:09:27] [Server thread/WARN] [minecraft/ServerLevel]: Tried to add entity the_anomaly:anomaly_escape but it was marked as removed already
[10:09:27] [Server thread/WARN] [minecraft/ServerLevel]: Tried to add entity the_anomaly:anomaly_viewer but it was marked as removed already
[10:09:28] [Server thread/WARN] [minecraft/ServerLevel]: Tried to add entity the_anomaly:anomaly_viewer but it was marked as removed already
[10:09:29] [Server thread/WARN] [minecraft/ServerLevel]: Tried to add entity the_anomaly:anomaly_trap but it was marked as removed already
[10:09:29] [Server thread/WARN] [minecraft/ServerLevel]: Tried to add entity the_anomaly:anomaly_escape but it was marked as removed already
[10:09:29] [Server thread/WARN] [minecraft/ServerLevel]: Tried to add entity the_anomaly:anomaly_viewer but it was marked as removed already
[10:09:29] [Server thread/WARN] [minecraft/ServerLevel]: Tried to add entity the_anomaly:anomaly_visitor but it was marked as removed already
[10:09:29] [Server thread/INFO] [minecraft/MinecraftServer]: [Not Secure] <YAMAPROSIH> -262 63 -40
[10:09:29] [Server thread/WARN] [minecraft/ServerLevel]: Tried to add entity the_anomaly:anomaly_trap but it was marked as removed already
[10:09:29] [Server thread/WARN] [minecraft/ServerLevel]: Tried to add entity the_anomaly:anomaly_viewer but it was marked as removed already
[10:09:30] [Server thread/WARN] [minecraft/ServerLevel]: Tried to add entity the_anomaly:anomaly_trap but it was marked as removed already
[10:09:30] [Server thread/WARN] [minecraft/ServerLevel]: Tried to add entity the_anomaly:anomaly_escape but it was marked as removed already
[10:09:30] [Server thread/WARN] [minecraft/ServerLevel]: Tried to add entity the_anomaly:anomaly_viewer but it was marked as removed already
[10:09:30] [Server thread/WARN] [minecraft/ServerLevel]: Tried to add entity the_anomaly:anomaly_escape but it was marked as removed already
[10:09:30] [Server thread/WARN] [minecraft/ServerLevel]: Tried to add entity the_anomaly:anomaly_visitor but it was marked as removed already
[10:09:32] [Server thread/WARN] [minecraft/ServerLevel]: Tried to add entity the_anomaly:anomaly_trap but it was marked as removed already
[10:09:32] [Server thread/WARN] [minecraft/ServerLevel]: Tried to add entity the_anomaly:anomaly_viewer but it was marked as removed already
[10:09:33] [Server thread/WARN] [minecraft/ServerLevel]: Tried to add entity the_anomaly:anomaly_escape but it was marked as removed already
[10:09:33] [Server thread/WARN] [minecraft/ServerLevel]: Tried to add entity the_anomaly:anomaly_escape but it was marked as removed already
[10:09:35] [Server thread/WARN] [minecraft/ServerLevel]: Tried to add entity the_anomaly:anomaly_trap but it was marked as removed already
[10:09:39] [Server thread/WARN] [minecraft/ServerLevel]: Tried to add entity the_anomaly:anomaly_escape but it was marked as removed already
[10:09:41] [Server thread/WARN] [minecraft/ServerLevel]: Tried to add entity the_anomaly:anomaly_viewer but it was marked as removed already
[10:09:41] [Server thread/WARN] [minecraft/ServerLevel]: Tried to add entity the_anomaly:anomaly_escape but it was marked as removed already
[10:09:41] [Server thread/WARN] [minecraft/ServerLevel]: Tried to add entity the_anomaly:anomaly_trap but it was marked as removed already
[10:09:41] [Server thread/WARN] [minecraft/ServerLevel]: Tried to add entity the_anomaly:anomaly_escape but it was marked as removed already
[10:09:42] [Server thread/WARN] [minecraft/ServerLevel]: Tried to add entity the_anomaly:anomaly_escape but it was marked as removed already
[10:09:42] [Server thread/WARN] [minecraft/ServerLevel]: Tried to add entity the_anomaly:anomaly_viewer but it was marked as removed already
[10:09:42] [Server thread/WARN] [minecraft/ServerLevel]: Tried to add entity the_anomaly:anomaly_viewer but it was marked as removed already
[10:09:42] [Server thread/WARN] [minecraft/ServerLevel]: Tried to add entity the_anomaly:anomaly_escape but it was marked as removed already
[10:09:42] [Server thread/WARN] [minecraft/ServerLevel]: Tried to add entity the_anomaly:anomaly_visitor_2 but it was marked as removed already
[10:09:45] [Server thread/WARN] [minecraft/ServerLevel]: Tried to add entity the_anomaly:anomaly_trap but it was marked as removed already
[10:09:45] [Server thread/WARN] [minecraft/ServerLevel]: Tried to add entity the_anomaly:anomaly_escape but it was marked as removed already
[10:09:45] [Server thread/WARN] [minecraft/ServerLevel]: Tried to add entity the_anomaly:anomaly_escape but it was marked as removed already
[10:09:45] [Server thread/WARN] [minecraft/ServerLevel]: Tried to add entity the_anomaly:anomaly_trap but it was marked as removed already
[10:09:45] [Server thread/WARN] [minecraft/ServerLevel]: Tried to add entity the_anomaly:anomaly_escape but it was marked as removed already
[10:09:45] [Server thread/WARN] [minecraft/ServerLevel]: Tried to add entity the_anomaly:anomaly_trap but it was marked as removed already
[10:09:45] [Server thread/WARN] [minecraft/ServerLevel]: Tried to add entity the_anomaly:anomaly_trap but it was marked as removed already
[10:09:45] [Server thread/WARN] [minecraft/ServerLevel]: Tried to add entity the_anomaly:anomaly_trap but it was marked as removed already
[10:09:46] [Server thread/WARN] [minecraft/ServerLevel]: Tried to add entity the_anomaly:anomaly_visitor but it was marked as removed already
[10:09:47] [Server thread/WARN] [minecraft/ServerLevel]: Tried to add entity the_anomaly:anomaly_escape but it was marked as removed already
[10:09:48] [Server thread/WARN] [minecraft/ServerLevel]: Tried to add entity the_anomaly:anomaly_escape but it was marked as removed already
[10:09:48] [Server thread/WARN] [minecraft/ServerLevel]: Tried to add entity the_anomaly:anomaly_viewer but it was marked as removed already
[10:09:49] [Server thread/WARN] [minecraft/ServerLevel]: Tried to add entity the_anomaly:anomaly_trap but it was marked as removed already
[10:09:49] [Server thread/WARN] [minecraft/ServerLevel]: Tried to add entity the_anomaly:anomaly_visitor_2 but it was marked as removed already
[10:09:49] [Server thread/WARN] [minecraft/ServerLevel]: Tried to add entity the_anomaly:anomaly_trap but it was marked as removed already
[10:09:57] [Server thread/WARN] [minecraft/ServerLevel]: Tried to add entity the_anomaly:anomaly_escape but it was marked as removed already
[10:09:57] [Server thread/WARN] [minecraft/ServerLevel]: Tried to add entity the_anomaly:anomaly_viewer but it was marked as removed already
[10:09:57] [Server thread/WARN] [minecraft/ServerLevel]: Tried to add entity the_anomaly:anomaly_escape but it was marked as removed already
[10:09:58] [Server thread/WARN] [minecraft/ServerLevel]: Tried to add entity the_anomaly:anomaly_trap but it was marked as removed already
[10:10:03] [Server thread/WARN] [minecraft/ServerLevel]: Tried to add entity the_anomaly:anomaly_escape but it was marked as removed already
[10:10:11] [Server thread/WARN] [minecraft/ServerLevel]: Tried to add entity the_anomaly:anomaly_trap but it was marked as removed already
[10:10:11] [Server thread/WARN] [minecraft/ServerLevel]: Tried to add entity the_anomaly:anomaly_trap but it was marked as removed already
[10:10:11] [Server thread/WARN] [minecraft/ServerLevel]: Tried to add entity the_anomaly:anomaly_escape but it was marked as removed already
[10:10:11] [Server thread/WARN] [minecraft/ServerLevel]: Tried to add entity the_anomaly:anomaly_trap but it was marked as removed already
[10:10:12] [Server thread/WARN] [minecraft/ServerLevel]: Tried to add entity the_anomaly:anomaly_trap but it was marked as removed already
[10:10:12] [Server thread/WARN] [minecraft/ServerLevel]: Tried to add entity the_anomaly:anomaly_viewer but it was marked as removed already
[10:10:12] [Server thread/WARN] [minecraft/ServerLevel]: Tried to add entity the_anomaly:anomaly_trap but it was marked as removed already
[10:10:12] [Server thread/WARN] [minecraft/ServerLevel]: Tried to add entity the_anomaly:anomaly_escape but it was marked as removed already
[10:10:12] [Server thread/WARN] [minecraft/ServerLevel]: Tried to add entity the_anomaly:anomaly_escape but it was marked as removed already
[10:10:13] [Server thread/WARN] [minecraft/ServerLevel]: Tried to add entity the_anomaly:anomaly_viewer but it was marked as removed already
[10:10:13] [Server thread/WARN] [minecraft/ServerLevel]: Tried to add entity the_anomaly:anomaly_escape but it was marked as removed already
[10:10:13] [Server thread/WARN] [minecraft/ServerLevel]: Tried to add entity the_anomaly:anomaly_escape but it was marked as removed already
[10:10:14] [Server thread/WARN] [minecraft/ServerLevel]: Tried to add entity the_anomaly:anomaly_escape but it was marked as removed already
[10:10:14] [Server thread/WARN] [minecraft/ServerLevel]: Tried to add entity the_anomaly:anomaly_trap but it was marked as removed already
[10:10:14] [Server thread/WARN] [minecraft/ServerLevel]: Tried to add entity the_anomaly:anomaly_trap but it was marked as removed already
[10:10:15] [Server thread/WARN] [minecraft/ServerLevel]: Tried to add entity the_anomaly:anomaly_viewer but it was marked as removed already
[10:10:16] [Server thread/WARN] [minecraft/ServerLevel]: Tried to add entity the_anomaly:anomaly_trap but it was marked as removed already
[10:10:17] [Server thread/WARN] [minecraft/ServerLevel]: Tried to add entity the_anomaly:anomaly_viewer but it was marked as removed already
[10:10:17] [Server thread/WARN] [minecraft/ServerLevel]: Tried to add entity the_anomaly:anomaly_escape but it was marked as removed already
[10:10:18] [Server thread/WARN] [minecraft/ServerLevel]: Tried to add entity the_anomaly:anomaly_escape but it was marked as removed already
[10:10:19] [Server thread/WARN] [minecraft/ServerLevel]: Tried to add entity the_anomaly:anomaly_trap but it was marked as removed already
[10:10:20] [Server thread/WARN] [minecraft/ServerLevel]: Tried to add entity the_anomaly:anomaly_escape but it was marked as removed already
[10:10:20] [Server thread/WARN] [minecraft/ServerLevel]: Tried to add entity the_anomaly:anomaly_escape but it was marked as removed already
[10:10:20] [Server thread/WARN] [minecraft/ServerLevel]: Tried to add entity the_anomaly:anomaly_escape but it was marked as removed already
[10:10:20] [Server thread/WARN] [minecraft/ServerLevel]: Tried to add entity the_anomaly:anomaly_escape but it was marked as removed already
[10:10:20] [Server thread/WARN] [minecraft/ServerLevel]: Tried to add entity the_anomaly:anomaly_visitor_2 but it was marked as removed already
[10:10:20] [Server thread/WARN] [minecraft/ServerLevel]: Tried to add entity the_anomaly:anomaly_viewer but it was marked as removed already
[10:10:20] [Server thread/WARN] [minecraft/ServerLevel]: Tried to add entity the_anomaly:anomaly_escape but it was marked as removed already
[10:10:20] [Server thread/WARN] [minecraft/ServerLevel]: Tried to add entity the_anomaly:anomaly_trap but it was marked as removed already
[10:10:20] [Server thread/WARN] [minecraft/ServerLevel]: Tried to add entity the_anomaly:anomaly_escape but it was marked as removed already
[10:10:20] [Server thread/WARN] [minecraft/ServerLevel]: Tried to add entity the_anomaly:anomaly_escape but it was marked as removed already
[10:10:20] [Server thread/WARN] [minecraft/ServerLevel]: Tried to add entity the_anomaly:anomaly_viewer but it was marked as removed already
[10:10:20] [Server thread/WARN] [minecraft/ServerLevel]: Tried to add entity the_anomaly:anomaly_visitor but it was marked as removed already
[10:10:20] [Server thread/WARN] [minecraft/ServerLevel]: Tried to add entity the_anomaly:anomaly_escape but it was marked as removed already
[10:10:22] [Server thread/WARN] [minecraft/ServerLevel]: Tried to add entity the_anomaly:anomaly_trap but it was marked as removed already
[10:10:23] [Server thread/WARN] [minecraft/ServerLevel]: Tried to add entity the_anomaly:anomaly_escape but it was marked as removed already
[10:10:23] [Server thread/WARN] [minecraft/ServerLevel]: Tried to add entity the_anomaly:anomaly_viewer but it was marked as removed already
[10:10:24] [Server thread/WARN] [minecraft/ServerLevel]: Tried to add entity the_anomaly:anomaly_escape but it was marked as removed already
[10:10:24] [Server thread/WARN] [minecraft/ServerLevel]: Tried to add entity the_anomaly:anomaly_viewer but it was marked as removed already
[10:10:24] [Server thread/WARN] [minecraft/ServerLevel]: Tried to add entity the_anomaly:anomaly_trap but it was marked as removed already
[10:10:24] [Server thread/WARN] [minecraft/ServerLevel]: Tried to add entity the_anomaly:anomaly_viewer but it was marked as removed already
[10:10:25] [Server thread/WARN] [minecraft/ServerLevel]: Tried to add entity the_anomaly:anomaly_viewer but it was marked as removed already
[10:10:25] [Server thread/WARN] [minecraft/ServerLevel]: Tried to add entity the_anomaly:anomaly_escape but it was marked as removed already
[10:10:30] [Server thread/INFO] [minecraft/MinecraftServer]: Achbar has made the advancement [Stone Age]
[10:10:34] [Server thread/WARN] [minecraft/ServerLevel]: Tried to add entity the_anomaly:anomaly_trap but it was marked as removed already
[10:10:47] [Server thread/WARN] [minecraft/ServerLevel]: Tried to add entity the_anomaly:anomaly_escape but it was marked as removed already
[10:10:47] [Server thread/WARN] [minecraft/ServerLevel]: Tried to add entity the_anomaly:anomaly_trap but it was marked as removed already
[10:10:51] [Server thread/WARN] [minecraft/ServerLevel]: Tried to add entity the_anomaly:anomaly_escape but it was marked as removed already
[10:10:51] [Server thread/WARN] [minecraft/ServerLevel]: Tried to add entity the_anomaly:anomaly_trap but it was marked as removed already
[10:10:52] [Server thread/WARN] [minecraft/ServerLevel]: Tried to add entity the_anomaly:anomaly_escape but it was marked as removed already
[10:10:52] [Server thread/WARN] [minecraft/ServerLevel]: Tried to add entity the_anomaly:anomaly_viewer but it was marked as removed already
[10:10:58] [Server thread/WARN] [minecraft/ServerLevel]: Tried to add entity the_anomaly:anomaly_escape but it was marked as removed already
[10:10:59] [Server thread/WARN] [minecraft/ServerLevel]: Tried to add entity the_anomaly:anomaly_viewer but it was marked as removed already
[10:10:59] [Server thread/WARN] [minecraft/ServerLevel]: Tried to add entity the_anomaly:anomaly_viewer but it was marked as removed already
[10:10:59] [Server thread/WARN] [minecraft/ServerLevel]: Tried to add entity the_anomaly:anomaly_trap but it was marked as removed already
[10:10:59] [Server thread/WARN] [minecraft/ServerLevel]: Tried to add entity the_anomaly:anomaly_escape but it was marked as removed already
[10:10:59] [Server thread/WARN] [minecraft/ServerLevel]: Tried to add entity the_anomaly:anomaly_viewer but it was marked as removed already
[10:11:00] [Server thread/WARN] [minecraft/ServerLevel]: Tried to add entity the_anomaly:anomaly_escape but it was marked as removed already
[10:11:01] [Server thread/WARN] [minecraft/ServerLevel]: Tried to add entity the_anomaly:anomaly_viewer but it was marked as removed already
[10:11:01] [Server thread/WARN] [minecraft/ServerLevel]: Tried to add entity the_anomaly:anomaly_viewer but it was marked as removed already
[10:11:09] [Server thread/WARN] [minecraft/ServerLevel]: Tried to add entity the_anomaly:anomaly_escape but it was marked as removed already
[10:11:10] [Server thread/WARN] [minecraft/ServerLevel]: Tried to add entity the_anomaly:anomaly_trap but it was marked as removed already
[10:11:12] [Server thread/WARN] [minecraft/ServerLevel]: Tried to add entity the_anomaly:anomaly_escape but it was marked as removed already
[10:11:12] [Server thread/WARN] [minecraft/ServerLevel]: Tried to add entity the_anomaly:anomaly_trap but it was marked as removed already
[10:11:18] [Server thread/WARN] [minecraft/ServerLevel]: Tried to add entity the_anomaly:anomaly_trap but it was marked as removed already
[10:11:19] [Server thread/WARN] [minecraft/ServerLevel]: Tried to add entity the_anomaly:anomaly_escape but it was marked as removed already
[10:11:19] [Server thread/WARN] [minecraft/ServerLevel]: Tried to add entity the_anomaly:anomaly_viewer but it was marked as removed already
[10:11:19] [Server thread/WARN] [minecraft/ServerLevel]: Tried to add entity the_anomaly:anomaly_trap but it was marked as removed already
[10:11:19] [Server thread/WARN] [minecraft/ServerLevel]: Tried to add entity the_anomaly:anomaly_trap but it was marked as removed already
[10:11:19] [Server thread/WARN] [minecraft/ServerLevel]: Tried to add entity the_anomaly:anomaly_escape but it was marked as removed already
[10:11:23] [Server thread/WARN] [minecraft/ServerLevel]: Tried to add entity the_anomaly:anomaly_trap but it was marked as removed already
[10:11:23] [Server thread/WARN] [minecraft/ServerLevel]: Tried to add entity the_anomaly:anomaly_trap but it was marked as removed already
[10:11:24] [Server thread/WARN] [minecraft/ServerLevel]: Tried to add entity the_anomaly:anomaly_viewer but it was marked as removed already
[10:11:30] [Server thread/WARN] [minecraft/ServerLevel]: Tried to add entity the_anomaly:anomaly_viewer but it was marked as removed already
[10:11:31] [Server thread/WARN] [minecraft/ServerLevel]: Tried to add entity the_anomaly:anomaly_trap but it was marked as removed already
[10:11:31] [Server thread/WARN] [minecraft/ServerLevel]: Tried to add entity the_anomaly:anomaly_trap but it was marked as removed already
[10:11:31] [Server thread/WARN] [minecraft/ServerLevel]: Tried to add entity the_anomaly:anomaly_viewer but it was marked as removed already
[10:11:31] [Server thread/WARN] [minecraft/ServerLevel]: Tried to add entity the_anomaly:anomaly_trap but it was marked as removed already
[10:11:31] [Server thread/WARN] [minecraft/ServerLevel]: Tried to add entity the_anomaly:anomaly_escape but it was marked as removed already
[10:11:32] [Server thread/WARN] [minecraft/ServerLevel]: Tried to add entity the_anomaly:anomaly_trap but it was marked as removed already
[10:11:32] [Server thread/WARN] [minecraft/ServerLevel]: Tried to add entity the_anomaly:anomaly_viewer but it was marked as removed already
[10:11:33] [Server thread/WARN] [minecraft/ServerLevel]: Tried to add entity the_anomaly:anomaly_viewer but it was marked as removed already
[10:11:33] [Server thread/WARN] [minecraft/ServerLevel]: Tried to add entity the_anomaly:anomaly_escape but it was marked as removed already
[10:11:33] [Server thread/WARN] [minecraft/ServerLevel]: Tried to add entity the_anomaly:anomaly_escape but it was marked as removed already
[10:11:33] [Server thread/WARN] [minecraft/ServerLevel]: Tried to add entity the_anomaly:anomaly_escape but it was marked as removed already
[10:11:34] [Server thread/WARN] [minecraft/ServerLevel]: Tried to add entity the_anomaly:anomaly_escape but it was marked as removed already
[10:11:35] [Server thread/WARN] [minecraft/ServerLevel]: Tried to add entity the_anomaly:anomaly_trap but it was marked as removed already
[10:11:38] [Server thread/WARN] [minecraft/ServerLevel]: Tried to add entity the_anomaly:anomaly_viewer but it was marked as removed already
[10:11:40] [Server thread/WARN] [minecraft/ServerLevel]: Tried to add entity the_anomaly:anomaly_viewer but it was marked as removed already
[10:11:43] [Server thread/WARN] [minecraft/ServerLevel]: Tried to add entity the_anomaly:anomaly_viewer but it was marked as removed already
[10:11:43] [Server thread/WARN] [minecraft/ServerLevel]: Tried to add entity the_anomaly:anomaly_viewer but it was marked as removed already
[10:11:43] [Server thread/WARN] [minecraft/ServerLevel]: Tried to add entity the_anomaly:anomaly_trap but it was marked as removed already
[10:11:43] [Server thread/WARN] [minecraft/ServerLevel]: Tried to add entity the_anomaly:anomaly_escape but it was marked as removed already
[10:11:43] [Server thread/WARN] [minecraft/ServerLevel]: Tried to add entity the_anomaly:anomaly_viewer but it was marked as removed already
[10:11:43] [Server thread/WARN] [minecraft/ServerLevel]: Tried to add entity the_anomaly:anomaly_trap but it was marked as removed already
[10:11:45] [Server thread/WARN] [minecraft/ServerLevel]: Tried to add entity the_anomaly:anomaly_viewer but it was marked as removed already
[10:11:45] [Server thread/WARN] [minecraft/ServerLevel]: Tried to add entity the_anomaly:anomaly_trap but it was marked as removed already
[10:11:47] [Server thread/WARN] [minecraft/ServerLevel]: Tried to add entity the_anomaly:anomaly_escape but it was marked as removed already
[10:11:47] [Server thread/WARN] [minecraft/ServerLevel]: Tried to add entity the_anomaly:anomaly_viewer but it was marked as removed already
[10:11:47] [Server thread/WARN] [minecraft/ServerLevel]: Tried to add entity the_anomaly:anomaly_viewer but it was marked as removed already
[10:11:47] [Server thread/WARN] [minecraft/ServerLevel]: Tried to add entity the_anomaly:anomaly_viewer but it was marked as removed already
[10:11:47] [Server thread/WARN] [minecraft/ServerLevel]: Tried to add entity the_anomaly:anomaly_viewer but it was marked as removed already
[10:11:48] [Server thread/WARN] [minecraft/ServerLevel]: Tried to add entity the_anomaly:anomaly_escape but it was marked as removed already
[10:11:51] [Server thread/WARN] [minecraft/ServerLevel]: Tried to add entity the_anomaly:anomaly_escape but it was marked as removed already
[10:11:52] [Server thread/WARN] [minecraft/ServerLevel]: Tried to add entity the_anomaly:anomaly_escape but it was marked as removed already
[10:11:52] [Server thread/WARN] [minecraft/ServerLevel]: Tried to add entity the_anomaly:anomaly_trap but it was marked as removed already
[10:11:52] [Server thread/WARN] [minecraft/ServerLevel]: Tried to add entity the_anomaly:anomaly_viewer but it was marked as removed already
[10:11:52] [Server thread/WARN] [minecraft/ServerLevel]: Tried to add entity the_anomaly:anomaly_escape but it was marked as removed already
[10:11:52] [Server thread/WARN] [minecraft/ServerLevel]: Tried to add entity the_anomaly:anomaly_trap but it was marked as removed already
[10:11:52] [Server thread/WARN] [minecraft/ServerLevel]: Tried to add entity the_anomaly:anomaly_trap but it was marked as removed already
[10:11:52] [Server thread/WARN] [minecraft/ServerLevel]: Tried to add entity the_anomaly:anomaly_escape but it was marked as removed already
[10:11:55] [Server thread/WARN] [minecraft/ServerLevel]: Tried to add entity the_anomaly:anomaly_escape but it was marked as removed already
[10:11:57] [Server thread/WARN] [minecraft/ServerLevel]: Tried to add entity the_anomaly:anomaly_escape but it was marked as removed already
[10:11:57] [Server thread/WARN] [minecraft/ServerLevel]: Tried to add entity the_anomaly:anomaly_escape but it was marked as removed already
[10:11:57] [Server thread/WARN] [minecraft/ServerLevel]: Tried to add entity the_anomaly:anomaly_trap but it was marked as removed already
[10:11:58] [Server thread/WARN] [minecraft/ServerLevel]: Tried to add entity the_anomaly:anomaly_viewer but it was marked as removed already
[10:11:59] [Server thread/WARN] [minecraft/ServerLevel]: Tried to add entity the_anomaly:anomaly_escape but it was marked as removed already
[10:11:59] [Server thread/INFO] [minecraft/MinecraftServer]: YAMAPROSIH has made the advancement [A Seedy Place]
[10:12:00] [Server thread/WARN] [minecraft/ServerLevel]: Tried to add entity the_anomaly:anomaly_viewer but it was marked as removed already
[10:12:03] [Server thread/WARN] [minecraft/ServerLevel]: Tried to add entity the_anomaly:anomaly_viewer but it was marked as removed already
[10:12:03] [Server thread/WARN] [minecraft/ServerLevel]: Tried to add entity the_anomaly:anomaly_escape but it was marked as removed already
[10:12:03] [Server thread/WARN] [minecraft/ServerLevel]: Tried to add entity the_anomaly:anomaly_escape but it was marked as removed already
[10:12:04] [Server thread/WARN] [minecraft/ServerLevel]: Tried to add entity the_anomaly:anomaly_escape but it was marked as removed already
[10:12:04] [Server thread/WARN] [minecraft/ServerLevel]: Tried to add entity the_anomaly:anomaly_viewer but it was marked as removed already
[10:12:05] [Server thread/WARN] [minecraft/ServerLevel]: Tried to add entity the_anomaly:anomaly_escape but it was marked as removed already
[10:12:05] [Server thread/WARN] [minecraft/ServerLevel]: Tried to add entity the_anomaly:anomaly_trap but it was marked as removed already
[10:12:05] [Server thread/WARN] [minecraft/ServerLevel]: Tried to add entity the_anomaly:anomaly_viewer but it was marked as removed already
[10:12:05] [Server thread/WARN] [minecraft/ServerLevel]: Tried to add entity the_anomaly:anomaly_viewer but it was marked as removed already
[10:12:05] [Server thread/WARN] [minecraft/ServerLevel]: Tried to add entity the_anomaly:anomaly_trap but it was marked as removed already
[10:12:11] [Server thread/WARN] [minecraft/ServerLevel]: Tried to add entity the_anomaly:anomaly_trap but it was marked as removed already
[10:12:12] [Server thread/WARN] [minecraft/ServerLevel]: Tried to add entity the_anomaly:anomaly_escape but it was marked as removed already
[10:12:12] [Server thread/WARN] [minecraft/ServerLevel]: Tried to add entity the_anomaly:anomaly_trap but it was marked as removed already
[10:12:12] [Server thread/WARN] [minecraft/ServerLevel]: Tried to add entity the_anomaly:anomaly_trap but it was marked as removed already
[10:12:19] [Server thread/WARN] [minecraft/ServerLevel]: Tried to add entity the_anomaly:anomaly_trap but it was marked as removed already
[10:12:19] [Server thread/WARN] [minecraft/ServerLevel]: Tried to add entity the_anomaly:anomaly_viewer but it was marked as removed already
[10:12:19] [Server thread/WARN] [minecraft/ServerLevel]: Tried to add entity the_anomaly:anomaly_trap but it was marked as removed already
[10:12:20] [Server thread/WARN] [minecraft/ServerLevel]: Tried to add entity the_anomaly:anomaly_trap but it was marked as removed already
[10:12:23] [Server thread/WARN] [minecraft/ServerLevel]: Tried to add entity the_anomaly:anomaly_escape but it was marked as removed already
[10:12:25] [Server thread/WARN] [minecraft/ServerLevel]: Tried to add entity the_anomaly:anomaly_escape but it was marked as removed already
[10:12:25] [Server thread/WARN] [minecraft/ServerLevel]: Tried to add entity the_anomaly:anomaly_viewer but it was marked as removed already
[10:12:25] [Server thread/WARN] [minecraft/ServerLevel]: Tried to add entity the_anomaly:anomaly_trap but it was marked as removed already
[10:12:26] [Server thread/WARN] [minecraft/ServerLevel]: Tried to add entity the_anomaly:anomaly_viewer but it was marked as removed already
[10:12:26] [Server thread/WARN] [minecraft/ServerLevel]: Tried to add entity the_anomaly:anomaly_viewer but it was marked as removed already
[10:12:27] [Server thread/WARN] [minecraft/ServerLevel]: Tried to add entity the_anomaly:anomaly_trap but it was marked as removed already
[10:12:27] [Server thread/WARN] [minecraft/ServerLevel]: Tried to add entity the_anomaly:anomaly_escape but it was marked as removed already
[10:12:27] [Server thread/WARN] [minecraft/ServerLevel]: Tried to add entity the_anomaly:anomaly_trap but it was marked as removed already
[10:12:27] [Server thread/WARN] [minecraft/ServerLevel]: Tried to add entity the_anomaly:anomaly_viewer but it was marked as removed already
[10:12:27] [Server thread/WARN] [minecraft/ServerLevel]: Tried to add entity the_anomaly:anomaly_escape but it was marked as removed already
[10:12:30] [Server thread/WARN] [minecraft/ServerLevel]: Tried to add entity the_anomaly:anomaly_escape but it was marked as removed already
[10:12:33] [Server thread/WARN] [minecraft/ServerLevel]: Tried to add entity the_anomaly:anomaly_viewer but it was marked as removed already
[10:12:34] [Server thread/WARN] [minecraft/ServerLevel]: Tried to add entity the_anomaly:anomaly_escape but it was marked as removed already
[10:12:35] [Server thread/WARN] [minecraft/ServerLevel]: Tried to add entity the_anomaly:anomaly_viewer but it was marked as removed already
[10:12:35] [Server thread/WARN] [minecraft/ServerLevel]: Tried to add entity the_anomaly:anomaly_trap but it was marked as removed already
[10:12:36] [Server thread/WARN] [minecraft/ServerLevel]: Tried to add entity the_anomaly:anomaly_viewer but it was marked as removed already
[10:12:36] [Server thread/WARN] [minecraft/ServerLevel]: Tried to add entity the_anomaly:anomaly_trap but it was marked as removed already
[10:12:37] [Server thread/WARN] [minecraft/ServerLevel]: Tried to add entity the_anomaly:anomaly_trap but it was marked as removed already
[10:12:38] [Server thread/WARN] [minecraft/ServerLevel]: Tried to add entity the_anomaly:anomaly_trap but it was marked as removed already
[10:12:57] [Server thread/WARN] [minecraft/ServerLevel]: Tried to add entity the_anomaly:anomaly_escape but it was marked as removed already
[10:12:57] [Server thread/WARN] [minecraft/ServerLevel]: Tried to add entity the_anomaly:anomaly_trap but it was marked as removed already
[10:12:58] [Server thread/WARN] [minecraft/ServerLevel]: Tried to add entity the_anomaly:anomaly_trap but it was marked as removed already
[10:12:58] [Server thread/WARN] [minecraft/ServerLevel]: Tried to add entity the_anomaly:anomaly_viewer but it was marked as removed already
[10:13:00] [Server thread/INFO] [minecraft/MinecraftServer]: [Not Secure] <gamerku> a
[10:13:13] [Server thread/WARN] [minecraft/ServerLevel]: Tried to add entity the_anomaly:anomaly_viewer but it was marked as removed already
[10:13:17] [Server thread/WARN] [minecraft/ServerLevel]: Tried to add entity the_anomaly:anomaly_trap but it was marked as removed already
[10:13:17] [Server thread/WARN] [minecraft/ServerLevel]: Tried to add entity the_anomaly:anomaly_escape but it was marked as removed already
[10:13:18] [Server thread/WARN] [minecraft/ServerLevel]: Tried to add entity the_anomaly:anomaly_viewer but it was marked as removed already
[10:13:19] [Server thread/WARN] [minecraft/ServerLevel]: Tried to add entity the_anomaly:anomaly_viewer but it was marked as removed already
[10:13:19] [Server thread/WARN] [minecraft/ServerLevel]: Tried to add entity the_anomaly:anomaly_trap but it was marked as removed already
[10:13:19] [Server thread/WARN] [minecraft/ServerLevel]: Tried to add entity the_anomaly:anomaly_viewer but it was marked as removed already
[10:13:20] [Server thread/WARN] [minecraft/ServerLevel]: Tried to add entity the_anomaly:anomaly_trap but it was marked as removed already
[10:13:20] [Server thread/WARN] [minecraft/ServerLevel]: Tried to add entity the_anomaly:anomaly_trap but it was marked as removed already
[10:13:20] [Server thread/WARN] [minecraft/ServerLevel]: Tried to add entity the_anomaly:anomaly_viewer but it was marked as removed already
[10:13:20] [Server thread/WARN] [minecraft/ServerLevel]: Tried to add entity the_anomaly:anomaly_trap but it was marked as removed already
[10:13:20] [Server thread/WARN] [minecraft/ServerLevel]: Tried to add entity the_anomaly:anomaly_escape but it was marked as removed already
[10:13:23] [Server thread/WARN] [minecraft/ServerLevel]: Tried to add entity the_anomaly:anomaly_viewer but it was marked as removed already
[10:13:23] [Server thread/WARN] [minecraft/ServerLevel]: Tried to add entity the_anomaly:anomaly_trap but it was marked as removed already
[10:13:23] [Server thread/WARN] [minecraft/ServerLevel]: Tried to add entity the_anomaly:anomaly_viewer but it was marked as removed already
[10:13:23] [Server thread/WARN] [minecraft/ServerLevel]: Tried to add entity the_anomaly:anomaly_trap but it was marked as removed already
[10:13:23] [Server thread/WARN] [minecraft/ServerLevel]: Tried to add entity the_anomaly:anomaly_trap but it was marked as removed already
[10:13:24] [Server thread/WARN] [minecraft/ServerLevel]: Tried to add entity the_anomaly:anomaly_viewer but it was marked as removed already
[10:13:26] [Server thread/WARN] [minecraft/ServerLevel]: Tried to add entity the_anomaly:anomaly_escape but it was marked as removed already
[10:13:26] [Server thread/WARN] [minecraft/ServerLevel]: Tried to add entity the_anomaly:anomaly_trap but it was marked as removed already
[10:13:26] [Server thread/WARN] [minecraft/ServerLevel]: Tried to add entity the_anomaly:anomaly_viewer but it was marked as removed already
[10:13:26] [Server thread/WARN] [minecraft/ServerLevel]: Tried to add entity the_anomaly:anomaly_viewer but it was marked as removed already
[10:13:26] [Server thread/WARN] [minecraft/ServerLevel]: Tried to add entity the_anomaly:anomaly_viewer but it was marked as removed already
[10:13:26] [Server thread/WARN] [minecraft/ServerLevel]: Tried to add entity the_anomaly:anomaly_escape but it was marked as removed already
[10:13:26] [Server thread/WARN] [minecraft/ServerLevel]: Tried to add entity the_anomaly:anomaly_viewer but it was marked as removed already
[10:13:26] [Server thread/WARN] [minecraft/ServerLevel]: Tried to add entity the_anomaly:anomaly_escape but it was marked as removed already
[10:13:26] [Server thread/WARN] [minecraft/ServerLevel]: Tried to add entity the_anomaly:anomaly_trap but it was marked as removed already
[10:13:27] [Server thread/WARN] [minecraft/ServerLevel]: Tried to add entity the_anomaly:anomaly_trap but it was marked as removed already
[10:13:30] [Server thread/WARN] [minecraft/ServerLevel]: Tried to add entity the_anomaly:anomaly_trap but it was marked as removed already
[10:13:30] [Server thread/WARN] [minecraft/ServerLevel]: Tried to add entity the_anomaly:anomaly_trap but it was marked as removed already
[10:13:30] [Server thread/WARN] [minecraft/ServerLevel]: Tried to add entity the_anomaly:anomaly_viewer but it was marked as removed already
[10:13:30] [Server thread/WARN] [minecraft/ServerLevel]: Tried to add entity the_anomaly:anomaly_viewer but it was marked as removed already
[10:13:32] [Server thread/WARN] [minecraft/ServerLevel]: Tried to add entity the_anomaly:anomaly_escape but it was marked as removed already
[10:13:32] [Server thread/WARN] [minecraft/ServerLevel]: Tried to add entity the_anomaly:anomaly_viewer but it was marked as removed already
[10:13:32] [Server thread/WARN] [minecraft/ServerLevel]: Tried to add entity the_anomaly:anomaly_viewer but it was marked as removed already
[10:13:42] [Server thread/WARN] [minecraft/ServerLevel]: Tried to add entity the_anomaly:anomaly_trap but it was marked as removed already
[10:13:50] [Server thread/WARN] [minecraft/ServerLevel]: Tried to add entity the_anomaly:anomaly_escape but it was marked as removed already
[10:13:50] [Server thread/WARN] [minecraft/ServerLevel]: Tried to add entity the_anomaly:anomaly_escape but it was marked as removed already
[10:14:02] [Server thread/WARN] [minecraft/ServerLevel]: Tried to add entity the_anomaly:anomaly_trap but it was marked as removed already
[10:14:11] [Server thread/WARN] [minecraft/ServerLevel]: Tried to add entity the_anomaly:anomaly_trap but it was marked as removed already
[10:14:15] [Server thread/WARN] [minecraft/ServerLevel]: Tried to add entity the_anomaly:anomaly_viewer but it was marked as removed already
[10:14:15] [Server thread/WARN] [minecraft/ServerLevel]: Tried to add entity the_anomaly:anomaly_trap but it was marked as removed already
[10:14:19] [Server thread/WARN] [minecraft/ServerLevel]: Tried to add entity the_anomaly:anomaly_trap but it was marked as removed already
[10:14:20] [Server thread/WARN] [minecraft/ServerLevel]: Tried to add entity the_anomaly:anomaly_trap but it was marked as removed already
[10:14:20] [Server thread/WARN] [minecraft/ServerLevel]: Tried to add entity the_anomaly:anomaly_viewer but it was marked as removed already
[10:14:22] [Server thread/WARN] [minecraft/ServerLevel]: Tried to add entity the_anomaly:anomaly_viewer but it was marked as removed already
[10:14:23] [Server thread/WARN] [minecraft/ServerLevel]: Tried to add entity the_anomaly:anomaly_escape but it was marked as removed already
[10:14:23] [Server thread/WARN] [minecraft/ServerLevel]: Tried to add entity the_anomaly:anomaly_trap but it was marked as removed already
[10:14:23] [Server thread/WARN] [minecraft/ServerLevel]: Tried to add entity the_anomaly:anomaly_trap but it was marked as removed already
[10:14:23] [Server thread/WARN] [minecraft/ServerLevel]: Tried to add entity the_anomaly:anomaly_viewer but it was marked as removed already
[10:14:24] [Server thread/WARN] [minecraft/ServerLevel]: Tried to add entity the_anomaly:anomaly_escape but it was marked as removed already
[10:14:24] [Server thread/WARN] [minecraft/ServerLevel]: Tried to add entity the_anomaly:anomaly_viewer but it was marked as removed already
[10:14:29] [Server thread/WARN] [minecraft/ServerPlayerGameMode]: Mismatch in destroy block pos: BlockPos{x=-267, y=61, z=-43} BlockPos{x=-267, y=60, z=-43}
[10:14:30] [Server thread/WARN] [minecraft/ServerLevel]: Tried to add entity the_anomaly:anomaly_escape but it was marked as removed already
[10:14:30] [Server thread/WARN] [minecraft/ServerLevel]: Tried to add entity the_anomaly:anomaly_escape but it was marked as removed already
[10:14:30] [Server thread/WARN] [minecraft/ServerLevel]: Tried to add entity the_anomaly:anomaly_trap but it was marked as removed already
[10:14:31] [Server thread/WARN] [minecraft/ServerLevel]: Tried to add entity the_anomaly:anomaly_trap but it was marked as removed already
[10:14:31] [Server thread/INFO] [minecraft/MinecraftServer]: I'm watching you
[10:14:34] [Server thread/WARN] [minecraft/ServerLevel]: Tried to add entity the_anomaly:anomaly_viewer but it was marked as removed already
[10:14:34] [Server thread/WARN] [minecraft/ServerLevel]: Tried to add entity the_anomaly:anomaly_escape but it was marked as removed already
[10:14:34] [Server thread/WARN] [minecraft/ServerLevel]: Tried to add entity the_anomaly:anomaly_trap but it was marked as removed already
[10:14:35] [Server thread/WARN] [minecraft/ServerLevel]: Tried to add entity the_anomaly:anomaly_viewer but it was marked as removed already
[10:14:36] [Server thread/WARN] [minecraft/ServerLevel]: Tried to add entity the_anomaly:anomaly_viewer but it was marked as removed already
[10:14:38] [Server thread/WARN] [minecraft/ServerLevel]: Tried to add entity the_anomaly:anomaly_escape but it was marked as removed already
[10:14:43] [Server thread/INFO] [minecraft/ServerGamePacketListenerImpl]: gamerku lost connection: Disconnected
[10:14:43] [Server thread/INFO] [minecraft/MinecraftServer]: gamerku left the game
[10:14:43] [Server thread/WARN] [minecraft/ServerLevel]: Tried to add entity the_anomaly:anomaly_escape but it was marked as removed already
[10:14:44] [Server thread/WARN] [minecraft/ServerLevel]: Tried to add entity the_anomaly:anomaly_trap but it was marked as removed already
[10:14:44] [Server thread/WARN] [minecraft/ServerLevel]: Tried to add entity the_anomaly:anomaly_viewer but it was marked as removed already
[10:14:44] [Server thread/WARN] [minecraft/ServerLevel]: Tried to add entity the_anomaly:anomaly_escape but it was marked as removed already
[10:14:45] [Server thread/WARN] [minecraft/ServerLevel]: Tried to add entity the_anomaly:anomaly_viewer but it was marked as removed already
[10:14:45] [Server thread/WARN] [minecraft/ServerLevel]: Tried to add entity the_anomaly:anomaly_escape but it was marked as removed already
[10:14:45] [Server thread/WARN] [minecraft/ServerLevel]: Tried to add entity the_anomaly:anomaly_escape but it was marked as removed already
[10:14:45] [Server thread/WARN] [minecraft/ServerLevel]: Tried to add entity the_anomaly:anomaly_viewer but it was marked as removed already
[10:14:46] [Server thread/WARN] [minecraft/ServerLevel]: Tried to add entity the_anomaly:anomaly_escape but it was marked as removed already
[10:14:46] [Server thread/WARN] [minecraft/ServerLevel]: Tried to add entity the_anomaly:anomaly_viewer but it was marked as removed already
[10:14:46] [Server thread/WARN] [minecraft/ServerLevel]: Tried to add entity the_anomaly:anomaly_escape but it was marked as removed already
[10:14:47] [Server thread/WARN] [minecraft/ServerLevel]: Tried to add entity the_anomaly:anomaly_escape but it was marked as removed already
[10:14:49] [Server thread/WARN] [minecraft/ServerLevel]: Tried to add entity the_anomaly:anomaly_escape but it was marked as removed already
[10:14:49] [Server thread/WARN] [minecraft/ServerLevel]: Tried to add entity the_anomaly:anomaly_trap but it was marked as removed already
[10:14:49] [Server thread/WARN] [minecraft/ServerLevel]: Tried to add entity the_anomaly:anomaly_viewer but it was marked as removed already
[10:14:49] [Server thread/WARN] [minecraft/ServerLevel]: Tried to add entity the_anomaly:anomaly_viewer but it was marked as removed already
[10:14:49] [Server thread/WARN] [minecraft/ServerLevel]: Tried to add entity the_anomaly:anomaly_escape but it was marked as removed already
[10:14:49] [Server thread/WARN] [minecraft/ServerLevel]: Tried to add entity the_anomaly:anomaly_escape but it was marked as removed already
[10:14:49] [Server thread/WARN] [minecraft/ServerLevel]: Tried to add entity the_anomaly:anomaly_escape but it was marked as removed already
[10:14:50] [Server thread/WARN] [minecraft/ServerLevel]: Tried to add entity the_anomaly:anomaly_viewer but it was marked as removed already
[10:14:50] [Server thread/WARN] [minecraft/ServerLevel]: Tried to add entity the_anomaly:anomaly_viewer but it was marked as removed already
[10:14:50] [Server thread/WARN] [minecraft/ServerLevel]: Tried to add entity the_anomaly:anomaly_viewer but it was marked as removed already
[10:14:50] [Server thread/WARN] [minecraft/ServerLevel]: Tried to add entity the_anomaly:anomaly_viewer but it was marked as removed already
[10:14:50] [Server thread/WARN] [minecraft/ServerLevel]: Tried to add entity the_anomaly:anomaly_escape but it was marked as removed already
[10:14:50] [Server thread/WARN] [minecraft/ServerLevel]: Tried to add entity the_anomaly:anomaly_viewer but it was marked as removed already
[10:14:51] [Server thread/WARN] [minecraft/ServerLevel]: Tried to add entity the_anomaly:anomaly_trap but it was marked as removed already
[10:14:51] [Server thread/WARN] [minecraft/ServerLevel]: Tried to add entity the_anomaly:anomaly_viewer but it was marked as removed already
[10:14:51] [Server thread/WARN] [minecraft/ServerLevel]: Tried to add entity the_anomaly:anomaly_viewer but it was marked as removed already
[10:14:52] [Server thread/WARN] [minecraft/ServerLevel]: Tried to add entity the_anomaly:anomaly_trap but it was marked as removed already
[10:14:52] [Server thread/WARN] [minecraft/ServerLevel]: Tried to add entity the_anomaly:anomaly_escape but it was marked as removed already
[10:14:52] [Server thread/WARN] [minecraft/ServerLevel]: Tried to add entity the_anomaly:anomaly_trap but it was marked as removed already
[10:14:54] [Server thread/WARN] [minecraft/ServerLevel]: Tried to add entity the_anomaly:anomaly_escape but it was marked as removed already
[10:14:54] [Server thread/WARN] [minecraft/ServerLevel]: Tried to add entity the_anomaly:anomaly_escape but it was marked as removed already
[10:14:55] [Server thread/WARN] [minecraft/ServerLevel]: Tried to add entity the_anomaly:anomaly_viewer but it was marked as removed already
[10:14:55] [Server thread/WARN] [minecraft/ServerLevel]: Tried to add entity the_anomaly:anomaly_viewer but it was marked as removed already
[10:14:55] [Server thread/WARN] [minecraft/ServerLevel]: Tried to add entity the_anomaly:anomaly_escape but it was marked as removed already
[10:14:55] [Server thread/WARN] [minecraft/ServerLevel]: Tried to add entity the_anomaly:anomaly_escape but it was marked as removed already
[10:14:55] [Server thread/WARN] [minecraft/ServerLevel]: Tried to add entity the_anomaly:anomaly_trap but it was marked as removed already
[10:14:56] [Server thread/WARN] [minecraft/ServerLevel]: Tried to add entity the_anomaly:anomaly_trap but it was marked as removed already
[10:14:57] [Server thread/WARN] [minecraft/ServerLevel]: Tried to add entity the_anomaly:anomaly_escape but it was marked as removed already
[10:14:57] [Server thread/WARN] [minecraft/ServerLevel]: Tried to add entity the_anomaly:anomaly_trap but it was marked as removed already
[10:14:57] [Server thread/WARN] [minecraft/ServerLevel]: Tried to add entity the_anomaly:anomaly_escape but it was marked as removed already
[10:14:57] [Server thread/WARN] [minecraft/ServerLevel]: Tried to add entity the_anomaly:anomaly_escape but it was marked as removed already
[10:14:58] [Server thread/WARN] [minecraft/ServerLevel]: Tried to add entity the_anomaly:anomaly_trap but it was marked as removed already
[10:14:58] [Server thread/WARN] [minecraft/ServerLevel]: Tried to add entity the_anomaly:anomaly_escape but it was marked as removed already
[10:14:58] [Server thread/WARN] [minecraft/ServerLevel]: Tried to add entity the_anomaly:anomaly_escape but it was marked as removed already
[10:14:58] [Server thread/WARN] [minecraft/ServerLevel]: Tried to add entity the_anomaly:anomaly_viewer but it was marked as removed already
[10:14:58] [Server thread/WARN] [minecraft/ServerLevel]: Tried to add entity the_anomaly:anomaly_trap but it was marked as removed already
[10:15:03] [Server thread/WARN] [minecraft/ServerLevel]: Tried to add entity the_anomaly:anomaly_trap but it was marked as removed already
[10:15:05] [Server thread/WARN] [minecraft/ServerLevel]: Tried to add entity the_anomaly:anomaly_escape but it was marked as removed already
[10:15:07] [Server thread/WARN] [minecraft/ServerLevel]: Tried to add entity the_anomaly:anomaly_escape but it was marked as removed already
[10:15:07] [Server thread/WARN] [minecraft/ServerLevel]: Tried to add entity the_anomaly:anomaly_trap but it was marked as removed already
[10:15:09] [Server thread/WARN] [minecraft/ServerLevel]: Tried to add entity the_anomaly:anomaly_escape but it was marked as removed already
[10:15:09] [Server thread/WARN] [minecraft/ServerLevel]: Tried to add entity the_anomaly:anomaly_trap but it was marked as removed already
[10:15:09] [Server thread/WARN] [minecraft/ServerLevel]: Tried to add entity the_anomaly:anomaly_escape but it was marked as removed already
[10:15:10] [Server thread/WARN] [minecraft/ServerLevel]: Tried to add entity the_anomaly:anomaly_escape but it was marked as removed already
[10:15:10] [Server thread/WARN] [minecraft/ServerLevel]: Tried to add entity the_anomaly:anomaly_trap but it was marked as removed already
[10:15:10] [Server thread/WARN] [minecraft/ServerLevel]: Tried to add entity the_anomaly:anomaly_trap but it was marked as removed already
[10:15:10] [Server thread/WARN] [minecraft/ServerLevel]: Tried to add entity the_anomaly:anomaly_viewer but it was marked as removed already
[10:15:10] [Server thread/WARN] [minecraft/ServerLevel]: Tried to add entity the_anomaly:anomaly_escape but it was marked as removed already
[10:15:10] [Server thread/WARN] [minecraft/ServerLevel]: Tried to add entity the_anomaly:anomaly_escape but it was marked as removed already
[10:15:10] [Server thread/WARN] [minecraft/ServerLevel]: Tried to add entity the_anomaly:anomaly_escape but it was marked as removed already
[10:15:13] [Server thread/WARN] [minecraft/ServerLevel]: Tried to add entity the_anomaly:anomaly_trap but it was marked as removed already
[10:15:13] [Server thread/WARN] [minecraft/ServerLevel]: Tried to add entity the_anomaly:anomaly_escape but it was marked as removed already
[10:15:13] [Server thread/WARN] [minecraft/ServerLevel]: Tried to add entity the_anomaly:anomaly_trap but it was marked as removed already
[10:15:13] [Server thread/WARN] [minecraft/ServerLevel]: Tried to add entity the_anomaly:anomaly_viewer but it was marked as removed already
[10:15:13] [Server thread/WARN] [minecraft/ServerLevel]: Tried to add entity the_anomaly:anomaly_trap but it was marked as removed already
[10:15:13] [Server thread/WARN] [minecraft/ServerLevel]: Tried to add entity the_anomaly:anomaly_trap but it was marked as removed already
[10:15:13] [Server thread/WARN] [minecraft/ServerLevel]: Tried to add entity the_anomaly:anomaly_viewer but it was marked as removed already
[10:15:13] [Server thread/WARN] [minecraft/ServerLevel]: Tried to add entity the_anomaly:anomaly_escape but it was marked as removed already
[10:15:13] [Server thread/WARN] [minecraft/ServerLevel]: Tried to add entity the_anomaly:anomaly_trap but it was marked as removed already
[10:15:13] [Server thread/WARN] [minecraft/ServerLevel]: Tried to add entity the_anomaly:anomaly_trap but it was marked as removed already
[10:15:18] [Server thread/WARN] [minecraft/ServerLevel]: Tried to add entity the_anomaly:anomaly_escape but it was marked as removed already
[10:15:20] [Server thread/WARN] [minecraft/ServerLevel]: Tried to add entity the_anomaly:anomaly_trap but it was marked as removed already
[10:15:21] [Server thread/WARN] [minecraft/ServerLevel]: Tried to add entity the_anomaly:anomaly_trap but it was marked as removed already
[10:15:25] [Server thread/WARN] [minecraft/ServerLevel]: Tried to add entity the_anomaly:anomaly_trap but it was marked as removed already
[10:15:25] [Server thread/WARN] [minecraft/ServerLevel]: Tried to add entity the_anomaly:anomaly_escape but it was marked as removed already
[10:15:29] [Server thread/WARN] [minecraft/ServerLevel]: Tried to add entity the_anomaly:anomaly_viewer but it was marked as removed already
[10:15:29] [Server thread/WARN] [minecraft/ServerLevel]: Tried to add entity the_anomaly:anomaly_trap but it was marked as removed already
[10:15:33] [Server thread/INFO] [minecraft/MinecraftServer]: Achbar has completed the challenge [Back To Hell]
[10:15:33] [Server thread/WARN] [minecraft/ServerLevel]: Tried to add entity the_anomaly:anomaly_escape but it was marked as removed already
[10:15:33] [Server thread/WARN] [minecraft/ServerLevel]: Tried to add entity the_anomaly:anomaly_escape but it was marked as removed already
[10:15:35] [Server thread/WARN] [minecraft/ServerLevel]: Tried to add entity the_anomaly:anomaly_viewer but it was marked as removed already
[10:15:38] [Server thread/WARN] [minecraft/ServerLevel]: Tried to add entity the_anomaly:anomaly_viewer but it was marked as removed already
[10:15:41] [Server thread/WARN] [minecraft/ServerLevel]: Tried to add entity the_anomaly:anomaly_trap but it was marked as removed already
[10:15:43] [Server thread/WARN] [minecraft/ServerLevel]: Tried to add entity the_anomaly:anomaly_viewer but it was marked as removed already
[10:15:43] [Server thread/WARN] [minecraft/ServerLevel]: Tried to add entity the_anomaly:anomaly_escape but it was marked as removed already
[10:15:43] [Server thread/WARN] [minecraft/ServerLevel]: Tried to add entity the_anomaly:anomaly_viewer but it was marked as removed already
[10:15:43] [Server thread/WARN] [minecraft/ServerLevel]: Tried to add entity the_anomaly:anomaly_escape but it was marked as removed already
[10:15:43] [Server thread/WARN] [minecraft/ServerLevel]: Tried to add entity the_anomaly:anomaly_escape but it was marked as removed already
[10:15:43] [Server thread/WARN] [minecraft/ServerLevel]: Tried to add entity the_anomaly:anomaly_escape but it was marked as removed already
[10:15:43] [Server thread/WARN] [minecraft/ServerLevel]: Tried to add entity the_anomaly:anomaly_trap but it was marked as removed already
[10:15:43] [Server thread/WARN] [minecraft/ServerLevel]: Tried to add entity the_anomaly:anomaly_trap but it was marked as removed already
[10:15:43] [Server thread/WARN] [minecraft/ServerLevel]: Tried to add entity the_anomaly:anomaly_viewer but it was marked as removed already
[10:15:43] [Server thread/WARN] [minecraft/ServerLevel]: Tried to add entity the_anomaly:anomaly_viewer but it was marked as removed already
[10:15:43] [Server thread/WARN] [minecraft/ServerLevel]: Tried to add entity the_anomaly:anomaly_trap but it was marked as removed already
[10:15:44] [Server thread/WARN] [minecraft/ServerLevel]: Tried to add entity the_anomaly:anomaly_trap but it was marked as removed already
[10:15:45] [Server thread/WARN] [minecraft/ServerLevel]: Tried to add entity the_anomaly:anomaly_escape but it was marked as removed already
[10:15:46] [Server thread/WARN] [minecraft/ServerLevel]: Tried to add entity the_anomaly:anomaly_escape but it was marked as removed already
[10:15:46] [Server thread/WARN] [minecraft/ServerLevel]: Tried to add entity the_anomaly:anomaly_escape but it was marked as removed already
[10:15:46] [Server thread/WARN] [minecraft/ServerLevel]: Tried to add entity the_anomaly:anomaly_trap but it was marked as removed already
[10:15:46] [Server thread/WARN] [minecraft/ServerLevel]: Tried to add entity the_anomaly:anomaly_escape but it was marked as removed already
[10:15:50] [Server thread/WARN] [minecraft/ServerLevel]: Tried to add entity the_anomaly:anomaly_escape but it was marked as removed already
[10:15:50] [Server thread/WARN] [minecraft/ServerLevel]: Tried to add entity the_anomaly:anomaly_escape but it was marked as removed already
[10:15:53] [Server thread/WARN] [minecraft/ServerLevel]: Tried to add entity the_anomaly:anomaly_viewer but it was marked as removed already
[10:15:53] [Server thread/WARN] [minecraft/ServerLevel]: Tried to add entity the_anomaly:anomaly_escape but it was marked as removed already
[10:15:53] [Server thread/WARN] [minecraft/ServerLevel]: Tried to add entity the_anomaly:anomaly_viewer but it was marked as removed already
[10:15:53] [Server thread/WARN] [minecraft/ServerLevel]: Tried to add entity the_anomaly:anomaly_trap but it was marked as removed already
[10:15:56] [Server thread/WARN] [minecraft/ServerLevel]: Tried to add entity the_anomaly:anomaly_escape but it was marked as removed already
[10:15:58] [Server thread/WARN] [minecraft/ServerLevel]: Tried to add entity the_anomaly:anomaly_escape but it was marked as removed already
[10:15:58] [Server thread/WARN] [minecraft/ServerLevel]: Tried to add entity the_anomaly:anomaly_escape but it was marked as removed already
[10:15:59] [Server thread/WARN] [minecraft/ServerLevel]: Tried to add entity the_anomaly:anomaly_trap but it was marked as removed already
[10:16:00] [Server thread/INFO] [ne.mi.co.AdvancementLoadFix/]: Using new advancement loading for net.minecraft.server.PlayerAdvancements@3bef8b3f
[10:16:00] [Server thread/INFO] [minecraft/PlayerList]: gamerku[/127.250.108.122:56405] logged in with entity id 10646 at (-266.306383784327, 61.0, -42.30000001192093)
[10:16:00] [Server thread/INFO] [minecraft/MinecraftServer]: gamerku joined the game
[10:16:00] [Server thread/INFO] [minecraft/MinecraftServer]: Behave yourself
[10:16:02] [Server thread/WARN] [minecraft/ServerLevel]: Tried to add entity the_anomaly:anomaly_viewer but it was marked as removed already
[10:16:02] [Server thread/WARN] [minecraft/ServerLevel]: Tried to add entity the_anomaly:anomaly_viewer but it was marked as removed already
[10:16:02] [Server thread/WARN] [minecraft/ServerLevel]: Tried to add entity the_anomaly:anomaly_trap but it was marked as removed already
[10:16:03] [Server thread/WARN] [minecraft/ServerLevel]: Tried to add entity the_anomaly:anomaly_trap but it was marked as removed already
[10:16:03] [Server thread/WARN] [minecraft/ServerLevel]: Tried to add entity the_anomaly:anomaly_viewer but it was marked as removed already
[10:16:03] [Server thread/WARN] [minecraft/ServerLevel]: Tried to add entity the_anomaly:anomaly_viewer but it was marked as removed already
[10:16:05] [Server thread/INFO] [minecraft/MinecraftServer]: gamerku drowned
[10:16:07] [Server thread/WARN] [minecraft/ServerLevel]: Tried to add entity the_anomaly:anomaly_trap but it was marked as removed already
[10:16:07] [Server thread/WARN] [minecraft/ServerLevel]: Tried to add entity the_anomaly:anomaly_trap but it was marked as removed already
[10:16:07] [Server thread/WARN] [minecraft/ServerLevel]: Tried to add entity the_anomaly:anomaly_viewer but it was marked as removed already
[10:16:07] [Server thread/WARN] [minecraft/ServerLevel]: Tried to add entity the_anomaly:anomaly_escape but it was marked as removed already
[10:16:07] [Server thread/WARN] [minecraft/ServerLevel]: Tried to add entity the_anomaly:anomaly_escape but it was marked as removed already
[10:16:08] [Server thread/WARN] [minecraft/ServerLevel]: Tried to add entity the_anomaly:anomaly_trap but it was marked as removed already
[10:16:08] [Server thread/WARN] [minecraft/ServerLevel]: Tried to add entity the_anomaly:anomaly_viewer but it was marked as removed already
[10:16:08] [Server thread/WARN] [minecraft/ServerLevel]: Tried to add entity the_anomaly:anomaly_escape but it was marked as removed already
[10:16:09] [Server thread/WARN] [minecraft/ServerLevel]: Tried to add entity the_anomaly:anomaly_trap but it was marked as removed already
[10:16:09] [Server thread/WARN] [minecraft/ServerLevel]: Tried to add entity the_anomaly:anomaly_escape but it was marked as removed already
[10:16:23] [Server thread/WARN] [minecraft/ServerLevel]: Tried to add entity the_anomaly:anomaly_viewer but it was marked as removed already
[10:16:24] [Server thread/WARN] [minecraft/ServerLevel]: Tried to add entity the_anomaly:anomaly_viewer but it was marked as removed already
[10:16:28] [Server thread/WARN] [minecraft/ServerLevel]: Tried to add entity the_anomaly:anomaly_viewer but it was marked as removed already
[10:16:37] [Server thread/WARN] [minecraft/ServerLevel]: Tried to add entity the_anomaly:anomaly_viewer but it was marked as removed already
[10:16:37] [Server thread/WARN] [minecraft/ServerLevel]: Tried to add entity the_anomaly:anomaly_viewer but it was marked as removed already
[10:16:39] [Server thread/WARN] [minecraft/ServerLevel]: Tried to add entity the_anomaly:anomaly_escape but it was marked as removed already
[10:16:40] [Server thread/WARN] [minecraft/ServerLevel]: Tried to add entity the_anomaly:anomaly_escape but it was marked as removed already
[10:16:43] [Server thread/WARN] [minecraft/ServerLevel]: Tried to add entity the_anomaly:anomaly_viewer but it was marked as removed already
[10:16:52] [Server thread/WARN] [minecraft/ServerLevel]: Tried to add entity the_anomaly:anomaly_trap but it was marked as removed already
[10:16:53] [Server thread/WARN] [minecraft/ServerLevel]: Tried to add entity the_anomaly:anomaly_viewer but it was marked as removed already
[10:16:53] [Server thread/WARN] [minecraft/ServerLevel]: Tried to add entity the_anomaly:anomaly_trap but it was marked as removed already
[10:16:56] [Server thread/WARN] [minecraft/ServerLevel]: Tried to add entity the_anomaly:anomaly_viewer but it was marked as removed already
[10:17:00] [Server thread/INFO] [minecraft/ServerGamePacketListenerImpl]: gamerku lost connection: Disconnected
[10:17:00] [Server thread/INFO] [minecraft/MinecraftServer]: gamerku left the game
[10:17:04] [Server thread/WARN] [minecraft/ServerLevel]: Tried to add entity the_anomaly:anomaly_viewer but it was marked as removed already
[10:17:04] [Server thread/WARN] [minecraft/ServerLevel]: Tried to add entity the_anomaly:anomaly_viewer but it was marked as removed already
[10:17:04] [Server thread/WARN] [minecraft/ServerLevel]: Tried to add entity the_anomaly:anomaly_escape but it was marked as removed already
[10:17:07] [Server thread/WARN] [minecraft/ServerLevel]: Tried to add entity the_anomaly:anomaly_escape but it was marked as removed already
[10:17:20] [Server thread/WARN] [minecraft/ServerLevel]: Tried to add entity the_anomaly:anomaly_viewer but it was marked as removed already
[10:17:20] [Server thread/WARN] [minecraft/ServerLevel]: Tried to add entity the_anomaly:anomaly_escape but it was marked as removed already
[10:17:26] [Server thread/WARN] [minecraft/ServerLevel]: Tried to add entity the_anomaly:anomaly_trap but it was marked as removed already
[10:17:26] [Server thread/WARN] [minecraft/ServerLevel]: Tried to add entity the_anomaly:anomaly_viewer but it was marked as removed already
[10:17:26] [Server thread/WARN] [minecraft/ServerLevel]: Tried to add entity the_anomaly:anomaly_trap but it was marked as removed already
[10:17:30] [Server thread/WARN] [minecraft/ServerLevel]: Tried to add entity the_anomaly:anomaly_viewer but it was marked as removed already
[10:17:37] [Server thread/WARN] [minecraft/ServerLevel]: Tried to add entity the_anomaly:anomaly_escape but it was marked as removed already
[10:17:37] [Server thread/WARN] [minecraft/ServerLevel]: Tried to add entity the_anomaly:anomaly_escape but it was marked as removed already
[10:17:37] [Server thread/INFO] [ne.mi.co.AdvancementLoadFix/]: Using new advancement loading for net.minecraft.server.PlayerAdvancements@72ff870b
[10:17:37] [Server thread/INFO] [minecraft/PlayerList]: gamerku[/127.163.95.26:53989] logged in with entity id 10927 at (-266.306383784327, 61.0, -42.30000001192093)
[10:17:37] [Server thread/INFO] [minecraft/MinecraftServer]: gamerku joined the game
[10:17:37] [Server thread/INFO] [minecraft/MinecraftServer]: Behave yourself
[10:17:41] [Server thread/WARN] [minecraft/ServerLevel]: Tried to add entity the_anomaly:anomaly_viewer but it was marked as removed already
[10:17:41] [Server thread/WARN] [minecraft/ServerLevel]: Tried to add entity the_anomaly:anomaly_escape but it was marked as removed already
[10:17:41] [Server thread/WARN] [minecraft/ServerLevel]: Tried to add entity the_anomaly:anomaly_escape but it was marked as removed already
[10:17:41] [Server thread/WARN] [minecraft/ServerLevel]: Tried to add entity the_anomaly:anomaly_viewer but it was marked as removed already
[10:17:41] [Server thread/WARN] [minecraft/ServerLevel]: Tried to add entity the_anomaly:anomaly_escape but it was marked as removed already
[10:17:41] [Server thread/WARN] [minecraft/ServerLevel]: Tried to add entity the_anomaly:anomaly_trap but it was marked as removed already
[10:17:41] [Server thread/WARN] [minecraft/ServerLevel]: Tried to add entity the_anomaly:anomaly_trap but it was marked as removed already
[10:17:41] [Server thread/WARN] [minecraft/ServerLevel]: Tried to add entity the_anomaly:anomaly_viewer but it was marked as removed already
[10:17:41] [Server thread/WARN] [minecraft/ServerLevel]: Tried to add entity the_anomaly:anomaly_trap but it was marked as removed already
[10:17:42] [Server thread/WARN] [minecraft/ServerLevel]: Tried to add entity the_anomaly:anomaly_escape but it was marked as removed already
[10:17:42] [Server thread/WARN] [minecraft/ServerLevel]: Tried to add entity the_anomaly:anomaly_trap but it was marked as removed already
[10:17:42] [Server thread/WARN] [minecraft/ServerLevel]: Tried to add entity the_anomaly:anomaly_viewer but it was marked as removed already
[10:17:42] [Server thread/WARN] [minecraft/ServerLevel]: Tried to add entity the_anomaly:anomaly_escape but it was marked as removed already
[10:17:42] [Server thread/WARN] [minecraft/ServerLevel]: Tried to add entity the_anomaly:anomaly_viewer but it was marked as removed already
[10:17:42] [Server thread/WARN] [minecraft/ServerLevel]: Tried to add entity the_anomaly:anomaly_trap but it was marked as removed already
[10:17:42] [Server thread/WARN] [minecraft/ServerLevel]: Tried to add entity the_anomaly:anomaly_trap but it was marked as removed already
[10:17:42] [Server thread/WARN] [minecraft/ServerLevel]: Tried to add entity the_anomaly:anomaly_viewer but it was marked as removed already
[10:17:42] [Server thread/WARN] [minecraft/ServerLevel]: Tried to add entity the_anomaly:anomaly_viewer but it was marked as removed already
[10:17:42] [Server thread/WARN] [minecraft/ServerLevel]: Tried to add entity the_anomaly:anomaly_viewer but it was marked as removed already
[10:17:42] [Server thread/WARN] [minecraft/ServerLevel]: Tried to add entity the_anomaly:anomaly_visitor_2 but it was marked as removed already
[10:17:42] [Server thread/WARN] [minecraft/ServerLevel]: Tried to add entity the_anomaly:anomaly_escape but it was marked as removed already
[10:17:42] [Server thread/WARN] [minecraft/ServerLevel]: Tried to add entity the_anomaly:anomaly_trap but it was marked as removed already
[10:17:42] [Server thread/WARN] [minecraft/ServerLevel]: Tried to add entity the_anomaly:anomaly_viewer but it was marked as removed already
[10:17:43] [Server thread/WARN] [minecraft/ServerLevel]: Tried to add entity the_anomaly:anomaly_viewer but it was marked as removed already
[10:17:43] [Server thread/WARN] [minecraft/ServerLevel]: Tried to add entity the_anomaly:anomaly_trap but it was marked as removed already
[10:17:43] [Server thread/WARN] [minecraft/ServerLevel]: Tried to add entity the_anomaly:anomaly_trap but it was marked as removed already
[10:17:43] [Server thread/WARN] [minecraft/ServerLevel]: Tried to add entity the_anomaly:anomaly_escape but it was marked as removed already
[10:17:43] [Server thread/WARN] [minecraft/ServerLevel]: Tried to add entity the_anomaly:anomaly_viewer but it was marked as removed already
[10:17:43] [Server thread/WARN] [minecraft/ServerLevel]: Tried to add entity the_anomaly:anomaly_viewer but it was marked as removed already
[10:17:43] [Server thread/WARN] [minecraft/ServerLevel]: Tried to add entity the_anomaly:anomaly_viewer but it was marked as removed already
[10:17:43] [Server thread/WARN] [minecraft/ServerLevel]: Tried to add entity the_anomaly:anomaly_escape but it was marked as removed already
[10:17:43] [Server thread/WARN] [minecraft/ServerLevel]: Tried to add entity the_anomaly:anomaly_viewer but it was marked as removed already
[10:17:43] [Server thread/WARN] [minecraft/ServerLevel]: Tried to add entity the_anomaly:anomaly_escape but it was marked as removed already
[10:17:43] [Server thread/WARN] [minecraft/ServerLevel]: Tried to add entity the_anomaly:anomaly_trap but it was marked as removed already
[10:17:43] [Server thread/WARN] [minecraft/ServerLevel]: Tried to add entity the_anomaly:anomaly_escape but it was marked as removed already
[10:17:44] [Server thread/WARN] [minecraft/ServerLevel]: Tried to add entity the_anomaly:anomaly_viewer but it was marked as removed already
[10:17:44] [Server thread/WARN] [minecraft/ServerLevel]: Tried to add entity the_anomaly:anomaly_trap but it was marked as removed already
[10:17:44] [Server thread/WARN] [minecraft/ServerLevel]: Tried to add entity the_anomaly:anomaly_viewer but it was marked as removed already
[10:17:44] [Server thread/WARN] [minecraft/ServerLevel]: Tried to add entity the_anomaly:anomaly_escape but it was marked as removed already
[10:17:44] [Server thread/WARN] [minecraft/ServerLevel]: Tried to add entity the_anomaly:anomaly_viewer but it was marked as removed already
[10:17:44] [Server thread/WARN] [minecraft/ServerLevel]: Tried to add entity the_anomaly:anomaly_trap but it was marked as removed already
[10:17:44] [Server thread/WARN] [minecraft/ServerLevel]: Tried to add entity the_anomaly:anomaly_trap but it was marked as removed already
[10:17:44] [Server thread/WARN] [minecraft/ServerLevel]: Tried to add entity the_anomaly:anomaly_escape but it was marked as removed already
[10:17:44] [Server thread/WARN] [minecraft/ServerLevel]: Tried to add entity the_anomaly:anomaly_viewer but it was marked as removed already
[10:17:45] [Server thread/WARN] [minecraft/ServerLevel]: Tried to add entity the_anomaly:anomaly_escape but it was marked as removed already
[10:17:45] [Server thread/WARN] [minecraft/ServerLevel]: Tried to add entity the_anomaly:anomaly_escape but it was marked as removed already
[10:17:45] [Server thread/WARN] [minecraft/ServerLevel]: Tried to add entity the_anomaly:anomaly_viewer but it was marked as removed already
[10:17:45] [Server thread/WARN] [minecraft/ServerLevel]: Tried to add entity the_anomaly:anomaly_trap but it was marked as removed already
[10:17:45] [Server thread/WARN] [minecraft/ServerLevel]: Tried to add entity the_anomaly:anomaly_escape but it was marked as removed already
[10:17:45] [Server thread/WARN] [minecraft/ServerLevel]: Tried to add entity the_anomaly:anomaly_viewer but it was marked as removed already
[10:17:45] [Server thread/WARN] [minecraft/ServerLevel]: Tried to add entity the_anomaly:anomaly_escape but it was marked as removed already
[10:17:45] [Server thread/WARN] [minecraft/ServerLevel]: Tried to add entity the_anomaly:anomaly_escape but it was marked as removed already
[10:17:46] [Server thread/WARN] [minecraft/ServerLevel]: Tried to add entity the_anomaly:anomaly_viewer but it was marked as removed already
[10:17:46] [Server thread/WARN] [minecraft/ServerLevel]: Tried to add entity the_anomaly:anomaly_escape but it was marked as removed already
[10:17:46] [Server thread/WARN] [minecraft/ServerLevel]: Tried to add entity the_anomaly:anomaly_viewer but it was marked as removed already
[10:17:46] [Server thread/WARN] [minecraft/ServerLevel]: Tried to add entity the_anomaly:anomaly_viewer but it was marked as removed already
[10:17:46] [Server thread/WARN] [minecraft/ServerLevel]: Tried to add entity the_anomaly:anomaly_viewer but it was marked as removed already
[10:17:46] [Server thread/WARN] [minecraft/ServerLevel]: Tried to add entity the_anomaly:anomaly_viewer but it was marked as removed already
[10:17:46] [Server thread/WARN] [minecraft/ServerLevel]: Tried to add entity the_anomaly:anomaly_escape but it was marked as removed already
[10:17:46] [Server thread/WARN] [minecraft/ServerLevel]: Tried to add entity the_anomaly:anomaly_viewer but it was marked as removed already
[10:17:47] [Server thread/WARN] [minecraft/ServerLevel]: Tried to add entity the_anomaly:anomaly_viewer but it was marked as removed already
[10:17:47] [Server thread/WARN] [minecraft/ServerLevel]: Tried to add entity the_anomaly:anomaly_viewer but it was marked as removed already
[10:17:47] [Server thread/WARN] [minecraft/ServerLevel]: Tried to add entity the_anomaly:anomaly_escape but it was marked as removed already
[10:17:47] [Server thread/WARN] [minecraft/ServerLevel]: Tried to add entity the_anomaly:anomaly_viewer but it was marked as removed already
[10:17:47] [Server thread/WARN] [minecraft/ServerLevel]: Tried to add entity the_anomaly:anomaly_escape but it was marked as removed already
[10:17:47] [Server thread/WARN] [minecraft/ServerLevel]: Tried to add entity the_anomaly:anomaly_viewer but it was marked as removed already
[10:17:47] [Server thread/WARN] [minecraft/ServerLevel]: Tried to add entity the_anomaly:anomaly_viewer but it was marked as removed already
[10:17:47] [Server thread/WARN] [minecraft/ServerLevel]: Tried to add entity the_anomaly:anomaly_viewer but it was marked as removed already
[10:17:47] [Server thread/WARN] [minecraft/ServerLevel]: Tried to add entity the_anomaly:anomaly_trap but it was marked as removed already
[10:17:47] [Server thread/WARN] [minecraft/ServerLevel]: Tried to add entity the_anomaly:anomaly_trap but it was marked as removed already
[10:17:47] [Server thread/WARN] [minecraft/ServerLevel]: Tried to add entity the_anomaly:anomaly_trap but it was marked as removed already
[10:17:47] [Server thread/WARN] [minecraft/ServerLevel]: Tried to add entity the_anomaly:anomaly_escape but it was marked as removed already
[10:17:47] [Server thread/WARN] [minecraft/ServerLevel]: Tried to add entity the_anomaly:anomaly_viewer but it was marked as removed already
[10:17:47] [Server thread/WARN] [minecraft/ServerLevel]: Tried to add entity the_anomaly:anomaly_escape but it was marked as removed already
[10:17:47] [Server thread/WARN] [minecraft/ServerLevel]: Tried to add entity the_anomaly:anomaly_trap but it was marked as removed already
[10:17:47] [Server thread/WARN] [minecraft/ServerLevel]: Tried to add entity the_anomaly:anomaly_trap but it was marked as removed already
[10:17:47] [Server thread/WARN] [minecraft/ServerLevel]: Tried to add entity the_anomaly:anomaly_escape but it was marked as removed already
[10:17:47] [Server thread/WARN] [minecraft/ServerLevel]: Tried to add entity the_anomaly:anomaly_viewer but it was marked as removed already
[10:17:49] [Server thread/WARN] [minecraft/ServerLevel]: Tried to add entity the_anomaly:anomaly_escape but it was marked as removed already
[10:17:50] [Server thread/WARN] [minecraft/ServerLevel]: Tried to add entity the_anomaly:anomaly_trap but it was marked as removed already
[10:17:50] [Server thread/WARN] [minecraft/ServerLevel]: Tried to add entity the_anomaly:anomaly_escape but it was marked as removed already
[10:17:52] [Server thread/WARN] [minecraft/ServerLevel]: Tried to add entity the_anomaly:anomaly_viewer but it was marked as removed already
[10:17:52] [Server thread/WARN] [minecraft/ServerLevel]: Tried to add entity the_anomaly:anomaly_escape but it was marked as removed already
[10:17:56] [Server thread/WARN] [minecraft/ServerLevel]: Tried to add entity the_anomaly:anomaly_trap but it was marked as removed already
[10:17:56] [Server thread/WARN] [minecraft/ServerLevel]: Tried to add entity the_anomaly:anomaly_viewer but it was marked as removed already
[10:17:58] [Server thread/WARN] [minecraft/ServerLevel]: Tried to add entity the_anomaly:anomaly_trap but it was marked as removed already
[10:17:58] [Server thread/WARN] [minecraft/ServerLevel]: Tried to add entity the_anomaly:anomaly_trap but it was marked as removed already
[10:18:01] [Server thread/WARN] [minecraft/ServerLevel]: Tried to add entity the_anomaly:anomaly_viewer but it was marked as removed already
[10:18:01] [Server thread/WARN] [minecraft/ServerLevel]: Tried to add entity the_anomaly:anomaly_escape but it was marked as removed already
[10:18:03] [Server thread/INFO] [minecraft/MinecraftServer]: [Not Secure] <YAMAPROSIH> -260 -40
[10:18:05] [Server thread/INFO] [minecraft/MinecraftServer]: [Not Secure] <YAMAPROSIH> 63
[10:18:06] [Server thread/WARN] [minecraft/ServerLevel]: Tried to add entity the_anomaly:anomaly_escape but it was marked as removed already
[10:18:06] [Server thread/WARN] [minecraft/ServerLevel]: Tried to add entity the_anomaly:anomaly_trap but it was marked as removed already
[10:18:06] [Server thread/WARN] [minecraft/ServerLevel]: Tried to add entity the_anomaly:anomaly_escape but it was marked as removed already
[10:18:08] [Server thread/WARN] [minecraft/ServerLevel]: Tried to add entity the_anomaly:anomaly_escape but it was marked as removed already
[10:18:08] [Server thread/WARN] [minecraft/ServerLevel]: Tried to add entity the_anomaly:anomaly_trap but it was marked as removed already
[10:18:09] [Server thread/WARN] [minecraft/ServerLevel]: Tried to add entity the_anomaly:anomaly_trap but it was marked as removed already
[10:18:09] [Server thread/WARN] [minecraft/ServerLevel]: Tried to add entity the_anomaly:anomaly_trap but it was marked as removed already
[10:18:10] [Server thread/WARN] [minecraft/ServerLevel]: Tried to add entity the_anomaly:anomaly_viewer but it was marked as removed already
[10:18:13] [Server thread/WARN] [minecraft/ServerLevel]: Tried to add entity the_anomaly:anomaly_trap but it was marked as removed already
[10:18:14] [Server thread/WARN] [minecraft/ServerLevel]: Tried to add entity the_anomaly:anomaly_viewer but it was marked as removed already
[10:18:14] [Server thread/WARN] [minecraft/ServerLevel]: Tried to add entity the_anomaly:anomaly_escape but it was marked as removed already
[10:18:14] [Server thread/WARN] [minecraft/ServerLevel]: Tried to add entity the_anomaly:anomaly_trap but it was marked as removed already
[10:18:14] [Server thread/WARN] [minecraft/ServerLevel]: Tried to add entity the_anomaly:anomaly_viewer but it was marked as removed already
[10:18:15] [Server thread/WARN] [minecraft/ServerLevel]: Tried to add entity the_anomaly:anomaly_viewer but it was marked as removed already
[10:18:15] [Server thread/WARN] [minecraft/ServerLevel]: Tried to add entity the_anomaly:anomaly_trap but it was marked as removed already
[10:18:15] [Server thread/WARN] [minecraft/ServerLevel]: Tried to add entity the_anomaly:anomaly_trap but it was marked as removed already
[10:18:15] [Server thread/WARN] [minecraft/ServerLevel]: Tried to add entity the_anomaly:anomaly_viewer but it was marked as removed already
[10:18:15] [Server thread/WARN] [minecraft/ServerLevel]: Tried to add entity the_anomaly:anomaly_viewer but it was marked as removed already
[10:18:16] [Server thread/WARN] [minecraft/ServerLevel]: Tried to add entity the_anomaly:anomaly_viewer but it was marked as removed already
[10:18:17] [Server thread/WARN] [minecraft/ServerLevel]: Tried to add entity the_anomaly:anomaly_escape but it was marked as removed already
[10:18:18] [Server thread/WARN] [minecraft/ServerLevel]: Tried to add entity the_anomaly:anomaly_trap but it was marked as removed already
[10:18:18] [Server thread/WARN] [minecraft/ServerLevel]: Tried to add entity the_anomaly:anomaly_viewer but it was marked as removed already
[10:18:18] [Server thread/WARN] [minecraft/ServerLevel]: Tried to add entity the_anomaly:anomaly_escape but it was marked as removed already
[10:18:18] [Server thread/WARN] [minecraft/ServerLevel]: Tried to add entity the_anomaly:anomaly_viewer but it was marked as removed already
[10:18:18] [Server thread/WARN] [minecraft/ServerLevel]: Tried to add entity the_anomaly:anomaly_escape but it was marked as removed already
[10:18:19] [Server thread/WARN] [minecraft/ServerLevel]: Tried to add entity the_anomaly:anomaly_escape but it was marked as removed already
[10:18:19] [Server thread/WARN] [minecraft/ServerLevel]: Tried to add entity the_anomaly:anomaly_escape but it was marked as removed already
[10:18:19] [Server thread/WARN] [minecraft/ServerLevel]: Tried to add entity the_anomaly:anomaly_escape but it was marked as removed already
[10:18:19] [Server thread/WARN] [minecraft/ServerLevel]: Tried to add entity the_anomaly:anomaly_viewer but it was marked as removed already
[10:18:20] [Server thread/WARN] [minecraft/ServerLevel]: Tried to add entity the_anomaly:anomaly_escape but it was marked as removed already
[10:18:20] [Server thread/WARN] [minecraft/ServerLevel]: Tried to add entity the_anomaly:anomaly_trap but it was marked as removed already
[10:18:20] [Server thread/WARN] [minecraft/ServerLevel]: Tried to add entity the_anomaly:anomaly_trap but it was marked as removed already
[10:18:24] [Server thread/WARN] [minecraft/ServerLevel]: Tried to add entity the_anomaly:anomaly_trap but it was marked as removed already
[10:18:24] [Server thread/WARN] [minecraft/ServerLevel]: Tried to add entity the_anomaly:anomaly_viewer but it was marked as removed already
[10:18:24] [Server thread/WARN] [minecraft/ServerLevel]: Tried to add entity the_anomaly:anomaly_viewer but it was marked as removed already
[10:18:24] [Server thread/WARN] [minecraft/ServerLevel]: Tried to add entity the_anomaly:anomaly_escape but it was marked as removed already
[10:18:24] [Server thread/WARN] [minecraft/ServerLevel]: Tried to add entity the_anomaly:anomaly_viewer but it was marked as removed already
[10:18:25] [Server thread/WARN] [minecraft/ServerLevel]: Tried to add entity the_anomaly:anomaly_escape but it was marked as removed already
[10:18:25] [Server thread/WARN] [minecraft/ServerLevel]: Tried to add entity the_anomaly:anomaly_viewer but it was marked as removed already
[10:18:25] [Server thread/WARN] [minecraft/ServerLevel]: Tried to add entity the_anomaly:anomaly_viewer but it was marked as removed already
[10:18:25] [Server thread/WARN] [minecraft/ServerLevel]: Tried to add entity the_anomaly:anomaly_viewer but it was marked as removed already
[10:18:26] [Server thread/WARN] [minecraft/ServerLevel]: Tried to add entity the_anomaly:anomaly_viewer but it was marked as removed already
[10:18:26] [Server thread/WARN] [minecraft/ServerLevel]: Tried to add entity the_anomaly:anomaly_viewer but it was marked as removed already
[10:18:37] [Server thread/WARN] [minecraft/ServerLevel]: Tried to add entity the_anomaly:anomaly_viewer but it was marked as removed already
[10:18:41] [Server thread/WARN] [minecraft/ServerLevel]: Tried to add entity the_anomaly:anomaly_trap but it was marked as removed already
[10:18:43] [Server thread/WARN] [minecraft/ServerLevel]: Tried to add entity the_anomaly:anomaly_viewer but it was marked as removed already
[10:18:43] [Server thread/WARN] [minecraft/ServerLevel]: Tried to add entity the_anomaly:anomaly_escape but it was marked as removed already
[10:18:45] [Server thread/WARN] [minecraft/ServerLevel]: Tried to add entity the_anomaly:anomaly_escape but it was marked as removed already
[10:18:45] [Server thread/WARN] [minecraft/ServerLevel]: Tried to add entity the_anomaly:anomaly_trap but it was marked as removed already
[10:18:45] [Server thread/WARN] [minecraft/ServerLevel]: Tried to add entity the_anomaly:anomaly_viewer but it was marked as removed already
[10:18:45] [Server thread/WARN] [minecraft/ServerLevel]: Tried to add entity the_anomaly:anomaly_trap but it was marked as removed already
[10:18:45] [Server thread/WARN] [minecraft/ServerLevel]: Tried to add entity the_anomaly:anomaly_viewer but it was marked as removed already
[10:18:45] [Server thread/WARN] [minecraft/ServerLevel]: Tried to add entity the_anomaly:anomaly_escape but it was marked as removed already
[10:18:47] [Server thread/WARN] [minecraft/ServerLevel]: Tried to add entity the_anomaly:anomaly_viewer but it was marked as removed already
[10:18:47] [Server thread/WARN] [minecraft/ServerLevel]: Tried to add entity the_anomaly:anomaly_viewer but it was marked as removed already
[10:18:47] [Server thread/WARN] [minecraft/ServerLevel]: Tried to add entity the_anomaly:anomaly_escape but it was marked as removed already
[10:18:47] [Server thread/WARN] [minecraft/ServerLevel]: Tried to add entity the_anomaly:anomaly_viewer but it was marked as removed already
[10:18:48] [Server thread/WARN] [minecraft/ServerLevel]: Tried to add entity the_anomaly:anomaly_trap but it was marked as removed already
[10:18:48] [Server thread/WARN] [minecraft/ServerLevel]: Tried to add entity the_anomaly:anomaly_trap but it was marked as removed already
[10:18:48] [Server thread/WARN] [minecraft/ServerLevel]: Tried to add entity the_anomaly:anomaly_escape but it was marked as removed already
[10:18:48] [Server thread/WARN] [minecraft/ServerLevel]: Tried to add entity the_anomaly:anomaly_viewer but it was marked as removed already
[10:18:48] [Server thread/WARN] [minecraft/ServerLevel]: Tried to add entity the_anomaly:anomaly_trap but it was marked as removed already
[10:18:48] [Server thread/WARN] [minecraft/ServerLevel]: Tried to add entity the_anomaly:anomaly_viewer but it was marked as removed already
[10:18:48] [Server thread/WARN] [minecraft/ServerLevel]: Tried to add entity the_anomaly:anomaly_viewer but it was marked as removed already
[10:18:52] [Server thread/INFO] [minecraft/ServerGamePacketListenerImpl]: gamerku lost connection: Timed out
[10:18:52] [Server thread/INFO] [minecraft/MinecraftServer]: gamerku left the game
[10:19:08] [Server thread/WARN] [minecraft/ServerLevel]: Tried to add entity the_anomaly:anomaly_viewer but it was marked as removed already
[10:19:08] [Server thread/WARN] [minecraft/ServerLevel]: Tried to add entity the_anomaly:anomaly_escape but it was marked as removed already
[10:19:13] [Server thread/WARN] [minecraft/ServerLevel]: Tried to add entity the_anomaly:anomaly_viewer but it was marked as removed already
[10:19:13] [Server thread/INFO] [ne.mi.co.AdvancementLoadFix/]: Using new advancement loading for net.minecraft.server.PlayerAdvancements@33062488
[10:19:13] [Server thread/INFO] [minecraft/PlayerList]: gamerku[/127.163.95.26:33091] logged in with entity id 11681 at (-200.1321006199402, 70.0, -89.50478885404179)
[10:19:13] [Server thread/INFO] [minecraft/MinecraftServer]: gamerku joined the game
[10:19:13] [Server thread/INFO] [minecraft/MinecraftServer]: Behave yourself
[10:19:13] [Server thread/WARN] [minecraft/ServerLevel]: Tried to add entity the_anomaly:anomaly_trap but it was marked as removed already
[10:19:13] [Server thread/WARN] [minecraft/ServerLevel]: Tried to add entity the_anomaly:anomaly_viewer but it was marked as removed already
[10:19:13] [Server thread/WARN] [minecraft/ServerLevel]: Tried to add entity the_anomaly:anomaly_escape but it was marked as removed already
[10:19:13] [Server thread/WARN] [minecraft/ServerLevel]: Tried to add entity the_anomaly:anomaly_trap but it was marked as removed already
[10:19:13] [Server thread/WARN] [minecraft/ServerLevel]: Tried to add entity the_anomaly:anomaly_trap but it was marked as removed already
[10:19:13] [Server thread/WARN] [minecraft/ServerLevel]: Tried to add entity the_anomaly:anomaly_escape but it was marked as removed already
[10:19:14] [Server thread/WARN] [minecraft/ServerLevel]: Tried to add entity the_anomaly:anomaly_escape but it was marked as removed already
[10:19:14] [Server thread/WARN] [minecraft/ServerLevel]: Tried to add entity the_anomaly:anomaly_trap but it was marked as removed already
[10:19:18] [Server thread/WARN] [minecraft/ServerLevel]: Tried to add entity the_anomaly:anomaly_viewer but it was marked as removed already
[10:19:23] [Server thread/WARN] [minecraft/ServerLevel]: Tried to add entity the_anomaly:anomaly_escape but it was marked as removed already
[10:19:23] [Server thread/WARN] [minecraft/ServerLevel]: Tried to add entity the_anomaly:anomaly_trap but it was marked as removed already
[10:19:24] [Server thread/WARN] [minecraft/ServerLevel]: Tried to add entity the_anomaly:anomaly_trap but it was marked as removed already
[10:19:25] [Server thread/WARN] [minecraft/ServerLevel]: Tried to add entity the_anomaly:anomaly_escape but it was marked as removed already
[10:19:35] [Server thread/WARN] [minecraft/ServerLevel]: Tried to add entity the_anomaly:anomaly_viewer but it was marked as removed already
[10:19:41] [Server thread/WARN] [minecraft/ServerLevel]: Tried to add entity the_anomaly:anomaly_escape but it was marked as removed already
[10:19:41] [Server thread/WARN] [minecraft/ServerLevel]: Tried to add entity the_anomaly:anomaly_escape but it was marked as removed already
[10:19:42] [Server thread/WARN] [minecraft/ServerLevel]: Tried to add entity the_anomaly:anomaly_trap but it was marked as removed already
[10:19:45] [Server thread/WARN] [minecraft/ServerLevel]: Tried to add entity the_anomaly:anomaly_trap but it was marked as removed already
[10:19:45] [Server thread/WARN] [minecraft/ServerLevel]: Tried to add entity the_anomaly:anomaly_viewer but it was marked as removed already
[10:19:46] [Server thread/WARN] [minecraft/ServerLevel]: Tried to add entity the_anomaly:anomaly_escape but it was marked as removed already
[10:19:46] [Server thread/WARN] [minecraft/ServerLevel]: Tried to add entity the_anomaly:anomaly_viewer but it was marked as removed already
[10:19:46] [Server thread/WARN] [minecraft/ServerLevel]: Tried to add entity the_anomaly:anomaly_viewer but it was marked as removed already
[10:19:46] [Server thread/WARN] [minecraft/ServerLevel]: Tried to add entity the_anomaly:anomaly_escape but it was marked as removed already
[10:19:51] [Server thread/WARN] [minecraft/ServerLevel]: Tried to add entity the_anomaly:anomaly_viewer but it was marked as removed already
[10:19:51] [Server thread/WARN] [minecraft/ServerLevel]: Tried to add entity the_anomaly:anomaly_trap but it was marked as removed already
[10:19:51] [Server thread/WARN] [minecraft/ServerLevel]: Tried to add entity the_anomaly:anomaly_trap but it was marked as removed already
[10:19:51] [Server thread/WARN] [minecraft/ServerLevel]: Tried to add entity the_anomaly:anomaly_trap but it was marked as removed already
[10:19:58] [Server thread/WARN] [minecraft/ServerLevel]: Tried to add entity the_anomaly:anomaly_trap but it was marked as removed already
[10:20:01] [Server thread/WARN] [minecraft/ServerLevel]: Tried to add entity the_anomaly:anomaly_viewer but it was marked as removed already
[10:20:03] [Server thread/WARN] [minecraft/ServerLevel]: Tried to add entity the_anomaly:anomaly_escape but it was marked as removed already
[10:20:03] [Server thread/WARN] [minecraft/ServerLevel]: Tried to add entity the_anomaly:anomaly_trap but it was marked as removed already
[10:20:03] [Server thread/WARN] [minecraft/ServerLevel]: Tried to add entity the_anomaly:anomaly_viewer but it was marked as removed already
[10:20:03] [Server thread/WARN] [minecraft/ServerLevel]: Tried to add entity the_anomaly:anomaly_escape but it was marked as removed already
[10:20:03] [Server thread/WARN] [minecraft/ServerLevel]: Tried to add entity the_anomaly:anomaly_trap but it was marked as removed already
[10:20:03] [Server thread/WARN] [minecraft/ServerLevel]: Tried to add entity the_anomaly:anomaly_escape but it was marked as removed already
[10:20:03] [Server thread/WARN] [minecraft/ServerLevel]: Tried to add entity the_anomaly:anomaly_viewer but it was marked as removed already
[10:20:05] [Server thread/WARN] [minecraft/ServerLevel]: Tried to add entity the_anomaly:anomaly_viewer but it was marked as removed already
[10:20:05] [Server thread/WARN] [minecraft/ServerLevel]: Tried to add entity the_anomaly:anomaly_escape but it was marked as removed already
[10:20:05] [Server thread/WARN] [minecraft/ServerLevel]: Tried to add entity the_anomaly:anomaly_escape but it was marked as removed already
[10:20:14] [Server thread/WARN] [minecraft/ServerLevel]: Tried to add entity the_anomaly:anomaly_trap but it was marked as removed already
[10:20:14] [Server thread/WARN] [minecraft/ServerLevel]: Tried to add entity the_anomaly:anomaly_escape but it was marked as removed already
[10:20:15] [Server thread/WARN] [minecraft/ServerLevel]: Tried to add entity the_anomaly:anomaly_viewer but it was marked as removed already
[10:20:17] [Server thread/WARN] [minecraft/ServerLevel]: Tried to add entity the_anomaly:anomaly_trap but it was marked as removed already
[10:20:17] [Server thread/WARN] [minecraft/ServerLevel]: Tried to add entity the_anomaly:anomaly_escape but it was marked as removed already
[10:20:19] [Server thread/INFO] [minecraft/MinecraftServer]: Achbar has made the advancement [Acquire Hardware]
[10:20:21] [Server thread/WARN] [minecraft/ServerLevel]: Tried to add entity the_anomaly:anomaly_escape but it was marked as removed already
[10:20:21] [Server thread/WARN] [minecraft/ServerLevel]: Tried to add entity the_anomaly:anomaly_escape but it was marked as removed already
[10:20:21] [Server thread/WARN] [minecraft/ServerLevel]: Tried to add entity the_anomaly:anomaly_viewer but it was marked as removed already
[10:20:21] [Server thread/WARN] [minecraft/ServerLevel]: Tried to add entity the_anomaly:anomaly_escape but it was marked as removed already
[10:20:21] [Server thread/WARN] [minecraft/ServerLevel]: Tried to add entity the_anomaly:anomaly_trap but it was marked as removed already
[10:20:21] [Server thread/WARN] [minecraft/ServerLevel]: Tried to add entity the_anomaly:anomaly_viewer but it was marked as removed already
[10:20:23] [Server thread/WARN] [minecraft/ServerLevel]: Tried to add entity the_anomaly:anomaly_viewer but it was marked as removed already
[10:20:30] [Server thread/WARN] [minecraft/ServerLevel]: Tried to add entity the_anomaly:anomaly_viewer but it was marked as removed already
[10:20:30] [Server thread/WARN] [minecraft/ServerLevel]: Tried to add entity the_anomaly:anomaly_escape but it was marked as removed already
[10:20:30] [Server thread/WARN] [minecraft/ServerLevel]: Tried to add entity the_anomaly:anomaly_escape but it was marked as removed already
[10:20:30] [Server thread/WARN] [minecraft/ServerLevel]: Tried to add entity the_anomaly:anomaly_escape but it was marked as removed already
[10:20:30] [Server thread/WARN] [minecraft/ServerLevel]: Tried to add entity the_anomaly:anomaly_escape but it was marked as removed already
[10:20:33] [Server thread/INFO] [minecraft/MinecraftServer]: [Not Secure] <gamerku> LAG
[10:20:34] [Server thread/WARN] [minecraft/ServerLevel]: Tried to add entity the_anomaly:anomaly_viewer but it was marked as removed already
[10:20:34] [Server thread/WARN] [minecraft/ServerLevel]: Tried to add entity the_anomaly:anomaly_escape but it was marked as removed already
[10:20:35] [Server thread/INFO] [minecraft/MinecraftServer]: [Not Secure] <gamerku> AAHH
[10:20:35] [Server thread/INFO] [minecraft/MinecraftServer]: Achbar has made the advancement [Isn't It Iron Pick]
[10:20:36] [Server thread/WARN] [minecraft/ServerLevel]: Tried to add entity the_anomaly:anomaly_trap but it was marked as removed already
[10:20:37] [Server thread/WARN] [minecraft/ServerLevel]: Tried to add entity the_anomaly:anomaly_viewer but it was marked as removed already
[10:20:37] [Server thread/WARN] [minecraft/ServerLevel]: Tried to add entity the_anomaly:anomaly_viewer but it was marked as removed already
[10:20:42] [Server thread/WARN] [minecraft/ServerLevel]: Tried to add entity the_anomaly:anomaly_viewer but it was marked as removed already
[10:20:42] [Server thread/WARN] [minecraft/ServerLevel]: Tried to add entity the_anomaly:anomaly_viewer but it was marked as removed already
[10:20:42] [Server thread/WARN] [minecraft/ServerLevel]: Tried to add entity the_anomaly:anomaly_escape but it was marked as removed already
[10:20:45] [Server thread/INFO] [minecraft/ServerGamePacketListenerImpl]: gamerku lost connection: Disconnected
[10:20:45] [Server thread/INFO] [minecraft/MinecraftServer]: gamerku left the game
[10:20:52] [Server thread/WARN] [minecraft/ServerLevel]: Tried to add entity the_anomaly:anomaly_trap but it was marked as removed already
[10:20:52] [Server thread/WARN] [minecraft/ServerLevel]: Tried to add entity the_anomaly:anomaly_viewer but it was marked as removed already
[10:20:52] [Server thread/INFO] [ne.mi.co.AdvancementLoadFix/]: Using new advancement loading for net.minecraft.server.PlayerAdvancements@7c5365b5
[10:20:52] [Server thread/INFO] [minecraft/PlayerList]: gamerku[/127.163.95.26:43129] logged in with entity id 12028 at (-200.1321006199402, 70.0, -89.50478885404179)
[10:20:52] [Server thread/INFO] [minecraft/MinecraftServer]: gamerku joined the game
[10:20:52] [Server thread/INFO] [minecraft/MinecraftServer]: Behave yourself
[10:20:52] [Server thread/WARN] [minecraft/ServerLevel]: Tried to add entity the_anomaly:anomaly_viewer but it was marked as removed already
[10:20:52] [Server thread/WARN] [minecraft/ServerLevel]: Tried to add entity the_anomaly:anomaly_viewer but it was marked as removed already
[10:20:52] [Server thread/WARN] [minecraft/ServerLevel]: Tried to add entity the_anomaly:anomaly_viewer but it was marked as removed already
[10:20:52] [Server thread/WARN] [minecraft/ServerLevel]: Tried to add entity the_anomaly:anomaly_escape but it was marked as removed already
[10:20:53] [Server thread/WARN] [minecraft/ServerLevel]: Tried to add entity the_anomaly:anomaly_trap but it was marked as removed already
[10:20:53] [Server thread/WARN] [minecraft/ServerLevel]: Tried to add entity the_anomaly:anomaly_escape but it was marked as removed already
[10:20:53] [Server thread/WARN] [minecraft/ServerLevel]: Tried to add entity the_anomaly:anomaly_viewer but it was marked as removed already
[10:20:56] [Server thread/WARN] [minecraft/ServerLevel]: Tried to add entity the_anomaly:anomaly_escape but it was marked as removed already
[10:20:58] [Server thread/WARN] [minecraft/ServerLevel]: Tried to add entity the_anomaly:anomaly_viewer but it was marked as removed already
[10:20:58] [Server thread/WARN] [minecraft/ServerLevel]: Tried to add entity the_anomaly:anomaly_viewer but it was marked as removed already
[10:21:04] [Server thread/WARN] [minecraft/ServerLevel]: Tried to add entity the_anomaly:anomaly_viewer but it was marked as removed already
[10:21:05] [Server thread/WARN] [minecraft/ServerLevel]: Tried to add entity the_anomaly:anomaly_viewer but it was marked as removed already
[10:21:05] [Server thread/WARN] [minecraft/ServerLevel]: Tried to add entity the_anomaly:anomaly_viewer but it was marked as removed already
[10:21:05] [Server thread/WARN] [minecraft/ServerLevel]: Tried to add entity the_anomaly:anomaly_viewer but it was marked as removed already
[10:21:07] [Server thread/WARN] [minecraft/ServerLevel]: Tried to add entity the_anomaly:anomaly_escape but it was marked as removed already
[10:21:07] [Server thread/WARN] [minecraft/ServerLevel]: Tried to add entity the_anomaly:anomaly_viewer but it was marked as removed already
[10:21:14] [Server thread/WARN] [minecraft/ServerLevel]: Tried to add entity the_anomaly:anomaly_trap but it was marked as removed already
[10:21:15] [Server thread/WARN] [minecraft/ServerLevel]: Tried to add entity the_anomaly:anomaly_trap but it was marked as removed already
[10:21:15] [Server thread/WARN] [minecraft/ServerLevel]: Tried to add entity the_anomaly:anomaly_viewer but it was marked as removed already
[10:21:19] [Server thread/WARN] [minecraft/ServerLevel]: Tried to add entity the_anomaly:anomaly_trap but it was marked as removed already
[10:21:19] [Server thread/WARN] [minecraft/ServerLevel]: Tried to add entity the_anomaly:anomaly_escape but it was marked as removed already
[10:21:21] [Server thread/WARN] [minecraft/ServerLevel]: Tried to add entity the_anomaly:anomaly_trap but it was marked as removed already
[10:21:21] [Server thread/WARN] [minecraft/ServerLevel]: Tried to add entity the_anomaly:anomaly_escape but it was marked as removed already
[10:21:28] [Server thread/WARN] [minecraft/ServerLevel]: Tried to add entity the_anomaly:anomaly_viewer but it was marked as removed already
[10:21:28] [Server thread/WARN] [minecraft/ServerLevel]: Tried to add entity the_anomaly:anomaly_trap but it was marked as removed already
[10:21:30] [Server thread/INFO] [minecraft/MinecraftServer]: [Not Secure] <gamerku> A
[10:21:30] [Server thread/WARN] [minecraft/ServerLevel]: Tried to add entity the_anomaly:anomaly_trap but it was marked as removed already
[10:21:30] [Server thread/WARN] [minecraft/ServerLevel]: Tried to add entity the_anomaly:anomaly_escape but it was marked as removed already
[10:21:31] [Server thread/INFO] [minecraft/MinecraftServer]: gamerku was slain by The Damned
[10:21:31] [Server thread/INFO] [minecraft/MinecraftServer]: gamerku has made the advancement [Condemned To Die]
[10:21:32] [Server thread/WARN] [minecraft/ServerLevel]: Tried to add entity the_anomaly:anomaly_viewer but it was marked as removed already
[10:21:32] [Server thread/WARN] [minecraft/ServerLevel]: Tried to add entity the_anomaly:anomaly_escape but it was marked as removed already
[10:21:32] [Server thread/WARN] [minecraft/ServerLevel]: Tried to add entity the_anomaly:anomaly_escape but it was marked as removed already
[10:21:35] [Server thread/WARN] [minecraft/ServerLevel]: Tried to add entity the_anomaly:anomaly_trap but it was marked as removed already
[10:21:36] [Server thread/WARN] [minecraft/ServerLevel]: Tried to add entity the_anomaly:anomaly_viewer but it was marked as removed already
[10:21:36] [Server thread/WARN] [minecraft/ServerLevel]: Tried to add entity the_anomaly:anomaly_trap but it was marked as removed already
[10:21:36] [Server thread/WARN] [minecraft/ServerLevel]: Tried to add entity the_anomaly:anomaly_viewer but it was marked as removed already
[10:21:37] [Server thread/WARN] [minecraft/ServerLevel]: Tried to add entity the_anomaly:anomaly_trap but it was marked as removed already
[10:21:37] [Server thread/WARN] [minecraft/ServerLevel]: Tried to add entity the_anomaly:anomaly_trap but it was marked as removed already
[10:21:37] [Server thread/WARN] [minecraft/ServerLevel]: Tried to add entity the_anomaly:anomaly_escape but it was marked as removed already
[10:21:37] [Server thread/WARN] [minecraft/ServerLevel]: Tried to add entity the_anomaly:anomaly_escape but it was marked as removed already
[10:21:37] [Server thread/WARN] [minecraft/ServerLevel]: Tried to add entity the_anomaly:anomaly_escape but it was marked as removed already
[10:21:37] [Server thread/WARN] [minecraft/ServerLevel]: Tried to add entity the_anomaly:anomaly_viewer but it was marked as removed already
[10:21:37] [Server thread/WARN] [minecraft/ServerLevel]: Tried to add entity the_anomaly:anomaly_trap but it was marked as removed already
[10:21:37] [Server thread/WARN] [minecraft/ServerLevel]: Tried to add entity the_anomaly:anomaly_viewer but it was marked as removed already
[10:21:37] [Server thread/WARN] [minecraft/ServerLevel]: Tried to add entity the_anomaly:anomaly_escape but it was marked as removed already
[10:21:37] [Server thread/WARN] [minecraft/ServerLevel]: Tried to add entity the_anomaly:anomaly_escape but it was marked as removed already
[10:21:37] [Server thread/WARN] [minecraft/ServerLevel]: Tried to add entity the_anomaly:anomaly_escape but it was marked as removed already
[10:21:38] [Server thread/WARN] [minecraft/ServerLevel]: Tried to add entity the_anomaly:anomaly_escape but it was marked as removed already
[10:21:38] [Server thread/WARN] [minecraft/ServerLevel]: Tried to add entity the_anomaly:anomaly_viewer but it was marked as removed already
[10:21:38] [Server thread/WARN] [minecraft/ServerLevel]: Tried to add entity the_anomaly:anomaly_trap but it was marked as removed already
[10:21:38] [Server thread/WARN] [minecraft/ServerLevel]: Tried to add entity the_anomaly:anomaly_trap but it was marked as removed already
[10:21:38] [Server thread/WARN] [minecraft/ServerLevel]: Tried to add entity the_anomaly:anomaly_trap but it was marked as removed already
[10:21:38] [Server thread/WARN] [minecraft/ServerLevel]: Tried to add entity the_anomaly:anomaly_escape but it was marked as removed already
[10:21:38] [Server thread/WARN] [minecraft/ServerLevel]: Tried to add entity the_anomaly:anomaly_trap but it was marked as removed already
[10:21:38] [Server thread/WARN] [minecraft/ServerLevel]: Tried to add entity the_anomaly:anomaly_viewer but it was marked as removed already
[10:21:38] [Server thread/WARN] [minecraft/ServerLevel]: Tried to add entity the_anomaly:anomaly_escape but it was marked as removed already
[10:21:38] [Server thread/WARN] [minecraft/ServerLevel]: Tried to add entity the_anomaly:anomaly_escape but it was marked as removed already
[10:21:38] [Server thread/WARN] [minecraft/ServerLevel]: Tried to add entity the_anomaly:anomaly_trap but it was marked as removed already
[10:21:39] [Server thread/WARN] [minecraft/ServerLevel]: Tried to add entity the_anomaly:anomaly_viewer but it was marked as removed already
[10:21:39] [Server thread/WARN] [minecraft/ServerLevel]: Tried to add entity the_anomaly:anomaly_trap but it was marked as removed already
[10:21:39] [Server thread/WARN] [minecraft/ServerLevel]: Tried to add entity the_anomaly:anomaly_trap but it was marked as removed already
[10:21:39] [Server thread/WARN] [minecraft/ServerLevel]: Tried to add entity the_anomaly:anomaly_trap but it was marked as removed already
[10:21:39] [Server thread/WARN] [minecraft/ServerLevel]: Tried to add entity the_anomaly:anomaly_viewer but it was marked as removed already
[10:21:39] [Server thread/WARN] [minecraft/ServerLevel]: Tried to add entity the_anomaly:anomaly_trap but it was marked as removed already
[10:21:39] [Server thread/WARN] [minecraft/ServerLevel]: Tried to add entity the_anomaly:anomaly_escape but it was marked as removed already
[10:21:39] [Server thread/WARN] [minecraft/ServerLevel]: Tried to add entity the_anomaly:anomaly_trap but it was marked as removed already
[10:21:40] [Server thread/WARN] [minecraft/ServerLevel]: Tried to add entity the_anomaly:anomaly_escape but it was marked as removed already
[10:21:40] [Server thread/WARN] [minecraft/ServerLevel]: Tried to add entity the_anomaly:anomaly_escape but it was marked as removed already
[10:21:40] [Server thread/WARN] [minecraft/ServerLevel]: Tried to add entity the_anomaly:anomaly_viewer but it was marked as removed already
[10:21:40] [Server thread/WARN] [minecraft/ServerLevel]: Tried to add entity the_anomaly:anomaly_escape but it was marked as removed already
[10:21:40] [Server thread/WARN] [minecraft/ServerLevel]: Tried to add entity the_anomaly:anomaly_escape but it was marked as removed already
[10:21:40] [Server thread/WARN] [minecraft/ServerLevel]: Tried to add entity the_anomaly:anomaly_escape but it was marked as removed already
[10:21:40] [Server thread/WARN] [minecraft/ServerLevel]: Tried to add entity the_anomaly:anomaly_trap but it was marked as removed already
[10:21:40] [Server thread/WARN] [minecraft/ServerLevel]: Tried to add entity the_anomaly:anomaly_trap but it was marked as removed already
[10:21:40] [Server thread/WARN] [minecraft/ServerLevel]: Tried to add entity the_anomaly:anomaly_trap but it was marked as removed already
[10:21:40] [Server thread/WARN] [minecraft/ServerLevel]: Tried to add entity the_anomaly:anomaly_viewer but it was marked as removed already
[10:21:40] [Server thread/WARN] [minecraft/ServerLevel]: Tried to add entity the_anomaly:anomaly_viewer but it was marked as removed already
[10:21:40] [Server thread/WARN] [minecraft/ServerLevel]: Tried to add entity the_anomaly:anomaly_viewer but it was marked as removed already
[10:21:40] [Server thread/WARN] [minecraft/ServerLevel]: Tried to add entity the_anomaly:anomaly_viewer but it was marked as removed already
[10:21:40] [Server thread/WARN] [minecraft/ServerLevel]: Tried to add entity the_anomaly:anomaly_viewer but it was marked as removed already
[10:21:41] [Server thread/WARN] [minecraft/ServerLevel]: Tried to add entity the_anomaly:anomaly_escape but it was marked as removed already
[10:21:41] [Server thread/WARN] [minecraft/ServerLevel]: Tried to add entity the_anomaly:anomaly_viewer but it was marked as removed already
[10:21:41] [Server thread/WARN] [minecraft/ServerLevel]: Tried to add entity the_anomaly:anomaly_trap but it was marked as removed already
[10:21:41] [Server thread/WARN] [minecraft/ServerLevel]: Tried to add entity the_anomaly:anomaly_viewer but it was marked as removed already
[10:21:41] [Server thread/WARN] [minecraft/ServerLevel]: Tried to add entity the_anomaly:anomaly_escape but it was marked as removed already
[10:21:41] [Server thread/WARN] [minecraft/ServerLevel]: Tried to add entity the_anomaly:anomaly_trap but it was marked as removed already
[10:21:41] [Server thread/WARN] [minecraft/ServerLevel]: Tried to add entity the_anomaly:anomaly_escape but it was marked as removed already
[10:21:41] [Server thread/WARN] [minecraft/ServerLevel]: Tried to add entity the_anomaly:anomaly_escape but it was marked as removed already
[10:21:41] [Server thread/WARN] [minecraft/ServerLevel]: Tried to add entity the_anomaly:anomaly_escape but it was marked as removed already
[10:21:41] [Server thread/WARN] [minecraft/ServerLevel]: Tried to add entity the_anomaly:anomaly_viewer but it was marked as removed already
[10:21:41] [Server thread/WARN] [minecraft/ServerLevel]: Tried to add entity the_anomaly:anomaly_viewer but it was marked as removed already
[10:21:41] [Server thread/WARN] [minecraft/ServerLevel]: Tried to add entity the_anomaly:anomaly_trap but it was marked as removed already
[10:21:44] [Server thread/WARN] [minecraft/ServerLevel]: Tried to add entity the_anomaly:anomaly_trap but it was marked as removed already
[10:21:46] [Server thread/WARN] [minecraft/ServerLevel]: Tried to add entity the_anomaly:anomaly_trap but it was marked as removed already
[10:21:46] [Server thread/WARN] [minecraft/ServerLevel]: Tried to add entity the_anomaly:anomaly_trap but it was marked as removed already
[10:21:46] [Server thread/WARN] [minecraft/ServerLevel]: Tried to add entity the_anomaly:anomaly_escape but it was marked as removed already
[10:21:47] [Server thread/WARN] [minecraft/ServerLevel]: Tried to add entity the_anomaly:anomaly_escape but it was marked as removed already
[10:21:47] [Server thread/WARN] [minecraft/ServerLevel]: Tried to add entity the_anomaly:anomaly_viewer but it was marked as removed already
[10:21:49] [Server thread/WARN] [minecraft/ServerLevel]: Tried to add entity the_anomaly:anomaly_escape but it was marked as removed already
[10:21:50] [Server thread/WARN] [minecraft/ServerLevel]: Tried to add entity the_anomaly:anomaly_viewer but it was marked as removed already
[10:21:50] [Server thread/WARN] [minecraft/ServerLevel]: Tried to add entity the_anomaly:anomaly_escape but it was marked as removed already
[10:21:50] [Server thread/WARN] [minecraft/ServerLevel]: Tried to add entity the_anomaly:anomaly_trap but it was marked as removed already
[10:21:50] [Server thread/WARN] [minecraft/ServerLevel]: Tried to add entity the_anomaly:anomaly_viewer but it was marked as removed already
[10:21:51] [Server thread/WARN] [minecraft/ServerLevel]: Tried to add entity the_anomaly:anomaly_trap but it was marked as removed already
[10:21:52] [Server thread/WARN] [minecraft/ServerLevel]: Tried to add entity the_anomaly:anomaly_trap but it was marked as removed already
[10:21:52] [Server thread/WARN] [minecraft/ServerLevel]: Tried to add entity the_anomaly:anomaly_trap but it was marked as removed already
[10:21:55] [Server thread/WARN] [minecraft/ServerLevel]: Tried to add entity the_anomaly:anomaly_escape but it was marked as removed already
[10:21:55] [Server thread/WARN] [minecraft/ServerLevel]: Tried to add entity the_anomaly:anomaly_viewer but it was marked as removed already
[10:21:55] [Server thread/WARN] [minecraft/ServerLevel]: Tried to add entity the_anomaly:anomaly_viewer but it was marked as removed already
[10:21:57] [Server thread/WARN] [minecraft/ServerLevel]: Tried to add entity the_anomaly:anomaly_escape but it was marked as removed already
[10:22:02] [Server thread/WARN] [minecraft/ServerLevel]: Tried to add entity the_anomaly:anomaly_escape but it was marked as removed already
[10:22:02] [Server thread/WARN] [minecraft/ServerLevel]: Tried to add entity the_anomaly:anomaly_viewer but it was marked as removed already
[10:22:08] [Server thread/WARN] [minecraft/ServerLevel]: Tried to add entity the_anomaly:anomaly_viewer but it was marked as removed already
[10:22:08] [Server thread/WARN] [minecraft/ServerLevel]: Tried to add entity the_anomaly:anomaly_viewer but it was marked as removed already
[10:22:08] [Server thread/WARN] [minecraft/ServerLevel]: Tried to add entity the_anomaly:anomaly_viewer but it was marked as removed already
[10:22:08] [Server thread/WARN] [minecraft/ServerLevel]: Tried to add entity the_anomaly:anomaly_escape but it was marked as removed already
[10:22:11] [Server thread/INFO] [minecraft/MinecraftServer]: [YAMAPROSIH: Applied effect Night Vision to 3 targets]
[10:22:13] [Server thread/WARN] [minecraft/ServerLevel]: Tried to add entity the_anomaly:anomaly_viewer but it was marked as removed already
[10:22:13] [Server thread/WARN] [minecraft/ServerLevel]: Tried to add entity the_anomaly:anomaly_viewer but it was marked as removed already
[10:22:13] [Server thread/WARN] [minecraft/ServerLevel]: Tried to add entity the_anomaly:anomaly_trap but it was marked as removed already
[10:22:13] [Server thread/WARN] [minecraft/ServerLevel]: Tried to add entity the_anomaly:anomaly_viewer but it was marked as removed already
[10:22:14] [Server thread/WARN] [minecraft/ServerLevel]: Tried to add entity the_anomaly:anomaly_escape but it was marked as removed already
[10:22:16] [Server thread/WARN] [minecraft/ServerLevel]: Tried to add entity the_anomaly:anomaly_viewer but it was marked as removed already
[10:22:16] [Server thread/WARN] [minecraft/ServerLevel]: Tried to add entity the_anomaly:anomaly_visitor_2 but it was marked as removed already
[10:22:16] [Server thread/WARN] [minecraft/ServerLevel]: Tried to add entity the_anomaly:anomaly_trap but it was marked as removed already
[10:22:16] [Server thread/WARN] [minecraft/ServerLevel]: Tried to add entity the_anomaly:anomaly_escape but it was marked as removed already
[10:22:16] [Server thread/WARN] [minecraft/ServerLevel]: Tried to add entity the_anomaly:anomaly_escape but it was marked as removed already
[10:22:21] [Server thread/WARN] [minecraft/ServerLevel]: Tried to add entity the_anomaly:anomaly_escape but it was marked as removed already
[10:22:21] [Server thread/WARN] [minecraft/ServerLevel]: Tried to add entity the_anomaly:anomaly_trap but it was marked as removed already
[10:22:23] [Server thread/WARN] [minecraft/ServerLevel]: Tried to add entity the_anomaly:anomaly_escape but it was marked as removed already
[10:22:23] [Server thread/WARN] [minecraft/ServerLevel]: Tried to add entity the_anomaly:anomaly_trap but it was marked as removed already
[10:22:23] [Server thread/WARN] [minecraft/ServerLevel]: Tried to add entity the_anomaly:anomaly_trap but it was marked as removed already
[10:22:23] [Server thread/WARN] [minecraft/ServerLevel]: Tried to add entity the_anomaly:anomaly_escape but it was marked as removed already
[10:22:23] [Server thread/WARN] [minecraft/ServerLevel]: Tried to add entity the_anomaly:anomaly_visitor_2 but it was marked as removed already
[10:22:23] [Server thread/WARN] [minecraft/ServerLevel]: Tried to add entity the_anomaly:anomaly_visitor but it was marked as removed already
[10:22:23] [Server thread/WARN] [minecraft/ServerLevel]: Tried to add entity the_anomaly:anomaly_trap but it was marked as removed already
[10:22:23] [Server thread/WARN] [minecraft/ServerLevel]: Tried to add entity the_anomaly:anomaly_escape but it was marked as removed already
[10:22:23] [Server thread/WARN] [minecraft/ServerLevel]: Tried to add entity the_anomaly:anomaly_viewer but it was marked as removed already
[10:22:24] [Server thread/WARN] [minecraft/ServerLevel]: Tried to add entity the_anomaly:anomaly_viewer but it was marked as removed already
[10:22:24] [Server thread/WARN] [minecraft/ServerLevel]: Tried to add entity the_anomaly:anomaly_trap but it was marked as removed already
[10:22:24] [Server thread/WARN] [minecraft/ServerLevel]: Tried to add entity the_anomaly:anomaly_visitor_2 but it was marked as removed already
[10:22:24] [Server thread/WARN] [minecraft/ServerLevel]: Tried to add entity the_anomaly:anomaly_viewer but it was marked as removed already
[10:22:27] [Server thread/WARN] [minecraft/ServerLevel]: Tried to add entity the_anomaly:anomaly_trap but it was marked as removed already
[10:22:27] [Server thread/WARN] [minecraft/ServerLevel]: Tried to add entity the_anomaly:anomaly_trap but it was marked as removed already
[10:22:30] [Server thread/WARN] [minecraft/ServerLevel]: Tried to add entity the_anomaly:anomaly_trap but it was marked as removed already
[10:22:31] [Server thread/WARN] [minecraft/ServerLevel]: Tried to add entity the_anomaly:anomaly_trap but it was marked as removed already
[10:22:31] [Server thread/WARN] [minecraft/ServerLevel]: Tried to add entity the_anomaly:anomaly_viewer but it was marked as removed already
[10:22:31] [Server thread/WARN] [minecraft/ServerLevel]: Tried to add entity the_anomaly:anomaly_trap but it was marked as removed already
[10:22:31] [Server thread/WARN] [minecraft/ServerLevel]: Tried to add entity the_anomaly:anomaly_trap but it was marked as removed already
[10:22:32] [Server thread/WARN] [minecraft/ServerLevel]: Tried to add entity the_anomaly:anomaly_viewer but it was marked as removed already
[10:22:33] [Server thread/WARN] [minecraft/ServerLevel]: Tried to add entity the_anomaly:anomaly_trap but it was marked as removed already
[10:22:33] [Server thread/WARN] [minecraft/ServerLevel]: Tried to add entity the_anomaly:anomaly_viewer but it was marked as removed already
[10:22:33] [Server thread/WARN] [minecraft/ServerLevel]: Tried to add entity the_anomaly:anomaly_trap but it was marked as removed already
[10:22:33] [Server thread/WARN] [minecraft/ServerLevel]: Tried to add entity the_anomaly:anomaly_escape but it was marked as removed already
[10:22:33] [Server thread/WARN] [minecraft/ServerLevel]: Tried to add entity the_anomaly:anomaly_trap but it was marked as removed already
[10:22:35] [Server thread/WARN] [minecraft/ServerLevel]: Tried to add entity the_anomaly:anomaly_escape but it was marked as removed already
[10:22:36] [Server thread/WARN] [minecraft/ServerLevel]: Tried to add entity the_anomaly:anomaly_trap but it was marked as removed already
[10:22:36] [Server thread/WARN] [minecraft/ServerLevel]: Tried to add entity the_anomaly:anomaly_escape but it was marked as removed already
[10:22:36] [Server thread/WARN] [minecraft/ServerLevel]: Tried to add entity the_anomaly:anomaly_escape but it was marked as removed already
[10:22:36] [Server thread/WARN] [minecraft/ServerLevel]: Tried to add entity the_anomaly:anomaly_escape but it was marked as removed already
[10:22:39] [Server thread/WARN] [minecraft/ServerLevel]: Tried to add entity the_anomaly:anomaly_trap but it was marked as removed already
[10:22:39] [Server thread/WARN] [minecraft/ServerLevel]: Tried to add entity the_anomaly:anomaly_escape but it was marked as removed already
[10:22:39] [Server thread/INFO] [minecraft/ServerGamePacketListenerImpl]: gamerku lost connection: Disconnected
[10:22:39] [Server thread/INFO] [minecraft/MinecraftServer]: gamerku left the game
[10:22:40] [Server thread/WARN] [minecraft/ServerLevel]: Tried to add entity the_anomaly:anomaly_trap but it was marked as removed already
[10:22:40] [Server thread/WARN] [minecraft/ServerLevel]: Tried to add entity the_anomaly:anomaly_trap but it was marked as removed already
[10:22:40] [Server thread/WARN] [minecraft/ServerLevel]: Tried to add entity the_anomaly:anomaly_escape but it was marked as removed already
[10:22:40] [Server thread/WARN] [minecraft/ServerLevel]: Tried to add entity the_anomaly:anomaly_trap but it was marked as removed already
[10:22:40] [Server thread/WARN] [minecraft/ServerLevel]: Tried to add entity the_anomaly:anomaly_escape but it was marked as removed already
[10:22:40] [Server thread/WARN] [minecraft/ServerLevel]: Tried to add entity the_anomaly:anomaly_escape but it was marked as removed already
[10:22:42] [Server thread/WARN] [minecraft/ServerLevel]: Tried to add entity the_anomaly:anomaly_viewer but it was marked as removed already
[10:22:42] [Server thread/WARN] [minecraft/ServerLevel]: Tried to add entity the_anomaly:anomaly_trap but it was marked as removed already
[10:22:42] [Server thread/WARN] [minecraft/ServerLevel]: Tried to add entity the_anomaly:anomaly_viewer but it was marked as removed already
[10:22:42] [Server thread/WARN] [minecraft/ServerLevel]: Tried to add entity the_anomaly:anomaly_viewer but it was marked as removed already
[10:22:42] [Server thread/WARN] [minecraft/ServerLevel]: Tried to add entity the_anomaly:anomaly_escape but it was marked as removed already
[10:22:42] [Server thread/WARN] [minecraft/ServerLevel]: Tried to add entity the_anomaly:anomaly_escape but it was marked as removed already
[10:22:42] [Server thread/WARN] [minecraft/ServerLevel]: Tried to add entity the_anomaly:anomaly_trap but it was marked as removed already
[10:22:42] [Server thread/WARN] [minecraft/ServerLevel]: Tried to add entity the_anomaly:anomaly_escape but it was marked as removed already
[10:22:42] [Server thread/WARN] [minecraft/ServerLevel]: Tried to add entity the_anomaly:anomaly_viewer but it was marked as removed already
[10:22:42] [Server thread/WARN] [minecraft/ServerLevel]: Tried to add entity the_anomaly:anomaly_trap but it was marked as removed already
[10:22:42] [Server thread/WARN] [minecraft/ServerLevel]: Tried to add entity the_anomaly:anomaly_escape but it was marked as removed already
[10:22:42] [Server thread/WARN] [minecraft/ServerLevel]: Tried to add entity the_anomaly:anomaly_viewer but it was marked as removed already
[10:22:42] [Server thread/WARN] [minecraft/ServerLevel]: Tried to add entity the_anomaly:anomaly_viewer but it was marked as removed already
[10:22:44] [Server thread/WARN] [minecraft/ServerLevel]: Tried to add entity the_anomaly:anomaly_trap but it was marked as removed already
[10:22:44] [Server thread/WARN] [minecraft/ServerLevel]: Tried to add entity the_anomaly:anomaly_viewer but it was marked as removed already
[10:22:47] [Server thread/WARN] [minecraft/ServerLevel]: Tried to add entity the_anomaly:anomaly_viewer but it was marked as removed already
[10:22:58] [Server thread/WARN] [minecraft/ServerLevel]: Tried to add entity the_anomaly:anomaly_escape but it was marked as removed already
[10:23:03] [Server thread/WARN] [minecraft/ServerLevel]: Tried to add entity the_anomaly:anomaly_trap but it was marked as removed already
[10:23:21] [Server thread/WARN] [minecraft/ServerLevel]: Tried to add entity the_anomaly:anomaly_viewer but it was marked as removed already
[10:23:23] [Server thread/WARN] [minecraft/ServerLevel]: Tried to add entity the_anomaly:anomaly_trap but it was marked as removed already
[10:23:24] [Server thread/WARN] [minecraft/ServerLevel]: Tried to add entity the_anomaly:anomaly_viewer but it was marked as removed already
[10:23:25] [Server thread/WARN] [minecraft/ServerLevel]: Tried to add entity the_anomaly:anomaly_escape but it was marked as removed already
[10:23:28] [Server thread/WARN] [minecraft/ServerLevel]: Tried to add entity the_anomaly:anomaly_trap but it was marked as removed already
[10:23:35] [Server thread/WARN] [minecraft/ServerLevel]: Tried to add entity the_anomaly:anomaly_escape but it was marked as removed already
[10:23:35] [Server thread/WARN] [minecraft/ServerLevel]: Tried to add entity the_anomaly:anomaly_escape but it was marked as removed already
[10:23:36] [Server thread/WARN] [minecraft/ServerLevel]: Tried to add entity the_anomaly:anomaly_escape but it was marked as removed already
[10:23:36] [Server thread/WARN] [minecraft/ServerLevel]: Tried to add entity the_anomaly:anomaly_viewer but it was marked as removed already
[10:23:37] [Server thread/WARN] [minecraft/ServerLevel]: Tried to add entity the_anomaly:anomaly_trap but it was marked as removed already
[10:23:37] [Server thread/WARN] [minecraft/ServerLevel]: Tried to add entity the_anomaly:anomaly_escape but it was marked as removed already
[10:23:37] [Server thread/WARN] [minecraft/ServerLevel]: Tried to add entity the_anomaly:anomaly_escape but it was marked as removed already
[10:23:38] [Server thread/WARN] [minecraft/ServerLevel]: Tried to add entity the_anomaly:anomaly_trap but it was marked as removed already
[10:23:38] [Server thread/WARN] [minecraft/ServerLevel]: Tried to add entity the_anomaly:anomaly_trap but it was marked as removed already
[10:23:42] [Server thread/WARN] [minecraft/ServerLevel]: Tried to add entity the_anomaly:anomaly_trap but it was marked as removed already
[10:23:43] [Server thread/WARN] [minecraft/ServerLevel]: Tried to add entity the_anomaly:anomaly_escape but it was marked as removed already
[10:23:43] [Server thread/WARN] [minecraft/ServerLevel]: Tried to add entity the_anomaly:anomaly_escape but it was marked as removed already
[10:23:43] [Server thread/WARN] [minecraft/ServerLevel]: Tried to add entity the_anomaly:anomaly_escape but it was marked as removed already
[10:23:44] [Server thread/INFO] [ne.mi.co.AdvancementLoadFix/]: Using new advancement loading for net.minecraft.server.PlayerAdvancements@61222e97
[10:23:44] [Server thread/INFO] [minecraft/PlayerList]: gamerku[/127.163.95.26:54415] logged in with entity id 12941 at (-46.5, 72.0, -118.5)
[10:23:44] [Server thread/INFO] [minecraft/MinecraftServer]: gamerku joined the game
[10:23:44] [Server thread/INFO] [minecraft/MinecraftServer]: Behave yourself
[10:23:44] [Server thread/WARN] [minecraft/ServerLevel]: Tried to add entity the_anomaly:anomaly_trap but it was marked as removed already
[10:23:44] [Server thread/WARN] [minecraft/ServerLevel]: Tried to add entity the_anomaly:anomaly_viewer but it was marked as removed already
[10:23:44] [Server thread/WARN] [minecraft/ServerLevel]: Tried to add entity the_anomaly:anomaly_escape but it was marked as removed already
[10:23:45] [Server thread/WARN] [minecraft/ServerLevel]: Tried to add entity the_anomaly:anomaly_trap but it was marked as removed already
[10:23:45] [Server thread/WARN] [minecraft/ServerLevel]: Tried to add entity the_anomaly:anomaly_escape but it was marked as removed already
[10:23:45] [Server thread/WARN] [minecraft/ServerLevel]: Tried to add entity the_anomaly:anomaly_trap but it was marked as removed already
[10:23:45] [Server thread/WARN] [minecraft/ServerLevel]: Tried to add entity the_anomaly:anomaly_viewer but it was marked as removed already
[10:23:45] [Server thread/WARN] [minecraft/ServerLevel]: Tried to add entity the_anomaly:anomaly_viewer but it was marked as removed already
[10:23:45] [Server thread/WARN] [minecraft/ServerLevel]: Tried to add entity the_anomaly:anomaly_trap but it was marked as removed already
[10:23:45] [Server thread/WARN] [minecraft/ServerLevel]: Tried to add entity the_anomaly:anomaly_trap but it was marked as removed already
[10:23:45] [Server thread/WARN] [minecraft/ServerLevel]: Tried to add entity the_anomaly:anomaly_viewer but it was marked as removed already
[10:23:45] [Server thread/WARN] [minecraft/ServerLevel]: Tried to add entity the_anomaly:anomaly_viewer but it was marked as removed already
[10:23:45] [Server thread/WARN] [minecraft/ServerLevel]: Tried to add entity the_anomaly:anomaly_trap but it was marked as removed already
[10:23:45] [Server thread/WARN] [minecraft/ServerLevel]: Tried to add entity the_anomaly:anomaly_viewer but it was marked as removed already
[10:23:45] [Server thread/WARN] [minecraft/ServerLevel]: Tried to add entity the_anomaly:anomaly_viewer but it was marked as removed already
[10:23:45] [Server thread/WARN] [minecraft/ServerLevel]: Tried to add entity the_anomaly:anomaly_escape but it was marked as removed already
[10:23:45] [Server thread/WARN] [minecraft/ServerLevel]: Tried to add entity the_anomaly:anomaly_escape but it was marked as removed already
[10:23:45] [Server thread/WARN] [minecraft/ServerLevel]: Tried to add entity the_anomaly:anomaly_escape but it was marked as removed already
[10:23:46] [Server thread/WARN] [minecraft/ServerLevel]: Tried to add entity the_anomaly:anomaly_trap but it was marked as removed already
[10:23:46] [Server thread/WARN] [minecraft/ServerLevel]: Tried to add entity the_anomaly:anomaly_viewer but it was marked as removed already
[10:23:46] [Server thread/WARN] [minecraft/ServerLevel]: Tried to add entity the_anomaly:anomaly_trap but it was marked as removed already
[10:23:46] [Server thread/WARN] [minecraft/ServerLevel]: Tried to add entity the_anomaly:anomaly_viewer but it was marked as removed already
[10:23:46] [Server thread/WARN] [minecraft/ServerLevel]: Tried to add entity the_anomaly:anomaly_trap but it was marked as removed already
[10:23:47] [Server thread/WARN] [minecraft/ServerLevel]: Tried to add entity the_anomaly:anomaly_trap but it was marked as removed already
[10:23:47] [Server thread/WARN] [minecraft/ServerLevel]: Tried to add entity the_anomaly:anomaly_viewer but it was marked as removed already
[10:23:47] [Server thread/WARN] [minecraft/ServerLevel]: Tried to add entity the_anomaly:anomaly_viewer but it was marked as removed already
[10:23:47] [Server thread/WARN] [minecraft/ServerLevel]: Tried to add entity the_anomaly:anomaly_viewer but it was marked as removed already
[10:23:47] [Server thread/WARN] [minecraft/ServerLevel]: Tried to add entity the_anomaly:anomaly_escape but it was marked as removed already
[10:23:47] [Server thread/WARN] [minecraft/ServerLevel]: Tried to add entity the_anomaly:anomaly_viewer but it was marked as removed already
[10:23:47] [Server thread/WARN] [minecraft/ServerLevel]: Tried to add entity the_anomaly:anomaly_trap but it was marked as removed already
[10:23:47] [Server thread/WARN] [minecraft/ServerLevel]: Tried to add entity the_anomaly:anomaly_trap but it was marked as removed already
[10:23:47] [Server thread/WARN] [minecraft/ServerLevel]: Tried to add entity the_anomaly:anomaly_trap but it was marked as removed already
[10:23:47] [Server thread/WARN] [minecraft/ServerLevel]: Tried to add entity the_anomaly:anomaly_viewer but it was marked as removed already
[10:23:48] [Server thread/WARN] [minecraft/ServerLevel]: Tried to add entity the_anomaly:anomaly_trap but it was marked as removed already
[10:23:48] [Server thread/WARN] [minecraft/ServerLevel]: Tried to add entity the_anomaly:anomaly_trap but it was marked as removed already
[10:23:48] [Server thread/WARN] [minecraft/ServerLevel]: Tried to add entity the_anomaly:anomaly_viewer but it was marked as removed already
[10:23:48] [Server thread/WARN] [minecraft/ServerLevel]: Tried to add entity the_anomaly:anomaly_trap but it was marked as removed already
[10:23:48] [Server thread/WARN] [minecraft/ServerLevel]: Tried to add entity the_anomaly:anomaly_viewer but it was marked as removed already
[10:23:48] [Server thread/WARN] [minecraft/ServerLevel]: Tried to add entity the_anomaly:anomaly_viewer but it was marked as removed already
[10:23:48] [Server thread/WARN] [minecraft/ServerLevel]: Tried to add entity the_anomaly:anomaly_escape but it was marked as removed already
[10:23:48] [Server thread/WARN] [minecraft/ServerLevel]: Tried to add entity the_anomaly:anomaly_visitor_2 but it was marked as removed already
[10:23:48] [Server thread/WARN] [minecraft/ServerLevel]: Tried to add entity the_anomaly:anomaly_escape but it was marked as removed already
[10:23:48] [Server thread/WARN] [minecraft/ServerLevel]: Tried to add entity the_anomaly:anomaly_viewer but it was marked as removed already
[10:23:49] [Server thread/WARN] [minecraft/ServerLevel]: Tried to add entity the_anomaly:anomaly_viewer but it was marked as removed already
[10:23:49] [Server thread/WARN] [minecraft/ServerLevel]: Tried to add entity the_anomaly:anomaly_visitor but it was marked as removed already
[10:23:49] [Server thread/WARN] [minecraft/ServerLevel]: Tried to add entity the_anomaly:anomaly_escape but it was marked as removed already
[10:23:49] [Server thread/WARN] [minecraft/ServerLevel]: Tried to add entity the_anomaly:anomaly_viewer but it was marked as removed already
[10:23:49] [Server thread/WARN] [minecraft/ServerLevel]: Tried to add entity the_anomaly:anomaly_escape but it was marked as removed already
[10:23:49] [Server thread/WARN] [minecraft/ServerLevel]: Tried to add entity the_anomaly:anomaly_viewer but it was marked as removed already
[10:23:49] [Server thread/WARN] [minecraft/ServerLevel]: Tried to add entity the_anomaly:anomaly_escape but it was marked as removed already
[10:23:50] [Server thread/WARN] [minecraft/ServerLevel]: Tried to add entity the_anomaly:anomaly_escape but it was marked as removed already
[10:23:50] [Server thread/WARN] [minecraft/ServerLevel]: Tried to add entity the_anomaly:anomaly_escape but it was marked as removed already
[10:23:50] [Server thread/WARN] [minecraft/ServerLevel]: Tried to add entity the_anomaly:anomaly_visitor_2 but it was marked as removed already
[10:23:50] [Server thread/WARN] [minecraft/ServerLevel]: Tried to add entity the_anomaly:anomaly_trap but it was marked as removed already
[10:23:50] [Server thread/WARN] [minecraft/ServerLevel]: Tried to add entity the_anomaly:anomaly_trap but it was marked as removed already
[10:23:51] [Server thread/WARN] [minecraft/ServerLevel]: Tried to add entity the_anomaly:anomaly_viewer but it was marked as removed already
[10:23:51] [Server thread/WARN] [minecraft/ServerLevel]: Tried to add entity the_anomaly:anomaly_viewer but it was marked as removed already
[10:23:51] [Server thread/WARN] [minecraft/ServerLevel]: Tried to add entity the_anomaly:anomaly_escape but it was marked as removed already
[10:23:51] [Server thread/WARN] [minecraft/ServerLevel]: Tried to add entity the_anomaly:anomaly_viewer but it was marked as removed already
[10:23:51] [Server thread/WARN] [minecraft/ServerLevel]: Tried to add entity the_anomaly:anomaly_trap but it was marked as removed already
[10:23:51] [Server thread/WARN] [minecraft/ServerLevel]: Tried to add entity the_anomaly:anomaly_trap but it was marked as removed already
[10:23:51] [Server thread/WARN] [minecraft/ServerLevel]: Tried to add entity the_anomaly:anomaly_viewer but it was marked as removed already
[10:23:51] [Server thread/WARN] [minecraft/ServerLevel]: Tried to add entity the_anomaly:anomaly_viewer but it was marked as removed already
[10:23:51] [Server thread/WARN] [minecraft/ServerLevel]: Tried to add entity the_anomaly:anomaly_escape but it was marked as removed already
[10:23:51] [Server thread/WARN] [minecraft/ServerLevel]: Tried to add entity the_anomaly:anomaly_viewer but it was marked as removed already
[10:23:51] [Server thread/WARN] [minecraft/ServerLevel]: Tried to add entity the_anomaly:anomaly_trap but it was marked as removed already
[10:23:52] [Server thread/WARN] [minecraft/ServerLevel]: Tried to add entity the_anomaly:anomaly_trap but it was marked as removed already
[10:23:52] [Server thread/WARN] [minecraft/ServerLevel]: Tried to add entity the_anomaly:anomaly_viewer but it was marked as removed already
[10:23:52] [Server thread/WARN] [minecraft/ServerLevel]: Tried to add entity the_anomaly:anomaly_trap but it was marked as removed already
[10:23:52] [Server thread/WARN] [minecraft/ServerLevel]: Tried to add entity the_anomaly:anomaly_trap but it was marked as removed already
[10:23:52] [Server thread/WARN] [minecraft/ServerLevel]: Tried to add entity the_anomaly:anomaly_trap but it was marked as removed already
[10:23:52] [Server thread/WARN] [minecraft/ServerLevel]: Tried to add entity the_anomaly:anomaly_escape but it was marked as removed already
[10:23:52] [Server thread/WARN] [minecraft/ServerLevel]: Tried to add entity the_anomaly:anomaly_viewer but it was marked as removed already
[10:23:52] [Server thread/WARN] [minecraft/ServerLevel]: Tried to add entity the_anomaly:anomaly_escape but it was marked as removed already
[10:23:52] [Server thread/WARN] [minecraft/ServerLevel]: Tried to add entity the_anomaly:anomaly_escape but it was marked as removed already
[10:23:52] [Server thread/WARN] [minecraft/ServerLevel]: Tried to add entity the_anomaly:anomaly_escape but it was marked as removed already
[10:23:52] [Server thread/WARN] [minecraft/ServerLevel]: Tried to add entity the_anomaly:anomaly_trap but it was marked as removed already
[10:23:52] [Server thread/WARN] [minecraft/ServerLevel]: Tried to add entity the_anomaly:anomaly_escape but it was marked as removed already
[10:23:53] [Server thread/INFO] [minecraft/MinecraftServer]: [gamerku: Stopping the server]
[10:23:53] [Server thread/INFO] [minecraft/MinecraftServer]: Stopping server
[10:23:53] [Server thread/INFO] [minecraft/MinecraftServer]: Saving players
[10:23:53] [Server thread/INFO] [minecraft/ServerGamePacketListenerImpl]: YAMAPROSIH lost connection: Server closed
[10:23:53] [Server thread/INFO] [minecraft/MinecraftServer]: YAMAPROSIH left the game
[10:23:53] [Server thread/INFO] [minecraft/MinecraftServer]: Saving worlds
[10:23:55] [Server thread/INFO] [minecraft/MinecraftServer]: Saving chunks for level 'ServerLevel[world]'/minecraft:overworld
[10:23:56] [Server thread/INFO] [minecraft/MinecraftServer]: Saving chunks for level 'ServerLevel[world]'/minecraft:the_nether
[10:23:56] [Server thread/INFO] [minecraft/MinecraftServer]: Saving chunks for level 'ServerLevel[world]'/man:halucination
[10:23:56] [Server thread/INFO] [minecraft/MinecraftServer]: Saving chunks for level 'ServerLevel[world]'/minecraft:the_end
[10:23:56] [Server thread/INFO] [minecraft/MinecraftServer]: ThreadedAnvilChunkStorage (world): All chunks are saved
[10:23:56] [Server thread/INFO] [minecraft/MinecraftServer]: ThreadedAnvilChunkStorage (DIM-1): All chunks are saved
[10:23:56] [Server thread/INFO] [minecraft/MinecraftServer]: ThreadedAnvilChunkStorage (halucination): All chunks are saved
[10:23:56] [Server thread/INFO] [minecraft/MinecraftServer]: ThreadedAnvilChunkStorage (DIM1): All chunks are saved
[10:23:56] [Server thread/INFO] [minecraft/MinecraftServer]: ThreadedAnvilChunkStorage: All dimensions are saved
[10:23:56] [Thread-0/INFO] [de.ca.ca.CaveDweller/]: Server configuration has been reloaded
[10:23:56] [Thread-0/INFO] [de.ca.ca.CaveDweller/]: Server configuration has been reloaded
2025-02-27 10:24:35,778 main WARN Advanced terminal features are not available in this environment
[10:24:36] [main/INFO] [cp.mo.mo.Launcher/MODLAUNCHER]: ModLauncher running: args [--launchTarget, forgeserver, --fml.forgeVersion, 43.4.20, --fml.mcVersion, 1.19.2, --fml.forgeGroup, net.minecraftforge, --fml.mcpVersion, 20220805.130853]
[10:24:36] [main/INFO] [cp.mo.mo.Launcher/MODLAUNCHER]: ModLauncher 10.0.8+10.0.8+main.0ef7e830 starting: java version 21.0.5 by Microsoft; OS Linux arch amd64 version 6.5.0-1025-azure
[10:24:36] [main/INFO] [mixin/]: SpongePowered MIXIN Subsystem Version=0.8.5 Source=union:/workspaces/codespaces-jupyter/libraries/org/spongepowered/mixin/0.8.5/mixin-0.8.5.jar%2364!/ Service=ModLauncher Env=SERVER
[10:24:36] [main/WARN] [ne.mi.fm.lo.mo.ModFileParser/LOADING]: Mod file /workspaces/codespaces-jupyter/libraries/net/minecraftforge/fmlcore/1.19.2-43.4.20/fmlcore-1.19.2-43.4.20.jar is missing mods.toml file
[10:24:36] [main/WARN] [ne.mi.fm.lo.mo.ModFileParser/LOADING]: Mod file /workspaces/codespaces-jupyter/libraries/net/minecraftforge/javafmllanguage/1.19.2-43.4.20/javafmllanguage-1.19.2-43.4.20.jar is missing mods.toml file
[10:24:36] [main/WARN] [ne.mi.fm.lo.mo.ModFileParser/LOADING]: Mod file /workspaces/codespaces-jupyter/libraries/net/minecraftforge/lowcodelanguage/1.19.2-43.4.20/lowcodelanguage-1.19.2-43.4.20.jar is missing mods.toml file
[10:24:36] [main/WARN] [ne.mi.fm.lo.mo.ModFileParser/LOADING]: Mod file /workspaces/codespaces-jupyter/libraries/net/minecraftforge/mclanguage/1.19.2-43.4.20/mclanguage-1.19.2-43.4.20.jar is missing mods.toml file
[10:24:36] [main/INFO] [ne.mi.fm.lo.mo.JarInJarDependencyLocator/]: Found 2 dependencies adding them to mods collection
[10:24:38] [main/INFO] [mixin/]: Compatibility level set to JAVA_17
[10:24:38] [main/ERROR] [mixin/]: Mixin config cameraoverhaul.mixins.json does not specify "minVersion" property
[10:24:38] [main/INFO] [mixin/]: Successfully loaded Mixin Connector [com.sonicether.soundphysics.MixinConnector]
[10:24:38] [main/INFO] [mixin/]: Successfully loaded Mixin Connector [org.tlauncher.MixinConnector]
[10:24:38] [main/INFO] [cp.mo.mo.LaunchServiceHandler/MODLAUNCHER]: Launching target 'forgeserver' with arguments []
[10:24:38] [main/ERROR] [ne.mi.fm.lo.RuntimeDistCleaner/DISTXFORM]: Attempted to load class net/minecraft/client/player/AbstractClientPlayer for invalid dist DEDICATED_SERVER
[10:24:38] [main/WARN] [mixin/]: Error loading class: net/minecraft/client/player/AbstractClientPlayer (java.lang.RuntimeException: Attempted to load class net/minecraft/client/player/AbstractClientPlayer for invalid dist DEDICATED_SERVER)
[10:24:38] [main/WARN] [mixin/]: @Mixin target net.minecraft.client.player.AbstractClientPlayer was not found tlskincape-mixins.json:MixinAbstractPlayer
[10:24:38] [main/ERROR] [ne.mi.fm.lo.RuntimeDistCleaner/DISTXFORM]: Attempted to load class net/minecraft/client/gui/screens/TitleScreen for invalid dist DEDICATED_SERVER
[10:24:38] [main/WARN] [mixin/]: Error loading class: net/minecraft/client/gui/screens/TitleScreen (java.lang.RuntimeException: Attempted to load class net/minecraft/client/gui/screens/TitleScreen for invalid dist DEDICATED_SERVER)
[10:24:38] [main/WARN] [mixin/]: @Mixin target net.minecraft.client.gui.screens.TitleScreen was not found tlskincape-mixins.json:MixinMainMenu
[10:24:38] [main/WARN] [mixin/]: Error loading class: net/minecraft/client/model/PlayerModel (java.lang.ClassNotFoundException: net.minecraft.client.model.PlayerModel)
[10:24:38] [main/WARN] [mixin/]: @Mixin target net.minecraft.client.model.PlayerModel was not found tlskincape-mixins.json:MixinPlayerModel
[10:24:38] [main/ERROR] [ne.mi.fm.lo.RuntimeDistCleaner/DISTXFORM]: Attempted to load class net/minecraft/client/Camera for invalid dist DEDICATED_SERVER
[10:24:38] [main/WARN] [mixin/]: Error loading class: net/minecraft/client/Camera (java.lang.RuntimeException: Attempted to load class net/minecraft/client/Camera for invalid dist DEDICATED_SERVER)
[10:24:38] [main/WARN] [mixin/]: @Mixin target net.minecraft.client.Camera was not found cameraoverhaul.mixins.json:CameraMixin
[10:24:38] [main/ERROR] [ne.mi.fm.lo.RuntimeDistCleaner/DISTXFORM]: Attempted to load class net/minecraft/client/renderer/GameRenderer for invalid dist DEDICATED_SERVER
[10:24:38] [main/WARN] [mixin/]: Error loading class: net/minecraft/client/renderer/GameRenderer (java.lang.RuntimeException: Attempted to load class net/minecraft/client/renderer/GameRenderer for invalid dist DEDICATED_SERVER)
[10:24:38] [main/WARN] [mixin/]: @Mixin target net.minecraft.client.renderer.GameRenderer was not found cameraoverhaul.mixins.json:GameRendererMixin
[10:24:38] [main/ERROR] [ne.mi.fm.lo.RuntimeDistCleaner/DISTXFORM]: Attempted to load class net/minecraft/client/player/LocalPlayer for invalid dist DEDICATED_SERVER
[10:24:38] [main/WARN] [mixin/]: Error loading class: net/minecraft/client/player/LocalPlayer (java.lang.RuntimeException: Attempted to load class net/minecraft/client/player/LocalPlayer for invalid dist DEDICATED_SERVER)
[10:24:38] [main/WARN] [mixin/]: @Mixin target net.minecraft.client.player.LocalPlayer was not found cameraoverhaul.mixins.json:LocalPlayerMixin
[10:24:43] [main/INFO] [minecraft/DataFixers]: Building unoptimized datafixer
[10:24:45] [modloading-worker-0/INFO] [ne.mi.co.ForgeMod/FORGEMOD]: Forge mod loading, version 43.4.20, for MC 1.19.2 with MCP 20220805.130853
[10:24:46] [modloading-worker-0/INFO] [ne.mi.co.MinecraftForge/FORGE]: MinecraftForge v43.4.20 Initialized
[10:24:47] [Forge Version Check/INFO] [ne.mi.fm.VersionChecker/]: [cameraoverhaul] Starting version check at https://github.com/Mirsario/Minecraft-CameraOverhaul/blob/dev/meta/ForgeUpdateCheck.json?raw=true
[10:24:48] [main/INFO] [mojang/YggdrasilAuthenticationService]: Environment: authHost='https://authserver.mojang.com', accountsHost='https://api.mojang.com', sessionHost='https://sessionserver.mojang.com', servicesHost='https://api.minecraftservices.com', name='PROD'
[10:24:48] [Forge Version Check/INFO] [ne.mi.fm.VersionChecker/]: [cameraoverhaul] Found status: UP_TO_DATE Current: 2.0.0-forge+mc.1.19.0-1.19.2 Target: null
[10:24:48] [Forge Version Check/INFO] [ne.mi.fm.VersionChecker/]: [forge] Starting version check at https://files.minecraftforge.net/net/minecraftforge/forge/promotions_slim.json
[10:24:48] [main/WARN] [minecraft/VanillaPackResources]: Assets URL 'union:/workspaces/codespaces-jupyter/libraries/net/minecraft/server/1.19.2-20220805.130853/server-1.19.2-20220805.130853-srg.jar%23124!/assets/.mcassetsroot' uses unexpected schema
[10:24:48] [main/WARN] [minecraft/VanillaPackResources]: Assets URL 'union:/workspaces/codespaces-jupyter/libraries/net/minecraft/server/1.19.2-20220805.130853/server-1.19.2-20220805.130853-srg.jar%23124!/data/.mcassetsroot' uses unexpected schema
[10:24:49] [Forge Version Check/INFO] [ne.mi.fm.VersionChecker/]: [forge] Found status: AHEAD Current: 43.4.20 Target: null
[10:24:49] [Forge Version Check/INFO] [ne.mi.fm.VersionChecker/]: [sound_physics_remastered] Starting version check at https://update.maxhenkel.de/forge/sound_physics_remastered
[10:24:50] [Forge Version Check/INFO] [ne.mi.fm.VersionChecker/]: [sound_physics_remastered] Found status: AHEAD Current: 1.19.2-1.4.5 Target: null
[10:24:51] [main/INFO] [minecraft/RecipeManager]: Loaded 7 recipes
[10:24:51] [main/ERROR] [minecraft/ServerAdvancementManager]: Parsing error loading custom advancement man:thetear: Non [a-z0-9/._-] character in path of location: man:tearoftheman

[10:24:51] [main/INFO] [minecraft/AdvancementList]: Loaded 1185 advancements
[10:24:52] [Server thread/INFO] [minecraft/DedicatedServer]: Starting minecraft server version 1.19.2
[10:24:52] [Server thread/INFO] [minecraft/DedicatedServer]: Loading properties
[10:24:52] [Server thread/INFO] [minecraft/DedicatedServer]: Default game type: SURVIVAL
[10:24:52] [Server thread/INFO] [minecraft/MinecraftServer]: Generating keypair
[10:24:52] [Server console handler/ERROR] [minecraft/DedicatedServer]: Exception handling console input
java.io.IOException: Bad file descriptor
	at java.io.FileInputStream.readBytes(Native Method) ~[?:?] {}
	at java.io.FileInputStream.read(FileInputStream.java:287) ~[?:?] {}
	at java.io.BufferedInputStream.read1(BufferedInputStream.java:345) ~[?:?] {}
	at java.io.BufferedInputStream.implRead(BufferedInputStream.java:420) ~[?:?] {}
	at java.io.BufferedInputStream.read(BufferedInputStream.java:399) ~[?:?] {}
	at sun.nio.cs.StreamDecoder.readBytes(StreamDecoder.java:350) ~[?:?] {}
	at sun.nio.cs.StreamDecoder.implRead(StreamDecoder.java:393) ~[?:?] {}
	at sun.nio.cs.StreamDecoder.lockedRead(StreamDecoder.java:217) ~[?:?] {}
	at sun.nio.cs.StreamDecoder.read(StreamDecoder.java:171) ~[?:?] {}
	at java.io.InputStreamReader.read(InputStreamReader.java:188) ~[?:?] {}
	at java.io.BufferedReader.fill(BufferedReader.java:160) ~[?:?] {}
	at java.io.BufferedReader.implReadLine(BufferedReader.java:370) ~[?:?] {}
	at java.io.BufferedReader.readLine(BufferedReader.java:347) ~[?:?] {}
	at java.io.BufferedReader.readLine(BufferedReader.java:436) ~[?:?] {}
	at net.minecraft.server.dedicated.DedicatedServer$1.run(DedicatedServer.java:90) ~[server-1.19.2-20220805.130853-srg.jar%23124!/:?] {re:classloading}
[10:24:52] [Server thread/INFO] [minecraft/DedicatedServer]: Starting Minecraft server on *:25565
[10:24:52] [Server thread/INFO] [minecraft/ServerConnectionListener]: Using epoll channel type
[10:24:52] [Server thread/WARN] [minecraft/DedicatedServer]: **** SERVER IS RUNNING IN OFFLINE/INSECURE MODE!
[10:24:52] [Server thread/WARN] [minecraft/DedicatedServer]: The server will make no attempt to authenticate usernames. Beware.
[10:24:52] [Server thread/WARN] [minecraft/DedicatedServer]: While this makes the game possible to play without internet access, it also opens up the ability for hackers to connect with any username they choose.
[10:24:52] [Server thread/WARN] [minecraft/DedicatedServer]: To change this, set "online-mode" to "true" in the server.properties file.
[10:24:52] [Thread-0/INFO] [de.ca.ca.CaveDweller/]: Server configuration has been reloaded
[10:24:52] [Thread-0/INFO] [de.ca.ca.CaveDweller/]: Server configuration has been reloaded
[10:24:52] [Server thread/INFO] [minecraft/DedicatedServer]: Preparing level "world"
[10:24:52] [Server thread/INFO] [minecraft/MinecraftServer]: Preparing start region for dimension minecraft:overworld
[10:24:56] [Netty Epoll Server IO #1/INFO] [ne.mi.se.ServerLifecycleHooks/SERVERHOOKS]: Disconnecting Player (server is still starting): literal{Server is still starting! Please wait before reconnecting.}
[10:24:57] [Netty Epoll Server IO #2/INFO] [ne.mi.se.ServerLifecycleHooks/SERVERHOOKS]: Disconnecting Player (server is still starting): literal{Server is still starting! Please wait before reconnecting.}
[10:24:58] [Worker-Main-3/INFO] [minecraft/LoggerChunkProgressListener]: Preparing spawn area: 0%
[10:24:58] [Worker-Main-1/INFO] [minecraft/LoggerChunkProgressListener]: Preparing spawn area: 0%
[10:24:58] [Worker-Main-1/INFO] [minecraft/LoggerChunkProgressListener]: Preparing spawn area: 0%
[10:24:58] [Worker-Main-3/INFO] [minecraft/LoggerChunkProgressListener]: Preparing spawn area: 0%
[10:24:58] [Worker-Main-3/INFO] [minecraft/LoggerChunkProgressListener]: Preparing spawn area: 0%
[10:24:58] [Worker-Main-3/INFO] [minecraft/LoggerChunkProgressListener]: Preparing spawn area: 0%
[10:24:58] [Worker-Main-3/INFO] [minecraft/LoggerChunkProgressListener]: Preparing spawn area: 0%
[10:24:58] [Worker-Main-1/INFO] [minecraft/LoggerChunkProgressListener]: Preparing spawn area: 0%
[10:24:58] [Worker-Main-1/INFO] [minecraft/LoggerChunkProgressListener]: Preparing spawn area: 0%
[10:24:58] [Worker-Main-1/INFO] [minecraft/LoggerChunkProgressListener]: Preparing spawn area: 0%
[10:24:58] [Worker-Main-1/INFO] [minecraft/LoggerChunkProgressListener]: Preparing spawn area: 0%
[10:24:58] [Worker-Main-1/INFO] [minecraft/LoggerChunkProgressListener]: Preparing spawn area: 0%
[10:24:58] [Worker-Main-3/INFO] [minecraft/LoggerChunkProgressListener]: Preparing spawn area: 11%
[10:24:59] [Netty Epoll Server IO #3/INFO] [ne.mi.se.ServerLifecycleHooks/SERVERHOOKS]: Disconnecting Player (server is still starting): literal{Server is still starting! Please wait before reconnecting.}
[10:24:59] [Worker-Main-1/INFO] [minecraft/LoggerChunkProgressListener]: Preparing spawn area: 44%
[10:24:59] [Worker-Main-3/INFO] [minecraft/LoggerChunkProgressListener]: Preparing spawn area: 93%
[10:25:00] [Server thread/INFO] [minecraft/LoggerChunkProgressListener]: Time elapsed: 7076 ms
[10:25:00] [Server thread/INFO] [minecraft/DedicatedServer]: Done (7.455s)! For help, type "help"
[10:25:00] [Server thread/INFO] [ne.mi.se.pe.PermissionAPI/]: Successfully initialized permission handler forge:default_handler
[10:25:03] [Server thread/INFO] [ne.mi.co.AdvancementLoadFix/]: Using new advancement loading for net.minecraft.server.PlayerAdvancements@eea562d
[10:25:03] [Server thread/INFO] [minecraft/PlayerList]: YAMAPROSIH[/127.159.13.28:39537] logged in with entity id 180 at (-233.41204371714878, 40.231523797587016, -50.30000001192093)
[10:25:03] [Server thread/INFO] [minecraft/MinecraftServer]: YAMAPROSIH joined the game
[10:25:03] [Server thread/INFO] [minecraft/MinecraftServer]: Behave yourself
[10:25:04] [Server thread/WARN] [minecraft/ServerLevel]: Tried to add entity the_anomaly:anomaly_escape but it was marked as removed already
[10:25:10] [Server thread/INFO] [ne.mi.co.AdvancementLoadFix/]: Using new advancement loading for net.minecraft.server.PlayerAdvancements@69b5070b
[10:25:10] [Server thread/INFO] [minecraft/PlayerList]: Achbar[/127.17.40.46:57015] logged in with entity id 300 at (-234.4339422900906, 40.0, -47.49896156312479)
[10:25:10] [Server thread/INFO] [minecraft/MinecraftServer]: Achbar joined the game
[10:25:10] [Server thread/INFO] [minecraft/MinecraftServer]: Behave yourself
[10:25:18] [Server thread/INFO] [minecraft/MinecraftServer]: [YAMAPROSIH: Applied effect Night Vision to 2 targets]
[10:25:29] [Server thread/INFO] [ne.mi.co.AdvancementLoadFix/]: Using new advancement loading for net.minecraft.server.PlayerAdvancements@2a477de8
[10:25:29] [Server thread/INFO] [minecraft/PlayerList]: gamerku[/127.163.95.26:34253] logged in with entity id 301 at (-46.5, 72.0, -118.5)
[10:25:29] [Server thread/INFO] [minecraft/MinecraftServer]: gamerku joined the game
[10:25:29] [Server thread/INFO] [minecraft/MinecraftServer]: Behave yourself
[10:25:29] [Server thread/WARN] [minecraft/ServerLevel]: Tried to add entity the_anomaly:anomaly_trap but it was marked as removed already
[10:25:29] [Server thread/WARN] [minecraft/ServerLevel]: Tried to add entity the_anomaly:anomaly_viewer but it was marked as removed already
[10:25:29] [Server thread/WARN] [minecraft/ServerLevel]: Tried to add entity the_anomaly:anomaly_trap but it was marked as removed already
[10:25:29] [Server thread/WARN] [minecraft/ServerLevel]: Tried to add entity the_anomaly:anomaly_escape but it was marked as removed already
[10:25:29] [Server thread/WARN] [minecraft/ServerLevel]: Tried to add entity the_anomaly:anomaly_viewer but it was marked as removed already
[10:25:29] [Server thread/WARN] [minecraft/ServerLevel]: Tried to add entity the_anomaly:anomaly_viewer but it was marked as removed already
[10:25:29] [Server thread/WARN] [minecraft/ServerLevel]: Tried to add entity the_anomaly:anomaly_viewer but it was marked as removed already
[10:25:30] [Server thread/WARN] [minecraft/ServerLevel]: Tried to add entity the_anomaly:anomaly_viewer but it was marked as removed already
[10:25:30] [Server thread/WARN] [minecraft/ServerLevel]: Tried to add entity the_anomaly:anomaly_viewer but it was marked as removed already
[10:25:30] [Server thread/WARN] [minecraft/ServerLevel]: Tried to add entity the_anomaly:anomaly_viewer but it was marked as removed already
[10:25:31] [Server thread/WARN] [minecraft/ServerLevel]: Tried to add entity the_anomaly:anomaly_viewer but it was marked as removed already
[10:25:31] [Server thread/INFO] [minecraft/MinecraftServer]: [YAMAPROSIH: Applied effect Regeneration to YAMAPROSIH]
[10:25:31] [Server thread/WARN] [minecraft/ServerLevel]: Tried to add entity the_anomaly:anomaly_viewer but it was marked as removed already
[10:25:32] [Server thread/WARN] [minecraft/ServerLevel]: Tried to add entity the_anomaly:anomaly_trap but it was marked as removed already
[10:25:32] [Server thread/WARN] [minecraft/ServerLevel]: Tried to add entity the_anomaly:anomaly_viewer but it was marked as removed already
[10:25:32] [Server thread/WARN] [minecraft/ServerLevel]: Tried to add entity the_anomaly:anomaly_escape but it was marked as removed already
[10:25:32] [Server thread/WARN] [minecraft/ServerLevel]: Tried to add entity the_anomaly:anomaly_escape but it was marked as removed already
[10:25:33] [Server thread/WARN] [minecraft/ServerLevel]: Tried to add entity the_anomaly:anomaly_viewer but it was marked as removed already
[10:25:33] [Server thread/WARN] [minecraft/ServerLevel]: Tried to add entity the_anomaly:anomaly_trap but it was marked as removed already
[10:25:34] [Server thread/WARN] [minecraft/ServerLevel]: Tried to add entity the_anomaly:anomaly_trap but it was marked as removed already
[10:25:34] [Server thread/WARN] [minecraft/ServerLevel]: Tried to add entity the_anomaly:anomaly_viewer but it was marked as removed already
[10:25:34] [Server thread/WARN] [minecraft/ServerLevel]: Tried to add entity the_anomaly:anomaly_visitor_2 but it was marked as removed already
[10:25:34] [Server thread/WARN] [minecraft/ServerLevel]: Tried to add entity the_anomaly:anomaly_trap but it was marked as removed already
[10:25:35] [Server thread/WARN] [minecraft/ServerLevel]: Tried to add entity the_anomaly:anomaly_trap but it was marked as removed already
[10:25:35] [Server thread/WARN] [minecraft/ServerLevel]: Tried to add entity the_anomaly:anomaly_viewer but it was marked as removed already
[10:25:35] [Server thread/WARN] [minecraft/ServerLevel]: Tried to add entity the_anomaly:anomaly_trap but it was marked as removed already
[10:25:35] [Server thread/WARN] [minecraft/ServerLevel]: Tried to add entity the_anomaly:anomaly_trap but it was marked as removed already
[10:25:35] [Server thread/WARN] [minecraft/ServerLevel]: Tried to add entity the_anomaly:anomaly_escape but it was marked as removed already
[10:25:36] [Server thread/WARN] [minecraft/ServerLevel]: Tried to add entity the_anomaly:anomaly_trap but it was marked as removed already
[10:25:36] [Server thread/WARN] [minecraft/ServerLevel]: Tried to add entity the_anomaly:anomaly_trap but it was marked as removed already
[10:25:36] [Server thread/WARN] [minecraft/ServerLevel]: Tried to add entity the_anomaly:anomaly_viewer but it was marked as removed already
[10:25:36] [Server thread/WARN] [minecraft/ServerLevel]: Tried to add entity the_anomaly:anomaly_trap but it was marked as removed already
[10:25:36] [Server thread/WARN] [minecraft/ServerLevel]: Tried to add entity the_anomaly:anomaly_trap but it was marked as removed already
[10:25:36] [Server thread/WARN] [minecraft/ServerLevel]: Tried to add entity the_anomaly:anomaly_trap but it was marked as removed already
[10:25:36] [Server thread/WARN] [minecraft/ServerLevel]: Tried to add entity the_anomaly:anomaly_trap but it was marked as removed already
[10:25:36] [Server thread/WARN] [minecraft/ServerLevel]: Tried to add entity the_anomaly:anomaly_viewer but it was marked as removed already
[10:25:36] [Server thread/WARN] [minecraft/ServerLevel]: Tried to add entity the_anomaly:anomaly_trap but it was marked as removed already
[10:25:36] [Server thread/WARN] [minecraft/ServerLevel]: Tried to add entity the_anomaly:anomaly_trap but it was marked as removed already
[10:25:37] [Server thread/WARN] [minecraft/ServerLevel]: Tried to add entity the_anomaly:anomaly_visitor_2 but it was marked as removed already
[10:25:37] [Server thread/WARN] [minecraft/ServerLevel]: Tried to add entity the_anomaly:anomaly_trap but it was marked as removed already
[10:25:37] [Server thread/WARN] [minecraft/ServerLevel]: Tried to add entity the_anomaly:anomaly_viewer but it was marked as removed already
[10:25:37] [Server thread/WARN] [minecraft/ServerLevel]: Tried to add entity the_anomaly:anomaly_viewer but it was marked as removed already
[10:25:37] [Server thread/WARN] [minecraft/ServerLevel]: Tried to add entity the_anomaly:anomaly_trap but it was marked as removed already
[10:25:37] [Server thread/WARN] [minecraft/ServerLevel]: Tried to add entity the_anomaly:anomaly_viewer but it was marked as removed already
[10:25:37] [Server thread/WARN] [minecraft/ServerLevel]: Tried to add entity the_anomaly:anomaly_trap but it was marked as removed already
[10:25:37] [Server thread/WARN] [minecraft/ServerLevel]: Tried to add entity the_anomaly:anomaly_viewer but it was marked as removed already
[10:25:37] [Server thread/WARN] [minecraft/ServerLevel]: Tried to add entity the_anomaly:anomaly_viewer but it was marked as removed already
[10:25:38] [Server thread/WARN] [minecraft/ServerLevel]: Tried to add entity the_anomaly:anomaly_viewer but it was marked as removed already
[10:25:38] [Server thread/WARN] [minecraft/ServerLevel]: Tried to add entity the_anomaly:anomaly_trap but it was marked as removed already
[10:25:38] [Server thread/WARN] [minecraft/ServerLevel]: Tried to add entity the_anomaly:anomaly_viewer but it was marked as removed already
[10:25:38] [Server thread/WARN] [minecraft/ServerLevel]: Tried to add entity the_anomaly:anomaly_trap but it was marked as removed already
[10:25:38] [Server thread/WARN] [minecraft/ServerLevel]: Tried to add entity the_anomaly:anomaly_viewer but it was marked as removed already
[10:25:39] [Server thread/WARN] [minecraft/ServerLevel]: Tried to add entity the_anomaly:anomaly_escape but it was marked as removed already
[10:25:40] [Server thread/WARN] [minecraft/ServerLevel]: Tried to add entity the_anomaly:anomaly_trap but it was marked as removed already
[10:25:40] [Server thread/WARN] [minecraft/ServerLevel]: Tried to add entity the_anomaly:anomaly_escape but it was marked as removed already
[10:25:40] [Server thread/WARN] [minecraft/ServerLevel]: Tried to add entity the_anomaly:anomaly_viewer but it was marked as removed already
[10:25:40] [Server thread/WARN] [minecraft/ServerLevel]: Tried to add entity the_anomaly:anomaly_escape but it was marked as removed already
[10:25:42] [Server thread/WARN] [minecraft/ServerLevel]: Tried to add entity the_anomaly:anomaly_trap but it was marked as removed already
[10:25:42] [Server thread/WARN] [minecraft/ServerLevel]: Tried to add entity the_anomaly:anomaly_trap but it was marked as removed already
[10:25:42] [Server thread/WARN] [minecraft/ServerLevel]: Tried to add entity the_anomaly:anomaly_trap but it was marked as removed already
[10:25:45] [Server thread/WARN] [minecraft/ServerLevel]: Tried to add entity the_anomaly:anomaly_trap but it was marked as removed already
[10:25:45] [Server thread/WARN] [minecraft/ServerLevel]: Tried to add entity the_anomaly:anomaly_viewer but it was marked as removed already
[10:25:46] [Server thread/WARN] [minecraft/ServerLevel]: Tried to add entity the_anomaly:anomaly_escape but it was marked as removed already
[10:25:46] [Server thread/WARN] [minecraft/ServerLevel]: Tried to add entity the_anomaly:anomaly_trap but it was marked as removed already
[10:25:46] [Server thread/WARN] [minecraft/ServerLevel]: Tried to add entity the_anomaly:anomaly_viewer but it was marked as removed already
[10:25:46] [Server thread/WARN] [minecraft/ServerLevel]: Tried to add entity the_anomaly:anomaly_escape but it was marked as removed already
[10:25:47] [Server thread/WARN] [minecraft/ServerLevel]: Tried to add entity the_anomaly:anomaly_trap but it was marked as removed already
[10:25:47] [Server thread/WARN] [minecraft/ServerLevel]: Tried to add entity the_anomaly:anomaly_escape but it was marked as removed already
[10:25:47] [Server thread/WARN] [minecraft/ServerLevel]: Tried to add entity the_anomaly:anomaly_trap but it was marked as removed already
[10:25:47] [Server thread/WARN] [minecraft/ServerLevel]: Tried to add entity the_anomaly:anomaly_trap but it was marked as removed already
[10:25:48] [Server thread/WARN] [minecraft/ServerLevel]: Tried to add entity the_anomaly:anomaly_viewer but it was marked as removed already
[10:25:48] [Server thread/INFO] [minecraft/MinecraftServer]: [YAMAPROSIH: Applied effect Regeneration to 3 targets]
[10:25:48] [Server thread/WARN] [minecraft/ServerLevel]: Tried to add entity the_anomaly:anomaly_trap but it was marked as removed already
[10:25:48] [Server thread/WARN] [minecraft/ServerLevel]: Tried to add entity the_anomaly:anomaly_escape but it was marked as removed already
[10:25:48] [Server thread/WARN] [minecraft/ServerLevel]: Tried to add entity the_anomaly:anomaly_viewer but it was marked as removed already
[10:25:50] [Server thread/WARN] [minecraft/ServerLevel]: Tried to add entity the_anomaly:anomaly_trap but it was marked as removed already
[10:25:51] [Server thread/WARN] [minecraft/ServerLevel]: Tried to add entity the_anomaly:anomaly_viewer but it was marked as removed already
[10:25:51] [Server thread/WARN] [minecraft/ServerLevel]: Tried to add entity the_anomaly:anomaly_trap but it was marked as removed already
[10:25:51] [Server thread/WARN] [minecraft/ServerLevel]: Tried to add entity the_anomaly:anomaly_viewer but it was marked as removed already
[10:25:54] [Server thread/WARN] [minecraft/ServerLevel]: Tried to add entity the_anomaly:anomaly_trap but it was marked as removed already
[10:25:54] [Server thread/WARN] [minecraft/ServerLevel]: Tried to add entity the_anomaly:anomaly_viewer but it was marked as removed already
[10:25:54] [Server thread/WARN] [minecraft/ServerLevel]: Tried to add entity the_anomaly:anomaly_trap but it was marked as removed already
[10:25:55] [Server thread/WARN] [minecraft/ServerLevel]: Tried to add entity the_anomaly:anomaly_viewer but it was marked as removed already
[10:25:55] [Server thread/WARN] [minecraft/ServerLevel]: Tried to add entity the_anomaly:anomaly_trap but it was marked as removed already
[10:25:55] [Server thread/WARN] [minecraft/ServerLevel]: Tried to add entity the_anomaly:anomaly_trap but it was marked as removed already
[10:26:01] [Server thread/WARN] [minecraft/ServerLevel]: Tried to add entity the_anomaly:anomaly_trap but it was marked as removed already
[10:26:01] [Server thread/WARN] [minecraft/ServerLevel]: Tried to add entity the_anomaly:anomaly_trap but it was marked as removed already
[10:26:01] [Server thread/WARN] [minecraft/ServerLevel]: Tried to add entity the_anomaly:anomaly_escape but it was marked as removed already
[10:26:03] [Server thread/WARN] [minecraft/ServerLevel]: Tried to add entity the_anomaly:anomaly_viewer but it was marked as removed already
[10:26:03] [Server thread/WARN] [minecraft/ServerLevel]: Tried to add entity the_anomaly:anomaly_viewer but it was marked as removed already
[10:26:03] [Server thread/WARN] [minecraft/ServerLevel]: Tried to add entity the_anomaly:anomaly_trap but it was marked as removed already
[10:26:03] [Server thread/WARN] [minecraft/ServerLevel]: Tried to add entity the_anomaly:anomaly_viewer but it was marked as removed already
[10:26:03] [Server thread/WARN] [minecraft/ServerLevel]: Tried to add entity the_anomaly:anomaly_viewer but it was marked as removed already
[10:26:03] [Server thread/WARN] [minecraft/ServerLevel]: Tried to add entity the_anomaly:anomaly_trap but it was marked as removed already
[10:26:03] [Server thread/WARN] [minecraft/ServerLevel]: Tried to add entity the_anomaly:anomaly_trap but it was marked as removed already
[10:26:03] [Server thread/WARN] [minecraft/ServerLevel]: Tried to add entity the_anomaly:anomaly_trap but it was marked as removed already
[10:26:06] [Server thread/WARN] [minecraft/ServerLevel]: Tried to add entity the_anomaly:anomaly_trap but it was marked as removed already
[10:26:08] [Server thread/WARN] [minecraft/ServerLevel]: Tried to add entity the_anomaly:anomaly_trap but it was marked as removed already
[10:26:16] [Server thread/WARN] [minecraft/ServerLevel]: Tried to add entity the_anomaly:anomaly_trap but it was marked as removed already
[10:26:19] [Server thread/WARN] [minecraft/ServerLevel]: Tried to add entity the_anomaly:anomaly_trap but it was marked as removed already
[10:26:19] [Server thread/WARN] [minecraft/ServerLevel]: Tried to add entity the_anomaly:anomaly_trap but it was marked as removed already
[10:26:19] [Server thread/WARN] [minecraft/ServerLevel]: Tried to add entity the_anomaly:anomaly_viewer but it was marked as removed already
[10:26:20] [Server thread/WARN] [minecraft/ServerLevel]: Tried to add entity the_anomaly:anomaly_viewer but it was marked as removed already
[10:26:20] [Server thread/WARN] [minecraft/ServerLevel]: Tried to add entity the_anomaly:anomaly_trap but it was marked as removed already
[10:26:22] [Server thread/WARN] [minecraft/ServerLevel]: Tried to add entity the_anomaly:anomaly_viewer but it was marked as removed already
[10:26:25] [Server thread/WARN] [minecraft/ServerLevel]: Tried to add entity the_anomaly:anomaly_trap but it was marked as removed already
[10:26:36] [Server thread/WARN] [minecraft/ServerLevel]: Tried to add entity the_anomaly:anomaly_trap but it was marked as removed already
[10:26:37] [Server thread/WARN] [minecraft/ServerLevel]: Tried to add entity the_anomaly:anomaly_trap but it was marked as removed already
[10:26:37] [Server thread/WARN] [minecraft/ServerLevel]: Tried to add entity the_anomaly:anomaly_viewer but it was marked as removed already
[10:26:37] [Server thread/WARN] [minecraft/ServerLevel]: Tried to add entity the_anomaly:anomaly_trap but it was marked as removed already
[10:26:38] [Server thread/WARN] [minecraft/ServerLevel]: Tried to add entity the_anomaly:anomaly_viewer but it was marked as removed already
[10:26:39] [Server thread/WARN] [minecraft/ServerLevel]: Tried to add entity the_anomaly:anomaly_viewer but it was marked as removed already
[10:26:39] [Server thread/WARN] [minecraft/ServerLevel]: Tried to add entity the_anomaly:anomaly_viewer but it was marked as removed already
[10:26:41] [Server thread/WARN] [minecraft/ServerLevel]: Tried to add entity the_anomaly:anomaly_escape but it was marked as removed already
[10:26:41] [Server thread/WARN] [minecraft/ServerLevel]: Tried to add entity the_anomaly:anomaly_viewer but it was marked as removed already
[10:26:42] [Server thread/WARN] [minecraft/ServerLevel]: Tried to add entity the_anomaly:anomaly_viewer but it was marked as removed already
[10:26:42] [Server thread/WARN] [minecraft/ServerLevel]: Tried to add entity the_anomaly:anomaly_viewer but it was marked as removed already
[10:26:42] [Server thread/WARN] [minecraft/ServerLevel]: Tried to add entity the_anomaly:anomaly_trap but it was marked as removed already
[10:26:42] [Server thread/WARN] [minecraft/ServerLevel]: Tried to add entity the_anomaly:anomaly_trap but it was marked as removed already
[10:26:46] [Server thread/WARN] [minecraft/ServerLevel]: Tried to add entity the_anomaly:anomaly_viewer but it was marked as removed already
[10:26:46] [Server thread/WARN] [minecraft/ServerLevel]: Tried to add entity the_anomaly:anomaly_viewer but it was marked as removed already
[10:26:51] [Server thread/WARN] [minecraft/ServerLevel]: Tried to add entity the_anomaly:anomaly_viewer but it was marked as removed already
[10:26:51] [Server thread/WARN] [minecraft/ServerLevel]: Tried to add entity the_anomaly:anomaly_viewer but it was marked as removed already
[10:26:57] [Server thread/WARN] [minecraft/ServerLevel]: Tried to add entity the_anomaly:anomaly_trap but it was marked as removed already
[10:26:57] [Server thread/WARN] [minecraft/ServerLevel]: Tried to add entity the_anomaly:anomaly_viewer but it was marked as removed already
[10:27:00] [Server thread/WARN] [minecraft/ServerLevel]: Tried to add entity the_anomaly:anomaly_trap but it was marked as removed already
[10:27:01] [Server thread/WARN] [minecraft/ServerLevel]: Tried to add entity the_anomaly:anomaly_trap but it was marked as removed already
[10:27:01] [Server thread/WARN] [minecraft/ServerLevel]: Tried to add entity the_anomaly:anomaly_viewer but it was marked as removed already
[10:27:01] [Server thread/WARN] [minecraft/ServerLevel]: Tried to add entity the_anomaly:anomaly_trap but it was marked as removed already
[10:27:03] [Server thread/WARN] [minecraft/ServerLevel]: Tried to add entity the_anomaly:anomaly_viewer but it was marked as removed already
[10:27:03] [Server thread/WARN] [minecraft/ServerLevel]: Tried to add entity the_anomaly:anomaly_trap but it was marked as removed already
[10:27:06] [Server thread/WARN] [minecraft/ServerLevel]: Tried to add entity the_anomaly:anomaly_trap but it was marked as removed already
[10:27:15] [Server thread/WARN] [minecraft/ServerLevel]: Tried to add entity the_anomaly:anomaly_trap but it was marked as removed already
[10:27:15] [Server thread/WARN] [minecraft/ServerLevel]: Tried to add entity the_anomaly:anomaly_viewer but it was marked as removed already
[10:27:15] [Server thread/WARN] [minecraft/ServerLevel]: Tried to add entity the_anomaly:anomaly_trap but it was marked as removed already
[10:27:15] [Server thread/WARN] [minecraft/ServerLevel]: Tried to add entity the_anomaly:anomaly_viewer but it was marked as removed already
[10:27:18] [Server thread/WARN] [minecraft/ServerLevel]: Tried to add entity the_anomaly:anomaly_trap but it was marked as removed already
[10:27:19] [Server thread/WARN] [minecraft/ServerLevel]: Tried to add entity the_anomaly:anomaly_viewer but it was marked as removed already
[10:27:20] [Server thread/WARN] [minecraft/ServerLevel]: Tried to add entity the_anomaly:anomaly_trap but it was marked as removed already
[10:27:21] [Server thread/WARN] [minecraft/ServerLevel]: Tried to add entity the_anomaly:anomaly_viewer but it was marked as removed already
[10:27:24] [Server thread/WARN] [minecraft/ServerLevel]: Tried to add entity the_anomaly:anomaly_trap but it was marked as removed already
[10:27:24] [Server thread/WARN] [minecraft/ServerLevel]: Tried to add entity the_anomaly:anomaly_trap but it was marked as removed already
[10:27:24] [Server thread/WARN] [minecraft/ServerLevel]: Tried to add entity the_anomaly:anomaly_trap but it was marked as removed already
[10:27:31] [Server thread/WARN] [minecraft/ServerLevel]: Tried to add entity the_anomaly:anomaly_trap but it was marked as removed already
[10:27:31] [Server thread/WARN] [minecraft/ServerLevel]: Tried to add entity the_anomaly:anomaly_trap but it was marked as removed already
[10:27:37] [Server thread/WARN] [minecraft/ServerLevel]: Tried to add entity the_anomaly:anomaly_trap but it was marked as removed already
[10:27:41] [Server thread/WARN] [minecraft/ServerLevel]: Tried to add entity the_anomaly:anomaly_viewer but it was marked as removed already
[10:27:41] [Server thread/WARN] [minecraft/ServerLevel]: Tried to add entity the_anomaly:anomaly_viewer but it was marked as removed already
[10:27:41] [Server thread/WARN] [minecraft/ServerLevel]: Tried to add entity the_anomaly:anomaly_viewer but it was marked as removed already
[10:27:43] [Server thread/WARN] [minecraft/ServerLevel]: Tried to add entity the_anomaly:anomaly_trap but it was marked as removed already
[10:27:45] [Server thread/WARN] [minecraft/ServerLevel]: Tried to add entity the_anomaly:anomaly_viewer but it was marked as removed already
[10:27:54] [Server thread/WARN] [minecraft/ServerLevel]: Tried to add entity the_anomaly:anomaly_trap but it was marked as removed already
[10:27:54] [Server thread/WARN] [minecraft/ServerLevel]: Tried to add entity the_anomaly:anomaly_viewer but it was marked as removed already
[10:27:54] [Server thread/WARN] [minecraft/ServerLevel]: Tried to add entity the_anomaly:anomaly_escape but it was marked as removed already
[10:27:54] [Server thread/WARN] [minecraft/ServerLevel]: Tried to add entity the_anomaly:anomaly_trap but it was marked as removed already
[10:27:54] [Server thread/WARN] [minecraft/ServerLevel]: Tried to add entity the_anomaly:anomaly_trap but it was marked as removed already
[10:27:55] [Server thread/WARN] [minecraft/ServerLevel]: Tried to add entity the_anomaly:anomaly_viewer but it was marked as removed already
[10:27:59] [Server thread/WARN] [minecraft/ServerLevel]: Tried to add entity the_anomaly:anomaly_trap but it was marked as removed already
[10:28:04] [Server thread/WARN] [minecraft/ServerLevel]: Tried to add entity the_anomaly:anomaly_trap but it was marked as removed already
[10:28:04] [Server thread/WARN] [minecraft/ServerLevel]: Tried to add entity the_anomaly:anomaly_viewer but it was marked as removed already
[10:28:06] [Server thread/WARN] [minecraft/ServerLevel]: Tried to add entity the_anomaly:anomaly_trap but it was marked as removed already
[10:28:06] [Server thread/WARN] [minecraft/ServerLevel]: Tried to add entity the_anomaly:anomaly_viewer but it was marked as removed already
[10:28:06] [Server thread/WARN] [minecraft/ServerLevel]: Tried to add entity the_anomaly:anomaly_escape but it was marked as removed already
[10:28:06] [Server thread/WARN] [minecraft/ServerLevel]: Tried to add entity the_anomaly:anomaly_escape but it was marked as removed already
[10:28:06] [Server thread/WARN] [minecraft/ServerLevel]: Tried to add entity the_anomaly:anomaly_viewer but it was marked as removed already
[10:28:06] [Server thread/WARN] [minecraft/ServerLevel]: Tried to add entity the_anomaly:anomaly_viewer but it was marked as removed already
[10:28:06] [Server thread/WARN] [minecraft/ServerLevel]: Tried to add entity the_anomaly:anomaly_trap but it was marked as removed already
[10:28:06] [Server thread/WARN] [minecraft/ServerLevel]: Tried to add entity the_anomaly:anomaly_trap but it was marked as removed already
[10:28:06] [Server thread/WARN] [minecraft/ServerLevel]: Tried to add entity the_anomaly:anomaly_trap but it was marked as removed already
[10:28:07] [Server thread/WARN] [minecraft/ServerLevel]: Tried to add entity the_anomaly:anomaly_trap but it was marked as removed already
[10:28:10] [Server thread/WARN] [minecraft/ServerLevel]: Tried to add entity the_anomaly:anomaly_viewer but it was marked as removed already
[10:28:10] [Server thread/WARN] [minecraft/ServerLevel]: Tried to add entity the_anomaly:anomaly_trap but it was marked as removed already
[10:28:10] [Server thread/WARN] [minecraft/ServerLevel]: Tried to add entity the_anomaly:anomaly_trap but it was marked as removed already
[10:28:10] [Server thread/WARN] [minecraft/ServerLevel]: Tried to add entity the_anomaly:anomaly_trap but it was marked as removed already
[10:28:11] [Server thread/WARN] [minecraft/ServerLevel]: Tried to add entity the_anomaly:anomaly_escape but it was marked as removed already
[10:28:11] [Server thread/WARN] [minecraft/ServerLevel]: Tried to add entity the_anomaly:anomaly_trap but it was marked as removed already
[10:28:11] [Server thread/WARN] [minecraft/ServerLevel]: Tried to add entity the_anomaly:anomaly_trap but it was marked as removed already
[10:28:12] [Server thread/WARN] [minecraft/ServerLevel]: Tried to add entity the_anomaly:anomaly_escape but it was marked as removed already
[10:28:12] [Server thread/WARN] [minecraft/ServerLevel]: Tried to add entity the_anomaly:anomaly_trap but it was marked as removed already
[10:28:14] [Server thread/WARN] [minecraft/ServerLevel]: Tried to add entity the_anomaly:anomaly_escape but it was marked as removed already
[10:28:15] [Server thread/WARN] [minecraft/ServerLevel]: Tried to add entity the_anomaly:anomaly_trap but it was marked as removed already
[10:28:21] [Server thread/WARN] [minecraft/ServerLevel]: Tried to add entity the_anomaly:anomaly_trap but it was marked as removed already
[10:28:23] [Server thread/WARN] [minecraft/ServerLevel]: Tried to add entity the_anomaly:anomaly_trap but it was marked as removed already
[10:28:23] [Server thread/WARN] [minecraft/ServerLevel]: Tried to add entity the_anomaly:anomaly_viewer but it was marked as removed already
[10:28:23] [Server thread/WARN] [minecraft/ServerLevel]: Tried to add entity the_anomaly:anomaly_viewer but it was marked as removed already
[10:28:24] [Server thread/WARN] [minecraft/ServerLevel]: Tried to add entity the_anomaly:anomaly_escape but it was marked as removed already
[10:28:25] [Server thread/WARN] [minecraft/ServerLevel]: Tried to add entity the_anomaly:anomaly_viewer but it was marked as removed already
[10:28:27] [Server thread/WARN] [minecraft/ServerLevel]: Tried to add entity the_anomaly:anomaly_viewer but it was marked as removed already
[10:28:27] [Server thread/WARN] [minecraft/ServerLevel]: Tried to add entity the_anomaly:anomaly_escape but it was marked as removed already
[10:28:34] [Server thread/WARN] [minecraft/ServerLevel]: Tried to add entity the_anomaly:anomaly_trap but it was marked as removed already
[10:28:34] [Server thread/WARN] [minecraft/ServerLevel]: Tried to add entity the_anomaly:anomaly_viewer but it was marked as removed already
[10:28:35] [Server thread/WARN] [minecraft/ServerLevel]: Tried to add entity the_anomaly:anomaly_viewer but it was marked as removed already
[10:28:35] [Server thread/WARN] [minecraft/ServerLevel]: Tried to add entity the_anomaly:anomaly_trap but it was marked as removed already
[10:28:38] [Server thread/INFO] [minecraft/ServerGamePacketListenerImpl]: gamerku lost connection: Disconnected
[10:28:38] [Server thread/INFO] [minecraft/MinecraftServer]: gamerku left the game
[10:28:38] [Server thread/WARN] [minecraft/ServerLevel]: Tried to add entity the_anomaly:anomaly_viewer but it was marked as removed already
[10:28:44] [Server thread/INFO] [ne.mi.co.AdvancementLoadFix/]: Using new advancement loading for net.minecraft.server.PlayerAdvancements@155d4058
[10:28:44] [Server thread/INFO] [minecraft/PlayerList]: gamerku[/127.163.95.26:53513] logged in with entity id 1479 at (-261.23750001192093, 63.0, -43.34791699428951)
[10:28:44] [Server thread/INFO] [minecraft/MinecraftServer]: gamerku joined the game
[10:28:44] [Server thread/INFO] [minecraft/MinecraftServer]: Behave yourself
[10:28:44] [Server thread/WARN] [minecraft/ServerLevel]: Tried to add entity the_anomaly:anomaly_viewer but it was marked as removed already
[10:28:44] [Server thread/WARN] [minecraft/ServerLevel]: Tried to add entity the_anomaly:anomaly_trap but it was marked as removed already
[10:28:44] [Server thread/WARN] [minecraft/ServerLevel]: Tried to add entity the_anomaly:anomaly_viewer but it was marked as removed already
[10:28:45] [Server thread/WARN] [minecraft/ServerLevel]: Tried to add entity the_anomaly:anomaly_trap but it was marked as removed already
[10:28:53] [Server thread/WARN] [minecraft/ServerLevel]: Tried to add entity the_anomaly:anomaly_trap but it was marked as removed already
[10:28:55] [Server thread/WARN] [minecraft/ServerLevel]: Tried to add entity the_anomaly:anomaly_trap but it was marked as removed already
[10:28:55] [Server thread/WARN] [minecraft/ServerLevel]: Tried to add entity the_anomaly:anomaly_trap but it was marked as removed already
[10:28:55] [Server thread/WARN] [minecraft/ServerLevel]: Tried to add entity the_anomaly:anomaly_trap but it was marked as removed already
[10:28:55] [Server thread/WARN] [minecraft/ServerLevel]: Tried to add entity the_anomaly:anomaly_trap but it was marked as removed already
[10:29:00] [Server thread/WARN] [minecraft/ServerLevel]: Tried to add entity the_anomaly:anomaly_viewer but it was marked as removed already
[10:29:00] [Server thread/WARN] [minecraft/ServerLevel]: Tried to add entity the_anomaly:anomaly_viewer but it was marked as removed already
[10:29:01] [Server thread/WARN] [minecraft/ServerLevel]: Tried to add entity the_anomaly:anomaly_trap but it was marked as removed already
[10:29:01] [Server thread/WARN] [minecraft/ServerLevel]: Tried to add entity the_anomaly:anomaly_viewer but it was marked as removed already
[10:29:12] [Server thread/WARN] [minecraft/ServerLevel]: Tried to add entity the_anomaly:anomaly_viewer but it was marked as removed already
[10:29:12] [Server thread/INFO] [minecraft/MinecraftServer]: YAMAPROSIH has made the advancement [Diamonds!]
[10:29:14] [Server thread/WARN] [minecraft/ServerLevel]: Tried to add entity the_anomaly:anomaly_viewer but it was marked as removed already
[10:29:14] [Server thread/WARN] [minecraft/ServerLevel]: Tried to add entity the_anomaly:anomaly_trap but it was marked as removed already
[10:29:14] [Server thread/WARN] [minecraft/ServerLevel]: Tried to add entity the_anomaly:anomaly_escape but it was marked as removed already
[10:29:15] [Server thread/WARN] [minecraft/ServerLevel]: Tried to add entity the_anomaly:anomaly_trap but it was marked as removed already
[10:29:15] [Server thread/WARN] [minecraft/ServerLevel]: Tried to add entity the_anomaly:anomaly_trap but it was marked as removed already
[10:29:15] [Server thread/WARN] [minecraft/ServerLevel]: Tried to add entity the_anomaly:anomaly_trap but it was marked as removed already
[10:29:15] [Server thread/WARN] [minecraft/ServerLevel]: Tried to add entity the_anomaly:anomaly_trap but it was marked as removed already
[10:29:15] [Server thread/WARN] [minecraft/ServerLevel]: Tried to add entity the_anomaly:anomaly_viewer but it was marked as removed already
[10:29:15] [Server thread/WARN] [minecraft/ServerLevel]: Tried to add entity the_anomaly:anomaly_viewer but it was marked as removed already
[10:29:18] [Server thread/WARN] [minecraft/ServerLevel]: Tried to add entity the_anomaly:anomaly_escape but it was marked as removed already
[10:29:19] [Server thread/WARN] [minecraft/ServerLevel]: Tried to add entity the_anomaly:anomaly_trap but it was marked as removed already
[10:29:19] [Server thread/WARN] [minecraft/ServerLevel]: Tried to add entity the_anomaly:anomaly_trap but it was marked as removed already
[10:29:19] [Server thread/WARN] [minecraft/ServerLevel]: Tried to add entity the_anomaly:anomaly_viewer but it was marked as removed already
[10:29:22] [Server thread/WARN] [minecraft/ServerLevel]: Tried to add entity the_anomaly:anomaly_escape but it was marked as removed already
[10:29:22] [Server thread/WARN] [minecraft/ServerLevel]: Tried to add entity the_anomaly:anomaly_escape but it was marked as removed already
[10:29:26] [Server thread/WARN] [minecraft/ServerLevel]: Tried to add entity the_anomaly:anomaly_escape but it was marked as removed already
[10:29:27] [Server thread/WARN] [minecraft/ServerLevel]: Tried to add entity the_anomaly:anomaly_trap but it was marked as removed already
[10:29:27] [Server thread/WARN] [minecraft/ServerLevel]: Tried to add entity the_anomaly:anomaly_viewer but it was marked as removed already
[10:29:29] [Server thread/WARN] [minecraft/ServerLevel]: Tried to add entity the_anomaly:anomaly_escape but it was marked as removed already
[10:29:29] [Server thread/WARN] [minecraft/ServerLevel]: Tried to add entity the_anomaly:anomaly_trap but it was marked as removed already
[10:29:29] [Server thread/WARN] [minecraft/ServerLevel]: Tried to add entity the_anomaly:anomaly_trap but it was marked as removed already
[10:29:31] [Server thread/WARN] [minecraft/ServerLevel]: Tried to add entity the_anomaly:anomaly_viewer but it was marked as removed already
[10:29:31] [Server thread/WARN] [minecraft/ServerLevel]: Tried to add entity the_anomaly:anomaly_trap but it was marked as removed already
[10:29:32] [Server thread/WARN] [minecraft/ServerLevel]: Tried to add entity the_anomaly:anomaly_trap but it was marked as removed already
[10:29:32] [Server thread/WARN] [minecraft/ServerLevel]: Tried to add entity the_anomaly:anomaly_escape but it was marked as removed already
[10:29:32] [Server thread/WARN] [minecraft/ServerLevel]: Tried to add entity the_anomaly:anomaly_trap but it was marked as removed already
[10:29:32] [Server thread/WARN] [minecraft/ServerLevel]: Tried to add entity the_anomaly:anomaly_trap but it was marked as removed already
[10:29:32] [Server thread/WARN] [minecraft/ServerLevel]: Tried to add entity the_anomaly:anomaly_trap but it was marked as removed already
[10:29:32] [Server thread/WARN] [minecraft/ServerLevel]: Tried to add entity the_anomaly:anomaly_trap but it was marked as removed already
[10:29:41] [Server thread/WARN] [minecraft/ServerLevel]: Tried to add entity the_anomaly:anomaly_escape but it was marked as removed already
[10:29:42] [Server thread/WARN] [minecraft/ServerLevel]: Tried to add entity the_anomaly:anomaly_trap but it was marked as removed already
[10:29:42] [Server thread/WARN] [minecraft/ServerLevel]: Tried to add entity the_anomaly:anomaly_escape but it was marked as removed already
[10:29:44] [Server thread/WARN] [minecraft/ServerLevel]: Tried to add entity the_anomaly:anomaly_trap but it was marked as removed already
[10:29:45] [Server thread/WARN] [minecraft/ServerLevel]: Tried to add entity the_anomaly:anomaly_viewer but it was marked as removed already
[10:29:45] [Server thread/WARN] [minecraft/ServerLevel]: Tried to add entity the_anomaly:anomaly_trap but it was marked as removed already
[10:29:49] [Server thread/WARN] [minecraft/ServerLevel]: Tried to add entity the_anomaly:anomaly_trap but it was marked as removed already
[10:29:49] [Server thread/WARN] [minecraft/ServerLevel]: Tried to add entity the_anomaly:anomaly_escape but it was marked as removed already
[10:29:49] [Server thread/WARN] [minecraft/ServerLevel]: Tried to add entity the_anomaly:anomaly_trap but it was marked as removed already
[10:29:51] [Server thread/INFO] [minecraft/MinecraftServer]: Achbar has made the advancement [Diamonds!]
[10:29:54] [Server thread/WARN] [minecraft/ServerLevel]: Tried to add entity the_anomaly:anomaly_escape but it was marked as removed already
[10:29:55] [Server thread/WARN] [minecraft/ServerLevel]: Tried to add entity the_anomaly:anomaly_trap but it was marked as removed already
[10:29:56] [Server thread/WARN] [minecraft/ServerLevel]: Tried to add entity the_anomaly:anomaly_trap but it was marked as removed already
[10:29:57] [Server thread/WARN] [minecraft/ServerLevel]: Tried to add entity the_anomaly:anomaly_trap but it was marked as removed already
[10:29:59] [Server thread/WARN] [minecraft/ServerLevel]: Tried to add entity the_anomaly:anomaly_trap but it was marked as removed already
[10:29:59] [Server thread/WARN] [minecraft/ServerLevel]: Tried to add entity the_anomaly:anomaly_viewer but it was marked as removed already
[10:30:05] [Server thread/WARN] [minecraft/ServerLevel]: Tried to add entity the_anomaly:anomaly_escape but it was marked as removed already
[10:30:05] [Server thread/WARN] [minecraft/ServerLevel]: Tried to add entity the_anomaly:anomaly_viewer but it was marked as removed already
[10:30:09] [Server thread/WARN] [minecraft/ServerLevel]: Tried to add entity the_anomaly:anomaly_viewer but it was marked as removed already
[10:30:09] [Server thread/WARN] [minecraft/ServerLevel]: Tried to add entity the_anomaly:anomaly_escape but it was marked as removed already
[10:30:14] [Server thread/WARN] [minecraft/ServerLevel]: Tried to add entity the_anomaly:anomaly_viewer but it was marked as removed already
[10:30:14] [Server thread/WARN] [minecraft/ServerLevel]: Tried to add entity the_anomaly:anomaly_viewer but it was marked as removed already
[10:30:15] [Server thread/WARN] [minecraft/ServerLevel]: Tried to add entity the_anomaly:anomaly_escape but it was marked as removed already
[10:30:19] [Server thread/WARN] [minecraft/ServerLevel]: Tried to add entity the_anomaly:anomaly_viewer but it was marked as removed already
[10:30:19] [Server thread/WARN] [minecraft/ServerLevel]: Tried to add entity the_anomaly:anomaly_viewer but it was marked as removed already
[10:30:19] [Server thread/WARN] [minecraft/ServerLevel]: Tried to add entity the_anomaly:anomaly_trap but it was marked as removed already
[10:30:21] [Server thread/WARN] [minecraft/ServerLevel]: Tried to add entity the_anomaly:anomaly_escape but it was marked as removed already
[10:30:25] [Server thread/WARN] [minecraft/ServerLevel]: Tried to add entity the_anomaly:anomaly_trap but it was marked as removed already
[10:30:26] [Server thread/WARN] [minecraft/ServerLevel]: Tried to add entity the_anomaly:anomaly_escape but it was marked as removed already
[10:30:29] [Server thread/INFO] [minecraft/ServerGamePacketListenerImpl]: gamerku lost connection: Timed out
[10:30:29] [Server thread/INFO] [minecraft/MinecraftServer]: gamerku left the game
[10:30:29] [Server thread/WARN] [minecraft/Connection]: handleDisconnection() called twice
[10:30:33] [Server thread/WARN] [minecraft/ServerLevel]: Tried to add entity the_anomaly:anomaly_escape but it was marked as removed already
[10:30:39] [Server thread/WARN] [minecraft/ServerLevel]: Tried to add entity the_anomaly:anomaly_trap but it was marked as removed already
[10:30:39] [Server thread/WARN] [minecraft/ServerLevel]: Tried to add entity the_anomaly:anomaly_trap but it was marked as removed already
[10:30:39] [Server thread/WARN] [minecraft/ServerLevel]: Tried to add entity the_anomaly:anomaly_trap but it was marked as removed already
[10:30:39] [Server thread/WARN] [minecraft/ServerLevel]: Tried to add entity the_anomaly:anomaly_viewer but it was marked as removed already
[10:30:39] [Server thread/WARN] [minecraft/ServerLevel]: Tried to add entity the_anomaly:anomaly_escape but it was marked as removed already
[10:30:40] [Server thread/WARN] [minecraft/ServerLevel]: Tried to add entity the_anomaly:anomaly_escape but it was marked as removed already
[10:30:40] [Server thread/WARN] [minecraft/ServerLevel]: Tried to add entity the_anomaly:anomaly_viewer but it was marked as removed already
[10:30:40] [Server thread/WARN] [minecraft/ServerLevel]: Tried to add entity the_anomaly:anomaly_viewer but it was marked as removed already
[10:30:41] [Server thread/WARN] [minecraft/ServerLevel]: Tried to add entity the_anomaly:anomaly_escape but it was marked as removed already
[10:30:42] [Server thread/WARN] [minecraft/ServerLevel]: Tried to add entity the_anomaly:anomaly_escape but it was marked as removed already
[10:30:42] [Server thread/WARN] [minecraft/ServerLevel]: Tried to add entity the_anomaly:anomaly_trap but it was marked as removed already
[10:30:42] [Server thread/WARN] [minecraft/ServerLevel]: Tried to add entity the_anomaly:anomaly_trap but it was marked as removed already
[10:30:42] [Server thread/WARN] [minecraft/ServerLevel]: Tried to add entity the_anomaly:anomaly_viewer but it was marked as removed already
[10:30:42] [Server thread/WARN] [minecraft/ServerLevel]: Tried to add entity the_anomaly:anomaly_trap but it was marked as removed already
[10:30:42] [Server thread/WARN] [minecraft/ServerLevel]: Tried to add entity the_anomaly:anomaly_viewer but it was marked as removed already
[10:30:42] [Server thread/WARN] [minecraft/ServerLevel]: Tried to add entity the_anomaly:anomaly_trap but it was marked as removed already
[10:30:42] [Server thread/WARN] [minecraft/ServerLevel]: Tried to add entity the_anomaly:anomaly_trap but it was marked as removed already
[10:30:42] [Server thread/WARN] [minecraft/ServerLevel]: Tried to add entity the_anomaly:anomaly_viewer but it was marked as removed already
[10:30:42] [Server thread/WARN] [minecraft/ServerLevel]: Tried to add entity the_anomaly:anomaly_escape but it was marked as removed already
[10:30:46] [Server thread/WARN] [minecraft/ServerLevel]: Tried to add entity the_anomaly:anomaly_trap but it was marked as removed already
[10:30:48] [Server thread/WARN] [minecraft/ServerLevel]: Tried to add entity the_anomaly:anomaly_escape but it was marked as removed already
[10:30:50] [Server thread/WARN] [minecraft/ServerLevel]: Tried to add entity the_anomaly:anomaly_viewer but it was marked as removed already
[10:30:51] [Server thread/INFO] [ne.mi.co.AdvancementLoadFix/]: Using new advancement loading for net.minecraft.server.PlayerAdvancements@15ea44cb
[10:30:51] [Server thread/INFO] [minecraft/PlayerList]: gamerku[/127.163.95.26:48431] logged in with entity id 2124 at (-263.8311021492378, 61.59995905889842, -91.0895868779483)
[10:30:51] [Server thread/INFO] [minecraft/MinecraftServer]: gamerku joined the game
[10:30:51] [Server thread/INFO] [minecraft/MinecraftServer]: Behave yourself
[10:30:51] [Server thread/WARN] [minecraft/ServerLevel]: Tried to add entity the_anomaly:anomaly_trap but it was marked as removed already
[10:30:56] [Server thread/WARN] [minecraft/ServerLevel]: Tried to add entity the_anomaly:anomaly_escape but it was marked as removed already
[10:31:02] [Server thread/WARN] [minecraft/ServerLevel]: Tried to add entity the_anomaly:anomaly_escape but it was marked as removed already
[10:31:02] [Server thread/WARN] [minecraft/ServerLevel]: Tried to add entity the_anomaly:anomaly_escape but it was marked as removed already
[10:31:05] [Server thread/INFO] [minecraft/ServerGamePacketListenerImpl]: gamerku lost connection: Disconnected
[10:31:05] [Server thread/INFO] [minecraft/MinecraftServer]: gamerku left the game
[10:31:09] [Server thread/WARN] [minecraft/ServerLevel]: Tried to add entity the_anomaly:anomaly_viewer but it was marked as removed already
[10:31:12] [Server thread/WARN] [minecraft/ServerLevel]: Tried to add entity the_anomaly:anomaly_trap but it was marked as removed already
[10:31:13] [Server thread/WARN] [minecraft/ServerLevel]: Tried to add entity the_anomaly:anomaly_viewer but it was marked as removed already
[10:31:13] [Server thread/WARN] [minecraft/ServerLevel]: Tried to add entity the_anomaly:anomaly_trap but it was marked as removed already
[10:31:15] [Server thread/WARN] [minecraft/ServerLevel]: Tried to add entity the_anomaly:anomaly_trap but it was marked as removed already
[10:31:17] [Server thread/WARN] [minecraft/ServerLevel]: Tried to add entity the_anomaly:anomaly_escape but it was marked as removed already
[10:31:20] [Server thread/WARN] [minecraft/ServerLevel]: Tried to add entity the_anomaly:anomaly_viewer but it was marked as removed already
[10:31:20] [Server thread/WARN] [minecraft/ServerLevel]: Tried to add entity the_anomaly:anomaly_escape but it was marked as removed already
[10:31:22] [Server thread/WARN] [minecraft/ServerLevel]: Tried to add entity the_anomaly:anomaly_viewer but it was marked as removed already
[10:31:22] [Server thread/WARN] [minecraft/ServerLevel]: Tried to add entity the_anomaly:anomaly_escape but it was marked as removed already
[10:31:22] [Server thread/WARN] [minecraft/ServerLevel]: Tried to add entity the_anomaly:anomaly_trap but it was marked as removed already
[10:31:26] [Server thread/WARN] [minecraft/ServerLevel]: Tried to add entity the_anomaly:anomaly_trap but it was marked as removed already
[10:31:26] [Server thread/WARN] [minecraft/ServerLevel]: Tried to add entity the_anomaly:anomaly_viewer but it was marked as removed already
[10:31:27] [Server thread/WARN] [minecraft/ServerLevel]: Tried to add entity the_anomaly:anomaly_trap but it was marked as removed already
[10:31:27] [Server thread/WARN] [minecraft/ServerLevel]: Tried to add entity the_anomaly:anomaly_escape but it was marked as removed already
[10:31:27] [Server thread/WARN] [minecraft/ServerLevel]: Tried to add entity the_anomaly:anomaly_escape but it was marked as removed already
[10:31:28] [Server thread/WARN] [minecraft/ServerLevel]: Tried to add entity the_anomaly:anomaly_escape but it was marked as removed already
[10:31:31] [Server thread/WARN] [minecraft/ServerLevel]: Tried to add entity the_anomaly:anomaly_escape but it was marked as removed already
[10:31:31] [Server thread/WARN] [minecraft/ServerLevel]: Tried to add entity the_anomaly:anomaly_viewer but it was marked as removed already
[10:31:31] [Server thread/WARN] [minecraft/ServerLevel]: Tried to add entity the_anomaly:anomaly_viewer but it was marked as removed already
[10:31:31] [Server thread/WARN] [minecraft/ServerLevel]: Tried to add entity the_anomaly:anomaly_escape but it was marked as removed already
[10:31:33] [Server thread/WARN] [minecraft/ServerLevel]: Tried to add entity the_anomaly:anomaly_escape but it was marked as removed already
[10:31:33] [Server thread/WARN] [minecraft/ServerLevel]: Tried to add entity the_anomaly:anomaly_viewer but it was marked as removed already
[10:31:33] [Server thread/WARN] [minecraft/ServerLevel]: Tried to add entity the_anomaly:anomaly_trap but it was marked as removed already
[10:31:42] [Server thread/WARN] [minecraft/ServerLevel]: Tried to add entity the_anomaly:anomaly_viewer but it was marked as removed already
[10:31:42] [Server thread/WARN] [minecraft/ServerLevel]: Tried to add entity the_anomaly:anomaly_viewer but it was marked as removed already
[10:31:42] [Server thread/WARN] [minecraft/ServerLevel]: Tried to add entity the_anomaly:anomaly_escape but it was marked as removed already
[10:31:47] [Server thread/WARN] [minecraft/ServerLevel]: Tried to add entity the_anomaly:anomaly_escape but it was marked as removed already
[10:31:47] [Server thread/WARN] [minecraft/ServerLevel]: Tried to add entity the_anomaly:anomaly_escape but it was marked as removed already
[10:31:52] [Server thread/WARN] [minecraft/ServerLevel]: Tried to add entity the_anomaly:anomaly_viewer but it was marked as removed already
[10:31:56] [Server thread/WARN] [minecraft/ServerLevel]: Tried to add entity the_anomaly:anomaly_viewer but it was marked as removed already
[10:31:56] [Server thread/WARN] [minecraft/ServerLevel]: Tried to add entity the_anomaly:anomaly_escape but it was marked as removed already
[10:31:56] [Server thread/WARN] [minecraft/ServerLevel]: Tried to add entity the_anomaly:anomaly_escape but it was marked as removed already
[10:32:04] [Server thread/WARN] [minecraft/ServerLevel]: Tried to add entity the_anomaly:anomaly_trap but it was marked as removed already
[10:32:04] [Server thread/WARN] [minecraft/ServerLevel]: Tried to add entity the_anomaly:anomaly_trap but it was marked as removed already
[10:32:04] [Server thread/WARN] [minecraft/ServerLevel]: Tried to add entity the_anomaly:anomaly_viewer but it was marked as removed already
[10:32:06] [Server thread/WARN] [minecraft/ServerLevel]: Tried to add entity the_anomaly:anomaly_viewer but it was marked as removed already
[10:32:06] [Server thread/WARN] [minecraft/ServerLevel]: Tried to add entity the_anomaly:anomaly_viewer but it was marked as removed already
[10:32:06] [Server thread/WARN] [minecraft/ServerLevel]: Tried to add entity the_anomaly:anomaly_escape but it was marked as removed already
[10:32:06] [Server thread/WARN] [minecraft/ServerLevel]: Tried to add entity the_anomaly:anomaly_viewer but it was marked as removed already
[10:32:06] [Server thread/WARN] [minecraft/ServerLevel]: Tried to add entity the_anomaly:anomaly_viewer but it was marked as removed already
[10:32:06] [Server thread/WARN] [minecraft/ServerLevel]: Tried to add entity the_anomaly:anomaly_viewer but it was marked as removed already
[10:32:06] [Server thread/WARN] [minecraft/ServerLevel]: Tried to add entity the_anomaly:anomaly_viewer but it was marked as removed already
[10:32:07] [Server thread/WARN] [minecraft/ServerLevel]: Tried to add entity the_anomaly:anomaly_viewer but it was marked as removed already
[10:32:08] [Server thread/WARN] [minecraft/ServerLevel]: Tried to add entity the_anomaly:anomaly_trap but it was marked as removed already
[10:32:08] [Server thread/WARN] [minecraft/ServerLevel]: Tried to add entity the_anomaly:anomaly_viewer but it was marked as removed already
[10:32:08] [Server thread/WARN] [minecraft/ServerLevel]: Tried to add entity the_anomaly:anomaly_escape but it was marked as removed already
[10:32:08] [Server thread/WARN] [minecraft/ServerLevel]: Tried to add entity the_anomaly:anomaly_trap but it was marked as removed already
[10:32:08] [Server thread/WARN] [minecraft/ServerLevel]: Tried to add entity the_anomaly:anomaly_viewer but it was marked as removed already
[10:32:08] [Server thread/WARN] [minecraft/ServerLevel]: Tried to add entity the_anomaly:anomaly_viewer but it was marked as removed already
[10:32:08] [Server thread/WARN] [minecraft/ServerLevel]: Tried to add entity the_anomaly:anomaly_trap but it was marked as removed already
[10:32:08] [Server thread/WARN] [minecraft/ServerLevel]: Tried to add entity the_anomaly:anomaly_viewer but it was marked as removed already
[10:32:08] [Server thread/WARN] [minecraft/ServerLevel]: Tried to add entity the_anomaly:anomaly_trap but it was marked as removed already
[10:32:08] [Server thread/WARN] [minecraft/ServerLevel]: Tried to add entity the_anomaly:anomaly_trap but it was marked as removed already
[10:32:08] [Server thread/WARN] [minecraft/ServerLevel]: Tried to add entity the_anomaly:anomaly_escape but it was marked as removed already
[10:32:08] [Server thread/WARN] [minecraft/ServerLevel]: Tried to add entity the_anomaly:anomaly_escape but it was marked as removed already
[10:32:13] [Server thread/WARN] [minecraft/ServerLevel]: Tried to add entity the_anomaly:anomaly_viewer but it was marked as removed already
[10:32:13] [Server thread/WARN] [minecraft/ServerLevel]: Tried to add entity the_anomaly:anomaly_trap but it was marked as removed already
[10:32:13] [Server thread/WARN] [minecraft/ServerLevel]: Tried to add entity the_anomaly:anomaly_escape but it was marked as removed already
[10:32:15] [Server thread/WARN] [minecraft/ServerLevel]: Tried to add entity the_anomaly:anomaly_escape but it was marked as removed already
[10:32:15] [Server thread/WARN] [minecraft/ServerLevel]: Tried to add entity the_anomaly:anomaly_viewer but it was marked as removed already
[10:32:16] [Server thread/WARN] [minecraft/ServerLevel]: Tried to add entity the_anomaly:anomaly_trap but it was marked as removed already
[10:32:16] [Server thread/WARN] [minecraft/ServerLevel]: Tried to add entity the_anomaly:anomaly_viewer but it was marked as removed already
[10:32:19] [Server thread/WARN] [minecraft/ServerLevel]: Tried to add entity the_anomaly:anomaly_escape but it was marked as removed already
[10:32:19] [Server thread/WARN] [minecraft/ServerLevel]: Tried to add entity the_anomaly:anomaly_viewer but it was marked as removed already
[10:32:20] [Server thread/WARN] [minecraft/ServerLevel]: Tried to add entity the_anomaly:anomaly_viewer but it was marked as removed already
[10:32:20] [Server thread/WARN] [minecraft/ServerLevel]: Tried to add entity the_anomaly:anomaly_escape but it was marked as removed already
[10:32:21] [Server thread/WARN] [minecraft/ServerLevel]: Tried to add entity the_anomaly:anomaly_trap but it was marked as removed already
[10:32:21] [Server thread/WARN] [minecraft/ServerLevel]: Tried to add entity the_anomaly:anomaly_viewer but it was marked as removed already
[10:32:31] [Server thread/WARN] [minecraft/ServerLevel]: Tried to add entity the_anomaly:anomaly_trap but it was marked as removed already
[10:32:31] [Server thread/WARN] [minecraft/ServerLevel]: Tried to add entity the_anomaly:anomaly_trap but it was marked as removed already
[10:32:31] [Server thread/WARN] [minecraft/ServerLevel]: Tried to add entity the_anomaly:anomaly_escape but it was marked as removed already
[10:32:34] [Server thread/WARN] [minecraft/ServerLevel]: Tried to add entity the_anomaly:anomaly_trap but it was marked as removed already
[10:32:34] [Server thread/WARN] [minecraft/ServerLevel]: Tried to add entity the_anomaly:anomaly_trap but it was marked as removed already
[10:32:37] [Server thread/WARN] [minecraft/ServerLevel]: Tried to add entity the_anomaly:anomaly_escape but it was marked as removed already
[10:32:45] [Server thread/WARN] [minecraft/ServerLevel]: Tried to add entity the_anomaly:anomaly_viewer but it was marked as removed already
[10:32:45] [Server thread/WARN] [minecraft/ServerLevel]: Tried to add entity the_anomaly:anomaly_viewer but it was marked as removed already
[10:32:45] [Server thread/WARN] [minecraft/ServerLevel]: Tried to add entity the_anomaly:anomaly_trap but it was marked as removed already
[10:32:45] [Server thread/WARN] [minecraft/ServerLevel]: Tried to add entity the_anomaly:anomaly_trap but it was marked as removed already
[10:32:45] [Server thread/WARN] [minecraft/ServerLevel]: Tried to add entity the_anomaly:anomaly_trap but it was marked as removed already
[10:32:45] [Server thread/WARN] [minecraft/ServerLevel]: Tried to add entity the_anomaly:anomaly_viewer but it was marked as removed already
[10:32:45] [Server thread/WARN] [minecraft/ServerLevel]: Tried to add entity the_anomaly:anomaly_trap but it was marked as removed already
[10:32:45] [Server thread/WARN] [minecraft/ServerLevel]: Tried to add entity the_anomaly:anomaly_trap but it was marked as removed already
[10:32:45] [Server thread/WARN] [minecraft/ServerLevel]: Tried to add entity the_anomaly:anomaly_viewer but it was marked as removed already
[10:32:45] [Server thread/WARN] [minecraft/ServerLevel]: Tried to add entity the_anomaly:anomaly_viewer but it was marked as removed already
[10:32:45] [Server thread/WARN] [minecraft/ServerLevel]: Tried to add entity the_anomaly:anomaly_trap but it was marked as removed already
[10:32:45] [Server thread/WARN] [minecraft/ServerLevel]: Tried to add entity the_anomaly:anomaly_viewer but it was marked as removed already
[10:32:46] [Server thread/WARN] [minecraft/ServerLevel]: Tried to add entity the_anomaly:anomaly_viewer but it was marked as removed already
[10:32:46] [Server thread/WARN] [minecraft/ServerLevel]: Tried to add entity the_anomaly:anomaly_viewer but it was marked as removed already
[10:32:50] [Server thread/WARN] [minecraft/ServerLevel]: Tried to add entity the_anomaly:anomaly_trap but it was marked as removed already
[10:32:50] [Server thread/WARN] [minecraft/ServerLevel]: Tried to add entity the_anomaly:anomaly_trap but it was marked as removed already
[10:32:50] [Server thread/WARN] [minecraft/ServerLevel]: Tried to add entity the_anomaly:anomaly_escape but it was marked as removed already
[10:33:00] [Server thread/WARN] [minecraft/ServerLevel]: Tried to add entity the_anomaly:anomaly_trap but it was marked as removed already
[10:33:00] [Server thread/WARN] [minecraft/ServerLevel]: Tried to add entity the_anomaly:anomaly_viewer but it was marked as removed already
[10:33:05] [Server thread/WARN] [minecraft/ServerLevel]: Tried to add entity the_anomaly:anomaly_viewer but it was marked as removed already
[10:33:13] [Server thread/WARN] [minecraft/ServerLevel]: Tried to add entity the_anomaly:anomaly_viewer but it was marked as removed already
[10:33:13] [Server thread/WARN] [minecraft/ServerLevel]: Tried to add entity the_anomaly:anomaly_escape but it was marked as removed already
[10:33:16] [Server thread/WARN] [minecraft/ServerLevel]: Tried to add entity the_anomaly:anomaly_viewer but it was marked as removed already
[10:33:16] [Server thread/WARN] [minecraft/ServerLevel]: Tried to add entity the_anomaly:anomaly_escape but it was marked as removed already
[10:33:16] [Server thread/WARN] [minecraft/ServerLevel]: Tried to add entity the_anomaly:anomaly_trap but it was marked as removed already
[10:33:16] [Server thread/WARN] [minecraft/ServerLevel]: Tried to add entity the_anomaly:anomaly_viewer but it was marked as removed already
[10:33:16] [Server thread/WARN] [minecraft/ServerLevel]: Tried to add entity the_anomaly:anomaly_escape but it was marked as removed already
[10:33:16] [Server thread/WARN] [minecraft/ServerLevel]: Tried to add entity the_anomaly:anomaly_trap but it was marked as removed already
[10:33:17] [Server thread/WARN] [minecraft/ServerLevel]: Tried to add entity the_anomaly:anomaly_escape but it was marked as removed already
[10:33:22] [Server thread/WARN] [minecraft/ServerLevel]: Tried to add entity the_anomaly:anomaly_escape but it was marked as removed already
[10:33:25] [Server thread/WARN] [minecraft/ServerLevel]: Tried to add entity the_anomaly:anomaly_trap but it was marked as removed already
[10:33:27] [Server thread/WARN] [minecraft/ServerLevel]: Tried to add entity the_anomaly:anomaly_trap but it was marked as removed already
[10:33:27] [Server thread/WARN] [minecraft/ServerLevel]: Tried to add entity the_anomaly:anomaly_viewer but it was marked as removed already
[10:33:27] [Server thread/WARN] [minecraft/ServerLevel]: Tried to add entity the_anomaly:anomaly_trap but it was marked as removed already
[10:33:27] [Server thread/WARN] [minecraft/ServerLevel]: Tried to add entity the_anomaly:anomaly_viewer but it was marked as removed already
[10:33:31] [Server thread/WARN] [minecraft/ServerLevel]: Tried to add entity the_anomaly:anomaly_viewer but it was marked as removed already
[10:33:32] [Server thread/WARN] [minecraft/ServerLevel]: Tried to add entity the_anomaly:anomaly_trap but it was marked as removed already
[10:33:32] [Server thread/WARN] [minecraft/ServerLevel]: Tried to add entity the_anomaly:anomaly_trap but it was marked as removed already
[10:33:32] [Server thread/WARN] [minecraft/ServerLevel]: Tried to add entity the_anomaly:anomaly_viewer but it was marked as removed already
[10:33:32] [Server thread/WARN] [minecraft/ServerLevel]: Tried to add entity the_anomaly:anomaly_escape but it was marked as removed already
[10:33:33] [Server thread/WARN] [minecraft/ServerLevel]: Tried to add entity the_anomaly:anomaly_escape but it was marked as removed already
[10:33:33] [Server thread/WARN] [minecraft/ServerLevel]: Tried to add entity the_anomaly:anomaly_escape but it was marked as removed already
[10:33:35] [Server thread/WARN] [minecraft/ServerLevel]: Tried to add entity the_anomaly:anomaly_trap but it was marked as removed already
[10:33:35] [Server thread/WARN] [minecraft/ServerLevel]: Tried to add entity the_anomaly:anomaly_trap but it was marked as removed already
[10:33:36] [Server thread/WARN] [minecraft/ServerLevel]: Tried to add entity the_anomaly:anomaly_escape but it was marked as removed already
[10:33:38] [Server thread/WARN] [minecraft/ServerLevel]: Tried to add entity the_anomaly:anomaly_escape but it was marked as removed already
[10:33:38] [Server thread/WARN] [minecraft/ServerLevel]: Tried to add entity the_anomaly:anomaly_viewer but it was marked as removed already
[10:33:38] [Server thread/WARN] [minecraft/ServerLevel]: Tried to add entity the_anomaly:anomaly_escape but it was marked as removed already
[10:33:47] [Server thread/WARN] [minecraft/ServerLevel]: Tried to add entity the_anomaly:anomaly_trap but it was marked as removed already
[10:33:52] [Server thread/WARN] [minecraft/ServerLevel]: Tried to add entity the_anomaly:anomaly_viewer but it was marked as removed already
[10:33:56] [Server thread/WARN] [minecraft/ServerLevel]: Tried to add entity the_anomaly:anomaly_escape but it was marked as removed already
[10:33:56] [Server thread/WARN] [minecraft/ServerLevel]: Tried to add entity the_anomaly:anomaly_trap but it was marked as removed already
[10:34:02] [Server thread/WARN] [minecraft/ServerLevel]: Tried to add entity the_anomaly:anomaly_viewer but it was marked as removed already
[10:34:02] [Server thread/WARN] [minecraft/ServerLevel]: Tried to add entity the_anomaly:anomaly_escape but it was marked as removed already
[10:34:10] [Server thread/INFO] [minecraft/MinecraftServer]: YAMAPROSIH has made the advancement [Monster Hunter]
[10:34:10] [Server thread/WARN] [minecraft/ServerLevel]: Tried to add entity the_anomaly:anomaly_escape but it was marked as removed already
[10:34:10] [Server thread/WARN] [minecraft/ServerLevel]: Tried to add entity the_anomaly:anomaly_trap but it was marked as removed already
[10:34:10] [Server thread/WARN] [minecraft/ServerLevel]: Tried to add entity the_anomaly:anomaly_trap but it was marked as removed already
[10:34:10] [Server thread/WARN] [minecraft/ServerLevel]: Tried to add entity the_anomaly:anomaly_trap but it was marked as removed already
[10:34:10] [Server thread/WARN] [minecraft/ServerLevel]: Tried to add entity the_anomaly:anomaly_viewer but it was marked as removed already
[10:34:11] [Server thread/WARN] [minecraft/ServerLevel]: Tried to add entity the_anomaly:anomaly_trap but it was marked as removed already
[10:34:11] [Server thread/WARN] [minecraft/ServerLevel]: Tried to add entity the_anomaly:anomaly_viewer but it was marked as removed already
[10:34:11] [Server thread/WARN] [minecraft/ServerLevel]: Tried to add entity the_anomaly:anomaly_trap but it was marked as removed already
[10:34:18] [Server thread/WARN] [minecraft/ServerLevel]: Tried to add entity the_anomaly:anomaly_trap but it was marked as removed already
[10:34:19] [Server thread/WARN] [minecraft/ServerLevel]: Tried to add entity the_anomaly:anomaly_viewer but it was marked as removed already
[10:34:19] [Server thread/WARN] [minecraft/ServerLevel]: Tried to add entity the_anomaly:anomaly_viewer but it was marked as removed already
[10:34:19] [Server thread/WARN] [minecraft/ServerLevel]: Tried to add entity the_anomaly:anomaly_trap but it was marked as removed already
[10:34:22] [Server thread/WARN] [minecraft/ServerLevel]: Tried to add entity the_anomaly:anomaly_viewer but it was marked as removed already
[10:34:22] [Server thread/WARN] [minecraft/ServerLevel]: Tried to add entity the_anomaly:anomaly_trap but it was marked as removed already
[10:34:24] [Server thread/WARN] [minecraft/ServerLevel]: Tried to add entity the_anomaly:anomaly_trap but it was marked as removed already
[10:34:24] [Server thread/WARN] [minecraft/ServerLevel]: Tried to add entity the_anomaly:anomaly_escape but it was marked as removed already
[10:34:25] [Server thread/WARN] [minecraft/ServerLevel]: Tried to add entity the_anomaly:anomaly_viewer but it was marked as removed already
[10:34:25] [Server thread/WARN] [minecraft/ServerLevel]: Tried to add entity the_anomaly:anomaly_viewer but it was marked as removed already
[10:34:26] [Server thread/WARN] [minecraft/ServerLevel]: Tried to add entity the_anomaly:anomaly_viewer but it was marked as removed already
[10:34:26] [Server thread/WARN] [minecraft/ServerLevel]: Tried to add entity the_anomaly:anomaly_viewer but it was marked as removed already
[10:34:28] [Server thread/INFO] [minecraft/ServerGamePacketListenerImpl]: YAMAPROSIH lost connection: Disconnected
[10:34:28] [Server thread/INFO] [minecraft/MinecraftServer]: YAMAPROSIH left the game
[10:34:30] [Server thread/WARN] [minecraft/ServerLevel]: Tried to add entity the_anomaly:anomaly_trap but it was marked as removed already
[10:34:35] [Server thread/INFO] [minecraft/ServerGamePacketListenerImpl]: Achbar lost connection: Disconnected
[10:34:35] [Server thread/INFO] [minecraft/MinecraftServer]: Achbar left the game
[10:34:40] [Server thread/INFO] [ne.mi.co.AdvancementLoadFix/]: Using new advancement loading for net.minecraft.server.PlayerAdvancements@6a92673
[10:34:40] [Server thread/INFO] [minecraft/PlayerList]: YAMAPROSIH[/127.159.13.28:37569] logged in with entity id 2957 at (-206.6926456238145, 6.0, -61.22269584635861)
[10:34:41] [Server thread/INFO] [minecraft/MinecraftServer]: YAMAPROSIH joined the game
[10:34:41] [Server thread/INFO] [minecraft/MinecraftServer]: Behave yourself
[10:34:42] [Server thread/INFO] [ne.mi.co.AdvancementLoadFix/]: Using new advancement loading for net.minecraft.server.PlayerAdvancements@6d4f82b9
[10:34:42] [Server thread/INFO] [minecraft/PlayerList]: Achbar[/127.17.40.46:48705] logged in with entity id 3028 at (-206.69999998807907, 1.0, -57.66001430384214)
[10:34:42] [Server thread/INFO] [minecraft/MinecraftServer]: Achbar joined the game
[10:34:42] [Server thread/INFO] [minecraft/MinecraftServer]: Behave yourself
[10:34:45] [Server thread/INFO] [minecraft/MinecraftServer]: [YAMAPROSIH: Set own game mode to Creative Mode]
[10:34:47] [Server thread/INFO] [minecraft/ServerGamePacketListenerImpl]: Achbar lost connection: Disconnected
[10:34:47] [Server thread/INFO] [minecraft/MinecraftServer]: Achbar left the game
[10:34:48] [Server thread/WARN] [minecraft/ServerLevel]: Tried to add entity the_anomaly:anomaly_viewer but it was marked as removed already
[10:34:48] [Server thread/WARN] [minecraft/ServerLevel]: Tried to add entity the_anomaly:anomaly_viewer but it was marked as removed already
[10:34:48] [Server thread/WARN] [minecraft/ServerLevel]: Tried to add entity the_anomaly:anomaly_trap but it was marked as removed already
[10:34:48] [Server thread/WARN] [minecraft/ServerLevel]: Tried to add entity the_anomaly:anomaly_trap but it was marked as removed already
[10:34:48] [Server thread/WARN] [minecraft/ServerLevel]: Tried to add entity the_anomaly:anomaly_viewer but it was marked as removed already
[10:34:49] [Server thread/WARN] [minecraft/ServerLevel]: Tried to add entity the_anomaly:anomaly_escape but it was marked as removed already
[10:35:01] [Server thread/INFO] [minecraft/MinecraftServer]: [YAMAPROSIH: Applied effect Night Vision to YAMAPROSIH]
[10:35:07] [Server thread/WARN] [minecraft/ServerLevel]: Tried to add entity the_anomaly:anomaly_viewer but it was marked as removed already
[10:35:08] [Server thread/WARN] [minecraft/ServerLevel]: Tried to add entity the_anomaly:anomaly_viewer but it was marked as removed already
[10:35:10] [Server thread/WARN] [minecraft/ServerLevel]: Tried to add entity the_anomaly:anomaly_trap but it was marked as removed already
[10:35:10] [Server thread/INFO] [minecraft/MinecraftServer]: [YAMAPROSIH: Set own game mode to Spectator Mode]
[10:35:19] [Server thread/INFO] [minecraft/MinecraftServer]: [YAMAPROSIH: Set own game mode to Creative Mode]
[10:35:24] [Server thread/INFO] [ne.mi.co.AdvancementLoadFix/]: Using new advancement loading for net.minecraft.server.PlayerAdvancements@299739dd
[10:35:24] [Server thread/INFO] [minecraft/PlayerList]: Achbar[/127.17.40.46:57527] logged in with entity id 3090 at (-206.69999998807907, 1.0, -57.66001430384214)
[10:35:24] [Server thread/INFO] [minecraft/MinecraftServer]: Achbar joined the game
[10:35:24] [Server thread/INFO] [minecraft/MinecraftServer]: Behave yourself
[10:35:27] [Server thread/WARN] [minecraft/ServerLevel]: Tried to add entity the_anomaly:anomaly_trap but it was marked as removed already
[10:35:27] [Server thread/WARN] [minecraft/ServerLevel]: Tried to add entity the_anomaly:anomaly_viewer but it was marked as removed already
[10:35:28] [Server thread/WARN] [minecraft/ServerLevel]: Tried to add entity the_anomaly:anomaly_viewer but it was marked as removed already
[10:35:28] [Server thread/WARN] [minecraft/ServerLevel]: Tried to add entity the_anomaly:anomaly_viewer but it was marked as removed already
[10:35:28] [Server thread/WARN] [minecraft/ServerLevel]: Tried to add entity the_anomaly:anomaly_viewer but it was marked as removed already
[10:35:28] [Server thread/WARN] [minecraft/ServerLevel]: Tried to add entity the_anomaly:anomaly_trap but it was marked as removed already
[10:35:28] [Server thread/INFO] [minecraft/MinecraftServer]: Achbar was shot by Skeleton
[10:35:31] [Server thread/WARN] [minecraft/ServerLevel]: Tried to add entity the_anomaly:anomaly_viewer but it was marked as removed already
[10:35:31] [Server thread/WARN] [minecraft/ServerLevel]: Tried to add entity the_anomaly:anomaly_viewer but it was marked as removed already
[10:35:31] [Server thread/WARN] [minecraft/ServerLevel]: Tried to add entity the_anomaly:anomaly_trap but it was marked as removed already
[10:35:31] [Server thread/WARN] [minecraft/ServerLevel]: Tried to add entity the_anomaly:anomaly_visitor but it was marked as removed already
[10:35:31] [Server thread/WARN] [minecraft/ServerLevel]: Tried to add entity the_anomaly:anomaly_trap but it was marked as removed already
[10:35:32] [Server thread/WARN] [minecraft/ServerLevel]: Tried to add entity the_anomaly:anomaly_trap but it was marked as removed already
[10:35:32] [Server thread/WARN] [minecraft/ServerLevel]: Tried to add entity the_anomaly:anomaly_viewer but it was marked as removed already
[10:35:32] [Server thread/WARN] [minecraft/ServerLevel]: Tried to add entity the_anomaly:anomaly_trap but it was marked as removed already
[10:35:32] [Server thread/WARN] [minecraft/ServerLevel]: Tried to add entity the_anomaly:anomaly_viewer but it was marked as removed already
[10:35:32] [Server thread/WARN] [minecraft/ServerLevel]: Tried to add entity the_anomaly:anomaly_trap but it was marked as removed already
[10:35:32] [Server thread/WARN] [minecraft/ServerLevel]: Tried to add entity the_anomaly:anomaly_viewer but it was marked as removed already
[10:35:32] [Server thread/WARN] [minecraft/ServerLevel]: Tried to add entity the_anomaly:anomaly_trap but it was marked as removed already
[10:35:32] [Server thread/WARN] [minecraft/ServerLevel]: Tried to add entity the_anomaly:anomaly_trap but it was marked as removed already
[10:35:32] [Server thread/WARN] [minecraft/ServerLevel]: Tried to add entity the_anomaly:anomaly_trap but it was marked as removed already
[10:35:33] [Server thread/WARN] [minecraft/ServerLevel]: Tried to add entity the_anomaly:anomaly_viewer but it was marked as removed already
[10:35:33] [Server thread/WARN] [minecraft/ServerLevel]: Tried to add entity the_anomaly:anomaly_trap but it was marked as removed already
[10:35:33] [Server thread/WARN] [minecraft/ServerLevel]: Tried to add entity the_anomaly:anomaly_viewer but it was marked as removed already
[10:35:33] [Server thread/WARN] [minecraft/ServerLevel]: Tried to add entity the_anomaly:anomaly_trap but it was marked as removed already
[10:35:33] [Server thread/WARN] [minecraft/ServerLevel]: Tried to add entity the_anomaly:anomaly_viewer but it was marked as removed already
[10:35:33] [Server thread/WARN] [minecraft/ServerLevel]: Tried to add entity the_anomaly:anomaly_trap but it was marked as removed already
[10:35:33] [Server thread/WARN] [minecraft/ServerLevel]: Tried to add entity the_anomaly:anomaly_visitor_2 but it was marked as removed already
[10:35:33] [Server thread/WARN] [minecraft/ServerLevel]: Tried to add entity the_anomaly:anomaly_viewer but it was marked as removed already
[10:35:33] [Server thread/WARN] [minecraft/ServerLevel]: Tried to add entity the_anomaly:anomaly_trap but it was marked as removed already
[10:35:33] [Server thread/WARN] [minecraft/ServerLevel]: Tried to add entity the_anomaly:anomaly_trap but it was marked as removed already
[10:35:34] [Server thread/WARN] [minecraft/ServerLevel]: Tried to add entity the_anomaly:anomaly_viewer but it was marked as removed already
[10:35:34] [Server thread/WARN] [minecraft/ServerLevel]: Tried to add entity the_anomaly:anomaly_viewer but it was marked as removed already
[10:35:34] [Server thread/WARN] [minecraft/ServerLevel]: Tried to add entity the_anomaly:anomaly_viewer but it was marked as removed already
[10:35:34] [Server thread/WARN] [minecraft/ServerLevel]: Tried to add entity the_anomaly:anomaly_viewer but it was marked as removed already
[10:35:34] [Server thread/WARN] [minecraft/ServerLevel]: Tried to add entity the_anomaly:anomaly_trap but it was marked as removed already
[10:35:34] [Server thread/WARN] [minecraft/ServerLevel]: Tried to add entity the_anomaly:anomaly_viewer but it was marked as removed already
[10:35:34] [Server thread/WARN] [minecraft/ServerLevel]: Tried to add entity the_anomaly:anomaly_trap but it was marked as removed already
[10:35:34] [Server thread/WARN] [minecraft/ServerLevel]: Tried to add entity the_anomaly:anomaly_viewer but it was marked as removed already
[10:35:34] [Server thread/WARN] [minecraft/ServerLevel]: Tried to add entity the_anomaly:anomaly_viewer but it was marked as removed already
[10:35:34] [Server thread/WARN] [minecraft/ServerLevel]: Tried to add entity the_anomaly:anomaly_trap but it was marked as removed already
[10:35:35] [Server thread/WARN] [minecraft/ServerLevel]: Tried to add entity the_anomaly:anomaly_viewer but it was marked as removed already
[10:35:35] [Server thread/WARN] [minecraft/ServerLevel]: Tried to add entity the_anomaly:anomaly_trap but it was marked as removed already
[10:35:35] [Server thread/WARN] [minecraft/ServerLevel]: Tried to add entity the_anomaly:anomaly_trap but it was marked as removed already
[10:35:35] [Server thread/WARN] [minecraft/ServerLevel]: Tried to add entity the_anomaly:anomaly_trap but it was marked as removed already
[10:35:35] [Server thread/WARN] [minecraft/ServerLevel]: Tried to add entity the_anomaly:anomaly_viewer but it was marked as removed already
[10:35:36] [Server thread/WARN] [minecraft/ServerLevel]: Tried to add entity the_anomaly:anomaly_viewer but it was marked as removed already
[10:35:36] [Server thread/WARN] [minecraft/ServerLevel]: Tried to add entity the_anomaly:anomaly_viewer but it was marked as removed already
[10:35:36] [Server thread/WARN] [minecraft/ServerLevel]: Tried to add entity the_anomaly:anomaly_viewer but it was marked as removed already
[10:35:36] [Server thread/WARN] [minecraft/ServerLevel]: Tried to add entity the_anomaly:anomaly_viewer but it was marked as removed already
[10:35:36] [Server thread/WARN] [minecraft/ServerLevel]: Tried to add entity the_anomaly:anomaly_viewer but it was marked as removed already
[10:35:36] [Server thread/WARN] [minecraft/ServerLevel]: Tried to add entity the_anomaly:anomaly_viewer but it was marked as removed already
[10:35:36] [Server thread/WARN] [minecraft/ServerLevel]: Tried to add entity the_anomaly:anomaly_trap but it was marked as removed already
[10:35:37] [Server thread/WARN] [minecraft/ServerLevel]: Tried to add entity the_anomaly:anomaly_viewer but it was marked as removed already
[10:35:37] [Server thread/WARN] [minecraft/ServerLevel]: Tried to add entity the_anomaly:anomaly_viewer but it was marked as removed already
[10:35:37] [Server thread/WARN] [minecraft/ServerLevel]: Tried to add entity the_anomaly:anomaly_trap but it was marked as removed already
[10:35:37] [Server thread/WARN] [minecraft/ServerLevel]: Tried to add entity the_anomaly:anomaly_viewer but it was marked as removed already
[10:35:37] [Server thread/WARN] [minecraft/ServerLevel]: Tried to add entity the_anomaly:anomaly_viewer but it was marked as removed already
[10:35:37] [Server thread/WARN] [minecraft/ServerLevel]: Tried to add entity the_anomaly:anomaly_viewer but it was marked as removed already
[10:35:37] [Server thread/WARN] [minecraft/ServerLevel]: Tried to add entity the_anomaly:anomaly_trap but it was marked as removed already
[10:35:38] [Server thread/WARN] [minecraft/ServerLevel]: Tried to add entity the_anomaly:anomaly_visitor but it was marked as removed already
[10:35:38] [Server thread/WARN] [minecraft/ServerLevel]: Tried to add entity the_anomaly:anomaly_trap but it was marked as removed already
[10:35:38] [Server thread/WARN] [minecraft/ServerLevel]: Tried to add entity the_anomaly:anomaly_viewer but it was marked as removed already
[10:35:38] [Server thread/WARN] [minecraft/ServerLevel]: Tried to add entity the_anomaly:anomaly_trap but it was marked as removed already
[10:35:38] [Server thread/WARN] [minecraft/ServerLevel]: Tried to add entity the_anomaly:anomaly_viewer but it was marked as removed already
[10:35:38] [Server thread/WARN] [minecraft/ServerLevel]: Tried to add entity the_anomaly:anomaly_trap but it was marked as removed already
[10:35:39] [Server thread/INFO] [minecraft/MinecraftServer]: [YAMAPROSIH: Set own game mode to Spectator Mode]
[10:35:39] [Server thread/WARN] [minecraft/ServerLevel]: Tried to add entity the_anomaly:anomaly_trap but it was marked as removed already
[10:35:39] [Server thread/WARN] [minecraft/ServerLevel]: Tried to add entity the_anomaly:anomaly_viewer but it was marked as removed already
[10:35:39] [Server thread/WARN] [minecraft/ServerLevel]: Tried to add entity the_anomaly:anomaly_escape but it was marked as removed already
[10:35:40] [Server thread/WARN] [minecraft/ServerLevel]: Tried to add entity the_anomaly:anomaly_trap but it was marked as removed already
[10:35:40] [Server thread/WARN] [minecraft/ServerLevel]: Tried to add entity the_anomaly:anomaly_viewer but it was marked as removed already
[10:35:40] [Server thread/WARN] [minecraft/ServerLevel]: Tried to add entity the_anomaly:anomaly_trap but it was marked as removed already
[10:35:40] [Server thread/WARN] [minecraft/ServerLevel]: Tried to add entity the_anomaly:anomaly_viewer but it was marked as removed already
[10:35:40] [Server thread/WARN] [minecraft/ServerLevel]: Tried to add entity the_anomaly:anomaly_viewer but it was marked as removed already
[10:35:40] [Server thread/WARN] [minecraft/ServerLevel]: Tried to add entity the_anomaly:anomaly_trap but it was marked as removed already
[10:35:40] [Server thread/WARN] [minecraft/ServerLevel]: Tried to add entity the_anomaly:anomaly_viewer but it was marked as removed already
[10:35:41] [Server thread/WARN] [minecraft/ServerLevel]: Tried to add entity the_anomaly:anomaly_trap but it was marked as removed already
[10:35:41] [Server thread/WARN] [minecraft/ServerLevel]: Tried to add entity the_anomaly:anomaly_escape but it was marked as removed already
[10:35:41] [Server thread/WARN] [minecraft/ServerLevel]: Tried to add entity the_anomaly:anomaly_escape but it was marked as removed already
[10:35:41] [Server thread/WARN] [minecraft/ServerLevel]: Tried to add entity the_anomaly:anomaly_escape but it was marked as removed already
[10:35:41] [Server thread/WARN] [minecraft/ServerLevel]: Tried to add entity the_anomaly:anomaly_escape but it was marked as removed already
[10:35:41] [Server thread/WARN] [minecraft/ServerLevel]: Tried to add entity the_anomaly:anomaly_trap but it was marked as removed already
[10:35:41] [Server thread/WARN] [minecraft/ServerLevel]: Tried to add entity the_anomaly:anomaly_trap but it was marked as removed already
[10:35:41] [Server thread/WARN] [minecraft/ServerLevel]: Tried to add entity the_anomaly:anomaly_viewer but it was marked as removed already
[10:35:42] [Server thread/WARN] [minecraft/ServerLevel]: Tried to add entity the_anomaly:anomaly_trap but it was marked as removed already
[10:35:42] [Server thread/WARN] [minecraft/ServerLevel]: Tried to add entity the_anomaly:anomaly_trap but it was marked as removed already
[10:35:42] [Server thread/WARN] [minecraft/ServerLevel]: Tried to add entity the_anomaly:anomaly_viewer but it was marked as removed already
[10:35:43] [Server thread/WARN] [minecraft/ServerLevel]: Tried to add entity the_anomaly:anomaly_visitor_2 but it was marked as removed already
[10:35:43] [Server thread/WARN] [minecraft/ServerLevel]: Tried to add entity the_anomaly:anomaly_trap but it was marked as removed already
[10:35:43] [Server thread/WARN] [minecraft/ServerLevel]: Tried to add entity the_anomaly:anomaly_visitor but it was marked as removed already
[10:35:43] [Server thread/WARN] [minecraft/ServerLevel]: Tried to add entity the_anomaly:anomaly_viewer but it was marked as removed already
[10:35:43] [Server thread/WARN] [minecraft/ServerLevel]: Tried to add entity the_anomaly:anomaly_trap but it was marked as removed already
[10:35:43] [Server thread/WARN] [minecraft/ServerLevel]: Tried to add entity the_anomaly:anomaly_trap but it was marked as removed already
[10:35:44] [Server thread/WARN] [minecraft/ServerLevel]: Tried to add entity the_anomaly:anomaly_viewer but it was marked as removed already
[10:35:44] [Server thread/WARN] [minecraft/ServerLevel]: Tried to add entity the_anomaly:anomaly_trap but it was marked as removed already
[10:35:44] [Server thread/WARN] [minecraft/ServerLevel]: Tried to add entity the_anomaly:anomaly_trap but it was marked as removed already
[10:35:44] [Server thread/WARN] [minecraft/ServerLevel]: Tried to add entity the_anomaly:anomaly_trap but it was marked as removed already
[10:35:44] [Server thread/WARN] [minecraft/ServerLevel]: Tried to add entity the_anomaly:anomaly_viewer but it was marked as removed already
[10:35:44] [Server thread/WARN] [minecraft/ServerLevel]: Tried to add entity the_anomaly:anomaly_viewer but it was marked as removed already
[10:35:46] [Server thread/WARN] [minecraft/ServerLevel]: Tried to add entity the_anomaly:anomaly_visitor_2 but it was marked as removed already
[10:35:46] [Server thread/WARN] [minecraft/ServerLevel]: Tried to add entity the_anomaly:anomaly_viewer but it was marked as removed already
[10:35:46] [Server thread/WARN] [minecraft/ServerLevel]: Tried to add entity the_anomaly:anomaly_viewer but it was marked as removed already
[10:35:47] [Server thread/INFO] [minecraft/MinecraftServer]: [Achbar: Teleported Achbar to YAMAPROSIH]
[10:35:48] [Server thread/WARN] [minecraft/ServerLevel]: Tried to add entity the_anomaly:anomaly_viewer but it was marked as removed already
[10:35:48] [Server thread/WARN] [minecraft/ServerLevel]: Tried to add entity the_anomaly:anomaly_trap but it was marked as removed already
[10:35:48] [Server thread/WARN] [minecraft/ServerLevel]: Tried to add entity the_anomaly:anomaly_trap but it was marked as removed already
[10:35:49] [Server thread/WARN] [minecraft/ServerLevel]: Tried to add entity the_anomaly:anomaly_trap but it was marked as removed already
[10:35:49] [Server thread/WARN] [minecraft/ServerLevel]: Tried to add entity the_anomaly:anomaly_trap but it was marked as removed already
[10:35:49] [Server thread/WARN] [minecraft/ServerLevel]: Tried to add entity the_anomaly:anomaly_viewer but it was marked as removed already
[10:35:49] [Server thread/WARN] [minecraft/ServerLevel]: Tried to add entity the_anomaly:anomaly_viewer but it was marked as removed already
[10:35:50] [Server thread/WARN] [minecraft/ServerLevel]: Tried to add entity the_anomaly:anomaly_viewer but it was marked as removed already
[10:35:50] [Server thread/WARN] [minecraft/ServerLevel]: Tried to add entity the_anomaly:anomaly_trap but it was marked as removed already
[10:35:50] [Server thread/WARN] [minecraft/ServerLevel]: Tried to add entity the_anomaly:anomaly_viewer but it was marked as removed already
[10:35:51] [Server thread/WARN] [minecraft/ServerLevel]: Tried to add entity the_anomaly:anomaly_trap but it was marked as removed already
[10:35:51] [Server thread/WARN] [minecraft/ServerLevel]: Tried to add entity the_anomaly:anomaly_escape but it was marked as removed already
[10:35:51] [Server thread/WARN] [minecraft/ServerLevel]: Tried to add entity the_anomaly:anomaly_viewer but it was marked as removed already
[10:35:51] [Server thread/WARN] [minecraft/ServerLevel]: Tried to add entity the_anomaly:anomaly_trap but it was marked as removed already
[10:35:51] [Server thread/WARN] [minecraft/ServerLevel]: Tried to add entity the_anomaly:anomaly_viewer but it was marked as removed already
[10:35:51] [Server thread/WARN] [minecraft/ServerLevel]: Tried to add entity the_anomaly:anomaly_viewer but it was marked as removed already
[10:35:51] [Server thread/WARN] [minecraft/ServerLevel]: Tried to add entity the_anomaly:anomaly_viewer but it was marked as removed already
[10:35:51] [Server thread/WARN] [minecraft/ServerLevel]: Tried to add entity the_anomaly:anomaly_viewer but it was marked as removed already
[10:35:51] [Server thread/WARN] [minecraft/ServerLevel]: Tried to add entity the_anomaly:anomaly_trap but it was marked as removed already
[10:35:52] [Server thread/INFO] [minecraft/MinecraftServer]: [YAMAPROSIH: Set own game mode to Survival Mode]
[10:35:52] [Server thread/WARN] [minecraft/ServerLevel]: Tried to add entity the_anomaly:anomaly_viewer but it was marked as removed already
[10:35:52] [Server thread/WARN] [minecraft/ServerLevel]: Tried to add entity the_anomaly:anomaly_viewer but it was marked as removed already
[10:35:52] [Server thread/WARN] [minecraft/ServerLevel]: Tried to add entity the_anomaly:anomaly_viewer but it was marked as removed already
[10:35:52] [Server thread/WARN] [minecraft/ServerLevel]: Tried to add entity the_anomaly:anomaly_trap but it was marked as removed already
[10:35:52] [Server thread/WARN] [minecraft/ServerLevel]: Tried to add entity the_anomaly:anomaly_viewer but it was marked as removed already
[10:35:52] [Server thread/WARN] [minecraft/ServerLevel]: Tried to add entity the_anomaly:anomaly_trap but it was marked as removed already
[10:35:53] [Server thread/WARN] [minecraft/ServerLevel]: Tried to add entity the_anomaly:anomaly_trap but it was marked as removed already
[10:35:54] [Server thread/WARN] [minecraft/ServerLevel]: Tried to add entity the_anomaly:anomaly_viewer but it was marked as removed already
[10:35:59] [Server thread/INFO] [ne.mi.co.AdvancementLoadFix/]: Using new advancement loading for net.minecraft.server.PlayerAdvancements@43ecca61
[10:35:59] [Server thread/INFO] [minecraft/PlayerList]: gamerku[/127.163.95.26:49323] logged in with entity id 3749 at (-263.8311021492378, 55.00613791359375, -91.0895868779483)
[10:35:59] [Server thread/INFO] [minecraft/MinecraftServer]: gamerku joined the game
[10:35:59] [Server thread/INFO] [minecraft/MinecraftServer]: Behave yourself
[10:35:59] [Server thread/WARN] [minecraft/ServerLevel]: Tried to add entity the_anomaly:anomaly_escape but it was marked as removed already
[10:35:59] [Server thread/WARN] [minecraft/ServerLevel]: Tried to add entity the_anomaly:anomaly_trap but it was marked as removed already
[10:35:59] [Server thread/WARN] [minecraft/ServerLevel]: Tried to add entity the_anomaly:anomaly_trap but it was marked as removed already
[10:36:00] [Server thread/WARN] [minecraft/ServerLevel]: Tried to add entity the_anomaly:anomaly_trap but it was marked as removed already
[10:36:01] [Server thread/WARN] [minecraft/ServerLevel]: Tried to add entity the_anomaly:anomaly_trap but it was marked as removed already
[10:36:01] [Server thread/WARN] [minecraft/ServerLevel]: Tried to add entity the_anomaly:anomaly_trap but it was marked as removed already
[10:36:05] [Server thread/INFO] [minecraft/MinecraftServer]: gamerku drowned
[10:36:17] [Server thread/WARN] [minecraft/ServerLevel]: Tried to add entity the_anomaly:anomaly_viewer but it was marked as removed already
[10:36:17] [Server thread/WARN] [minecraft/ServerLevel]: Tried to add entity the_anomaly:anomaly_viewer but it was marked as removed already
[10:36:17] [Server thread/WARN] [minecraft/ServerLevel]: Tried to add entity the_anomaly:anomaly_visitor_2 but it was marked as removed already
[10:36:18] [Server thread/WARN] [minecraft/ServerLevel]: Tried to add entity the_anomaly:anomaly_visitor_2 but it was marked as removed already
[10:36:18] [Server thread/WARN] [minecraft/ServerLevel]: Tried to add entity the_anomaly:anomaly_viewer but it was marked as removed already
[10:36:18] [Server thread/WARN] [minecraft/ServerLevel]: Tried to add entity the_anomaly:anomaly_viewer but it was marked as removed already
[10:36:18] [Server thread/WARN] [minecraft/ServerLevel]: Tried to add entity the_anomaly:anomaly_visitor_2 but it was marked as removed already
[10:36:18] [Server thread/WARN] [minecraft/ServerLevel]: Tried to add entity the_anomaly:anomaly_viewer but it was marked as removed already
[10:36:19] [Server thread/WARN] [minecraft/ServerLevel]: Tried to add entity the_anomaly:anomaly_viewer but it was marked as removed already
[10:36:19] [Server thread/WARN] [minecraft/ServerLevel]: Tried to add entity the_anomaly:anomaly_viewer but it was marked as removed already
[10:36:19] [Server thread/WARN] [minecraft/ServerLevel]: Tried to add entity the_anomaly:anomaly_viewer but it was marked as removed already
[10:36:19] [Server thread/WARN] [minecraft/ServerLevel]: Tried to add entity the_anomaly:anomaly_visitor_2 but it was marked as removed already
[10:36:19] [Server thread/WARN] [minecraft/ServerLevel]: Tried to add entity the_anomaly:anomaly_trap but it was marked as removed already
[10:36:19] [Server thread/WARN] [minecraft/ServerLevel]: Tried to add entity the_anomaly:anomaly_escape but it was marked as removed already
[10:36:19] [Server thread/WARN] [minecraft/ServerLevel]: Tried to add entity the_anomaly:anomaly_escape but it was marked as removed already
[10:36:19] [Server thread/WARN] [minecraft/ServerLevel]: Tried to add entity the_anomaly:anomaly_trap but it was marked as removed already
[10:36:20] [Server thread/WARN] [minecraft/ServerLevel]: Tried to add entity the_anomaly:anomaly_viewer but it was marked as removed already
[10:36:20] [Server thread/WARN] [minecraft/ServerLevel]: Tried to add entity the_anomaly:anomaly_trap but it was marked as removed already
[10:36:20] [Server thread/WARN] [minecraft/ServerLevel]: Tried to add entity the_anomaly:anomaly_viewer but it was marked as removed already
[10:36:20] [Server thread/WARN] [minecraft/ServerLevel]: Tried to add entity the_anomaly:anomaly_trap but it was marked as removed already
[10:36:20] [Server thread/WARN] [minecraft/ServerLevel]: Tried to add entity the_anomaly:anomaly_trap but it was marked as removed already
[10:36:20] [Server thread/WARN] [minecraft/ServerLevel]: Tried to add entity the_anomaly:anomaly_viewer but it was marked as removed already
[10:36:20] [Server thread/WARN] [minecraft/ServerLevel]: Tried to add entity the_anomaly:anomaly_viewer but it was marked as removed already
[10:36:21] [Server thread/WARN] [minecraft/ServerLevel]: Tried to add entity the_anomaly:anomaly_escape but it was marked as removed already
[10:36:21] [Server thread/WARN] [minecraft/ServerLevel]: Tried to add entity the_anomaly:anomaly_trap but it was marked as removed already
[10:36:21] [Server thread/WARN] [minecraft/ServerLevel]: Tried to add entity the_anomaly:anomaly_trap but it was marked as removed already
[10:36:21] [Server thread/WARN] [minecraft/ServerLevel]: Tried to add entity the_anomaly:anomaly_viewer but it was marked as removed already
[10:36:21] [Server thread/WARN] [minecraft/ServerLevel]: Tried to add entity the_anomaly:anomaly_viewer but it was marked as removed already
[10:36:21] [Server thread/WARN] [minecraft/ServerLevel]: Tried to add entity the_anomaly:anomaly_escape but it was marked as removed already
[10:36:22] [Server thread/WARN] [minecraft/ServerLevel]: Tried to add entity the_anomaly:anomaly_viewer but it was marked as removed already
[10:36:22] [Server thread/WARN] [minecraft/ServerLevel]: Tried to add entity the_anomaly:anomaly_viewer but it was marked as removed already
[10:36:22] [Server thread/WARN] [minecraft/ServerLevel]: Tried to add entity the_anomaly:anomaly_trap but it was marked as removed already
[10:36:22] [Server thread/WARN] [minecraft/ServerLevel]: Tried to add entity the_anomaly:anomaly_viewer but it was marked as removed already
[10:36:22] [Server thread/WARN] [minecraft/ServerLevel]: Tried to add entity the_anomaly:anomaly_trap but it was marked as removed already
[10:36:23] [Server thread/WARN] [minecraft/ServerLevel]: Tried to add entity the_anomaly:anomaly_trap but it was marked as removed already
[10:36:23] [Server thread/WARN] [minecraft/ServerLevel]: Tried to add entity the_anomaly:anomaly_visitor_2 but it was marked as removed already
[10:36:23] [Server thread/WARN] [minecraft/ServerLevel]: Tried to add entity the_anomaly:anomaly_viewer but it was marked as removed already
[10:36:23] [Server thread/WARN] [minecraft/ServerLevel]: Tried to add entity the_anomaly:anomaly_viewer but it was marked as removed already
[10:36:23] [Server thread/WARN] [minecraft/ServerLevel]: Tried to add entity the_anomaly:anomaly_trap but it was marked as removed already
[10:36:23] [Server thread/WARN] [minecraft/ServerLevel]: Tried to add entity the_anomaly:anomaly_viewer but it was marked as removed already
[10:36:23] [Server thread/WARN] [minecraft/ServerLevel]: Tried to add entity the_anomaly:anomaly_visitor_2 but it was marked as removed already
[10:36:24] [Server thread/WARN] [minecraft/ServerLevel]: Tried to add entity the_anomaly:anomaly_trap but it was marked as removed already
[10:36:29] [Server thread/WARN] [minecraft/ServerLevel]: Tried to add entity the_anomaly:anomaly_viewer but it was marked as removed already
[10:36:34] [Server thread/WARN] [minecraft/ServerLevel]: Tried to add entity the_anomaly:anomaly_trap but it was marked as removed already
[10:36:35] [Server thread/WARN] [minecraft/ServerLevel]: Tried to add entity the_anomaly:anomaly_viewer but it was marked as removed already
[10:36:38] [Server thread/WARN] [minecraft/ServerLevel]: Tried to add entity the_anomaly:anomaly_trap but it was marked as removed already
[10:36:38] [Server thread/WARN] [minecraft/ServerLevel]: Tried to add entity the_anomaly:anomaly_viewer but it was marked as removed already
[10:36:42] [Server thread/WARN] [minecraft/ServerLevel]: Tried to add entity the_anomaly:anomaly_trap but it was marked as removed already
[10:36:42] [Server thread/WARN] [minecraft/ServerLevel]: Tried to add entity the_anomaly:anomaly_viewer but it was marked as removed already
[10:36:42] [Server thread/WARN] [minecraft/ServerLevel]: Tried to add entity the_anomaly:anomaly_viewer but it was marked as removed already
[10:36:44] [Server thread/WARN] [minecraft/ServerLevel]: Tried to add entity the_anomaly:anomaly_trap but it was marked as removed already
[10:36:44] [Server thread/INFO] [minecraft/ServerGamePacketListenerImpl]: gamerku lost connection: Timed out
[10:36:44] [Server thread/INFO] [minecraft/MinecraftServer]: gamerku left the game
[10:36:44] [Server thread/WARN] [minecraft/ServerLevel]: Tried to add entity the_anomaly:anomaly_trap but it was marked as removed already
[10:36:44] [Server thread/WARN] [minecraft/ServerLevel]: Tried to add entity the_anomaly:anomaly_viewer but it was marked as removed already
[10:36:44] [Server thread/WARN] [minecraft/ServerLevel]: Tried to add entity the_anomaly:anomaly_viewer but it was marked as removed already
[10:36:45] [Server thread/WARN] [minecraft/ServerLevel]: Tried to add entity the_anomaly:anomaly_trap but it was marked as removed already
[10:36:45] [Server thread/WARN] [minecraft/ServerLevel]: Tried to add entity the_anomaly:anomaly_trap but it was marked as removed already
[10:36:45] [Server thread/WARN] [minecraft/ServerLevel]: Tried to add entity the_anomaly:anomaly_trap but it was marked as removed already
[10:36:45] [Server thread/WARN] [minecraft/ServerLevel]: Tried to add entity the_anomaly:anomaly_trap but it was marked as removed already
[10:36:45] [Server thread/WARN] [minecraft/ServerLevel]: Tried to add entity the_anomaly:anomaly_viewer but it was marked as removed already
[10:36:53] [Server thread/WARN] [minecraft/ServerLevel]: Tried to add entity the_anomaly:anomaly_trap but it was marked as removed already
[10:36:54] [Server thread/WARN] [minecraft/ServerLevel]: Tried to add entity the_anomaly:anomaly_trap but it was marked as removed already
[10:37:00] [Server thread/WARN] [minecraft/ServerLevel]: Tried to add entity the_anomaly:anomaly_viewer but it was marked as removed already
[10:37:01] [Server thread/INFO] [minecraft/ServerLoginPacketListenerImpl]: com.mojang.authlib.GameProfile@65ca8c0c[id=<null>,name=gamerku,properties={},legacy=false] (/127.163.95.26:47821) lost connection: Disconnected
[10:37:02] [Server thread/WARN] [minecraft/ServerLevel]: Tried to add entity the_anomaly:anomaly_trap but it was marked as removed already
[10:37:05] [Server thread/INFO] [ne.mi.co.AdvancementLoadFix/]: Using new advancement loading for net.minecraft.server.PlayerAdvancements@3f066a5b
[10:37:05] [Server thread/INFO] [minecraft/PlayerList]: gamerku[/127.163.95.26:59221] logged in with entity id 4185 at (-37.5, 77.0, -109.5)
[10:37:05] [Server thread/INFO] [minecraft/MinecraftServer]: gamerku joined the game
[10:37:05] [Server thread/INFO] [minecraft/MinecraftServer]: Behave yourself
[10:37:05] [Server thread/WARN] [minecraft/ServerLevel]: Tried to add entity the_anomaly:anomaly_viewer but it was marked as removed already
[10:37:05] [Server thread/WARN] [minecraft/ServerLevel]: Tried to add entity the_anomaly:anomaly_viewer but it was marked as removed already
[10:37:05] [Server thread/WARN] [minecraft/ServerLevel]: Tried to add entity the_anomaly:anomaly_trap but it was marked as removed already
[10:37:05] [Server thread/WARN] [minecraft/ServerLevel]: Tried to add entity the_anomaly:anomaly_viewer but it was marked as removed already
[10:37:06] [Server thread/WARN] [minecraft/ServerLevel]: Tried to add entity the_anomaly:anomaly_trap but it was marked as removed already
[10:37:06] [Server thread/WARN] [minecraft/ServerLevel]: Tried to add entity the_anomaly:anomaly_trap but it was marked as removed already
[10:37:06] [Server thread/WARN] [minecraft/ServerLevel]: Tried to add entity the_anomaly:anomaly_viewer but it was marked as removed already
[10:37:06] [Server thread/WARN] [minecraft/ServerLevel]: Tried to add entity the_anomaly:anomaly_viewer but it was marked as removed already
[10:37:06] [Server thread/WARN] [minecraft/ServerLevel]: Tried to add entity the_anomaly:anomaly_viewer but it was marked as removed already
[10:37:06] [Server thread/WARN] [minecraft/ServerLevel]: Tried to add entity the_anomaly:anomaly_viewer but it was marked as removed already
[10:37:07] [Server thread/WARN] [minecraft/ServerLevel]: Tried to add entity the_anomaly:anomaly_viewer but it was marked as removed already
[10:37:07] [Server thread/WARN] [minecraft/ServerLevel]: Tried to add entity the_anomaly:anomaly_visitor but it was marked as removed already
[10:37:07] [Server thread/WARN] [minecraft/ServerLevel]: Tried to add entity the_anomaly:anomaly_viewer but it was marked as removed already
[10:37:07] [Server thread/WARN] [minecraft/ServerLevel]: Tried to add entity the_anomaly:anomaly_visitor but it was marked as removed already
[10:37:07] [Server thread/WARN] [minecraft/ServerLevel]: Tried to add entity the_anomaly:anomaly_trap but it was marked as removed already
[10:37:07] [Server thread/WARN] [minecraft/ServerLevel]: Tried to add entity the_anomaly:anomaly_trap but it was marked as removed already
[10:37:08] [Server thread/WARN] [minecraft/ServerLevel]: Tried to add entity the_anomaly:anomaly_trap but it was marked as removed already
[10:37:08] [Server thread/WARN] [minecraft/ServerLevel]: Tried to add entity the_anomaly:anomaly_viewer but it was marked as removed already
[10:37:08] [Server thread/WARN] [minecraft/ServerLevel]: Tried to add entity the_anomaly:anomaly_trap but it was marked as removed already
[10:37:08] [Server thread/WARN] [minecraft/ServerLevel]: Tried to add entity the_anomaly:anomaly_visitor_2 but it was marked as removed already
[10:37:08] [Server thread/WARN] [minecraft/ServerLevel]: Tried to add entity the_anomaly:anomaly_trap but it was marked as removed already
[10:37:08] [Server thread/WARN] [minecraft/ServerLevel]: Tried to add entity the_anomaly:anomaly_viewer but it was marked as removed already
[10:37:08] [Server thread/WARN] [minecraft/ServerLevel]: Tried to add entity the_anomaly:anomaly_trap but it was marked as removed already
[10:37:08] [Server thread/WARN] [minecraft/ServerLevel]: Tried to add entity the_anomaly:anomaly_trap but it was marked as removed already
[10:37:08] [Server thread/WARN] [minecraft/ServerLevel]: Tried to add entity the_anomaly:anomaly_trap but it was marked as removed already
[10:37:09] [Server thread/WARN] [minecraft/ServerLevel]: Tried to add entity the_anomaly:anomaly_trap but it was marked as removed already
[10:37:09] [Server thread/WARN] [minecraft/ServerLevel]: Tried to add entity the_anomaly:anomaly_viewer but it was marked as removed already
[10:37:09] [Server thread/WARN] [minecraft/ServerLevel]: Tried to add entity the_anomaly:anomaly_viewer but it was marked as removed already
[10:37:09] [Server thread/WARN] [minecraft/ServerLevel]: Tried to add entity the_anomaly:anomaly_viewer but it was marked as removed already
[10:37:09] [Server thread/WARN] [minecraft/ServerLevel]: Tried to add entity the_anomaly:anomaly_trap but it was marked as removed already
[10:37:09] [Server thread/WARN] [minecraft/ServerLevel]: Tried to add entity the_anomaly:anomaly_viewer but it was marked as removed already
[10:37:10] [Server thread/WARN] [minecraft/ServerLevel]: Tried to add entity the_anomaly:anomaly_viewer but it was marked as removed already
[10:37:10] [Server thread/WARN] [minecraft/ServerLevel]: Tried to add entity the_anomaly:anomaly_viewer but it was marked as removed already
[10:37:10] [Server thread/WARN] [minecraft/ServerLevel]: Tried to add entity the_anomaly:anomaly_viewer but it was marked as removed already
[10:37:10] [Server thread/WARN] [minecraft/ServerLevel]: Tried to add entity the_anomaly:anomaly_viewer but it was marked as removed already
[10:37:10] [Server thread/WARN] [minecraft/ServerLevel]: Tried to add entity the_anomaly:anomaly_viewer but it was marked as removed already
[10:37:10] [Server thread/WARN] [minecraft/ServerLevel]: Tried to add entity the_anomaly:anomaly_trap but it was marked as removed already
[10:37:10] [Server thread/WARN] [minecraft/ServerLevel]: Tried to add entity the_anomaly:anomaly_viewer but it was marked as removed already
[10:37:10] [Server thread/WARN] [minecraft/ServerLevel]: Tried to add entity the_anomaly:anomaly_trap but it was marked as removed already
[10:37:11] [Server thread/WARN] [minecraft/ServerLevel]: Tried to add entity the_anomaly:anomaly_trap but it was marked as removed already
[10:37:11] [Server thread/WARN] [minecraft/ServerLevel]: Tried to add entity the_anomaly:anomaly_viewer but it was marked as removed already
[10:37:11] [Server thread/WARN] [minecraft/ServerLevel]: Tried to add entity the_anomaly:anomaly_visitor_2 but it was marked as removed already
[10:37:11] [Server thread/WARN] [minecraft/ServerLevel]: Tried to add entity the_anomaly:anomaly_visitor_2 but it was marked as removed already
[10:37:11] [Server thread/WARN] [minecraft/ServerLevel]: Tried to add entity the_anomaly:anomaly_trap but it was marked as removed already
[10:37:11] [Server thread/WARN] [minecraft/ServerLevel]: Tried to add entity the_anomaly:anomaly_viewer but it was marked as removed already
[10:37:11] [Server thread/WARN] [minecraft/ServerLevel]: Tried to add entity the_anomaly:anomaly_viewer but it was marked as removed already
[10:37:12] [Server thread/WARN] [minecraft/ServerLevel]: Tried to add entity the_anomaly:anomaly_viewer but it was marked as removed already
[10:37:12] [Server thread/WARN] [minecraft/ServerLevel]: Tried to add entity the_anomaly:anomaly_viewer but it was marked as removed already
[10:37:13] [Server thread/WARN] [minecraft/ServerLevel]: Tried to add entity the_anomaly:anomaly_trap but it was marked as removed already
[10:37:13] [Server thread/WARN] [minecraft/ServerLevel]: Tried to add entity the_anomaly:anomaly_viewer but it was marked as removed already
[10:37:13] [Server thread/WARN] [minecraft/ServerLevel]: Tried to add entity the_anomaly:anomaly_viewer but it was marked as removed already
[10:37:13] [Server thread/WARN] [minecraft/ServerLevel]: Tried to add entity the_anomaly:anomaly_trap but it was marked as removed already
[10:37:13] [Server thread/WARN] [minecraft/ServerLevel]: Tried to add entity the_anomaly:anomaly_trap but it was marked as removed already
[10:37:14] [Server thread/WARN] [minecraft/ServerLevel]: Tried to add entity the_anomaly:anomaly_viewer but it was marked as removed already
[10:37:14] [Server thread/WARN] [minecraft/ServerLevel]: Tried to add entity the_anomaly:anomaly_viewer but it was marked as removed already
[10:37:14] [Server thread/WARN] [minecraft/ServerLevel]: Tried to add entity the_anomaly:anomaly_trap but it was marked as removed already
[10:37:14] [Server thread/WARN] [minecraft/ServerLevel]: Tried to add entity the_anomaly:anomaly_trap but it was marked as removed already
[10:37:15] [Server thread/WARN] [minecraft/ServerLevel]: Tried to add entity the_anomaly:anomaly_visitor but it was marked as removed already
[10:37:15] [Server thread/WARN] [minecraft/ServerLevel]: Tried to add entity the_anomaly:anomaly_viewer but it was marked as removed already
[10:37:15] [Server thread/WARN] [minecraft/ServerLevel]: Tried to add entity the_anomaly:anomaly_viewer but it was marked as removed already
[10:37:15] [Server thread/WARN] [minecraft/ServerLevel]: Tried to add entity the_anomaly:anomaly_viewer but it was marked as removed already
[10:37:16] [Server thread/WARN] [minecraft/ServerLevel]: Tried to add entity the_anomaly:anomaly_trap but it was marked as removed already
[10:37:16] [Server thread/WARN] [minecraft/ServerLevel]: Tried to add entity the_anomaly:anomaly_viewer but it was marked as removed already
[10:37:16] [Server thread/WARN] [minecraft/ServerLevel]: Tried to add entity the_anomaly:anomaly_viewer but it was marked as removed already
[10:37:16] [Server thread/WARN] [minecraft/ServerLevel]: Tried to add entity the_anomaly:anomaly_viewer but it was marked as removed already
[10:37:21] [Server thread/WARN] [minecraft/ServerLevel]: Tried to add entity the_anomaly:anomaly_trap but it was marked as removed already
[10:37:22] [Server thread/WARN] [minecraft/ServerLevel]: Tried to add entity the_anomaly:anomaly_escape but it was marked as removed already
[10:37:23] [Server thread/WARN] [minecraft/ServerLevel]: Tried to add entity the_anomaly:anomaly_viewer but it was marked as removed already
[10:37:23] [Server thread/WARN] [minecraft/ServerLevel]: Tried to add entity the_anomaly:anomaly_viewer but it was marked as removed already
[10:37:23] [Server thread/WARN] [minecraft/ServerLevel]: Tried to add entity the_anomaly:anomaly_trap but it was marked as removed already
[10:37:24] [Server thread/WARN] [minecraft/ServerLevel]: Tried to add entity the_anomaly:anomaly_trap but it was marked as removed already
[10:37:24] [Server thread/WARN] [minecraft/ServerLevel]: Tried to add entity the_anomaly:anomaly_escape but it was marked as removed already
[10:37:24] [Server thread/WARN] [minecraft/ServerLevel]: Tried to add entity the_anomaly:anomaly_escape but it was marked as removed already
[10:37:24] [Server thread/WARN] [minecraft/ServerLevel]: Tried to add entity the_anomaly:anomaly_viewer but it was marked as removed already
[10:37:24] [Server thread/WARN] [minecraft/ServerLevel]: Tried to add entity the_anomaly:anomaly_trap but it was marked as removed already
[10:37:24] [Server thread/WARN] [minecraft/ServerLevel]: Tried to add entity the_anomaly:anomaly_viewer but it was marked as removed already
[10:37:24] [Server thread/WARN] [minecraft/ServerLevel]: Tried to add entity the_anomaly:anomaly_trap but it was marked as removed already
[10:37:24] [Server thread/WARN] [minecraft/ServerLevel]: Tried to add entity the_anomaly:anomaly_viewer but it was marked as removed already
[10:37:25] [Server thread/WARN] [minecraft/ServerLevel]: Tried to add entity the_anomaly:anomaly_trap but it was marked as removed already
[10:37:26] [Server thread/WARN] [minecraft/ServerLevel]: Tried to add entity the_anomaly:anomaly_viewer but it was marked as removed already
[10:37:26] [Server thread/WARN] [minecraft/ServerLevel]: Tried to add entity the_anomaly:anomaly_trap but it was marked as removed already
[10:37:26] [Server thread/WARN] [minecraft/ServerLevel]: Tried to add entity the_anomaly:anomaly_viewer but it was marked as removed already
[10:37:26] [Server thread/WARN] [minecraft/ServerLevel]: Tried to add entity the_anomaly:anomaly_trap but it was marked as removed already
[10:37:26] [Server thread/WARN] [minecraft/ServerLevel]: Tried to add entity the_anomaly:anomaly_trap but it was marked as removed already
[10:37:26] [Server thread/WARN] [minecraft/ServerLevel]: Tried to add entity the_anomaly:anomaly_trap but it was marked as removed already
[10:37:26] [Server thread/WARN] [minecraft/ServerLevel]: Tried to add entity the_anomaly:anomaly_viewer but it was marked as removed already
[10:37:27] [Server thread/WARN] [minecraft/ServerLevel]: Tried to add entity the_anomaly:anomaly_escape but it was marked as removed already
[10:37:27] [Server thread/WARN] [minecraft/ServerLevel]: Tried to add entity the_anomaly:anomaly_visitor_2 but it was marked as removed already
[10:37:27] [Server thread/WARN] [minecraft/ServerLevel]: Tried to add entity the_anomaly:anomaly_trap but it was marked as removed already
[10:37:28] [Server thread/WARN] [minecraft/ServerLevel]: Tried to add entity the_anomaly:anomaly_trap but it was marked as removed already
[10:37:28] [Server thread/INFO] [minecraft/ServerGamePacketListenerImpl]: gamerku lost connection: Disconnected
[10:37:28] [Server thread/INFO] [minecraft/MinecraftServer]: gamerku left the game
[10:37:29] [Server thread/WARN] [minecraft/ServerLevel]: Tried to add entity the_anomaly:anomaly_viewer but it was marked as removed already
[10:37:29] [Server thread/WARN] [minecraft/ServerLevel]: Tried to add entity the_anomaly:anomaly_trap but it was marked as removed already
[10:37:29] [Server thread/WARN] [minecraft/ServerLevel]: Tried to add entity the_anomaly:anomaly_trap but it was marked as removed already
[10:37:29] [Server thread/WARN] [minecraft/ServerLevel]: Tried to add entity the_anomaly:anomaly_viewer but it was marked as removed already
[10:37:34] [Server thread/WARN] [minecraft/ServerLevel]: Tried to add entity the_anomaly:anomaly_viewer but it was marked as removed already
[10:37:35] [Server thread/WARN] [minecraft/ServerLevel]: Tried to add entity the_anomaly:anomaly_viewer but it was marked as removed already
[10:37:35] [Server thread/WARN] [minecraft/ServerLevel]: Tried to add entity the_anomaly:anomaly_trap but it was marked as removed already
[10:37:38] [Server thread/WARN] [minecraft/ServerLevel]: Tried to add entity the_anomaly:anomaly_trap but it was marked as removed already
[10:37:39] [Server thread/WARN] [minecraft/ServerLevel]: Tried to add entity the_anomaly:anomaly_trap but it was marked as removed already
[10:37:44] [Server thread/WARN] [minecraft/ServerLevel]: Tried to add entity the_anomaly:anomaly_viewer but it was marked as removed already
[10:37:48] [Server thread/WARN] [minecraft/ServerLevel]: Tried to add entity the_anomaly:anomaly_viewer but it was marked as removed already
[10:37:50] [Server thread/WARN] [minecraft/ServerLevel]: Tried to add entity the_anomaly:anomaly_trap but it was marked as removed already
[10:37:50] [Server thread/WARN] [minecraft/ServerLevel]: Tried to add entity the_anomaly:anomaly_viewer but it was marked as removed already
[10:37:50] [Server thread/WARN] [minecraft/ServerLevel]: Tried to add entity the_anomaly:anomaly_trap but it was marked as removed already
[10:37:51] [Server thread/WARN] [minecraft/ServerLevel]: Tried to add entity the_anomaly:anomaly_trap but it was marked as removed already
[10:37:53] [Server thread/WARN] [minecraft/ServerLevel]: Tried to add entity the_anomaly:anomaly_trap but it was marked as removed already
[10:37:54] [Server thread/WARN] [minecraft/ServerLevel]: Tried to add entity the_anomaly:anomaly_viewer but it was marked as removed already
[10:37:56] [Server thread/WARN] [minecraft/ServerLevel]: Tried to add entity the_anomaly:anomaly_trap but it was marked as removed already
[10:38:00] [Server thread/WARN] [minecraft/ServerLevel]: Tried to add entity the_anomaly:anomaly_viewer but it was marked as removed already
[10:38:00] [Server thread/WARN] [minecraft/ServerLevel]: Tried to add entity the_anomaly:anomaly_viewer but it was marked as removed already
[10:38:13] [Server thread/WARN] [minecraft/ServerLevel]: Tried to add entity the_anomaly:anomaly_trap but it was marked as removed already
[10:38:15] [Server thread/WARN] [minecraft/ServerLevel]: Tried to add entity the_anomaly:anomaly_trap but it was marked as removed already
[10:38:15] [Server thread/WARN] [minecraft/ServerLevel]: Tried to add entity the_anomaly:anomaly_trap but it was marked as removed already
[10:38:18] [Server thread/INFO] [minecraft/MinecraftServer]: [Achbar: Teleported Achbar to YAMAPROSIH]
[10:38:21] [Server thread/WARN] [minecraft/ServerLevel]: Tried to add entity the_anomaly:anomaly_trap but it was marked as removed already
[10:38:21] [Server thread/WARN] [minecraft/ServerLevel]: Tried to add entity the_anomaly:anomaly_viewer but it was marked as removed already
[10:38:22] [Server thread/WARN] [minecraft/ServerLevel]: Tried to add entity the_anomaly:anomaly_viewer but it was marked as removed already
[10:38:24] [Server thread/WARN] [minecraft/ServerLevel]: Tried to add entity the_anomaly:anomaly_viewer but it was marked as removed already
[10:38:24] [Server thread/WARN] [minecraft/ServerLevel]: Tried to add entity the_anomaly:anomaly_viewer but it was marked as removed already
[10:38:25] [Server thread/WARN] [minecraft/ServerLevel]: Tried to add entity the_anomaly:anomaly_escape but it was marked as removed already
[10:38:25] [Server thread/WARN] [minecraft/ServerLevel]: Tried to add entity the_anomaly:anomaly_viewer but it was marked as removed already
[10:38:27] [Server thread/WARN] [minecraft/ServerLevel]: Tried to add entity the_anomaly:anomaly_trap but it was marked as removed already
[10:38:27] [Server thread/WARN] [minecraft/ServerLevel]: Tried to add entity the_anomaly:anomaly_viewer but it was marked as removed already
[10:38:28] [Server thread/WARN] [minecraft/ServerLevel]: Tried to add entity the_anomaly:anomaly_trap but it was marked as removed already
[10:38:28] [Server thread/WARN] [minecraft/ServerLevel]: Tried to add entity the_anomaly:anomaly_trap but it was marked as removed already
[10:38:37] [Server thread/WARN] [minecraft/ServerLevel]: Tried to add entity the_anomaly:anomaly_viewer but it was marked as removed already
[10:38:37] [Server thread/WARN] [minecraft/ServerLevel]: Tried to add entity the_anomaly:anomaly_trap but it was marked as removed already
[10:38:37] [Server thread/WARN] [minecraft/ServerLevel]: Tried to add entity the_anomaly:anomaly_trap but it was marked as removed already
[10:38:43] [Server thread/WARN] [minecraft/ServerLevel]: Tried to add entity the_anomaly:anomaly_trap but it was marked as removed already
[10:38:48] [Server thread/WARN] [minecraft/ServerLevel]: Tried to add entity the_anomaly:anomaly_viewer but it was marked as removed already
[10:38:50] [Server thread/WARN] [minecraft/ServerLevel]: Tried to add entity the_anomaly:anomaly_trap but it was marked as removed already
[10:39:01] [Server thread/WARN] [minecraft/ServerLevel]: Tried to add entity the_anomaly:anomaly_trap but it was marked as removed already
[10:39:01] [Server thread/WARN] [minecraft/ServerLevel]: Tried to add entity the_anomaly:anomaly_trap but it was marked as removed already
[10:39:10] [Server thread/WARN] [minecraft/ServerLevel]: Tried to add entity the_anomaly:anomaly_viewer but it was marked as removed already
[10:39:11] [Server thread/WARN] [minecraft/ServerLevel]: Tried to add entity the_anomaly:anomaly_escape but it was marked as removed already
[10:39:11] [Server thread/WARN] [minecraft/ServerLevel]: Tried to add entity the_anomaly:anomaly_trap but it was marked as removed already
[10:39:16] [Server thread/WARN] [minecraft/ServerLevel]: Tried to add entity the_anomaly:anomaly_escape but it was marked as removed already
[10:39:17] [Server thread/WARN] [minecraft/ServerLevel]: Tried to add entity the_anomaly:anomaly_trap but it was marked as removed already
[10:39:17] [Server thread/WARN] [minecraft/ServerLevel]: Tried to add entity the_anomaly:anomaly_escape but it was marked as removed already
[10:39:17] [Server thread/WARN] [minecraft/ServerLevel]: Tried to add entity the_anomaly:anomaly_trap but it was marked as removed already
[10:39:19] [Server thread/WARN] [minecraft/ServerLevel]: Tried to add entity the_anomaly:anomaly_viewer but it was marked as removed already
[10:39:21] [Server thread/WARN] [minecraft/ServerLevel]: Tried to add entity the_anomaly:anomaly_viewer but it was marked as removed already
[10:39:22] [Server thread/WARN] [minecraft/ServerLevel]: Tried to add entity the_anomaly:anomaly_trap but it was marked as removed already
[10:39:23] [Server thread/WARN] [minecraft/ServerLevel]: Tried to add entity the_anomaly:anomaly_viewer but it was marked as removed already
[10:39:23] [Server thread/WARN] [minecraft/ServerLevel]: Tried to add entity the_anomaly:anomaly_trap but it was marked as removed already
[10:39:23] [Server thread/WARN] [minecraft/ServerLevel]: Tried to add entity the_anomaly:anomaly_viewer but it was marked as removed already
[10:39:24] [Server thread/WARN] [minecraft/ServerLevel]: Tried to add entity the_anomaly:anomaly_viewer but it was marked as removed already
[10:39:24] [Server thread/WARN] [minecraft/ServerLevel]: Tried to add entity the_anomaly:anomaly_viewer but it was marked as removed already
[10:39:24] [Server thread/WARN] [minecraft/ServerLevel]: Tried to add entity the_anomaly:anomaly_escape but it was marked as removed already
[10:39:33] [Server thread/WARN] [minecraft/ServerLevel]: Tried to add entity the_anomaly:anomaly_trap but it was marked as removed already
[10:39:36] [Server thread/INFO] [minecraft/MinecraftServer]: YAMAPROSIH has made the advancement [Suit Up]
[10:39:36] [Server thread/WARN] [minecraft/ServerLevel]: Tried to add entity the_anomaly:anomaly_trap but it was marked as removed already
[10:39:36] [Server thread/WARN] [minecraft/ServerLevel]: Tried to add entity the_anomaly:anomaly_viewer but it was marked as removed already
[10:39:36] [Server thread/WARN] [minecraft/ServerLevel]: Tried to add entity the_anomaly:anomaly_viewer but it was marked as removed already
[10:39:38] [Server thread/WARN] [minecraft/ServerLevel]: Tried to add entity the_anomaly:anomaly_escape but it was marked as removed already
[10:39:38] [Server thread/WARN] [minecraft/ServerLevel]: Tried to add entity the_anomaly:anomaly_trap but it was marked as removed already
[10:39:38] [Server thread/WARN] [minecraft/ServerLevel]: Tried to add entity the_anomaly:anomaly_escape but it was marked as removed already
[10:39:40] [Server thread/WARN] [minecraft/ServerLevel]: Tried to add entity the_anomaly:anomaly_escape but it was marked as removed already
[10:39:40] [Server thread/WARN] [minecraft/ServerLevel]: Tried to add entity the_anomaly:anomaly_trap but it was marked as removed already
[10:39:40] [Server thread/WARN] [minecraft/ServerLevel]: Tried to add entity the_anomaly:anomaly_trap but it was marked as removed already
[10:39:42] [Server thread/WARN] [minecraft/ServerLevel]: Tried to add entity the_anomaly:anomaly_trap but it was marked as removed already
[10:39:46] [Server thread/INFO] [minecraft/MinecraftServer]: Achbar has made the advancement [Suit Up]
[10:39:48] [Server thread/WARN] [minecraft/ServerLevel]: Tried to add entity the_anomaly:anomaly_escape but it was marked as removed already
[10:39:50] [Server thread/WARN] [minecraft/ServerLevel]: Tried to add entity the_anomaly:anomaly_escape but it was marked as removed already
[10:39:50] [Server thread/WARN] [minecraft/ServerLevel]: Tried to add entity the_anomaly:anomaly_escape but it was marked as removed already
[10:39:50] [Server thread/WARN] [minecraft/ServerLevel]: Tried to add entity the_anomaly:anomaly_viewer but it was marked as removed already
[10:39:50] [Server thread/WARN] [minecraft/ServerLevel]: Tried to add entity the_anomaly:anomaly_trap but it was marked as removed already
[10:39:51] [Server thread/WARN] [minecraft/ServerLevel]: Tried to add entity the_anomaly:anomaly_trap but it was marked as removed already
[10:39:52] [Server thread/WARN] [minecraft/ServerLevel]: Tried to add entity the_anomaly:anomaly_viewer but it was marked as removed already
[10:39:52] [Server thread/WARN] [minecraft/ServerLevel]: Tried to add entity the_anomaly:anomaly_escape but it was marked as removed already
[10:39:52] [Server thread/WARN] [minecraft/ServerLevel]: Tried to add entity the_anomaly:anomaly_escape but it was marked as removed already
[10:39:52] [Server thread/WARN] [minecraft/ServerLevel]: Tried to add entity the_anomaly:anomaly_trap but it was marked as removed already
[10:39:52] [Server thread/WARN] [minecraft/ServerLevel]: Tried to add entity the_anomaly:anomaly_viewer but it was marked as removed already
[10:39:52] [Server thread/WARN] [minecraft/ServerLevel]: Tried to add entity the_anomaly:anomaly_viewer but it was marked as removed already
[10:39:55] [Server thread/WARN] [minecraft/ServerLevel]: Tried to add entity the_anomaly:anomaly_viewer but it was marked as removed already
[10:39:55] [Server thread/WARN] [minecraft/ServerLevel]: Tried to add entity the_anomaly:anomaly_escape but it was marked as removed already
[10:39:55] [Server thread/WARN] [minecraft/ServerLevel]: Tried to add entity the_anomaly:anomaly_viewer but it was marked as removed already
[10:39:55] [Server thread/WARN] [minecraft/ServerLevel]: Tried to add entity the_anomaly:anomaly_trap but it was marked as removed already
[10:39:55] [Server thread/WARN] [minecraft/ServerLevel]: Tried to add entity the_anomaly:anomaly_escape but it was marked as removed already
[10:39:56] [Server thread/WARN] [minecraft/ServerLevel]: Tried to add entity the_anomaly:anomaly_viewer but it was marked as removed already
[10:40:02] [Server thread/WARN] [minecraft/ServerLevel]: Tried to add entity the_anomaly:anomaly_viewer but it was marked as removed already
[10:40:11] [Server thread/WARN] [minecraft/ServerLevel]: Tried to add entity the_anomaly:anomaly_viewer but it was marked as removed already
[10:40:12] [Server thread/WARN] [minecraft/ServerLevel]: Tried to add entity the_anomaly:anomaly_viewer but it was marked as removed already
[10:40:12] [Server thread/WARN] [minecraft/ServerLevel]: Tried to add entity the_anomaly:anomaly_trap but it was marked as removed already
[10:40:12] [Server thread/WARN] [minecraft/ServerLevel]: Tried to add entity the_anomaly:anomaly_trap but it was marked as removed already
[10:40:12] [Server thread/WARN] [minecraft/ServerLevel]: Tried to add entity the_anomaly:anomaly_viewer but it was marked as removed already
[10:40:12] [Server thread/WARN] [minecraft/ServerLevel]: Tried to add entity the_anomaly:anomaly_trap but it was marked as removed already
[10:40:12] [Server thread/WARN] [minecraft/ServerLevel]: Tried to add entity the_anomaly:anomaly_trap but it was marked as removed already
[10:40:12] [Server thread/WARN] [minecraft/ServerLevel]: Tried to add entity the_anomaly:anomaly_trap but it was marked as removed already
[10:40:15] [Server thread/WARN] [minecraft/ServerLevel]: Tried to add entity the_anomaly:anomaly_viewer but it was marked as removed already
[10:40:20] [Server thread/WARN] [minecraft/ServerLevel]: Tried to add entity the_anomaly:anomaly_viewer but it was marked as removed already
[10:40:21] [Server thread/WARN] [minecraft/ServerLevel]: Tried to add entity the_anomaly:anomaly_viewer but it was marked as removed already
[10:40:29] [Server thread/WARN] [minecraft/ServerLevel]: Tried to add entity the_anomaly:anomaly_trap but it was marked as removed already
[10:40:29] [Server thread/WARN] [minecraft/ServerLevel]: Tried to add entity the_anomaly:anomaly_trap but it was marked as removed already
[10:40:29] [Server thread/WARN] [minecraft/ServerLevel]: Tried to add entity the_anomaly:anomaly_viewer but it was marked as removed already
[10:40:29] [Server thread/WARN] [minecraft/ServerLevel]: Tried to add entity the_anomaly:anomaly_trap but it was marked as removed already
[10:40:29] [Server thread/WARN] [minecraft/ServerLevel]: Tried to add entity the_anomaly:anomaly_trap but it was marked as removed already
[10:40:37] [Server thread/WARN] [minecraft/ServerLevel]: Tried to add entity the_anomaly:anomaly_viewer but it was marked as removed already
[10:40:37] [Server thread/WARN] [minecraft/ServerLevel]: Tried to add entity the_anomaly:anomaly_trap but it was marked as removed already
[10:40:41] [Server thread/WARN] [minecraft/ServerLevel]: Tried to add entity the_anomaly:anomaly_viewer but it was marked as removed already
[10:40:41] [Server thread/WARN] [minecraft/ServerLevel]: Tried to add entity the_anomaly:anomaly_viewer but it was marked as removed already
[10:40:41] [Server thread/WARN] [minecraft/ServerLevel]: Tried to add entity the_anomaly:anomaly_viewer but it was marked as removed already
[10:40:41] [Server thread/WARN] [minecraft/ServerLevel]: Tried to add entity the_anomaly:anomaly_trap but it was marked as removed already
[10:40:42] [Server thread/WARN] [minecraft/ServerLevel]: Tried to add entity the_anomaly:anomaly_viewer but it was marked as removed already
[10:40:42] [Server thread/WARN] [minecraft/ServerLevel]: Tried to add entity the_anomaly:anomaly_trap but it was marked as removed already
[10:40:48] [Server thread/WARN] [minecraft/ServerLevel]: Tried to add entity the_anomaly:anomaly_trap but it was marked as removed already
[10:40:48] [Server thread/WARN] [minecraft/ServerLevel]: Tried to add entity the_anomaly:anomaly_viewer but it was marked as removed already
[10:40:49] [Server thread/WARN] [minecraft/ServerLevel]: Tried to add entity the_anomaly:anomaly_viewer but it was marked as removed already
[10:40:51] [Server thread/WARN] [minecraft/ServerLevel]: Tried to add entity the_anomaly:anomaly_viewer but it was marked as removed already
[10:40:51] [Server thread/WARN] [minecraft/ServerLevel]: Tried to add entity the_anomaly:anomaly_viewer but it was marked as removed already
[10:40:54] [Server thread/WARN] [minecraft/ServerLevel]: Tried to add entity the_anomaly:anomaly_trap but it was marked as removed already
[10:40:56] [Server thread/WARN] [minecraft/ServerLevel]: Tried to add entity the_anomaly:anomaly_viewer but it was marked as removed already
[10:41:07] [Server thread/WARN] [minecraft/ServerLevel]: Tried to add entity the_anomaly:anomaly_viewer but it was marked as removed already
[10:41:08] [Server thread/WARN] [minecraft/ServerLevel]: Tried to add entity the_anomaly:anomaly_viewer but it was marked as removed already
[10:41:29] [Server thread/WARN] [minecraft/ServerLevel]: Tried to add entity the_anomaly:anomaly_viewer but it was marked as removed already
[10:41:29] [Server thread/WARN] [minecraft/ServerLevel]: Tried to add entity the_anomaly:anomaly_trap but it was marked as removed already
[10:41:30] [Server thread/WARN] [minecraft/ServerLevel]: Tried to add entity the_anomaly:anomaly_trap but it was marked as removed already
[10:41:30] [Server thread/WARN] [minecraft/ServerLevel]: Tried to add entity the_anomaly:anomaly_trap but it was marked as removed already
[10:41:30] [Server thread/WARN] [minecraft/ServerLevel]: Tried to add entity the_anomaly:anomaly_trap but it was marked as removed already
[10:41:38] [Server thread/WARN] [minecraft/ServerLevel]: Tried to add entity the_anomaly:anomaly_viewer but it was marked as removed already
[10:41:41] [Server thread/WARN] [minecraft/ServerLevel]: Tried to add entity the_anomaly:anomaly_trap but it was marked as removed already
[10:41:43] [Server thread/WARN] [minecraft/ServerLevel]: Tried to add entity the_anomaly:anomaly_viewer but it was marked as removed already
[10:41:44] [Server thread/WARN] [minecraft/ServerLevel]: Tried to add entity the_anomaly:anomaly_viewer but it was marked as removed already
[10:41:44] [Server thread/WARN] [minecraft/ServerLevel]: Tried to add entity the_anomaly:anomaly_viewer but it was marked as removed already
[10:41:44] [Server thread/WARN] [minecraft/ServerLevel]: Tried to add entity the_anomaly:anomaly_viewer but it was marked as removed already
[10:41:49] [Server thread/WARN] [minecraft/ServerLevel]: Tried to add entity the_anomaly:anomaly_viewer but it was marked as removed already
[10:41:49] [Server thread/WARN] [minecraft/ServerLevel]: Tried to add entity the_anomaly:anomaly_trap but it was marked as removed already
[10:41:49] [Server thread/WARN] [minecraft/ServerLevel]: Tried to add entity the_anomaly:anomaly_trap but it was marked as removed already
[10:41:49] [Server thread/WARN] [minecraft/ServerLevel]: Tried to add entity the_anomaly:anomaly_viewer but it was marked as removed already
[10:41:51] [Server thread/WARN] [minecraft/ServerLevel]: Tried to add entity the_anomaly:anomaly_trap but it was marked as removed already
[10:41:51] [Server thread/WARN] [minecraft/ServerLevel]: Tried to add entity the_anomaly:anomaly_escape but it was marked as removed already
[10:41:57] [Server thread/WARN] [minecraft/ServerLevel]: Tried to add entity the_anomaly:anomaly_trap but it was marked as removed already
[10:41:57] [Server thread/WARN] [minecraft/ServerLevel]: Tried to add entity the_anomaly:anomaly_viewer but it was marked as removed already
[10:41:57] [Server thread/WARN] [minecraft/ServerLevel]: Tried to add entity the_anomaly:anomaly_viewer but it was marked as removed already
[10:41:57] [Server thread/WARN] [minecraft/ServerLevel]: Tried to add entity the_anomaly:anomaly_viewer but it was marked as removed already
[10:41:57] [Server thread/WARN] [minecraft/ServerLevel]: Tried to add entity the_anomaly:anomaly_trap but it was marked as removed already
[10:41:57] [Server thread/WARN] [minecraft/ServerLevel]: Tried to add entity the_anomaly:anomaly_viewer but it was marked as removed already
[10:41:57] [Server thread/WARN] [minecraft/ServerLevel]: Tried to add entity the_anomaly:anomaly_viewer but it was marked as removed already
[10:42:05] [Server thread/WARN] [minecraft/ServerLevel]: Tried to add entity the_anomaly:anomaly_trap but it was marked as removed already
[10:42:10] [Server thread/WARN] [minecraft/ServerLevel]: Tried to add entity the_anomaly:anomaly_trap but it was marked as removed already
[10:42:11] [Server thread/WARN] [minecraft/ServerLevel]: Tried to add entity the_anomaly:anomaly_viewer but it was marked as removed already
[10:42:11] [Server thread/WARN] [minecraft/ServerLevel]: Tried to add entity the_anomaly:anomaly_trap but it was marked as removed already
[10:42:13] [Server thread/WARN] [minecraft/ServerLevel]: Tried to add entity the_anomaly:anomaly_trap but it was marked as removed already
[10:42:15] [Server thread/WARN] [minecraft/ServerLevel]: Tried to add entity the_anomaly:anomaly_trap but it was marked as removed already
[10:42:30] [Server thread/WARN] [minecraft/ServerLevel]: Tried to add entity the_anomaly:anomaly_trap but it was marked as removed already
[10:42:37] [Server thread/INFO] [minecraft/MinecraftServer]: [YAMAPROSIH: Applied effect Night Vision to 2 targets]
[10:42:38] [Server thread/WARN] [minecraft/ServerLevel]: Tried to add entity the_anomaly:anomaly_trap but it was marked as removed already
[10:42:39] [Server thread/WARN] [minecraft/ServerLevel]: Tried to add entity the_anomaly:anomaly_viewer but it was marked as removed already
[10:42:39] [Server thread/WARN] [minecraft/ServerLevel]: Tried to add entity the_anomaly:anomaly_escape but it was marked as removed already
[10:42:39] [Server thread/WARN] [minecraft/ServerLevel]: Tried to add entity the_anomaly:anomaly_trap but it was marked as removed already
[10:42:39] [Server thread/WARN] [minecraft/ServerLevel]: Tried to add entity the_anomaly:anomaly_viewer but it was marked as removed already
[10:42:39] [Server thread/WARN] [minecraft/ServerLevel]: Tried to add entity the_anomaly:anomaly_trap but it was marked as removed already
[10:42:43] [Server thread/WARN] [minecraft/ServerLevel]: Tried to add entity the_anomaly:anomaly_trap but it was marked as removed already
[10:42:43] [Server thread/WARN] [minecraft/ServerLevel]: Tried to add entity the_anomaly:anomaly_trap but it was marked as removed already
[10:42:44] [Server thread/WARN] [minecraft/ServerLevel]: Tried to add entity the_anomaly:anomaly_viewer but it was marked as removed already
[10:42:56] [Server thread/WARN] [minecraft/ServerLevel]: Tried to add entity the_anomaly:anomaly_trap but it was marked as removed already
[10:42:57] [Server thread/WARN] [minecraft/ServerLevel]: Tried to add entity the_anomaly:anomaly_trap but it was marked as removed already
[10:43:05] [Server thread/WARN] [minecraft/ServerLevel]: Tried to add entity the_anomaly:anomaly_trap but it was marked as removed already
[10:43:24] [Server thread/WARN] [minecraft/ServerLevel]: Tried to add entity the_anomaly:anomaly_trap but it was marked as removed already
[10:43:26] [Server thread/INFO] [minecraft/MinecraftServer]: YAMAPROSIH has made the advancement [Cover Me with Diamonds]
[10:43:32] [Server thread/WARN] [minecraft/ServerLevel]: Tried to add entity the_anomaly:anomaly_trap but it was marked as removed already
[10:43:33] [Server thread/WARN] [minecraft/ServerLevel]: Tried to add entity the_anomaly:anomaly_trap but it was marked as removed already
[10:43:33] [Server thread/INFO] [minecraft/MinecraftServer]: Achbar has made the advancement [Cover Me with Diamonds]
[10:43:39] [Server thread/WARN] [minecraft/ServerLevel]: Tried to add entity the_anomaly:anomaly_trap but it was marked as removed already
[10:43:39] [Server thread/WARN] [minecraft/ServerLevel]: Tried to add entity the_anomaly:anomaly_trap but it was marked as removed already
[10:43:40] [Server thread/WARN] [minecraft/ServerLevel]: Tried to add entity the_anomaly:anomaly_viewer but it was marked as removed already
[10:43:40] [Server thread/WARN] [minecraft/ServerLevel]: Tried to add entity the_anomaly:anomaly_trap but it was marked as removed already
[10:43:40] [Server thread/WARN] [minecraft/ServerLevel]: Tried to add entity the_anomaly:anomaly_trap but it was marked as removed already
[10:43:45] [Server thread/WARN] [minecraft/ServerLevel]: Tried to add entity the_anomaly:anomaly_trap but it was marked as removed already
[10:43:45] [Server thread/WARN] [minecraft/ServerLevel]: Tried to add entity the_anomaly:anomaly_viewer but it was marked as removed already
[10:43:47] [Server thread/WARN] [minecraft/ServerLevel]: Tried to add entity the_anomaly:anomaly_trap but it was marked as removed already
[10:43:49] [Server thread/WARN] [minecraft/ServerLevel]: Tried to add entity the_anomaly:anomaly_trap but it was marked as removed already
[10:43:50] [Server thread/WARN] [minecraft/ServerLevel]: Tried to add entity the_anomaly:anomaly_trap but it was marked as removed already
[10:43:50] [Server thread/WARN] [minecraft/ServerLevel]: Tried to add entity the_anomaly:anomaly_viewer but it was marked as removed already
[10:43:53] [Server thread/WARN] [minecraft/ServerLevel]: Tried to add entity the_anomaly:anomaly_viewer but it was marked as removed already
[10:43:53] [Server thread/WARN] [minecraft/ServerLevel]: Tried to add entity the_anomaly:anomaly_trap but it was marked as removed already
[10:43:53] [Server thread/WARN] [minecraft/ServerLevel]: Tried to add entity the_anomaly:anomaly_trap but it was marked as removed already
[10:43:53] [Server thread/WARN] [minecraft/ServerLevel]: Tried to add entity the_anomaly:anomaly_viewer but it was marked as removed already
[10:43:55] [Server thread/WARN] [minecraft/ServerLevel]: Tried to add entity the_anomaly:anomaly_escape but it was marked as removed already
[10:43:55] [Server thread/WARN] [minecraft/ServerLevel]: Tried to add entity the_anomaly:anomaly_trap but it was marked as removed already
[10:43:55] [Server thread/WARN] [minecraft/ServerLevel]: Tried to add entity the_anomaly:anomaly_escape but it was marked as removed already
[10:43:55] [Server thread/WARN] [minecraft/ServerLevel]: Tried to add entity the_anomaly:anomaly_viewer but it was marked as removed already
[10:43:58] [Server thread/WARN] [minecraft/ServerLevel]: Tried to add entity the_anomaly:anomaly_escape but it was marked as removed already
[10:44:03] [Server thread/INFO] [minecraft/ServerGamePacketListenerImpl]: YAMAPROSIH lost connection: Disconnected
[10:44:03] [Server thread/INFO] [minecraft/MinecraftServer]: YAMAPROSIH left the game
[10:44:05] [Server thread/WARN] [minecraft/ServerLevel]: Tried to add entity the_anomaly:anomaly_trap but it was marked as removed already
[10:44:05] [Server thread/WARN] [minecraft/ServerLevel]: Tried to add entity the_anomaly:anomaly_trap but it was marked as removed already
[10:44:05] [Server thread/WARN] [minecraft/ServerLevel]: Tried to add entity the_anomaly:anomaly_escape but it was marked as removed already
[10:44:09] [Server thread/WARN] [minecraft/ServerLevel]: Tried to add entity the_anomaly:anomaly_escape but it was marked as removed already
[10:44:12] [Server thread/WARN] [minecraft/ServerLevel]: Tried to add entity the_anomaly:anomaly_viewer but it was marked as removed already
[10:44:12] [Server thread/WARN] [minecraft/ServerLevel]: Tried to add entity the_anomaly:anomaly_viewer but it was marked as removed already
[10:44:13] [Server thread/WARN] [minecraft/ServerLevel]: Tried to add entity the_anomaly:anomaly_viewer but it was marked as removed already
[10:44:13] [Server thread/WARN] [minecraft/ServerLevel]: Tried to add entity the_anomaly:anomaly_viewer but it was marked as removed already
[10:44:17] [Server thread/WARN] [minecraft/ServerLevel]: Tried to add entity the_anomaly:anomaly_escape but it was marked as removed already
[10:44:17] [Server thread/WARN] [minecraft/ServerLevel]: Tried to add entity the_anomaly:anomaly_escape but it was marked as removed already
[10:44:17] [Server thread/WARN] [minecraft/ServerLevel]: Tried to add entity the_anomaly:anomaly_viewer but it was marked as removed already
[10:44:17] [Server thread/WARN] [minecraft/ServerLevel]: Tried to add entity the_anomaly:anomaly_trap but it was marked as removed already
[10:44:17] [Server thread/WARN] [minecraft/ServerLevel]: Tried to add entity the_anomaly:anomaly_viewer but it was marked as removed already
[10:44:26] [Server thread/INFO] [ne.mi.co.AdvancementLoadFix/]: Using new advancement loading for net.minecraft.server.PlayerAdvancements@2b0bdb02
[10:44:26] [Server thread/INFO] [minecraft/PlayerList]: YAMAPROSIH[/127.159.13.28:47441] logged in with entity id 5784 at (-262.69999998807907, 63.0, -41.60008712079769)
[10:44:26] [Server thread/INFO] [minecraft/MinecraftServer]: YAMAPROSIH joined the game
[10:44:26] [Server thread/INFO] [minecraft/MinecraftServer]: Behave yourself
[10:44:26] [Server thread/INFO] [minecraft/ServerGamePacketListenerImpl]: YAMAPROSIH lost connection: Disconnected
[10:44:26] [Server thread/INFO] [minecraft/MinecraftServer]: YAMAPROSIH left the game
[10:44:26] [Server thread/WARN] [minecraft/Connection]: handleDisconnection() called twice
[10:44:26] [Server thread/WARN] [minecraft/ServerLevel]: Tried to add entity the_anomaly:anomaly_escape but it was marked as removed already
[10:44:27] [Server thread/WARN] [minecraft/ServerLevel]: Tried to add entity the_anomaly:anomaly_viewer but it was marked as removed already
[10:44:27] [Server thread/WARN] [minecraft/ServerLevel]: Tried to add entity the_anomaly:anomaly_escape but it was marked as removed already
[10:44:27] [Server thread/WARN] [minecraft/ServerLevel]: Tried to add entity the_anomaly:anomaly_escape but it was marked as removed already
[10:44:27] [Server thread/WARN] [minecraft/ServerLevel]: Tried to add entity the_anomaly:anomaly_viewer but it was marked as removed already
[10:44:27] [Server thread/WARN] [minecraft/ServerLevel]: Tried to add entity the_anomaly:anomaly_trap but it was marked as removed already
[10:44:27] [Server thread/WARN] [minecraft/ServerLevel]: Tried to add entity the_anomaly:anomaly_trap but it was marked as removed already
[10:44:27] [Server thread/WARN] [minecraft/ServerLevel]: Tried to add entity the_anomaly:anomaly_escape but it was marked as removed already
[10:44:27] [Server thread/WARN] [minecraft/ServerLevel]: Tried to add entity the_anomaly:anomaly_escape but it was marked as removed already
[10:44:27] [Server thread/WARN] [minecraft/ServerLevel]: Tried to add entity the_anomaly:anomaly_viewer but it was marked as removed already
[10:44:28] [Server thread/WARN] [minecraft/ServerLevel]: Tried to add entity the_anomaly:anomaly_viewer but it was marked as removed already
[10:44:28] [Server thread/WARN] [minecraft/ServerLevel]: Tried to add entity the_anomaly:anomaly_escape but it was marked as removed already
[10:44:32] [Server thread/WARN] [minecraft/ServerLevel]: Tried to add entity the_anomaly:anomaly_viewer but it was marked as removed already
[10:44:32] [Server thread/WARN] [minecraft/ServerLevel]: Tried to add entity the_anomaly:anomaly_viewer but it was marked as removed already
[10:44:35] [Server thread/WARN] [minecraft/ServerLevel]: Tried to add entity the_anomaly:anomaly_escape but it was marked as removed already
[10:44:35] [Server thread/WARN] [minecraft/ServerLevel]: Tried to add entity the_anomaly:anomaly_escape but it was marked as removed already
[10:44:35] [Server thread/WARN] [minecraft/ServerLevel]: Tried to add entity the_anomaly:anomaly_trap but it was marked as removed already
[10:44:36] [Server thread/WARN] [minecraft/ServerLevel]: Tried to add entity the_anomaly:anomaly_escape but it was marked as removed already
[10:44:36] [Server thread/WARN] [minecraft/ServerLevel]: Tried to add entity the_anomaly:anomaly_viewer but it was marked as removed already
[10:44:36] [Server thread/WARN] [minecraft/ServerLevel]: Tried to add entity the_anomaly:anomaly_escape but it was marked as removed already
[10:44:37] [Server thread/WARN] [minecraft/ServerLevel]: Tried to add entity the_anomaly:anomaly_viewer but it was marked as removed already
[10:44:37] [Server thread/WARN] [minecraft/ServerLevel]: Tried to add entity the_anomaly:anomaly_escape but it was marked as removed already
[10:44:38] [Server thread/WARN] [minecraft/ServerLevel]: Tried to add entity the_anomaly:anomaly_escape but it was marked as removed already
[10:44:40] [Server thread/INFO] [minecraft/ServerLoginPacketListenerImpl]: com.mojang.authlib.GameProfile@aa76931[id=<null>,name=YAMAPROSIH,properties={},legacy=false] (/127.159.13.28:42409) lost connection: Disconnected
[10:44:41] [Server thread/WARN] [minecraft/ServerLevel]: Tried to add entity the_anomaly:anomaly_trap but it was marked as removed already
[10:44:47] [Server thread/WARN] [minecraft/ServerLevel]: Tried to add entity the_anomaly:anomaly_trap but it was marked as removed already
[10:44:47] [Server thread/WARN] [minecraft/ServerLevel]: Tried to add entity the_anomaly:anomaly_viewer but it was marked as removed already
[10:44:47] [Server thread/INFO] [ne.mi.co.AdvancementLoadFix/]: Using new advancement loading for net.minecraft.server.PlayerAdvancements@4d6f81a0
[10:44:47] [Server thread/INFO] [minecraft/PlayerList]: YAMAPROSIH[/127.159.13.28:50923] logged in with entity id 5865 at (-262.69999998807907, 63.0, -41.60008712079769)
[10:44:47] [Server thread/INFO] [minecraft/MinecraftServer]: YAMAPROSIH joined the game
[10:44:47] [Server thread/INFO] [minecraft/MinecraftServer]: Behave yourself
[10:44:47] [Server thread/WARN] [minecraft/ServerLevel]: Tried to add entity the_anomaly:anomaly_viewer but it was marked as removed already
[10:44:49] [Server thread/WARN] [minecraft/ServerLevel]: Tried to add entity the_anomaly:anomaly_trap but it was marked as removed already
[10:44:54] [Server thread/WARN] [minecraft/ServerLevel]: Tried to add entity the_anomaly:anomaly_viewer but it was marked as removed already
[10:44:54] [Server thread/WARN] [minecraft/ServerLevel]: Tried to add entity the_anomaly:anomaly_escape but it was marked as removed already
[10:44:54] [Server thread/WARN] [minecraft/ServerLevel]: Tried to add entity the_anomaly:anomaly_viewer but it was marked as removed already
[10:44:59] [Server thread/WARN] [minecraft/ServerLevel]: Tried to add entity the_anomaly:anomaly_trap but it was marked as removed already
[10:44:59] [Server thread/WARN] [minecraft/ServerLevel]: Tried to add entity the_anomaly:anomaly_trap but it was marked as removed already
[10:45:00] [Server thread/WARN] [minecraft/ServerLevel]: Tried to add entity the_anomaly:anomaly_escape but it was marked as removed already
[10:45:00] [Server thread/WARN] [minecraft/ServerLevel]: Tried to add entity the_anomaly:anomaly_escape but it was marked as removed already
[10:45:08] [Server thread/WARN] [minecraft/ServerLevel]: Tried to add entity the_anomaly:anomaly_viewer but it was marked as removed already
[10:45:12] [Server thread/WARN] [minecraft/ServerLevel]: Tried to add entity the_anomaly:anomaly_trap but it was marked as removed already
[10:45:13] [Server thread/WARN] [minecraft/ServerLevel]: Tried to add entity the_anomaly:anomaly_trap but it was marked as removed already
[10:45:16] [Server thread/WARN] [minecraft/ServerLevel]: Tried to add entity the_anomaly:anomaly_escape but it was marked as removed already
[10:45:18] [Server thread/WARN] [minecraft/ServerLevel]: Tried to add entity the_anomaly:anomaly_trap but it was marked as removed already
[10:45:18] [Server thread/WARN] [minecraft/ServerLevel]: Tried to add entity the_anomaly:anomaly_escape but it was marked as removed already
[10:45:20] [Server thread/INFO] [minecraft/MinecraftServer]: [YAMAPROSIH: Applied effect Night Vision to YAMAPROSIH]
[10:45:21] [Server thread/WARN] [minecraft/ServerLevel]: Tried to add entity the_anomaly:anomaly_trap but it was marked as removed already
[10:45:21] [Server thread/WARN] [minecraft/ServerLevel]: Tried to add entity the_anomaly:anomaly_viewer but it was marked as removed already
[10:45:21] [Server thread/WARN] [minecraft/ServerLevel]: Tried to add entity the_anomaly:anomaly_trap but it was marked as removed already
[10:45:21] [Server thread/WARN] [minecraft/ServerLevel]: Tried to add entity the_anomaly:anomaly_escape but it was marked as removed already
[10:45:21] [Server thread/WARN] [minecraft/ServerLevel]: Tried to add entity the_anomaly:anomaly_escape but it was marked as removed already
[10:45:22] [Server thread/WARN] [minecraft/ServerLevel]: Tried to add entity the_anomaly:anomaly_escape but it was marked as removed already
[10:45:22] [Server thread/WARN] [minecraft/ServerLevel]: Tried to add entity the_anomaly:anomaly_trap but it was marked as removed already
[10:45:22] [Server thread/WARN] [minecraft/ServerLevel]: Tried to add entity the_anomaly:anomaly_trap but it was marked as removed already
[10:45:26] [Server thread/WARN] [minecraft/ServerLevel]: Tried to add entity the_anomaly:anomaly_viewer but it was marked as removed already
[10:45:27] [Server thread/INFO] [minecraft/MinecraftServer]: [Not Secure] <YAMAPROSIH> test
[10:45:29] [Server thread/INFO] [minecraft/MinecraftServer]: [Not Secure] <YAMAPROSIH> MAMBA JR
[10:45:37] [Server thread/WARN] [minecraft/ServerLevel]: Tried to add entity the_anomaly:anomaly_escape but it was marked as removed already
[10:45:41] [Server thread/WARN] [minecraft/ServerLevel]: Tried to add entity the_anomaly:anomaly_viewer but it was marked as removed already
[10:45:42] [Server thread/WARN] [minecraft/ServerLevel]: Tried to add entity the_anomaly:anomaly_trap but it was marked as removed already
[10:45:42] [Server thread/WARN] [minecraft/ServerLevel]: Tried to add entity the_anomaly:anomaly_trap but it was marked as removed already
[10:45:43] [Server thread/WARN] [minecraft/ServerLevel]: Tried to add entity the_anomaly:anomaly_escape but it was marked as removed already
[10:45:43] [Server thread/WARN] [minecraft/ServerLevel]: Tried to add entity the_anomaly:anomaly_viewer but it was marked as removed already
[10:45:45] [Server thread/WARN] [minecraft/ServerLevel]: Tried to add entity the_anomaly:anomaly_escape but it was marked as removed already
[10:45:45] [Server thread/WARN] [minecraft/ServerLevel]: Tried to add entity the_anomaly:anomaly_viewer but it was marked as removed already
[10:45:50] [Server thread/WARN] [minecraft/ServerLevel]: Tried to add entity the_anomaly:anomaly_viewer but it was marked as removed already
[10:45:50] [Server thread/WARN] [minecraft/ServerLevel]: Tried to add entity the_anomaly:anomaly_viewer but it was marked as removed already
[10:45:50] [Server thread/WARN] [minecraft/ServerLevel]: Tried to add entity the_anomaly:anomaly_trap but it was marked as removed already
[10:45:54] [Server thread/WARN] [minecraft/ServerLevel]: Tried to add entity the_anomaly:anomaly_trap but it was marked as removed already
[10:45:58] [Server thread/WARN] [minecraft/ServerLevel]: Tried to add entity the_anomaly:anomaly_viewer but it was marked as removed already
[10:46:02] [Server thread/WARN] [minecraft/ServerLevel]: Tried to add entity the_anomaly:anomaly_escape but it was marked as removed already
[10:46:02] [Server thread/WARN] [minecraft/ServerLevel]: Tried to add entity the_anomaly:anomaly_viewer but it was marked as removed already
[10:46:02] [Server thread/WARN] [minecraft/ServerLevel]: Tried to add entity the_anomaly:anomaly_trap but it was marked as removed already
[10:46:02] [Server thread/WARN] [minecraft/ServerLevel]: Tried to add entity the_anomaly:anomaly_escape but it was marked as removed already
[10:46:02] [Server thread/WARN] [minecraft/ServerLevel]: Tried to add entity the_anomaly:anomaly_escape but it was marked as removed already
[10:46:07] [Server thread/WARN] [minecraft/ServerLevel]: Tried to add entity the_anomaly:anomaly_escape but it was marked as removed already
[10:46:07] [Server thread/WARN] [minecraft/ServerLevel]: Tried to add entity the_anomaly:anomaly_escape but it was marked as removed already
[10:46:13] [Server thread/WARN] [minecraft/ServerLevel]: Tried to add entity the_anomaly:anomaly_viewer but it was marked as removed already
[10:46:14] [Server thread/INFO] [minecraft/ServerGamePacketListenerImpl]: YAMAPROSIH lost connection: Disconnected
[10:46:14] [Server thread/INFO] [minecraft/MinecraftServer]: YAMAPROSIH left the game
[10:46:27] [Server thread/WARN] [minecraft/ServerLevel]: Tried to add entity the_anomaly:anomaly_viewer but it was marked as removed already
[10:46:28] [Server thread/WARN] [minecraft/ServerLevel]: Tried to add entity the_anomaly:anomaly_escape but it was marked as removed already
[10:46:28] [Server thread/WARN] [minecraft/ServerLevel]: Tried to add entity the_anomaly:anomaly_viewer but it was marked as removed already
[10:46:40] [Server thread/WARN] [minecraft/ServerLevel]: Tried to add entity the_anomaly:anomaly_trap but it was marked as removed already
[10:46:40] [Server thread/WARN] [minecraft/ServerLevel]: Tried to add entity the_anomaly:anomaly_escape but it was marked as removed already
[10:46:42] [Server thread/INFO] [ne.mi.co.AdvancementLoadFix/]: Using new advancement loading for net.minecraft.server.PlayerAdvancements@6016e6a3
[10:46:42] [Server thread/INFO] [minecraft/PlayerList]: YAMAPROSIH[/127.159.13.28:49873] logged in with entity id 6161 at (-261.31827508278747, 63.0, -43.69999998807907)
[10:46:42] [Server thread/INFO] [minecraft/MinecraftServer]: YAMAPROSIH joined the game
[10:46:42] [Server thread/INFO] [minecraft/MinecraftServer]: Behave yourself
[10:46:45] [Server thread/WARN] [minecraft/ServerLevel]: Tried to add entity the_anomaly:anomaly_viewer but it was marked as removed already
[10:46:53] [Server thread/WARN] [minecraft/ServerLevel]: Tried to add entity the_anomaly:anomaly_viewer but it was marked as removed already
[10:47:04] [Server thread/WARN] [minecraft/ServerLevel]: Tried to add entity the_anomaly:anomaly_trap but it was marked as removed already
[10:47:05] [Server thread/WARN] [minecraft/ServerLevel]: Tried to add entity the_anomaly:anomaly_escape but it was marked as removed already
[10:47:05] [Server thread/WARN] [minecraft/ServerLevel]: Tried to add entity the_anomaly:anomaly_escape but it was marked as removed already
[10:47:13] [Server thread/WARN] [minecraft/ServerLevel]: Tried to add entity the_anomaly:anomaly_viewer but it was marked as removed already
[10:47:14] [Server thread/WARN] [minecraft/ServerLevel]: Tried to add entity the_anomaly:anomaly_escape but it was marked as removed already
[10:47:14] [Server thread/WARN] [minecraft/ServerLevel]: Tried to add entity the_anomaly:anomaly_viewer but it was marked as removed already
[10:47:14] [Server thread/WARN] [minecraft/ServerLevel]: Tried to add entity the_anomaly:anomaly_trap but it was marked as removed already
[10:47:14] [Server thread/INFO] [minecraft/ServerGamePacketListenerImpl]: YAMAPROSIH lost connection: Timed out
[10:47:14] [Server thread/INFO] [minecraft/MinecraftServer]: YAMAPROSIH left the game
[10:47:24] [Server thread/WARN] [minecraft/ServerLevel]: Tried to add entity the_anomaly:anomaly_trap but it was marked as removed already
[10:47:24] [Server thread/WARN] [minecraft/ServerLevel]: Tried to add entity the_anomaly:anomaly_escape but it was marked as removed already
[10:47:24] [Server thread/WARN] [minecraft/ServerLevel]: Tried to add entity the_anomaly:anomaly_escape but it was marked as removed already
[10:47:24] [Server thread/WARN] [minecraft/ServerLevel]: Tried to add entity the_anomaly:anomaly_viewer but it was marked as removed already
[10:47:24] [Server thread/WARN] [minecraft/ServerLevel]: Tried to add entity the_anomaly:anomaly_trap but it was marked as removed already
[10:47:24] [Server thread/WARN] [minecraft/ServerLevel]: Tried to add entity the_anomaly:anomaly_trap but it was marked as removed already
[10:47:28] [Server thread/WARN] [minecraft/ServerLevel]: Tried to add entity the_anomaly:anomaly_trap but it was marked as removed already
[10:47:30] [Server thread/WARN] [minecraft/ServerLevel]: Tried to add entity the_anomaly:anomaly_escape but it was marked as removed already
[10:47:30] [Server thread/WARN] [minecraft/ServerLevel]: Tried to add entity the_anomaly:anomaly_escape but it was marked as removed already
[10:47:30] [Server thread/WARN] [minecraft/ServerLevel]: Tried to add entity the_anomaly:anomaly_viewer but it was marked as removed already
[10:47:33] [Server thread/WARN] [minecraft/ServerLevel]: Tried to add entity the_anomaly:anomaly_viewer but it was marked as removed already
[10:47:33] [Server thread/WARN] [minecraft/ServerLevel]: Tried to add entity the_anomaly:anomaly_escape but it was marked as removed already
[10:47:34] [Server thread/WARN] [minecraft/ServerLevel]: Tried to add entity the_anomaly:anomaly_trap but it was marked as removed already
[10:47:34] [Server thread/WARN] [minecraft/ServerLevel]: Tried to add entity the_anomaly:anomaly_trap but it was marked as removed already
[10:47:34] [Server thread/WARN] [minecraft/ServerLevel]: Tried to add entity the_anomaly:anomaly_escape but it was marked as removed already
[10:47:35] [Server thread/WARN] [minecraft/ServerLevel]: Tried to add entity the_anomaly:anomaly_viewer but it was marked as removed already
[10:47:35] [Server thread/WARN] [minecraft/ServerLevel]: Tried to add entity the_anomaly:anomaly_escape but it was marked as removed already
[10:47:35] [Server thread/WARN] [minecraft/ServerLevel]: Tried to add entity the_anomaly:anomaly_trap but it was marked as removed already
[10:47:37] [Server thread/WARN] [minecraft/ServerLevel]: Tried to add entity the_anomaly:anomaly_trap but it was marked as removed already
[10:47:37] [Server thread/WARN] [minecraft/ServerLevel]: Tried to add entity the_anomaly:anomaly_escape but it was marked as removed already
[10:47:37] [Server thread/WARN] [minecraft/ServerLevel]: Tried to add entity the_anomaly:anomaly_trap but it was marked as removed already
[10:47:37] [Server thread/WARN] [minecraft/ServerLevel]: Tried to add entity the_anomaly:anomaly_escape but it was marked as removed already
[10:47:37] [Server thread/WARN] [minecraft/ServerLevel]: Tried to add entity the_anomaly:anomaly_trap but it was marked as removed already
[10:47:38] [Server thread/WARN] [minecraft/ServerLevel]: Tried to add entity the_anomaly:anomaly_escape but it was marked as removed already
[10:47:40] [Server thread/INFO] [ne.mi.co.AdvancementLoadFix/]: Using new advancement loading for net.minecraft.server.PlayerAdvancements@8711b50
[10:47:40] [Server thread/INFO] [minecraft/PlayerList]: YAMAPROSIH[/127.159.13.28:32905] logged in with entity id 6331 at (-261.31827508278747, 63.0, -43.69999998807907)
[10:47:40] [Server thread/INFO] [minecraft/MinecraftServer]: YAMAPROSIH joined the game
[10:47:40] [Server thread/INFO] [minecraft/MinecraftServer]: Behave yourself
[10:47:40] [Server thread/WARN] [minecraft/ServerLevel]: Tried to add entity the_anomaly:anomaly_trap but it was marked as removed already
[10:47:40] [Server thread/WARN] [minecraft/ServerLevel]: Tried to add entity the_anomaly:anomaly_escape but it was marked as removed already
[10:47:41] [Server thread/WARN] [minecraft/ServerLevel]: Tried to add entity the_anomaly:anomaly_escape but it was marked as removed already
[10:47:41] [Server thread/WARN] [minecraft/ServerLevel]: Tried to add entity the_anomaly:anomaly_viewer but it was marked as removed already
[10:47:41] [Server thread/WARN] [minecraft/ServerLevel]: Tried to add entity the_anomaly:anomaly_escape but it was marked as removed already
[10:47:41] [Server thread/WARN] [minecraft/ServerLevel]: Tried to add entity the_anomaly:anomaly_trap but it was marked as removed already
[10:47:41] [Server thread/WARN] [minecraft/ServerLevel]: Tried to add entity the_anomaly:anomaly_escape but it was marked as removed already
[10:47:41] [Server thread/WARN] [minecraft/ServerLevel]: Tried to add entity the_anomaly:anomaly_escape but it was marked as removed already
[10:47:41] [Server thread/WARN] [minecraft/ServerLevel]: Tried to add entity the_anomaly:anomaly_trap but it was marked as removed already
[10:47:49] [Server thread/WARN] [minecraft/ServerLevel]: Tried to add entity the_anomaly:anomaly_trap but it was marked as removed already
[10:47:54] [Server thread/WARN] [minecraft/ServerLevel]: Tried to add entity the_anomaly:anomaly_escape but it was marked as removed already
[10:47:54] [Server thread/WARN] [minecraft/ServerLevel]: Tried to add entity the_anomaly:anomaly_escape but it was marked as removed already
[10:47:54] [Server thread/WARN] [minecraft/ServerLevel]: Tried to add entity the_anomaly:anomaly_trap but it was marked as removed already
[10:48:01] [Server thread/WARN] [minecraft/ServerLevel]: Tried to add entity the_anomaly:anomaly_viewer but it was marked as removed already
[10:48:05] [Server thread/WARN] [minecraft/ServerLevel]: Tried to add entity the_anomaly:anomaly_viewer but it was marked as removed already
[10:48:05] [Server thread/WARN] [minecraft/ServerLevel]: Tried to add entity the_anomaly:anomaly_viewer but it was marked as removed already
[10:48:05] [Server thread/WARN] [minecraft/ServerLevel]: Tried to add entity the_anomaly:anomaly_escape but it was marked as removed already
[10:48:05] [Server thread/WARN] [minecraft/ServerLevel]: Tried to add entity the_anomaly:anomaly_escape but it was marked as removed already
[10:48:06] [Server thread/INFO] [minecraft/MinecraftServer]: [Not Secure] <YAMAPROSIH> test
[10:48:08] [Server thread/INFO] [minecraft/MinecraftServer]: [Not Secure] <YAMAPROSIH> KONTOL
[10:48:08] [Server thread/WARN] [minecraft/ServerLevel]: Tried to add entity the_anomaly:anomaly_escape but it was marked as removed already
[10:48:10] [Server thread/INFO] [minecraft/MinecraftServer]: [Not Secure] <YAMAPROSIH> JEMBUTT
[10:48:10] [Server thread/WARN] [minecraft/ServerLevel]: Tried to add entity the_anomaly:anomaly_viewer but it was marked as removed already
[10:48:10] [Server thread/WARN] [minecraft/ServerLevel]: Tried to add entity the_anomaly:anomaly_trap but it was marked as removed already
[10:48:11] [Server thread/WARN] [minecraft/ServerLevel]: Tried to add entity the_anomaly:anomaly_trap but it was marked as removed already
[10:48:11] [Server thread/WARN] [minecraft/ServerLevel]: Tried to add entity the_anomaly:anomaly_trap but it was marked as removed already
[10:48:14] [Server thread/INFO] [minecraft/MinecraftServer]: [Not Secure] <YAMAPROSIH> KONTRAK TOLONG
[10:48:18] [Server thread/INFO] [minecraft/MinecraftServer]: [Not Secure] <YAMAPROSIH> JEMBATAN BUTA
[10:48:20] [Server thread/WARN] [minecraft/ServerLevel]: Tried to add entity the_anomaly:anomaly_escape but it was marked as removed already
[10:48:20] [Server thread/WARN] [minecraft/ServerLevel]: Tried to add entity the_anomaly:anomaly_escape but it was marked as removed already
[10:48:25] [Server thread/WARN] [minecraft/ServerLevel]: Tried to add entity the_anomaly:anomaly_escape but it was marked as removed already
[10:48:26] [Server thread/WARN] [minecraft/ServerLevel]: Tried to add entity the_anomaly:anomaly_trap but it was marked as removed already
[10:48:26] [Server thread/WARN] [minecraft/ServerLevel]: Tried to add entity the_anomaly:anomaly_escape but it was marked as removed already
[10:48:31] [Server thread/INFO] [minecraft/MinecraftServer]: [Not Secure] <YAMAPROSIH> KACUK
[10:48:34] [Server thread/INFO] [minecraft/MinecraftServer]: [Not Secure] <YAMAPROSIH> KAKAK CUKA
[10:48:41] [Server thread/WARN] [minecraft/ServerLevel]: Tried to add entity the_anomaly:anomaly_viewer but it was marked as removed already
[10:48:41] [Server thread/WARN] [minecraft/ServerLevel]: Tried to add entity the_anomaly:anomaly_trap but it was marked as removed already
[10:48:45] [Server thread/WARN] [minecraft/ServerLevel]: Tried to add entity the_anomaly:anomaly_trap but it was marked as removed already
[10:48:45] [Server thread/WARN] [minecraft/ServerLevel]: Tried to add entity the_anomaly:anomaly_trap but it was marked as removed already
[10:48:45] [Server thread/WARN] [minecraft/ServerLevel]: Tried to add entity the_anomaly:anomaly_escape but it was marked as removed already
[10:48:45] [Server thread/WARN] [minecraft/ServerLevel]: Tried to add entity the_anomaly:anomaly_trap but it was marked as removed already
[10:48:45] [Server thread/WARN] [minecraft/ServerLevel]: Tried to add entity the_anomaly:anomaly_escape but it was marked as removed already
[10:48:51] [Server thread/INFO] [minecraft/MinecraftServer]: [YAMAPROSIH: Set own game mode to Creative Mode]
[10:48:52] [Server thread/WARN] [minecraft/ServerLevel]: Tried to add entity the_anomaly:anomaly_trap but it was marked as removed already
[10:48:53] [Server thread/WARN] [minecraft/ServerLevel]: Tried to add entity the_anomaly:anomaly_escape but it was marked as removed already
[10:48:53] [Server thread/WARN] [minecraft/ServerLevel]: Tried to add entity the_anomaly:anomaly_trap but it was marked as removed already
[10:48:53] [Server thread/WARN] [minecraft/ServerLevel]: Tried to add entity the_anomaly:anomaly_escape but it was marked as removed already
[10:48:56] [Server thread/INFO] [minecraft/MinecraftServer]: [YAMAPROSIH: Set own game mode to Survival Mode]
[10:48:57] [Server thread/WARN] [minecraft/ServerLevel]: Tried to add entity the_anomaly:anomaly_viewer but it was marked as removed already
[10:49:07] [Server thread/WARN] [minecraft/ServerLevel]: Tried to add entity the_anomaly:anomaly_trap but it was marked as removed already
[10:49:16] [Server thread/WARN] [minecraft/ServerLevel]: Tried to add entity the_anomaly:anomaly_trap but it was marked as removed already
[10:49:16] [Server thread/WARN] [minecraft/ServerLevel]: Tried to add entity the_anomaly:anomaly_escape but it was marked as removed already
[10:49:17] [Server thread/WARN] [minecraft/ServerLevel]: Tried to add entity the_anomaly:anomaly_trap but it was marked as removed already
[10:49:17] [Server thread/WARN] [minecraft/ServerLevel]: Tried to add entity the_anomaly:anomaly_escape but it was marked as removed already
[10:49:17] [Server thread/WARN] [minecraft/ServerLevel]: Tried to add entity the_anomaly:anomaly_trap but it was marked as removed already
[10:49:18] [Server thread/WARN] [minecraft/ServerLevel]: Tried to add entity the_anomaly:anomaly_trap but it was marked as removed already
[10:49:18] [Server thread/WARN] [minecraft/ServerLevel]: Tried to add entity the_anomaly:anomaly_trap but it was marked as removed already
[10:49:19] [Server thread/WARN] [minecraft/ServerLevel]: Tried to add entity the_anomaly:anomaly_trap but it was marked as removed already
[10:49:21] [Server thread/WARN] [minecraft/ServerLevel]: Tried to add entity the_anomaly:anomaly_trap but it was marked as removed already
[10:49:22] [Server thread/WARN] [minecraft/ServerLevel]: Tried to add entity the_anomaly:anomaly_viewer but it was marked as removed already
[10:49:24] [Server thread/WARN] [minecraft/ServerLevel]: Tried to add entity the_anomaly:anomaly_viewer but it was marked as removed already
[10:49:24] [Server thread/WARN] [minecraft/ServerLevel]: Tried to add entity the_anomaly:anomaly_viewer but it was marked as removed already
[10:49:26] [Server thread/WARN] [minecraft/ServerLevel]: Tried to add entity the_anomaly:anomaly_viewer but it was marked as removed already
[10:49:26] [Server thread/WARN] [minecraft/ServerLevel]: Tried to add entity the_anomaly:anomaly_trap but it was marked as removed already
[10:49:26] [Server thread/WARN] [minecraft/ServerLevel]: Tried to add entity the_anomaly:anomaly_trap but it was marked as removed already
[10:49:30] [Server thread/WARN] [minecraft/ServerLevel]: Tried to add entity the_anomaly:anomaly_trap but it was marked as removed already
[10:49:32] [Server thread/WARN] [minecraft/ServerLevel]: Tried to add entity the_anomaly:anomaly_viewer but it was marked as removed already
[10:49:32] [Server thread/WARN] [minecraft/ServerLevel]: Tried to add entity the_anomaly:anomaly_viewer but it was marked as removed already
[10:49:32] [Server thread/WARN] [minecraft/ServerLevel]: Tried to add entity the_anomaly:anomaly_trap but it was marked as removed already
[10:49:37] [Server thread/WARN] [minecraft/ServerLevel]: Tried to add entity the_anomaly:anomaly_viewer but it was marked as removed already
[10:49:38] [Server thread/WARN] [minecraft/ServerLevel]: Tried to add entity the_anomaly:anomaly_trap but it was marked as removed already
[10:49:41] [Server thread/WARN] [minecraft/ServerLevel]: Tried to add entity the_anomaly:anomaly_viewer but it was marked as removed already
[10:49:41] [Server thread/WARN] [minecraft/ServerLevel]: Tried to add entity the_anomaly:anomaly_trap but it was marked as removed already
[10:49:41] [Server thread/WARN] [minecraft/ServerLevel]: Tried to add entity the_anomaly:anomaly_viewer but it was marked as removed already
[10:49:42] [Server thread/WARN] [minecraft/ServerLevel]: Tried to add entity the_anomaly:anomaly_trap but it was marked as removed already
[10:49:43] [Server thread/WARN] [minecraft/ServerLevel]: Tried to add entity the_anomaly:anomaly_trap but it was marked as removed already
[10:49:47] [Server thread/WARN] [minecraft/ServerLevel]: Tried to add entity the_anomaly:anomaly_viewer but it was marked as removed already
[10:49:51] [Server thread/WARN] [minecraft/ServerLevel]: Tried to add entity the_anomaly:anomaly_trap but it was marked as removed already
[10:50:02] [Server thread/WARN] [minecraft/ServerLevel]: Tried to add entity the_anomaly:anomaly_viewer but it was marked as removed already
[10:50:08] [Server thread/WARN] [minecraft/ServerLevel]: Tried to add entity the_anomaly:anomaly_trap but it was marked as removed already
[10:50:08] [Server thread/WARN] [minecraft/ServerLevel]: Tried to add entity the_anomaly:anomaly_viewer but it was marked as removed already
[10:50:08] [Server thread/WARN] [minecraft/ServerLevel]: Tried to add entity the_anomaly:anomaly_viewer but it was marked as removed already
[10:50:08] [Server thread/WARN] [minecraft/ServerLevel]: Tried to add entity the_anomaly:anomaly_viewer but it was marked as removed already
[10:50:11] [Server thread/WARN] [minecraft/ServerLevel]: Tried to add entity the_anomaly:anomaly_viewer but it was marked as removed already
[10:50:13] [Server thread/WARN] [minecraft/ServerLevel]: Tried to add entity the_anomaly:anomaly_trap but it was marked as removed already
[10:50:13] [Server thread/WARN] [minecraft/ServerLevel]: Tried to add entity the_anomaly:anomaly_viewer but it was marked as removed already
[10:50:13] [Server thread/WARN] [minecraft/ServerLevel]: Tried to add entity the_anomaly:anomaly_viewer but it was marked as removed already
[10:50:17] [Server thread/WARN] [minecraft/ServerLevel]: Tried to add entity the_anomaly:anomaly_trap but it was marked as removed already
[10:50:17] [Server thread/WARN] [minecraft/ServerLevel]: Tried to add entity the_anomaly:anomaly_trap but it was marked as removed already
[10:50:17] [Server thread/WARN] [minecraft/ServerLevel]: Tried to add entity the_anomaly:anomaly_trap but it was marked as removed already
[10:50:17] [Server thread/WARN] [minecraft/ServerLevel]: Tried to add entity the_anomaly:anomaly_trap but it was marked as removed already
[10:50:21] [Server thread/WARN] [minecraft/ServerLevel]: Tried to add entity the_anomaly:anomaly_viewer but it was marked as removed already
[10:50:24] [Server thread/WARN] [minecraft/ServerLevel]: Tried to add entity the_anomaly:anomaly_trap but it was marked as removed already
[10:50:24] [Server thread/WARN] [minecraft/ServerLevel]: Tried to add entity the_anomaly:anomaly_trap but it was marked as removed already
[10:50:28] [Server thread/WARN] [minecraft/ServerLevel]: Tried to add entity the_anomaly:anomaly_viewer but it was marked as removed already
[10:50:32] [Server thread/WARN] [minecraft/ServerLevel]: Tried to add entity the_anomaly:anomaly_trap but it was marked as removed already
[10:50:34] [Server thread/WARN] [minecraft/ServerLevel]: Tried to add entity the_anomaly:anomaly_viewer but it was marked as removed already
[10:50:34] [Server thread/WARN] [minecraft/ServerLevel]: Tried to add entity the_anomaly:anomaly_trap but it was marked as removed already
[10:50:42] [Server thread/WARN] [minecraft/ServerLevel]: Tried to add entity the_anomaly:anomaly_trap but it was marked as removed already
[10:50:42] [Server thread/WARN] [minecraft/ServerLevel]: Tried to add entity the_anomaly:anomaly_viewer but it was marked as removed already
[10:50:48] [Server thread/WARN] [minecraft/ServerLevel]: Tried to add entity the_anomaly:anomaly_viewer but it was marked as removed already
[10:50:48] [Server thread/WARN] [minecraft/ServerLevel]: Tried to add entity the_anomaly:anomaly_viewer but it was marked as removed already
[10:50:49] [Server thread/WARN] [minecraft/ServerLevel]: Tried to add entity the_anomaly:anomaly_trap but it was marked as removed already
[10:50:49] [Server thread/WARN] [minecraft/ServerLevel]: Tried to add entity the_anomaly:anomaly_viewer but it was marked as removed already
[10:50:49] [Server thread/WARN] [minecraft/ServerLevel]: Tried to add entity the_anomaly:anomaly_viewer but it was marked as removed already
[10:50:49] [Server thread/WARN] [minecraft/ServerLevel]: Tried to add entity the_anomaly:anomaly_trap but it was marked as removed already
[10:50:49] [Server thread/WARN] [minecraft/ServerLevel]: Tried to add entity the_anomaly:anomaly_viewer but it was marked as removed already
[10:50:50] [Server thread/WARN] [minecraft/ServerLevel]: Tried to add entity the_anomaly:anomaly_escape but it was marked as removed already
[10:50:53] [Server thread/WARN] [minecraft/ServerLevel]: Tried to add entity the_anomaly:anomaly_trap but it was marked as removed already
[10:50:53] [Server thread/WARN] [minecraft/ServerLevel]: Tried to add entity the_anomaly:anomaly_viewer but it was marked as removed already
[10:50:54] [Server thread/WARN] [minecraft/ServerLevel]: Tried to add entity the_anomaly:anomaly_trap but it was marked as removed already
[10:50:58] [Server thread/WARN] [minecraft/ServerLevel]: Tried to add entity the_anomaly:anomaly_trap but it was marked as removed already
[10:50:58] [Server thread/WARN] [minecraft/ServerLevel]: Tried to add entity the_anomaly:anomaly_viewer but it was marked as removed already
[10:50:59] [Server thread/WARN] [minecraft/ServerLevel]: Tried to add entity the_anomaly:anomaly_trap but it was marked as removed already
[10:50:59] [Server thread/WARN] [minecraft/ServerLevel]: Tried to add entity the_anomaly:anomaly_viewer but it was marked as removed already
[10:51:03] [Server thread/WARN] [minecraft/ServerLevel]: Tried to add entity the_anomaly:anomaly_trap but it was marked as removed already
[10:51:05] [Server thread/WARN] [minecraft/ServerLevel]: Tried to add entity the_anomaly:anomaly_trap but it was marked as removed already
[10:51:05] [Server thread/WARN] [minecraft/ServerLevel]: Tried to add entity the_anomaly:anomaly_trap but it was marked as removed already
[10:51:06] [Server thread/WARN] [minecraft/ServerLevel]: Tried to add entity the_anomaly:anomaly_trap but it was marked as removed already
[10:51:06] [Server thread/WARN] [minecraft/ServerLevel]: Tried to add entity the_anomaly:anomaly_viewer but it was marked as removed already
[10:51:06] [Server thread/WARN] [minecraft/ServerLevel]: Tried to add entity the_anomaly:anomaly_viewer but it was marked as removed already
[10:51:06] [Server thread/WARN] [minecraft/ServerLevel]: Tried to add entity the_anomaly:anomaly_trap but it was marked as removed already
[10:51:06] [Server thread/WARN] [minecraft/ServerLevel]: Tried to add entity the_anomaly:anomaly_viewer but it was marked as removed already
[10:51:16] [Server thread/WARN] [minecraft/ServerLevel]: Tried to add entity the_anomaly:anomaly_trap but it was marked as removed already
[10:51:16] [Server thread/WARN] [minecraft/ServerLevel]: Tried to add entity the_anomaly:anomaly_viewer but it was marked as removed already
[10:51:22] [Server thread/WARN] [minecraft/ServerLevel]: Tried to add entity the_anomaly:anomaly_viewer but it was marked as removed already
[10:51:22] [Server thread/WARN] [minecraft/ServerLevel]: Tried to add entity the_anomaly:anomaly_viewer but it was marked as removed already
[10:51:22] [Server thread/WARN] [minecraft/ServerLevel]: Tried to add entity the_anomaly:anomaly_trap but it was marked as removed already
[10:51:22] [Server thread/WARN] [minecraft/ServerLevel]: Tried to add entity the_anomaly:anomaly_trap but it was marked as removed already
[10:51:30] [Server thread/WARN] [minecraft/ServerLevel]: Tried to add entity the_anomaly:anomaly_trap but it was marked as removed already
[10:51:30] [Server thread/WARN] [minecraft/ServerLevel]: Tried to add entity the_anomaly:anomaly_viewer but it was marked as removed already
[10:51:30] [Server thread/WARN] [minecraft/ServerLevel]: Tried to add entity the_anomaly:anomaly_viewer but it was marked as removed already
[10:51:37] [Server thread/WARN] [minecraft/ServerLevel]: Tried to add entity the_anomaly:anomaly_viewer but it was marked as removed already
[10:51:37] [Server thread/WARN] [minecraft/ServerLevel]: Tried to add entity the_anomaly:anomaly_trap but it was marked as removed already
[10:51:38] [Server thread/WARN] [minecraft/ServerLevel]: Tried to add entity the_anomaly:anomaly_viewer but it was marked as removed already
[10:51:43] [Server thread/WARN] [minecraft/ServerLevel]: Tried to add entity the_anomaly:anomaly_viewer but it was marked as removed already
[10:51:44] [Server thread/WARN] [minecraft/ServerLevel]: Tried to add entity the_anomaly:anomaly_viewer but it was marked as removed already
[10:51:47] [Server thread/WARN] [minecraft/ServerLevel]: Tried to add entity the_anomaly:anomaly_trap but it was marked as removed already
[10:51:47] [Server thread/WARN] [minecraft/ServerLevel]: Tried to add entity the_anomaly:anomaly_viewer but it was marked as removed already
[10:51:47] [Server thread/WARN] [minecraft/ServerLevel]: Tried to add entity the_anomaly:anomaly_viewer but it was marked as removed already
[10:51:48] [Server thread/WARN] [minecraft/ServerLevel]: Tried to add entity the_anomaly:anomaly_trap but it was marked as removed already
[10:51:49] [Server thread/WARN] [minecraft/ServerLevel]: Tried to add entity the_anomaly:anomaly_viewer but it was marked as removed already
[10:51:50] [Server thread/INFO] [minecraft/MinecraftServer]: I'm watching you
[10:51:51] [Server thread/WARN] [minecraft/ServerLevel]: Tried to add entity the_anomaly:anomaly_trap but it was marked as removed already
[10:51:58] [Server thread/WARN] [minecraft/ServerLevel]: Tried to add entity the_anomaly:anomaly_viewer but it was marked as removed already
[10:52:08] [Server thread/WARN] [minecraft/ServerLevel]: Tried to add entity the_anomaly:anomaly_trap but it was marked as removed already
[10:52:08] [Server thread/WARN] [minecraft/ServerLevel]: Tried to add entity the_anomaly:anomaly_trap but it was marked as removed already
[10:52:09] [Server thread/WARN] [minecraft/ServerLevel]: Tried to add entity the_anomaly:anomaly_viewer but it was marked as removed already
[10:52:10] [Server thread/WARN] [minecraft/ServerLevel]: Tried to add entity the_anomaly:anomaly_trap but it was marked as removed already
[10:52:11] [Server thread/WARN] [minecraft/ServerLevel]: Tried to add entity the_anomaly:anomaly_trap but it was marked as removed already
[10:52:11] [Server thread/WARN] [minecraft/ServerLevel]: Tried to add entity the_anomaly:anomaly_trap but it was marked as removed already
[10:52:16] [Server thread/WARN] [minecraft/ServerLevel]: Tried to add entity the_anomaly:anomaly_trap but it was marked as removed already
[10:52:22] [Server thread/WARN] [minecraft/ServerLevel]: Tried to add entity the_anomaly:anomaly_viewer but it was marked as removed already
[10:52:22] [Server thread/WARN] [minecraft/ServerLevel]: Tried to add entity the_anomaly:anomaly_viewer but it was marked as removed already
[10:52:23] [Server thread/WARN] [minecraft/ServerLevel]: Tried to add entity the_anomaly:anomaly_viewer but it was marked as removed already
[10:52:24] [Server thread/WARN] [minecraft/ServerLevel]: Tried to add entity the_anomaly:anomaly_viewer but it was marked as removed already
[10:52:26] [Server thread/WARN] [minecraft/ServerLevel]: Tried to add entity the_anomaly:anomaly_viewer but it was marked as removed already
[10:52:27] [Server thread/WARN] [minecraft/ServerLevel]: Tried to add entity the_anomaly:anomaly_trap but it was marked as removed already
[10:52:27] [Server thread/WARN] [minecraft/ServerLevel]: Tried to add entity the_anomaly:anomaly_trap but it was marked as removed already
[10:52:28] [Server thread/WARN] [minecraft/ServerLevel]: Tried to add entity the_anomaly:anomaly_viewer but it was marked as removed already
[10:52:30] [Server thread/WARN] [minecraft/ServerLevel]: Tried to add entity the_anomaly:anomaly_viewer but it was marked as removed already
[10:52:34] [Server thread/WARN] [minecraft/ServerLevel]: Tried to add entity the_anomaly:anomaly_trap but it was marked as removed already
[10:52:34] [Server thread/WARN] [minecraft/ServerLevel]: Tried to add entity the_anomaly:anomaly_escape but it was marked as removed already
[10:52:35] [Server thread/WARN] [minecraft/ServerLevel]: Tried to add entity the_anomaly:anomaly_trap but it was marked as removed already
[10:52:37] [Server thread/INFO] [minecraft/MinecraftServer]: [YAMAPROSIH: Applied effect Night Vision to 2 targets]
[10:52:42] [Server thread/WARN] [minecraft/ServerLevel]: Tried to add entity the_anomaly:anomaly_viewer but it was marked as removed already
[10:52:47] [Server thread/WARN] [minecraft/ServerLevel]: Tried to add entity the_anomaly:anomaly_trap but it was marked as removed already
[10:52:52] [Server thread/WARN] [minecraft/ServerLevel]: Tried to add entity the_anomaly:anomaly_trap but it was marked as removed already
[10:52:52] [Server thread/WARN] [minecraft/ServerLevel]: Tried to add entity the_anomaly:anomaly_trap but it was marked as removed already
[10:52:53] [Server thread/WARN] [minecraft/ServerLevel]: Tried to add entity the_anomaly:anomaly_trap but it was marked as removed already
[10:52:53] [Server thread/WARN] [minecraft/ServerLevel]: Tried to add entity the_anomaly:anomaly_trap but it was marked as removed already
[10:53:02] [Server thread/WARN] [minecraft/ServerLevel]: Tried to add entity the_anomaly:anomaly_trap but it was marked as removed already
[10:53:05] [Server thread/WARN] [minecraft/ServerLevel]: Tried to add entity the_anomaly:anomaly_viewer but it was marked as removed already
[10:53:06] [Server thread/WARN] [minecraft/ServerLevel]: Tried to add entity the_anomaly:anomaly_viewer but it was marked as removed already
[10:53:09] [Server thread/WARN] [minecraft/ServerLevel]: Tried to add entity the_anomaly:anomaly_viewer but it was marked as removed already
[10:53:16] [Server thread/WARN] [minecraft/ServerLevel]: Tried to add entity the_anomaly:anomaly_viewer but it was marked as removed already
[10:53:19] [Server thread/WARN] [minecraft/ServerLevel]: Tried to add entity the_anomaly:anomaly_viewer but it was marked as removed already
[10:53:21] [Server thread/WARN] [minecraft/ServerLevel]: Tried to add entity the_anomaly:anomaly_trap but it was marked as removed already
[10:53:30] [Server thread/WARN] [minecraft/ServerLevel]: Tried to add entity the_anomaly:anomaly_viewer but it was marked as removed already
[10:53:30] [Server thread/WARN] [minecraft/ServerLevel]: Tried to add entity the_anomaly:anomaly_viewer but it was marked as removed already
[10:53:30] [Server thread/WARN] [minecraft/ServerLevel]: Tried to add entity the_anomaly:anomaly_trap but it was marked as removed already
[10:53:31] [Server thread/WARN] [minecraft/ServerLevel]: Tried to add entity the_anomaly:anomaly_trap but it was marked as removed already
[10:53:32] [Server thread/WARN] [minecraft/ServerLevel]: Tried to add entity the_anomaly:anomaly_trap but it was marked as removed already
[10:53:32] [Server thread/WARN] [minecraft/ServerLevel]: Tried to add entity the_anomaly:anomaly_viewer but it was marked as removed already
[10:53:32] [Server thread/WARN] [minecraft/ServerLevel]: Tried to add entity the_anomaly:anomaly_viewer but it was marked as removed already
[10:53:33] [Server thread/WARN] [minecraft/ServerLevel]: Tried to add entity the_anomaly:anomaly_trap but it was marked as removed already
[10:53:33] [Server thread/WARN] [minecraft/ServerLevel]: Tried to add entity the_anomaly:anomaly_trap but it was marked as removed already
[10:53:33] [Server thread/WARN] [minecraft/ServerLevel]: Tried to add entity the_anomaly:anomaly_trap but it was marked as removed already
[10:53:45] [Server thread/WARN] [minecraft/ServerLevel]: Tried to add entity the_anomaly:anomaly_trap but it was marked as removed already
[10:53:53] [Server thread/WARN] [minecraft/ServerLevel]: Tried to add entity the_anomaly:anomaly_trap but it was marked as removed already
[10:53:58] [Server thread/WARN] [minecraft/ServerLevel]: Tried to add entity the_anomaly:anomaly_viewer but it was marked as removed already
[10:53:59] [Server thread/WARN] [minecraft/ServerLevel]: Tried to add entity the_anomaly:anomaly_trap but it was marked as removed already
[10:54:04] [Server thread/WARN] [minecraft/ServerLevel]: Tried to add entity the_anomaly:anomaly_viewer but it was marked as removed already
[10:54:04] [Server thread/WARN] [minecraft/ServerLevel]: Tried to add entity the_anomaly:anomaly_trap but it was marked as removed already
[10:54:07] [Server thread/WARN] [minecraft/ServerLevel]: Tried to add entity the_anomaly:anomaly_trap but it was marked as removed already
[10:54:08] [Server thread/WARN] [minecraft/ServerLevel]: Tried to add entity the_anomaly:anomaly_trap but it was marked as removed already
[10:54:18] [Server thread/WARN] [minecraft/ServerLevel]: Tried to add entity the_anomaly:anomaly_viewer but it was marked as removed already
[10:54:23] [Server thread/WARN] [minecraft/ServerLevel]: Tried to add entity the_anomaly:anomaly_viewer but it was marked as removed already
[10:54:29] [Server thread/WARN] [minecraft/ServerLevel]: Tried to add entity the_anomaly:anomaly_viewer but it was marked as removed already
[10:54:31] [Server thread/WARN] [minecraft/ServerLevel]: Tried to add entity the_anomaly:anomaly_trap but it was marked as removed already
[10:54:31] [Server thread/WARN] [minecraft/ServerLevel]: Tried to add entity the_anomaly:anomaly_viewer but it was marked as removed already
[10:54:31] [Server thread/WARN] [minecraft/ServerLevel]: Tried to add entity the_anomaly:anomaly_trap but it was marked as removed already
[10:54:31] [Server thread/WARN] [minecraft/ServerLevel]: Tried to add entity the_anomaly:anomaly_viewer but it was marked as removed already
[10:54:31] [Server thread/WARN] [minecraft/ServerLevel]: Tried to add entity the_anomaly:anomaly_trap but it was marked as removed already
[10:54:31] [Server thread/WARN] [minecraft/ServerLevel]: Tried to add entity the_anomaly:anomaly_viewer but it was marked as removed already
[10:54:36] [Server thread/WARN] [minecraft/ServerLevel]: Tried to add entity the_anomaly:anomaly_viewer but it was marked as removed already
[10:54:37] [Server thread/WARN] [minecraft/ServerLevel]: Tried to add entity the_anomaly:anomaly_trap but it was marked as removed already
[10:54:37] [Server thread/WARN] [minecraft/ServerLevel]: Tried to add entity the_anomaly:anomaly_viewer but it was marked as removed already
[10:54:37] [Server thread/WARN] [minecraft/ServerLevel]: Tried to add entity the_anomaly:anomaly_escape but it was marked as removed already
[10:54:53] [Server thread/WARN] [minecraft/ServerLevel]: Tried to add entity the_anomaly:anomaly_trap but it was marked as removed already
[10:54:57] [Server thread/WARN] [minecraft/ServerLevel]: Tried to add entity the_anomaly:anomaly_escape but it was marked as removed already
[10:54:57] [Server thread/WARN] [minecraft/ServerLevel]: Tried to add entity the_anomaly:anomaly_escape but it was marked as removed already
[10:54:57] [Server thread/WARN] [minecraft/ServerLevel]: Tried to add entity the_anomaly:anomaly_escape but it was marked as removed already
[10:54:57] [Server thread/WARN] [minecraft/ServerLevel]: Tried to add entity the_anomaly:anomaly_viewer but it was marked as removed already
[10:54:58] [Server thread/WARN] [minecraft/ServerLevel]: Tried to add entity the_anomaly:anomaly_escape but it was marked as removed already
[10:55:03] [Server thread/WARN] [minecraft/ServerLevel]: Tried to add entity the_anomaly:anomaly_escape but it was marked as removed already
[10:55:05] [Server thread/WARN] [minecraft/ServerLevel]: Tried to add entity the_anomaly:anomaly_escape but it was marked as removed already
[10:55:19] [Server thread/WARN] [minecraft/ServerLevel]: Tried to add entity the_anomaly:anomaly_viewer but it was marked as removed already
[10:55:19] [Server thread/WARN] [minecraft/ServerLevel]: Tried to add entity the_anomaly:anomaly_viewer but it was marked as removed already
[10:55:19] [Server thread/WARN] [minecraft/ServerLevel]: Tried to add entity the_anomaly:anomaly_trap but it was marked as removed already
[10:55:26] [Server thread/WARN] [minecraft/ServerLevel]: Tried to add entity the_anomaly:anomaly_escape but it was marked as removed already
[10:55:26] [Server thread/WARN] [minecraft/ServerLevel]: Tried to add entity the_anomaly:anomaly_trap but it was marked as removed already
[10:55:27] [Server thread/WARN] [minecraft/ServerLevel]: Tried to add entity the_anomaly:anomaly_trap but it was marked as removed already
[10:55:27] [Server thread/WARN] [minecraft/ServerLevel]: Tried to add entity the_anomaly:anomaly_escape but it was marked as removed already
[10:55:29] [Server thread/WARN] [minecraft/ServerLevel]: Tried to add entity the_anomaly:anomaly_trap but it was marked as removed already
[10:55:29] [Server thread/WARN] [minecraft/ServerLevel]: Tried to add entity the_anomaly:anomaly_escape but it was marked as removed already
[10:55:29] [Server thread/WARN] [minecraft/ServerLevel]: Tried to add entity the_anomaly:anomaly_trap but it was marked as removed already
[10:55:29] [Server thread/WARN] [minecraft/ServerLevel]: Tried to add entity the_anomaly:anomaly_viewer but it was marked as removed already
[10:55:29] [Server thread/WARN] [minecraft/ServerLevel]: Tried to add entity the_anomaly:anomaly_trap but it was marked as removed already
[10:55:35] [Server thread/WARN] [minecraft/ServerLevel]: Tried to add entity the_anomaly:anomaly_escape but it was marked as removed already
[10:55:37] [Server thread/WARN] [minecraft/ServerLevel]: Tried to add entity the_anomaly:anomaly_trap but it was marked as removed already
[10:55:40] [Server thread/WARN] [minecraft/ServerLevel]: Tried to add entity the_anomaly:anomaly_trap but it was marked as removed already
[10:55:40] [Server thread/WARN] [minecraft/ServerLevel]: Tried to add entity the_anomaly:anomaly_viewer but it was marked as removed already
[10:55:48] [Server thread/WARN] [minecraft/ServerLevel]: Tried to add entity the_anomaly:anomaly_viewer but it was marked as removed already
[10:55:48] [Server thread/WARN] [minecraft/ServerLevel]: Tried to add entity the_anomaly:anomaly_viewer but it was marked as removed already
[10:55:48] [Server thread/WARN] [minecraft/ServerLevel]: Tried to add entity the_anomaly:anomaly_trap but it was marked as removed already
[10:55:51] [Server thread/WARN] [minecraft/ServerLevel]: Tried to add entity the_anomaly:anomaly_escape but it was marked as removed already
[10:55:51] [Server thread/WARN] [minecraft/ServerLevel]: Tried to add entity the_anomaly:anomaly_viewer but it was marked as removed already
[10:55:51] [Server thread/WARN] [minecraft/ServerLevel]: Tried to add entity the_anomaly:anomaly_escape but it was marked as removed already
[10:55:51] [Server thread/WARN] [minecraft/ServerLevel]: Tried to add entity the_anomaly:anomaly_viewer but it was marked as removed already
[10:55:51] [Server thread/WARN] [minecraft/ServerLevel]: Tried to add entity the_anomaly:anomaly_escape but it was marked as removed already
[10:55:56] [Server thread/WARN] [minecraft/ServerLevel]: Tried to add entity the_anomaly:anomaly_trap but it was marked as removed already
[10:55:56] [Server thread/WARN] [minecraft/ServerLevel]: Tried to add entity the_anomaly:anomaly_viewer but it was marked as removed already
[10:55:57] [Server thread/WARN] [minecraft/ServerLevel]: Tried to add entity the_anomaly:anomaly_trap but it was marked as removed already
[10:55:58] [Server thread/WARN] [minecraft/ServerLevel]: Tried to add entity the_anomaly:anomaly_viewer but it was marked as removed already
[10:55:58] [Server thread/WARN] [minecraft/ServerLevel]: Tried to add entity the_anomaly:anomaly_trap but it was marked as removed already
[10:56:01] [Server thread/WARN] [minecraft/ServerLevel]: Tried to add entity the_anomaly:anomaly_viewer but it was marked as removed already
[10:56:03] [Server thread/WARN] [minecraft/ServerLevel]: Tried to add entity the_anomaly:anomaly_viewer but it was marked as removed already
[10:56:03] [Server thread/WARN] [minecraft/ServerLevel]: Tried to add entity the_anomaly:anomaly_trap but it was marked as removed already
[10:56:04] [Server thread/WARN] [minecraft/ServerLevel]: Tried to add entity the_anomaly:anomaly_viewer but it was marked as removed already
[10:56:06] [Server thread/WARN] [minecraft/ServerLevel]: Tried to add entity the_anomaly:anomaly_escape but it was marked as removed already
[10:56:06] [Server thread/WARN] [minecraft/ServerLevel]: Tried to add entity the_anomaly:anomaly_escape but it was marked as removed already
[10:56:09] [Server thread/WARN] [minecraft/ServerLevel]: Tried to add entity the_anomaly:anomaly_escape but it was marked as removed already
[10:56:18] [Server thread/WARN] [minecraft/ServerLevel]: Tried to add entity the_anomaly:anomaly_trap but it was marked as removed already
[10:56:21] [Server thread/WARN] [minecraft/ServerLevel]: Tried to add entity the_anomaly:anomaly_viewer but it was marked as removed already
[10:56:21] [Server thread/WARN] [minecraft/ServerLevel]: Tried to add entity the_anomaly:anomaly_viewer but it was marked as removed already
[10:56:21] [Server thread/WARN] [minecraft/ServerLevel]: Tried to add entity the_anomaly:anomaly_trap but it was marked as removed already
[10:56:27] [Server thread/INFO] [minecraft/MinecraftServer]: Achbar was slain by YAMAPROSIH
[10:56:30] [Server thread/WARN] [minecraft/ServerLevel]: Tried to add entity the_anomaly:anomaly_viewer but it was marked as removed already
[10:56:30] [Server thread/WARN] [minecraft/ServerLevel]: Tried to add entity the_anomaly:anomaly_viewer but it was marked as removed already
[10:56:30] [Server thread/WARN] [minecraft/ServerLevel]: Tried to add entity the_anomaly:anomaly_viewer but it was marked as removed already
[10:56:31] [Server thread/WARN] [minecraft/ServerLevel]: Tried to add entity the_anomaly:anomaly_viewer but it was marked as removed already
[10:56:31] [Server thread/WARN] [minecraft/ServerLevel]: Tried to add entity the_anomaly:anomaly_trap but it was marked as removed already
[10:56:31] [Server thread/WARN] [minecraft/ServerLevel]: Tried to add entity the_anomaly:anomaly_trap but it was marked as removed already
[10:56:31] [Server thread/WARN] [minecraft/ServerLevel]: Tried to add entity the_anomaly:anomaly_trap but it was marked as removed already
[10:56:31] [Server thread/WARN] [minecraft/ServerLevel]: Tried to add entity the_anomaly:anomaly_trap but it was marked as removed already
[10:56:31] [Server thread/WARN] [minecraft/ServerLevel]: Tried to add entity the_anomaly:anomaly_viewer but it was marked as removed already
[10:56:31] [Server thread/WARN] [minecraft/ServerLevel]: Tried to add entity the_anomaly:anomaly_visitor_2 but it was marked as removed already
[10:56:31] [Server thread/WARN] [minecraft/ServerLevel]: Tried to add entity the_anomaly:anomaly_viewer but it was marked as removed already
[10:56:32] [Server thread/WARN] [minecraft/ServerLevel]: Tried to add entity the_anomaly:anomaly_trap but it was marked as removed already
[10:56:32] [Server thread/WARN] [minecraft/ServerLevel]: Tried to add entity the_anomaly:anomaly_viewer but it was marked as removed already
[10:56:32] [Server thread/WARN] [minecraft/ServerLevel]: Tried to add entity the_anomaly:anomaly_viewer but it was marked as removed already
[10:56:33] [Server thread/WARN] [minecraft/ServerLevel]: Tried to add entity the_anomaly:anomaly_trap but it was marked as removed already
[10:56:33] [Server thread/WARN] [minecraft/ServerLevel]: Tried to add entity the_anomaly:anomaly_viewer but it was marked as removed already
[10:56:34] [Server thread/WARN] [minecraft/ServerLevel]: Tried to add entity the_anomaly:anomaly_viewer but it was marked as removed already
[10:56:34] [Server thread/WARN] [minecraft/ServerLevel]: Tried to add entity the_anomaly:anomaly_viewer but it was marked as removed already
[10:56:34] [Server thread/WARN] [minecraft/ServerLevel]: Tried to add entity the_anomaly:anomaly_trap but it was marked as removed already
[10:56:34] [Server thread/WARN] [minecraft/ServerLevel]: Tried to add entity the_anomaly:anomaly_trap but it was marked as removed already
[10:56:34] [Server thread/WARN] [minecraft/ServerLevel]: Tried to add entity the_anomaly:anomaly_trap but it was marked as removed already
[10:56:35] [Server thread/WARN] [minecraft/ServerLevel]: Tried to add entity the_anomaly:anomaly_trap but it was marked as removed already
[10:56:35] [Server thread/WARN] [minecraft/ServerLevel]: Tried to add entity the_anomaly:anomaly_trap but it was marked as removed already
[10:56:35] [Server thread/WARN] [minecraft/ServerLevel]: Tried to add entity the_anomaly:anomaly_trap but it was marked as removed already
[10:56:35] [Server thread/WARN] [minecraft/ServerLevel]: Tried to add entity the_anomaly:anomaly_trap but it was marked as removed already
[10:56:35] [Server thread/WARN] [minecraft/ServerLevel]: Tried to add entity the_anomaly:anomaly_viewer but it was marked as removed already
[10:56:36] [Server thread/WARN] [minecraft/ServerLevel]: Tried to add entity the_anomaly:anomaly_viewer but it was marked as removed already
[10:56:36] [Server thread/WARN] [minecraft/ServerLevel]: Tried to add entity the_anomaly:anomaly_viewer but it was marked as removed already
[10:56:37] [Server thread/WARN] [minecraft/ServerLevel]: Tried to add entity the_anomaly:anomaly_trap but it was marked as removed already
[10:56:37] [Server thread/WARN] [minecraft/ServerLevel]: Tried to add entity the_anomaly:anomaly_trap but it was marked as removed already
[10:56:37] [Server thread/WARN] [minecraft/ServerLevel]: Tried to add entity the_anomaly:anomaly_viewer but it was marked as removed already
[10:56:37] [Server thread/WARN] [minecraft/ServerLevel]: Tried to add entity the_anomaly:anomaly_trap but it was marked as removed already
[10:56:37] [Server thread/WARN] [minecraft/ServerLevel]: Tried to add entity the_anomaly:anomaly_viewer but it was marked as removed already
[10:56:37] [Server thread/WARN] [minecraft/ServerLevel]: Tried to add entity the_anomaly:anomaly_viewer but it was marked as removed already
[10:56:37] [Server thread/WARN] [minecraft/ServerLevel]: Tried to add entity the_anomaly:anomaly_viewer but it was marked as removed already
[10:56:38] [Server thread/WARN] [minecraft/ServerLevel]: Tried to add entity the_anomaly:anomaly_viewer but it was marked as removed already
[10:56:38] [Server thread/WARN] [minecraft/ServerLevel]: Tried to add entity the_anomaly:anomaly_trap but it was marked as removed already
[10:56:38] [Server thread/WARN] [minecraft/ServerLevel]: Tried to add entity the_anomaly:anomaly_viewer but it was marked as removed already
[10:56:38] [Server thread/WARN] [minecraft/ServerLevel]: Tried to add entity the_anomaly:anomaly_escape but it was marked as removed already
[10:56:38] [Server thread/WARN] [minecraft/ServerLevel]: Tried to add entity the_anomaly:anomaly_viewer but it was marked as removed already
[10:56:38] [Server thread/WARN] [minecraft/ServerLevel]: Tried to add entity the_anomaly:anomaly_trap but it was marked as removed already
[10:56:53] [Server thread/INFO] [minecraft/MinecraftServer]: [Achbar: Teleported Achbar to YAMAPROSIH]
[10:56:53] [Server thread/INFO] [minecraft/MinecraftServer]: [Achbar: Teleported Achbar to YAMAPROSIH]
[10:56:53] [Server thread/WARN] [minecraft/MinecraftServer]: Can't keep up! Is the server overloaded? Running 14340ms or 286 ticks behind
[10:56:55] [Server thread/WARN] [minecraft/ServerLevel]: Tried to add entity the_anomaly:anomaly_viewer but it was marked as removed already
[10:57:03] [Server thread/WARN] [minecraft/ServerLevel]: Tried to add entity the_anomaly:anomaly_trap but it was marked as removed already
[10:57:04] [Server thread/WARN] [minecraft/ServerLevel]: Tried to add entity the_anomaly:anomaly_viewer but it was marked as removed already
[10:57:07] [Server thread/WARN] [minecraft/ServerLevel]: Tried to add entity the_anomaly:anomaly_trap but it was marked as removed already
[10:57:07] [Server thread/WARN] [minecraft/ServerLevel]: Tried to add entity the_anomaly:anomaly_viewer but it was marked as removed already
[10:57:10] [Server thread/WARN] [minecraft/ServerLevel]: Tried to add entity the_anomaly:anomaly_viewer but it was marked as removed already
[10:57:10] [Server thread/WARN] [minecraft/ServerLevel]: Tried to add entity the_anomaly:anomaly_trap but it was marked as removed already
[10:57:10] [Server thread/WARN] [minecraft/ServerLevel]: Tried to add entity the_anomaly:anomaly_escape but it was marked as removed already
[10:57:12] [Server thread/WARN] [minecraft/ServerLevel]: Tried to add entity the_anomaly:anomaly_viewer but it was marked as removed already
[10:57:13] [Server thread/WARN] [minecraft/ServerLevel]: Tried to add entity the_anomaly:anomaly_viewer but it was marked as removed already
[10:57:14] [Server thread/WARN] [minecraft/ServerLevel]: Tried to add entity the_anomaly:anomaly_viewer but it was marked as removed already
[10:57:17] [Server thread/WARN] [minecraft/ServerLevel]: Tried to add entity the_anomaly:anomaly_trap but it was marked as removed already
[10:57:18] [Server thread/WARN] [minecraft/ServerLevel]: Tried to add entity the_anomaly:anomaly_trap but it was marked as removed already
[10:57:18] [Server thread/WARN] [minecraft/ServerLevel]: Tried to add entity the_anomaly:anomaly_escape but it was marked as removed already
[10:57:18] [Server thread/WARN] [minecraft/ServerLevel]: Tried to add entity the_anomaly:anomaly_trap but it was marked as removed already
[10:57:18] [Server thread/WARN] [minecraft/ServerLevel]: Tried to add entity the_anomaly:anomaly_trap but it was marked as removed already
[10:57:19] [Server thread/WARN] [minecraft/ServerLevel]: Tried to add entity the_anomaly:anomaly_trap but it was marked as removed already
[10:57:20] [Server thread/WARN] [minecraft/ServerLevel]: Tried to add entity the_anomaly:anomaly_trap but it was marked as removed already
[10:57:20] [Server thread/WARN] [minecraft/ServerLevel]: Tried to add entity the_anomaly:anomaly_viewer but it was marked as removed already
[10:57:20] [Server thread/WARN] [minecraft/ServerLevel]: Tried to add entity the_anomaly:anomaly_trap but it was marked as removed already
[10:57:20] [Server thread/WARN] [minecraft/ServerLevel]: Tried to add entity the_anomaly:anomaly_viewer but it was marked as removed already
[10:57:25] [Server thread/WARN] [minecraft/ServerLevel]: Tried to add entity the_anomaly:anomaly_trap but it was marked as removed already
[10:57:26] [Server thread/WARN] [minecraft/ServerLevel]: Tried to add entity the_anomaly:anomaly_viewer but it was marked as removed already
[10:57:26] [Server thread/WARN] [minecraft/ServerLevel]: Tried to add entity the_anomaly:anomaly_escape but it was marked as removed already
[10:57:29] [Server thread/WARN] [minecraft/ServerLevel]: Tried to add entity the_anomaly:anomaly_trap but it was marked as removed already
[10:57:32] [Server thread/WARN] [minecraft/ServerLevel]: Tried to add entity the_anomaly:anomaly_trap but it was marked as removed already
[10:57:46] [Server thread/WARN] [minecraft/ServerLevel]: Tried to add entity the_anomaly:anomaly_trap but it was marked as removed already
[10:57:51] [Server thread/WARN] [minecraft/ServerLevel]: Tried to add entity the_anomaly:anomaly_trap but it was marked as removed already
[10:57:51] [Server thread/WARN] [minecraft/ServerLevel]: Tried to add entity the_anomaly:anomaly_escape but it was marked as removed already
[10:58:00] [Server thread/WARN] [minecraft/ServerLevel]: Tried to add entity the_anomaly:anomaly_trap but it was marked as removed already
[10:58:00] [Server thread/WARN] [minecraft/ServerLevel]: Tried to add entity the_anomaly:anomaly_trap but it was marked as removed already
[10:58:02] [Server thread/WARN] [minecraft/ServerLevel]: Tried to add entity the_anomaly:anomaly_trap but it was marked as removed already
[10:58:03] [Server thread/WARN] [minecraft/ServerLevel]: Tried to add entity the_anomaly:anomaly_viewer but it was marked as removed already
[10:58:08] [Server thread/INFO] [minecraft/MinecraftServer]: [YAMAPROSIH: Set own game mode to Creative Mode]
[10:58:09] [Server thread/WARN] [minecraft/ServerLevel]: Tried to add entity the_anomaly:anomaly_trap but it was marked as removed already
[10:58:15] [Server thread/INFO] [minecraft/MinecraftServer]: [YAMAPROSIH: Set own game mode to Survival Mode]
[10:58:17] [Server thread/WARN] [minecraft/ServerLevel]: Tried to add entity the_anomaly:anomaly_viewer but it was marked as removed already
[10:58:19] [Server thread/WARN] [minecraft/ServerLevel]: Tried to add entity the_anomaly:anomaly_viewer but it was marked as removed already
[10:58:19] [Server thread/WARN] [minecraft/ServerLevel]: Tried to add entity the_anomaly:anomaly_viewer but it was marked as removed already
[10:58:19] [Server thread/WARN] [minecraft/ServerLevel]: Tried to add entity the_anomaly:anomaly_trap but it was marked as removed already
[10:58:22] [Server thread/INFO] [minecraft/MinecraftServer]: [Achbar: Set own game mode to Creative Mode]
[10:58:25] [Server thread/WARN] [minecraft/ServerLevel]: Tried to add entity the_anomaly:anomaly_viewer but it was marked as removed already
[10:58:25] [Server thread/WARN] [minecraft/ServerLevel]: Tried to add entity the_anomaly:anomaly_trap but it was marked as removed already
[10:58:32] [Server thread/WARN] [minecraft/ServerLevel]: Tried to add entity the_anomaly:anomaly_viewer but it was marked as removed already
[10:58:33] [Server thread/WARN] [minecraft/ServerLevel]: Tried to add entity the_anomaly:anomaly_viewer but it was marked as removed already
[10:58:33] [Server thread/WARN] [minecraft/ServerLevel]: Tried to add entity the_anomaly:anomaly_viewer but it was marked as removed already
[10:58:34] [Server thread/WARN] [minecraft/ServerLevel]: Tried to add entity the_anomaly:anomaly_viewer but it was marked as removed already
[10:58:34] [Server thread/WARN] [minecraft/ServerLevel]: Tried to add entity the_anomaly:anomaly_trap but it was marked as removed already
[10:58:34] [Server thread/WARN] [minecraft/ServerLevel]: Tried to add entity the_anomaly:anomaly_viewer but it was marked as removed already
[10:58:35] [Server thread/WARN] [minecraft/ServerLevel]: Tried to add entity the_anomaly:anomaly_viewer but it was marked as removed already
[10:58:35] [Server thread/WARN] [minecraft/ServerLevel]: Tried to add entity the_anomaly:anomaly_viewer but it was marked as removed already
[10:58:35] [Server thread/WARN] [minecraft/ServerLevel]: Tried to add entity the_anomaly:anomaly_trap but it was marked as removed already
[10:58:38] [Server thread/WARN] [minecraft/ServerLevel]: Tried to add entity the_anomaly:anomaly_trap but it was marked as removed already
[10:58:43] [Server thread/INFO] [minecraft/MinecraftServer]: [YAMAPROSIH: Set Achbar's game mode to Survival Mode]
[10:58:46] [Server thread/WARN] [minecraft/ServerLevel]: Tried to add entity the_anomaly:anomaly_viewer but it was marked as removed already
[10:58:50] [Server thread/INFO] [minecraft/MinecraftServer]: [Achbar: Set own game mode to Creative Mode]
[10:58:52] [Server thread/WARN] [minecraft/ServerLevel]: Tried to add entity the_anomaly:anomaly_viewer but it was marked as removed already
[10:58:52] [Server thread/WARN] [minecraft/ServerLevel]: Tried to add entity the_anomaly:anomaly_viewer but it was marked as removed already
[10:58:55] [Server thread/INFO] [minecraft/MinecraftServer]: [YAMAPROSIH: Set Achbar's game mode to Survival Mode]
[10:58:55] [Server thread/WARN] [minecraft/ServerLevel]: Tried to add entity the_anomaly:anomaly_viewer but it was marked as removed already
[10:58:56] [Server thread/WARN] [minecraft/ServerLevel]: Tried to add entity the_anomaly:anomaly_trap but it was marked as removed already
[10:58:56] [Server thread/WARN] [minecraft/ServerLevel]: Tried to add entity the_anomaly:anomaly_viewer but it was marked as removed already
[10:58:56] [Server thread/WARN] [minecraft/ServerLevel]: Tried to add entity the_anomaly:anomaly_viewer but it was marked as removed already
[10:58:57] [Server thread/WARN] [minecraft/ServerLevel]: Tried to add entity the_anomaly:anomaly_trap but it was marked as removed already
[10:59:03] [Server thread/WARN] [minecraft/ServerLevel]: Tried to add entity the_anomaly:anomaly_viewer but it was marked as removed already
[10:59:06] [Server thread/WARN] [minecraft/ServerLevel]: Tried to add entity the_anomaly:anomaly_viewer but it was marked as removed already
[10:59:07] [Server thread/WARN] [minecraft/ServerLevel]: Tried to add entity the_anomaly:anomaly_viewer but it was marked as removed already
[10:59:08] [Server thread/WARN] [minecraft/ServerLevel]: Tried to add entity the_anomaly:anomaly_viewer but it was marked as removed already
[10:59:09] [Server thread/WARN] [minecraft/ServerLevel]: Tried to add entity the_anomaly:anomaly_viewer but it was marked as removed already
[10:59:09] [Server thread/WARN] [minecraft/ServerLevel]: Tried to add entity the_anomaly:anomaly_trap but it was marked as removed already
[10:59:09] [Server thread/WARN] [minecraft/ServerLevel]: Tried to add entity the_anomaly:anomaly_trap but it was marked as removed already
[10:59:10] [Server thread/WARN] [minecraft/ServerLevel]: Tried to add entity the_anomaly:anomaly_viewer but it was marked as removed already
[10:59:11] [Server thread/WARN] [minecraft/ServerLevel]: Tried to add entity the_anomaly:anomaly_trap but it was marked as removed already
[10:59:12] [Server thread/WARN] [minecraft/ServerLevel]: Tried to add entity the_anomaly:anomaly_trap but it was marked as removed already
[10:59:12] [Server thread/WARN] [minecraft/ServerLevel]: Tried to add entity the_anomaly:anomaly_trap but it was marked as removed already
[10:59:13] [Server thread/WARN] [minecraft/ServerLevel]: Tried to add entity the_anomaly:anomaly_escape but it was marked as removed already
[10:59:13] [Server thread/WARN] [minecraft/ServerLevel]: Tried to add entity the_anomaly:anomaly_trap but it was marked as removed already
[10:59:16] [Server thread/WARN] [minecraft/ServerLevel]: Tried to add entity the_anomaly:anomaly_trap but it was marked as removed already
[10:59:19] [Server thread/INFO] [minecraft/MinecraftServer]: [YAMAPROSIH: Set own game mode to Spectator Mode]
[10:59:20] [Server thread/WARN] [minecraft/ServerLevel]: Tried to add entity the_anomaly:anomaly_viewer but it was marked as removed already
[10:59:20] [Server thread/WARN] [minecraft/ServerLevel]: Tried to add entity the_anomaly:anomaly_trap but it was marked as removed already
[10:59:20] [Server thread/WARN] [minecraft/ServerLevel]: Tried to add entity the_anomaly:anomaly_trap but it was marked as removed already
[10:59:22] [Server thread/WARN] [minecraft/ServerLevel]: Tried to add entity the_anomaly:anomaly_trap but it was marked as removed already
[10:59:22] [Server thread/WARN] [minecraft/ServerLevel]: Tried to add entity the_anomaly:anomaly_viewer but it was marked as removed already
[10:59:22] [Server thread/WARN] [minecraft/ServerLevel]: Tried to add entity the_anomaly:anomaly_trap but it was marked as removed already
[10:59:24] [Server thread/INFO] [minecraft/MinecraftServer]: [YAMAPROSIH: Set own game mode to Survival Mode]
[10:59:24] [Server thread/WARN] [minecraft/ServerLevel]: Tried to add entity the_anomaly:anomaly_viewer but it was marked as removed already
[10:59:27] [Server thread/WARN] [minecraft/ServerLevel]: Tried to add entity the_anomaly:anomaly_viewer but it was marked as removed already
[10:59:30] [Server thread/INFO] [minecraft/MinecraftServer]: [YAMAPROSIH: Set own game mode to Spectator Mode]
[10:59:30] [Server thread/WARN] [minecraft/ServerLevel]: Tried to add entity the_anomaly:anomaly_viewer but it was marked as removed already
[10:59:30] [Server thread/WARN] [minecraft/ServerLevel]: Tried to add entity the_anomaly:anomaly_escape but it was marked as removed already
[10:59:30] [Server thread/WARN] [minecraft/ServerLevel]: Tried to add entity the_anomaly:anomaly_trap but it was marked as removed already
[10:59:30] [Server thread/WARN] [minecraft/ServerLevel]: Tried to add entity the_anomaly:anomaly_viewer but it was marked as removed already
[10:59:30] [Server thread/WARN] [minecraft/ServerLevel]: Tried to add entity the_anomaly:anomaly_trap but it was marked as removed already
[10:59:35] [Server thread/INFO] [minecraft/MinecraftServer]: [YAMAPROSIH: Set own game mode to Survival Mode]
[10:59:40] [Server thread/WARN] [minecraft/ServerLevel]: Tried to add entity the_anomaly:anomaly_trap but it was marked as removed already
[10:59:40] [Server thread/WARN] [minecraft/ServerLevel]: Tried to add entity the_anomaly:anomaly_trap but it was marked as removed already
[10:59:41] [Server thread/WARN] [minecraft/ServerLevel]: Tried to add entity the_anomaly:anomaly_viewer but it was marked as removed already
[10:59:56] [Server thread/INFO] [minecraft/MinecraftServer]: [Achbar: Set own game mode to Spectator Mode]
[10:59:57] [Server thread/INFO] [minecraft/MinecraftServer]: [YAMAPROSIH: Set own game mode to Creative Mode]
[10:59:57] [Server thread/WARN] [minecraft/ServerLevel]: Tried to add entity the_anomaly:anomaly_viewer but it was marked as removed already
[11:00:05] [Server thread/WARN] [minecraft/ServerLevel]: Tried to add entity the_anomaly:anomaly_viewer but it was marked as removed already
[11:00:06] [Server thread/WARN] [minecraft/ServerLevel]: Tried to add entity the_anomaly:anomaly_viewer but it was marked as removed already
[11:00:06] [Server thread/WARN] [minecraft/ServerLevel]: Tried to add entity the_anomaly:anomaly_trap but it was marked as removed already
[11:00:06] [Server thread/WARN] [minecraft/ServerLevel]: Tried to add entity the_anomaly:anomaly_viewer but it was marked as removed already
[11:00:06] [Server thread/WARN] [minecraft/ServerLevel]: Tried to add entity the_anomaly:anomaly_viewer but it was marked as removed already
[11:00:06] [Server thread/WARN] [minecraft/ServerLevel]: Tried to add entity the_anomaly:anomaly_trap but it was marked as removed already
[11:00:08] [Server thread/WARN] [minecraft/ServerLevel]: Tried to add entity the_anomaly:anomaly_viewer but it was marked as removed already
[11:00:08] [Server thread/WARN] [minecraft/ServerLevel]: Tried to add entity the_anomaly:anomaly_viewer but it was marked as removed already
[11:00:09] [Server thread/WARN] [minecraft/ServerLevel]: Tried to add entity the_anomaly:anomaly_trap but it was marked as removed already
[11:00:09] [Server thread/WARN] [minecraft/ServerLevel]: Tried to add entity the_anomaly:anomaly_trap but it was marked as removed already
[11:00:10] [Server thread/WARN] [minecraft/ServerLevel]: Tried to add entity the_anomaly:anomaly_viewer but it was marked as removed already
[11:00:10] [Server thread/WARN] [minecraft/ServerLevel]: Tried to add entity the_anomaly:anomaly_viewer but it was marked as removed already
[11:00:10] [Server thread/WARN] [minecraft/ServerLevel]: Tried to add entity the_anomaly:anomaly_viewer but it was marked as removed already
[11:00:10] [Server thread/WARN] [minecraft/ServerLevel]: Tried to add entity the_anomaly:anomaly_viewer but it was marked as removed already
[11:00:10] [Server thread/WARN] [minecraft/ServerLevel]: Tried to add entity the_anomaly:anomaly_viewer but it was marked as removed already
[11:00:10] [Server thread/WARN] [minecraft/ServerLevel]: Tried to add entity the_anomaly:anomaly_trap but it was marked as removed already
[11:00:10] [Server thread/WARN] [minecraft/ServerLevel]: Tried to add entity the_anomaly:anomaly_viewer but it was marked as removed already
[11:00:11] [Server thread/WARN] [minecraft/ServerLevel]: Tried to add entity the_anomaly:anomaly_viewer but it was marked as removed already
[11:00:11] [Server thread/WARN] [minecraft/ServerLevel]: Tried to add entity the_anomaly:anomaly_trap but it was marked as removed already
[11:00:11] [Server thread/WARN] [minecraft/ServerLevel]: Tried to add entity the_anomaly:anomaly_trap but it was marked as removed already
[11:00:11] [Server thread/WARN] [minecraft/ServerLevel]: Tried to add entity the_anomaly:anomaly_trap but it was marked as removed already
[11:00:11] [Server thread/WARN] [minecraft/ServerLevel]: Tried to add entity the_anomaly:anomaly_trap but it was marked as removed already
[11:00:12] [Server thread/WARN] [minecraft/ServerLevel]: Tried to add entity the_anomaly:anomaly_viewer but it was marked as removed already
[11:00:12] [Server thread/WARN] [minecraft/ServerLevel]: Tried to add entity the_anomaly:anomaly_viewer but it was marked as removed already
[11:00:12] [Server thread/WARN] [minecraft/ServerLevel]: Tried to add entity the_anomaly:anomaly_viewer but it was marked as removed already
[11:00:13] [Server thread/WARN] [minecraft/ServerLevel]: Tried to add entity the_anomaly:anomaly_viewer but it was marked as removed already
[11:00:15] [Server thread/WARN] [minecraft/ServerLevel]: Tried to add entity the_anomaly:anomaly_trap but it was marked as removed already
[11:00:17] [Server thread/INFO] [minecraft/MinecraftServer]: [Achbar: Teleported Achbar to YAMAPROSIH]
[11:00:18] [Server thread/WARN] [minecraft/ServerLevel]: Tried to add entity the_anomaly:anomaly_trap but it was marked as removed already
[11:00:24] [Server thread/INFO] [minecraft/MinecraftServer]: Good Job
[11:00:29] [Server thread/WARN] [minecraft/ServerLevel]: Tried to add entity the_anomaly:anomaly_viewer but it was marked as removed already
[11:00:40] [Server thread/WARN] [minecraft/ServerLevel]: Tried to add entity the_anomaly:anomaly_viewer but it was marked as removed already
[11:00:41] [Server thread/WARN] [minecraft/ServerLevel]: Tried to add entity the_anomaly:anomaly_trap but it was marked as removed already
[11:00:41] [Server thread/WARN] [minecraft/ServerLevel]: Tried to add entity the_anomaly:anomaly_escape but it was marked as removed already
[11:00:45] [Server thread/INFO] [minecraft/MinecraftServer]: YAMAPROSIH has made the advancement [The End?]
[11:00:45] [Server thread/WARN] [minecraft/ServerGamePacketListenerImpl]: YAMAPROSIH moved too quickly! 333.9576773071255,-27.67957741826936,88.3109716762471
[11:00:47] [Server thread/INFO] [minecraft/EndDragonFight]: Scanning for legacy world dragon fight...
[11:00:47] [Server thread/INFO] [minecraft/EndDragonFight]: Found that the dragon has not yet been killed in this world.
[11:00:48] [Server thread/WARN] [minecraft/MinecraftServer]: Can't keep up! Is the server overloaded? Running 2699ms or 53 ticks behind
[11:00:48] [Server thread/WARN] [minecraft/ServerLevel]: Tried to add entity the_anomaly:anomaly_trap but it was marked as removed already
[11:00:48] [Server thread/WARN] [minecraft/ServerLevel]: Tried to add entity the_anomaly:anomaly_viewer but it was marked as removed already
[11:00:48] [Server thread/WARN] [minecraft/ServerLevel]: Tried to add entity the_anomaly:anomaly_escape but it was marked as removed already
[11:00:49] [Server thread/WARN] [minecraft/ServerLevel]: Tried to add entity the_anomaly:anomaly_viewer but it was marked as removed already
[11:00:49] [Server thread/WARN] [minecraft/ServerLevel]: Tried to add entity the_anomaly:anomaly_escape but it was marked as removed already
[11:00:49] [Server thread/WARN] [minecraft/ServerLevel]: Tried to add entity the_anomaly:anomaly_escape but it was marked as removed already
[11:00:49] [Server thread/WARN] [minecraft/ServerLevel]: Tried to add entity the_anomaly:anomaly_viewer but it was marked as removed already
[11:00:49] [Server thread/WARN] [minecraft/ServerLevel]: Tried to add entity the_anomaly:anomaly_trap but it was marked as removed already
[11:00:49] [Server thread/WARN] [minecraft/ServerLevel]: Tried to add entity the_anomaly:anomaly_trap but it was marked as removed already
[11:00:49] [Server thread/WARN] [minecraft/ServerLevel]: Tried to add entity the_anomaly:anomaly_escape but it was marked as removed already
[11:00:49] [Server thread/WARN] [minecraft/ServerLevel]: Tried to add entity the_anomaly:anomaly_viewer but it was marked as removed already
[11:00:49] [Server thread/WARN] [minecraft/ServerLevel]: Tried to add entity the_anomaly:anomaly_trap but it was marked as removed already
[11:00:49] [Server thread/WARN] [minecraft/ServerLevel]: Tried to add entity the_anomaly:anomaly_trap but it was marked as removed already
[11:00:49] [Server thread/WARN] [minecraft/ServerLevel]: Tried to add entity the_anomaly:anomaly_trap but it was marked as removed already
[11:00:49] [Server thread/WARN] [minecraft/ServerLevel]: Tried to add entity the_anomaly:anomaly_trap but it was marked as removed already
[11:00:49] [Server thread/WARN] [minecraft/ServerLevel]: Tried to add entity the_anomaly:anomaly_escape but it was marked as removed already
[11:00:49] [Server thread/WARN] [minecraft/ServerLevel]: Tried to add entity the_anomaly:anomaly_trap but it was marked as removed already
[11:00:49] [Server thread/WARN] [minecraft/ServerLevel]: Tried to add entity the_anomaly:anomaly_trap but it was marked as removed already
[11:00:49] [Server thread/WARN] [minecraft/ServerLevel]: Tried to add entity the_anomaly:anomaly_escape but it was marked as removed already
[11:00:49] [Server thread/WARN] [minecraft/ServerLevel]: Tried to add entity the_anomaly:anomaly_escape but it was marked as removed already
[11:00:49] [Server thread/WARN] [minecraft/ServerLevel]: Tried to add entity the_anomaly:anomaly_viewer but it was marked as removed already
[11:00:49] [Server thread/WARN] [minecraft/ServerLevel]: Tried to add entity the_anomaly:anomaly_trap but it was marked as removed already
[11:00:49] [Server thread/WARN] [minecraft/ServerLevel]: Tried to add entity the_anomaly:anomaly_escape but it was marked as removed already
[11:00:49] [Server thread/WARN] [minecraft/ServerLevel]: Tried to add entity the_anomaly:anomaly_escape but it was marked as removed already
[11:00:50] [Server thread/WARN] [minecraft/ServerLevel]: Tried to add entity the_anomaly:anomaly_trap but it was marked as removed already
[11:00:50] [Server thread/WARN] [minecraft/ServerLevel]: Tried to add entity the_anomaly:anomaly_viewer but it was marked as removed already
[11:00:50] [Server thread/WARN] [minecraft/ServerLevel]: Tried to add entity the_anomaly:anomaly_viewer but it was marked as removed already
[11:00:50] [Server thread/WARN] [minecraft/ServerLevel]: Tried to add entity the_anomaly:anomaly_escape but it was marked as removed already
[11:00:50] [Server thread/WARN] [minecraft/ServerLevel]: Tried to add entity the_anomaly:anomaly_escape but it was marked as removed already
[11:00:50] [Server thread/WARN] [minecraft/ServerLevel]: Tried to add entity the_anomaly:anomaly_viewer but it was marked as removed already
[11:00:50] [Server thread/WARN] [minecraft/ServerLevel]: Tried to add entity the_anomaly:anomaly_trap but it was marked as removed already
[11:00:50] [Server thread/WARN] [minecraft/ServerLevel]: Tried to add entity the_anomaly:anomaly_viewer but it was marked as removed already
[11:00:50] [Server thread/WARN] [minecraft/ServerLevel]: Tried to add entity the_anomaly:anomaly_trap but it was marked as removed already
[11:00:50] [Server thread/WARN] [minecraft/ServerLevel]: Tried to add entity the_anomaly:anomaly_trap but it was marked as removed already
[11:00:50] [Server thread/WARN] [minecraft/ServerLevel]: Tried to add entity the_anomaly:anomaly_viewer but it was marked as removed already
[11:00:50] [Server thread/WARN] [minecraft/ServerLevel]: Tried to add entity the_anomaly:anomaly_trap but it was marked as removed already
[11:00:50] [Server thread/WARN] [minecraft/ServerLevel]: Tried to add entity the_anomaly:anomaly_trap but it was marked as removed already
[11:00:50] [Server thread/WARN] [minecraft/ServerLevel]: Tried to add entity the_anomaly:anomaly_viewer but it was marked as removed already
[11:00:50] [Server thread/WARN] [minecraft/ServerLevel]: Tried to add entity the_anomaly:anomaly_trap but it was marked as removed already
[11:00:50] [Server thread/WARN] [minecraft/ServerLevel]: Tried to add entity the_anomaly:anomaly_trap but it was marked as removed already
[11:00:51] [Server thread/WARN] [minecraft/ServerLevel]: Tried to add entity the_anomaly:anomaly_escape but it was marked as removed already
[11:00:51] [Server thread/WARN] [minecraft/ServerLevel]: Tried to add entity the_anomaly:anomaly_trap but it was marked as removed already
[11:00:51] [Server thread/WARN] [minecraft/ServerLevel]: Tried to add entity the_anomaly:anomaly_escape but it was marked as removed already
[11:00:51] [Server thread/WARN] [minecraft/ServerLevel]: Tried to add entity the_anomaly:anomaly_viewer but it was marked as removed already
[11:00:51] [Server thread/WARN] [minecraft/ServerLevel]: Tried to add entity the_anomaly:anomaly_trap but it was marked as removed already
[11:00:51] [Server thread/WARN] [minecraft/ServerLevel]: Tried to add entity the_anomaly:anomaly_escape but it was marked as removed already
[11:00:51] [Server thread/WARN] [minecraft/ServerLevel]: Tried to add entity the_anomaly:anomaly_viewer but it was marked as removed already
[11:00:51] [Server thread/WARN] [minecraft/ServerLevel]: Tried to add entity the_anomaly:anomaly_escape but it was marked as removed already
[11:00:51] [Server thread/WARN] [minecraft/ServerLevel]: Tried to add entity the_anomaly:anomaly_trap but it was marked as removed already
[11:00:51] [Server thread/WARN] [minecraft/ServerLevel]: Tried to add entity the_anomaly:anomaly_escape but it was marked as removed already
[11:00:51] [Server thread/WARN] [minecraft/ServerLevel]: Tried to add entity the_anomaly:anomaly_viewer but it was marked as removed already
[11:00:51] [Server thread/WARN] [minecraft/ServerLevel]: Tried to add entity the_anomaly:anomaly_viewer but it was marked as removed already
[11:00:51] [Server thread/WARN] [minecraft/ServerLevel]: Tried to add entity the_anomaly:anomaly_escape but it was marked as removed already
[11:00:51] [Server thread/WARN] [minecraft/ServerLevel]: Tried to add entity the_anomaly:anomaly_viewer but it was marked as removed already
[11:00:51] [Server thread/WARN] [minecraft/ServerLevel]: Tried to add entity the_anomaly:anomaly_escape but it was marked as removed already
[11:00:51] [Server thread/WARN] [minecraft/ServerLevel]: Tried to add entity the_anomaly:anomaly_viewer but it was marked as removed already
[11:00:51] [Server thread/WARN] [minecraft/ServerLevel]: Tried to add entity the_anomaly:anomaly_viewer but it was marked as removed already
[11:00:51] [Server thread/WARN] [minecraft/ServerLevel]: Tried to add entity the_anomaly:anomaly_escape but it was marked as removed already
[11:00:51] [Server thread/WARN] [minecraft/ServerLevel]: Tried to add entity the_anomaly:anomaly_viewer but it was marked as removed already
[11:00:51] [Server thread/WARN] [minecraft/ServerLevel]: Tried to add entity the_anomaly:anomaly_trap but it was marked as removed already
[11:00:52] [Server thread/WARN] [minecraft/ServerLevel]: Tried to add entity the_anomaly:anomaly_viewer but it was marked as removed already
[11:00:52] [Server thread/WARN] [minecraft/ServerLevel]: Tried to add entity the_anomaly:anomaly_trap but it was marked as removed already
[11:00:52] [Server thread/WARN] [minecraft/ServerLevel]: Tried to add entity the_anomaly:anomaly_trap but it was marked as removed already
[11:00:52] [Server thread/WARN] [minecraft/ServerLevel]: Tried to add entity the_anomaly:anomaly_escape but it was marked as removed already
[11:00:52] [Server thread/WARN] [minecraft/ServerLevel]: Tried to add entity the_anomaly:anomaly_viewer but it was marked as removed already
[11:00:52] [Server thread/WARN] [minecraft/ServerLevel]: Tried to add entity the_anomaly:anomaly_viewer but it was marked as removed already
[11:00:52] [Server thread/WARN] [minecraft/ServerLevel]: Tried to add entity the_anomaly:anomaly_escape but it was marked as removed already
[11:00:52] [Server thread/WARN] [minecraft/ServerLevel]: Tried to add entity the_anomaly:anomaly_escape but it was marked as removed already
[11:00:52] [Server thread/WARN] [minecraft/ServerLevel]: Tried to add entity the_anomaly:anomaly_escape but it was marked as removed already
[11:00:52] [Server thread/WARN] [minecraft/ServerLevel]: Tried to add entity the_anomaly:anomaly_trap but it was marked as removed already
[11:00:52] [Server thread/WARN] [minecraft/ServerLevel]: Tried to add entity the_anomaly:anomaly_escape but it was marked as removed already
[11:00:52] [Server thread/WARN] [minecraft/ServerLevel]: Tried to add entity the_anomaly:anomaly_escape but it was marked as removed already
[11:00:52] [Server thread/WARN] [minecraft/ServerLevel]: Tried to add entity the_anomaly:anomaly_trap but it was marked as removed already
[11:00:52] [Server thread/WARN] [minecraft/ServerLevel]: Tried to add entity the_anomaly:anomaly_trap but it was marked as removed already
[11:00:52] [Server thread/WARN] [minecraft/ServerLevel]: Tried to add entity the_anomaly:anomaly_trap but it was marked as removed already
[11:00:52] [Server thread/WARN] [minecraft/ServerLevel]: Tried to add entity the_anomaly:anomaly_trap but it was marked as removed already
[11:00:52] [Server thread/WARN] [minecraft/ServerLevel]: Tried to add entity the_anomaly:anomaly_viewer but it was marked as removed already
[11:00:52] [Server thread/WARN] [minecraft/ServerLevel]: Tried to add entity the_anomaly:anomaly_viewer but it was marked as removed already
[11:00:52] [Server thread/WARN] [minecraft/ServerLevel]: Tried to add entity the_anomaly:anomaly_escape but it was marked as removed already
[11:00:52] [Server thread/WARN] [minecraft/ServerLevel]: Tried to add entity the_anomaly:anomaly_trap but it was marked as removed already
[11:00:52] [Server thread/WARN] [minecraft/ServerLevel]: Tried to add entity the_anomaly:anomaly_trap but it was marked as removed already
[11:00:52] [Server thread/WARN] [minecraft/ServerLevel]: Tried to add entity the_anomaly:anomaly_viewer but it was marked as removed already
[11:00:52] [Server thread/WARN] [minecraft/ServerLevel]: Tried to add entity the_anomaly:anomaly_viewer but it was marked as removed already
[11:00:52] [Server thread/WARN] [minecraft/ServerLevel]: Tried to add entity the_anomaly:anomaly_viewer but it was marked as removed already
[11:00:52] [Server thread/WARN] [minecraft/ServerLevel]: Tried to add entity the_anomaly:anomaly_trap but it was marked as removed already
[11:00:52] [Server thread/WARN] [minecraft/ServerLevel]: Tried to add entity the_anomaly:anomaly_escape but it was marked as removed already
[11:00:53] [Server thread/WARN] [minecraft/ServerLevel]: Tried to add entity the_anomaly:anomaly_viewer but it was marked as removed already
[11:00:53] [Server thread/WARN] [minecraft/ServerLevel]: Tried to add entity the_anomaly:anomaly_trap but it was marked as removed already
[11:00:53] [Server thread/WARN] [minecraft/ServerLevel]: Tried to add entity the_anomaly:anomaly_viewer but it was marked as removed already
[11:00:53] [Server thread/WARN] [minecraft/ServerLevel]: Tried to add entity the_anomaly:anomaly_viewer but it was marked as removed already
[11:00:53] [Server thread/WARN] [minecraft/ServerLevel]: Tried to add entity the_anomaly:anomaly_viewer but it was marked as removed already
[11:00:53] [Server thread/WARN] [minecraft/ServerLevel]: Tried to add entity the_anomaly:anomaly_escape but it was marked as removed already
[11:00:53] [Server thread/WARN] [minecraft/ServerLevel]: Tried to add entity the_anomaly:anomaly_escape but it was marked as removed already
[11:00:53] [Server thread/WARN] [minecraft/ServerLevel]: Tried to add entity the_anomaly:anomaly_escape but it was marked as removed already
[11:00:53] [Server thread/WARN] [minecraft/ServerLevel]: Tried to add entity the_anomaly:anomaly_trap but it was marked as removed already
[11:00:53] [Server thread/WARN] [minecraft/ServerLevel]: Tried to add entity the_anomaly:anomaly_trap but it was marked as removed already
[11:00:53] [Server thread/WARN] [minecraft/ServerLevel]: Tried to add entity the_anomaly:anomaly_viewer but it was marked as removed already
[11:00:53] [Server thread/WARN] [minecraft/ServerLevel]: Tried to add entity the_anomaly:anomaly_viewer but it was marked as removed already
[11:00:53] [Server thread/WARN] [minecraft/ServerLevel]: Tried to add entity the_anomaly:anomaly_escape but it was marked as removed already
[11:00:53] [Server thread/WARN] [minecraft/ServerLevel]: Tried to add entity the_anomaly:anomaly_trap but it was marked as removed already
[11:00:53] [Server thread/WARN] [minecraft/ServerLevel]: Tried to add entity the_anomaly:anomaly_trap but it was marked as removed already
[11:00:53] [Server thread/WARN] [minecraft/ServerLevel]: Tried to add entity the_anomaly:anomaly_trap but it was marked as removed already
[11:00:53] [Server thread/WARN] [minecraft/ServerLevel]: Tried to add entity the_anomaly:anomaly_escape but it was marked as removed already
[11:00:53] [Server thread/WARN] [minecraft/ServerLevel]: Tried to add entity the_anomaly:anomaly_viewer but it was marked as removed already
[11:00:53] [Server thread/WARN] [minecraft/ServerLevel]: Tried to add entity the_anomaly:anomaly_escape but it was marked as removed already
[11:00:53] [Server thread/WARN] [minecraft/ServerLevel]: Tried to add entity the_anomaly:anomaly_trap but it was marked as removed already
[11:00:53] [Server thread/WARN] [minecraft/ServerLevel]: Tried to add entity the_anomaly:anomaly_viewer but it was marked as removed already
[11:00:53] [Server thread/WARN] [minecraft/ServerLevel]: Tried to add entity the_anomaly:anomaly_trap but it was marked as removed already
[11:00:53] [Server thread/WARN] [minecraft/ServerLevel]: Tried to add entity the_anomaly:anomaly_trap but it was marked as removed already
[11:00:53] [Server thread/WARN] [minecraft/ServerLevel]: Tried to add entity the_anomaly:anomaly_viewer but it was marked as removed already
[11:00:53] [Server thread/WARN] [minecraft/ServerLevel]: Tried to add entity the_anomaly:anomaly_viewer but it was marked as removed already
[11:00:53] [Server thread/WARN] [minecraft/ServerLevel]: Tried to add entity the_anomaly:anomaly_escape but it was marked as removed already
[11:00:53] [Server thread/WARN] [minecraft/ServerLevel]: Tried to add entity the_anomaly:anomaly_trap but it was marked as removed already
[11:00:53] [Server thread/WARN] [minecraft/ServerLevel]: Tried to add entity the_anomaly:anomaly_escape but it was marked as removed already
[11:00:53] [Server thread/WARN] [minecraft/ServerLevel]: Tried to add entity the_anomaly:anomaly_escape but it was marked as removed already
[11:00:53] [Server thread/WARN] [minecraft/ServerLevel]: Tried to add entity the_anomaly:anomaly_viewer but it was marked as removed already
[11:00:54] [Server thread/WARN] [minecraft/ServerLevel]: Tried to add entity the_anomaly:anomaly_viewer but it was marked as removed already
[11:00:54] [Server thread/WARN] [minecraft/ServerLevel]: Tried to add entity the_anomaly:anomaly_viewer but it was marked as removed already
[11:00:54] [Server thread/WARN] [minecraft/ServerLevel]: Tried to add entity the_anomaly:anomaly_escape but it was marked as removed already
[11:00:54] [Server thread/WARN] [minecraft/ServerLevel]: Tried to add entity the_anomaly:anomaly_viewer but it was marked as removed already
[11:00:54] [Server thread/WARN] [minecraft/ServerLevel]: Tried to add entity the_anomaly:anomaly_escape but it was marked as removed already
[11:00:54] [Server thread/WARN] [minecraft/ServerLevel]: Tried to add entity theplaguedoctor:plague_doctor but it was marked as removed already
[11:00:54] [Server thread/WARN] [minecraft/ServerLevel]: Tried to add entity the_anomaly:anomaly_escape but it was marked as removed already
[11:00:54] [Server thread/WARN] [minecraft/ServerLevel]: Tried to add entity the_anomaly:anomaly_escape but it was marked as removed already
[11:00:55] [Server thread/WARN] [minecraft/ServerLevel]: Tried to add entity the_anomaly:anomaly_escape but it was marked as removed already
[11:00:55] [Server thread/WARN] [minecraft/ServerLevel]: Tried to add entity the_anomaly:anomaly_viewer but it was marked as removed already
[11:00:55] [Server thread/WARN] [minecraft/ServerLevel]: Tried to add entity the_anomaly:anomaly_trap but it was marked as removed already
[11:00:55] [Server thread/WARN] [minecraft/ServerLevel]: Tried to add entity the_anomaly:anomaly_trap but it was marked as removed already
[11:00:55] [Server thread/WARN] [minecraft/ServerLevel]: Tried to add entity the_anomaly:anomaly_trap but it was marked as removed already
[11:00:55] [Server thread/WARN] [minecraft/ServerLevel]: Tried to add entity the_anomaly:anomaly_trap but it was marked as removed already
[11:00:55] [Server thread/WARN] [minecraft/ServerLevel]: Tried to add entity the_anomaly:anomaly_viewer but it was marked as removed already
[11:00:55] [Server thread/WARN] [minecraft/ServerLevel]: Tried to add entity the_anomaly:anomaly_trap but it was marked as removed already
[11:00:55] [Server thread/WARN] [minecraft/ServerLevel]: Tried to add entity the_anomaly:anomaly_escape but it was marked as removed already
[11:00:55] [Server thread/WARN] [minecraft/ServerLevel]: Tried to add entity the_anomaly:anomaly_escape but it was marked as removed already
[11:00:55] [Server thread/WARN] [minecraft/ServerLevel]: Tried to add entity the_anomaly:anomaly_viewer but it was marked as removed already
[11:00:55] [Server thread/WARN] [minecraft/ServerLevel]: Tried to add entity the_anomaly:anomaly_trap but it was marked as removed already
[11:00:55] [Server thread/WARN] [minecraft/ServerLevel]: Tried to add entity the_anomaly:anomaly_trap but it was marked as removed already
[11:00:55] [Server thread/WARN] [minecraft/ServerLevel]: Tried to add entity the_anomaly:anomaly_escape but it was marked as removed already
[11:00:55] [Server thread/WARN] [minecraft/ServerLevel]: Tried to add entity the_anomaly:anomaly_viewer but it was marked as removed already
[11:00:55] [Server thread/WARN] [minecraft/ServerLevel]: Tried to add entity the_anomaly:anomaly_trap but it was marked as removed already
[11:00:55] [Server thread/WARN] [minecraft/ServerLevel]: Tried to add entity the_anomaly:anomaly_viewer but it was marked as removed already
[11:00:55] [Server thread/WARN] [minecraft/ServerLevel]: Tried to add entity the_anomaly:anomaly_escape but it was marked as removed already
[11:00:55] [Server thread/WARN] [minecraft/ServerLevel]: Tried to add entity the_anomaly:anomaly_viewer but it was marked as removed already
[11:00:55] [Server thread/WARN] [minecraft/ServerLevel]: Tried to add entity the_anomaly:anomaly_trap but it was marked as removed already
[11:00:55] [Server thread/WARN] [minecraft/ServerLevel]: Tried to add entity the_anomaly:anomaly_escape but it was marked as removed already
[11:00:55] [Server thread/WARN] [minecraft/ServerLevel]: Tried to add entity the_anomaly:anomaly_escape but it was marked as removed already
[11:00:55] [Server thread/WARN] [minecraft/ServerLevel]: Tried to add entity the_anomaly:anomaly_escape but it was marked as removed already
[11:00:55] [Server thread/WARN] [minecraft/ServerLevel]: Tried to add entity the_anomaly:anomaly_escape but it was marked as removed already
[11:00:55] [Server thread/WARN] [minecraft/ServerLevel]: Tried to add entity the_anomaly:anomaly_trap but it was marked as removed already
[11:00:55] [Server thread/WARN] [minecraft/ServerLevel]: Tried to add entity the_anomaly:anomaly_escape but it was marked as removed already
[11:00:55] [Server thread/WARN] [minecraft/ServerLevel]: Tried to add entity the_anomaly:anomaly_viewer but it was marked as removed already
[11:00:55] [Server thread/WARN] [minecraft/ServerLevel]: Tried to add entity the_anomaly:anomaly_escape but it was marked as removed already
[11:00:55] [Server thread/WARN] [minecraft/ServerLevel]: Tried to add entity the_anomaly:anomaly_escape but it was marked as removed already
[11:00:55] [Server thread/WARN] [minecraft/ServerLevel]: Tried to add entity the_anomaly:anomaly_escape but it was marked as removed already
[11:00:55] [Server thread/WARN] [minecraft/ServerLevel]: Tried to add entity the_anomaly:anomaly_viewer but it was marked as removed already
[11:00:55] [Server thread/WARN] [minecraft/ServerLevel]: Tried to add entity the_anomaly:anomaly_escape but it was marked as removed already
[11:00:55] [Server thread/WARN] [minecraft/ServerLevel]: Tried to add entity the_anomaly:anomaly_viewer but it was marked as removed already
[11:00:55] [Server thread/WARN] [minecraft/ServerLevel]: Tried to add entity the_anomaly:anomaly_trap but it was marked as removed already
[11:00:55] [Server thread/WARN] [minecraft/ServerLevel]: Tried to add entity the_anomaly:anomaly_escape but it was marked as removed already
[11:00:55] [Server thread/WARN] [minecraft/ServerLevel]: Tried to add entity the_anomaly:anomaly_trap but it was marked as removed already
[11:00:55] [Server thread/WARN] [minecraft/ServerLevel]: Tried to add entity the_anomaly:anomaly_viewer but it was marked as removed already
[11:00:55] [Server thread/WARN] [minecraft/ServerLevel]: Tried to add entity the_anomaly:anomaly_viewer but it was marked as removed already
[11:00:55] [Server thread/WARN] [minecraft/ServerLevel]: Tried to add entity theplaguedoctor:plague_doctor but it was marked as removed already
[11:00:55] [Server thread/WARN] [minecraft/ServerLevel]: Tried to add entity the_anomaly:anomaly_trap but it was marked as removed already
[11:00:55] [Server thread/WARN] [minecraft/ServerLevel]: Tried to add entity the_anomaly:anomaly_trap but it was marked as removed already
[11:00:56] [Server thread/WARN] [minecraft/ServerLevel]: Tried to add entity the_anomaly:anomaly_trap but it was marked as removed already
[11:00:56] [Server thread/WARN] [minecraft/ServerLevel]: Tried to add entity the_anomaly:anomaly_escape but it was marked as removed already
[11:00:56] [Server thread/WARN] [minecraft/ServerLevel]: Tried to add entity the_anomaly:anomaly_trap but it was marked as removed already
[11:00:56] [Server thread/WARN] [minecraft/ServerLevel]: Tried to add entity the_anomaly:anomaly_trap but it was marked as removed already
[11:00:56] [Server thread/WARN] [minecraft/ServerLevel]: Tried to add entity the_anomaly:anomaly_escape but it was marked as removed already
[11:00:56] [Server thread/WARN] [minecraft/ServerLevel]: Tried to add entity the_anomaly:anomaly_escape but it was marked as removed already
[11:00:56] [Server thread/WARN] [minecraft/ServerLevel]: Tried to add entity the_anomaly:anomaly_viewer but it was marked as removed already
[11:00:56] [Server thread/WARN] [minecraft/ServerLevel]: Tried to add entity the_anomaly:anomaly_viewer but it was marked as removed already
[11:00:56] [Server thread/WARN] [minecraft/ServerLevel]: Tried to add entity the_anomaly:anomaly_trap but it was marked as removed already
[11:00:56] [Server thread/WARN] [minecraft/ServerLevel]: Tried to add entity the_anomaly:anomaly_trap but it was marked as removed already
[11:00:56] [Server thread/WARN] [minecraft/ServerLevel]: Tried to add entity the_anomaly:anomaly_escape but it was marked as removed already
[11:00:56] [Server thread/WARN] [minecraft/ServerLevel]: Tried to add entity the_anomaly:anomaly_escape but it was marked as removed already
[11:00:56] [Server thread/WARN] [minecraft/ServerLevel]: Tried to add entity the_anomaly:anomaly_viewer but it was marked as removed already
[11:00:56] [Server thread/WARN] [minecraft/ServerLevel]: Tried to add entity the_anomaly:anomaly_trap but it was marked as removed already
[11:00:56] [Server thread/WARN] [minecraft/ServerLevel]: Tried to add entity the_anomaly:anomaly_escape but it was marked as removed already
[11:00:56] [Server thread/WARN] [minecraft/ServerLevel]: Tried to add entity the_anomaly:anomaly_trap but it was marked as removed already
[11:00:56] [Server thread/WARN] [minecraft/ServerLevel]: Tried to add entity the_anomaly:anomaly_escape but it was marked as removed already
[11:00:56] [Server thread/WARN] [minecraft/ServerLevel]: Tried to add entity the_anomaly:anomaly_escape but it was marked as removed already
[11:00:56] [Server thread/WARN] [minecraft/ServerLevel]: Tried to add entity the_anomaly:anomaly_viewer but it was marked as removed already
[11:00:56] [Server thread/WARN] [minecraft/ServerLevel]: Tried to add entity the_anomaly:anomaly_trap but it was marked as removed already
[11:00:56] [Server thread/WARN] [minecraft/ServerLevel]: Tried to add entity the_anomaly:anomaly_viewer but it was marked as removed already
[11:00:56] [Server thread/WARN] [minecraft/ServerLevel]: Tried to add entity the_anomaly:anomaly_trap but it was marked as removed already
[11:00:56] [Server thread/WARN] [minecraft/ServerLevel]: Tried to add entity the_anomaly:anomaly_viewer but it was marked as removed already
[11:00:56] [Server thread/WARN] [minecraft/ServerLevel]: Tried to add entity the_anomaly:anomaly_trap but it was marked as removed already
[11:00:56] [Server thread/WARN] [minecraft/ServerLevel]: Tried to add entity the_anomaly:anomaly_escape but it was marked as removed already
[11:00:56] [Server thread/WARN] [minecraft/ServerLevel]: Tried to add entity the_anomaly:anomaly_escape but it was marked as removed already
[11:00:56] [Server thread/WARN] [minecraft/ServerLevel]: Tried to add entity the_anomaly:anomaly_trap but it was marked as removed already
[11:00:56] [Server thread/WARN] [minecraft/ServerLevel]: Tried to add entity the_anomaly:anomaly_viewer but it was marked as removed already
[11:00:56] [Server thread/WARN] [minecraft/ServerLevel]: Tried to add entity the_anomaly:anomaly_escape but it was marked as removed already
[11:00:56] [Server thread/WARN] [minecraft/ServerLevel]: Tried to add entity the_anomaly:anomaly_trap but it was marked as removed already
[11:00:56] [Server thread/WARN] [minecraft/ServerLevel]: Tried to add entity the_anomaly:anomaly_escape but it was marked as removed already
[11:00:56] [Server thread/WARN] [minecraft/ServerLevel]: Tried to add entity the_anomaly:anomaly_escape but it was marked as removed already
[11:00:56] [Server thread/WARN] [minecraft/ServerLevel]: Tried to add entity the_anomaly:anomaly_trap but it was marked as removed already
[11:00:56] [Server thread/WARN] [minecraft/ServerLevel]: Tried to add entity the_anomaly:anomaly_trap but it was marked as removed already
[11:00:56] [Server thread/WARN] [minecraft/ServerLevel]: Tried to add entity the_anomaly:anomaly_viewer but it was marked as removed already
[11:00:56] [Server thread/WARN] [minecraft/ServerLevel]: Tried to add entity the_anomaly:anomaly_trap but it was marked as removed already
[11:00:56] [Server thread/WARN] [minecraft/ServerLevel]: Tried to add entity the_anomaly:anomaly_escape but it was marked as removed already
[11:00:57] [Server thread/WARN] [minecraft/ServerLevel]: Tried to add entity the_anomaly:anomaly_escape but it was marked as removed already
[11:00:57] [Server thread/WARN] [minecraft/ServerLevel]: Tried to add entity the_anomaly:anomaly_viewer but it was marked as removed already
[11:00:57] [Server thread/WARN] [minecraft/ServerLevel]: Tried to add entity the_anomaly:anomaly_escape but it was marked as removed already
[11:00:57] [Server thread/WARN] [minecraft/ServerLevel]: Tried to add entity the_anomaly:anomaly_trap but it was marked as removed already
[11:00:57] [Server thread/WARN] [minecraft/ServerLevel]: Tried to add entity the_anomaly:anomaly_viewer but it was marked as removed already
[11:00:57] [Server thread/WARN] [minecraft/ServerLevel]: Tried to add entity the_anomaly:anomaly_trap but it was marked as removed already
[11:00:57] [Server thread/WARN] [minecraft/ServerLevel]: Tried to add entity the_anomaly:anomaly_trap but it was marked as removed already
[11:00:57] [Server thread/WARN] [minecraft/ServerLevel]: Tried to add entity the_anomaly:anomaly_escape but it was marked as removed already
[11:00:57] [Server thread/WARN] [minecraft/ServerLevel]: Tried to add entity the_anomaly:anomaly_trap but it was marked as removed already
[11:00:57] [Server thread/WARN] [minecraft/ServerLevel]: Tried to add entity the_anomaly:anomaly_viewer but it was marked as removed already
[11:00:57] [Server thread/WARN] [minecraft/ServerLevel]: Tried to add entity the_anomaly:anomaly_trap but it was marked as removed already
[11:00:57] [Server thread/WARN] [minecraft/ServerLevel]: Tried to add entity the_anomaly:anomaly_trap but it was marked as removed already
[11:00:57] [Server thread/WARN] [minecraft/ServerLevel]: Tried to add entity the_anomaly:anomaly_viewer but it was marked as removed already
[11:00:57] [Server thread/WARN] [minecraft/ServerLevel]: Tried to add entity the_anomaly:anomaly_trap but it was marked as removed already
[11:00:57] [Server thread/WARN] [minecraft/ServerLevel]: Tried to add entity the_anomaly:anomaly_trap but it was marked as removed already
[11:00:57] [Server thread/WARN] [minecraft/ServerLevel]: Tried to add entity the_anomaly:anomaly_viewer but it was marked as removed already
[11:00:57] [Server thread/WARN] [minecraft/ServerLevel]: Tried to add entity the_anomaly:anomaly_trap but it was marked as removed already
[11:00:57] [Server thread/WARN] [minecraft/ServerLevel]: Tried to add entity the_anomaly:anomaly_trap but it was marked as removed already
[11:00:57] [Server thread/WARN] [minecraft/ServerLevel]: Tried to add entity the_anomaly:anomaly_viewer but it was marked as removed already
[11:00:57] [Server thread/WARN] [minecraft/ServerLevel]: Tried to add entity the_anomaly:anomaly_viewer but it was marked as removed already
[11:00:57] [Server thread/WARN] [minecraft/ServerLevel]: Tried to add entity the_anomaly:anomaly_viewer but it was marked as removed already
[11:00:57] [Server thread/WARN] [minecraft/ServerLevel]: Tried to add entity the_anomaly:anomaly_viewer but it was marked as removed already
[11:00:57] [Server thread/WARN] [minecraft/ServerLevel]: Tried to add entity the_anomaly:anomaly_viewer but it was marked as removed already
[11:00:57] [Server thread/WARN] [minecraft/ServerLevel]: Tried to add entity the_anomaly:anomaly_viewer but it was marked as removed already
[11:00:57] [Server thread/WARN] [minecraft/ServerLevel]: Tried to add entity the_anomaly:anomaly_escape but it was marked as removed already
[11:00:58] [Server thread/WARN] [minecraft/ServerLevel]: Tried to add entity the_anomaly:anomaly_escape but it was marked as removed already
[11:00:58] [Server thread/WARN] [minecraft/ServerLevel]: Tried to add entity the_anomaly:anomaly_escape but it was marked as removed already
[11:00:58] [Server thread/WARN] [minecraft/ServerLevel]: Tried to add entity the_anomaly:anomaly_escape but it was marked as removed already
[11:00:58] [Server thread/WARN] [minecraft/ServerLevel]: Tried to add entity the_anomaly:anomaly_trap but it was marked as removed already
[11:00:58] [Server thread/WARN] [minecraft/ServerLevel]: Tried to add entity the_anomaly:anomaly_trap but it was marked as removed already
[11:00:58] [Server thread/WARN] [minecraft/ServerLevel]: Tried to add entity the_anomaly:anomaly_viewer but it was marked as removed already
[11:00:58] [Server thread/WARN] [minecraft/ServerLevel]: Tried to add entity the_anomaly:anomaly_trap but it was marked as removed already
[11:00:58] [Server thread/WARN] [minecraft/ServerLevel]: Tried to add entity the_anomaly:anomaly_trap but it was marked as removed already
[11:00:58] [Server thread/WARN] [minecraft/ServerLevel]: Tried to add entity the_anomaly:anomaly_trap but it was marked as removed already
[11:00:58] [Server thread/WARN] [minecraft/ServerLevel]: Tried to add entity the_anomaly:anomaly_trap but it was marked as removed already
[11:00:58] [Server thread/WARN] [minecraft/ServerLevel]: Tried to add entity the_anomaly:anomaly_escape but it was marked as removed already
[11:00:58] [Server thread/WARN] [minecraft/ServerLevel]: Tried to add entity the_anomaly:anomaly_escape but it was marked as removed already
[11:00:58] [Server thread/WARN] [minecraft/ServerLevel]: Tried to add entity the_anomaly:anomaly_trap but it was marked as removed already
[11:00:58] [Server thread/WARN] [minecraft/ServerLevel]: Tried to add entity the_anomaly:anomaly_viewer but it was marked as removed already
[11:00:58] [Server thread/WARN] [minecraft/ServerLevel]: Tried to add entity the_anomaly:anomaly_viewer but it was marked as removed already
[11:00:58] [Server thread/WARN] [minecraft/ServerLevel]: Tried to add entity the_anomaly:anomaly_viewer but it was marked as removed already
[11:00:58] [Server thread/WARN] [minecraft/ServerLevel]: Tried to add entity the_anomaly:anomaly_escape but it was marked as removed already
[11:00:58] [Server thread/WARN] [minecraft/ServerLevel]: Tried to add entity the_anomaly:anomaly_viewer but it was marked as removed already
[11:00:58] [Server thread/WARN] [minecraft/ServerLevel]: Tried to add entity the_anomaly:anomaly_viewer but it was marked as removed already
[11:00:58] [Server thread/WARN] [minecraft/ServerLevel]: Tried to add entity the_anomaly:anomaly_viewer but it was marked as removed already
[11:00:58] [Server thread/WARN] [minecraft/ServerLevel]: Tried to add entity the_anomaly:anomaly_trap but it was marked as removed already
[11:00:58] [Server thread/WARN] [minecraft/ServerLevel]: Tried to add entity the_anomaly:anomaly_viewer but it was marked as removed already
[11:00:58] [Server thread/WARN] [minecraft/ServerLevel]: Tried to add entity the_anomaly:anomaly_escape but it was marked as removed already
[11:00:58] [Server thread/WARN] [minecraft/ServerLevel]: Tried to add entity theplaguedoctor:plague_doctor but it was marked as removed already
[11:00:58] [Server thread/WARN] [minecraft/ServerLevel]: Tried to add entity the_anomaly:anomaly_viewer but it was marked as removed already
[11:00:59] [Server thread/WARN] [minecraft/ServerLevel]: Tried to add entity the_anomaly:anomaly_trap but it was marked as removed already
[11:00:59] [Server thread/WARN] [minecraft/ServerLevel]: Tried to add entity the_anomaly:anomaly_escape but it was marked as removed already
[11:00:59] [Server thread/WARN] [minecraft/ServerLevel]: Tried to add entity the_anomaly:anomaly_viewer but it was marked as removed already
[11:00:59] [Server thread/WARN] [minecraft/ServerLevel]: Tried to add entity the_anomaly:anomaly_trap but it was marked as removed already
[11:00:59] [Server thread/WARN] [minecraft/ServerLevel]: Tried to add entity the_anomaly:anomaly_trap but it was marked as removed already
[11:00:59] [Server thread/WARN] [minecraft/ServerLevel]: Tried to add entity the_anomaly:anomaly_trap but it was marked as removed already
[11:00:59] [Server thread/WARN] [minecraft/ServerLevel]: Tried to add entity the_anomaly:anomaly_trap but it was marked as removed already
[11:00:59] [Server thread/WARN] [minecraft/ServerLevel]: Tried to add entity the_anomaly:anomaly_viewer but it was marked as removed already
[11:00:59] [Server thread/WARN] [minecraft/ServerLevel]: Tried to add entity the_anomaly:anomaly_trap but it was marked as removed already
[11:00:59] [Server thread/WARN] [minecraft/ServerLevel]: Tried to add entity the_anomaly:anomaly_trap but it was marked as removed already
[11:00:59] [Server thread/WARN] [minecraft/ServerLevel]: Tried to add entity the_anomaly:anomaly_trap but it was marked as removed already
[11:00:59] [Server thread/WARN] [minecraft/ServerLevel]: Tried to add entity the_anomaly:anomaly_trap but it was marked as removed already
[11:00:59] [Server thread/WARN] [minecraft/ServerLevel]: Tried to add entity the_anomaly:anomaly_trap but it was marked as removed already
[11:00:59] [Server thread/WARN] [minecraft/ServerLevel]: Tried to add entity the_anomaly:anomaly_viewer but it was marked as removed already
[11:00:59] [Server thread/WARN] [minecraft/ServerLevel]: Tried to add entity the_anomaly:anomaly_trap but it was marked as removed already
[11:00:59] [Server thread/WARN] [minecraft/ServerLevel]: Tried to add entity the_anomaly:anomaly_viewer but it was marked as removed already
[11:00:59] [Server thread/WARN] [minecraft/ServerLevel]: Tried to add entity the_anomaly:anomaly_trap but it was marked as removed already
[11:00:59] [Server thread/WARN] [minecraft/ServerLevel]: Tried to add entity the_anomaly:anomaly_trap but it was marked as removed already
[11:00:59] [Server thread/WARN] [minecraft/ServerLevel]: Tried to add entity the_anomaly:anomaly_trap but it was marked as removed already
[11:01:00] [Server thread/WARN] [minecraft/ServerLevel]: Tried to add entity the_anomaly:anomaly_trap but it was marked as removed already
[11:01:00] [Server thread/WARN] [minecraft/ServerLevel]: Tried to add entity the_anomaly:anomaly_trap but it was marked as removed already
[11:01:00] [Server thread/WARN] [minecraft/ServerLevel]: Tried to add entity the_anomaly:anomaly_escape but it was marked as removed already
[11:01:00] [Server thread/WARN] [minecraft/ServerLevel]: Tried to add entity the_anomaly:anomaly_trap but it was marked as removed already
[11:01:00] [Server thread/WARN] [minecraft/ServerLevel]: Tried to add entity the_anomaly:anomaly_viewer but it was marked as removed already
[11:01:00] [Server thread/WARN] [minecraft/ServerLevel]: Tried to add entity the_anomaly:anomaly_escape but it was marked as removed already
[11:01:00] [Server thread/WARN] [minecraft/ServerLevel]: Tried to add entity the_anomaly:anomaly_trap but it was marked as removed already
[11:01:00] [Server thread/WARN] [minecraft/ServerLevel]: Tried to add entity the_anomaly:anomaly_escape but it was marked as removed already
[11:01:00] [Server thread/WARN] [minecraft/ServerLevel]: Tried to add entity the_anomaly:anomaly_trap but it was marked as removed already
[11:01:00] [Server thread/WARN] [minecraft/ServerLevel]: Tried to add entity the_anomaly:anomaly_escape but it was marked as removed already
[11:01:00] [Server thread/WARN] [minecraft/ServerLevel]: Tried to add entity the_anomaly:anomaly_trap but it was marked as removed already
[11:01:00] [Server thread/WARN] [minecraft/ServerLevel]: Tried to add entity the_anomaly:anomaly_trap but it was marked as removed already
[11:01:00] [Server thread/WARN] [minecraft/ServerLevel]: Tried to add entity the_anomaly:anomaly_viewer but it was marked as removed already
[11:01:00] [Server thread/WARN] [minecraft/ServerLevel]: Tried to add entity the_anomaly:anomaly_trap but it was marked as removed already
[11:01:00] [Server thread/WARN] [minecraft/ServerLevel]: Tried to add entity the_anomaly:anomaly_escape but it was marked as removed already
[11:01:00] [Server thread/WARN] [minecraft/ServerLevel]: Tried to add entity the_anomaly:anomaly_escape but it was marked as removed already
[11:01:00] [Server thread/WARN] [minecraft/ServerLevel]: Tried to add entity the_anomaly:anomaly_viewer but it was marked as removed already
[11:01:00] [Server thread/WARN] [minecraft/ServerLevel]: Tried to add entity the_anomaly:anomaly_viewer but it was marked as removed already
[11:01:00] [Server thread/WARN] [minecraft/ServerLevel]: Tried to add entity the_anomaly:anomaly_viewer but it was marked as removed already
[11:01:00] [Server thread/WARN] [minecraft/ServerLevel]: Tried to add entity the_anomaly:anomaly_trap but it was marked as removed already
[11:01:00] [Server thread/WARN] [minecraft/ServerLevel]: Tried to add entity the_anomaly:anomaly_viewer but it was marked as removed already
[11:01:00] [Server thread/WARN] [minecraft/ServerLevel]: Tried to add entity the_anomaly:anomaly_viewer but it was marked as removed already
[11:01:00] [Server thread/WARN] [minecraft/ServerLevel]: Tried to add entity the_anomaly:anomaly_trap but it was marked as removed already
[11:01:00] [Server thread/WARN] [minecraft/ServerLevel]: Tried to add entity the_anomaly:anomaly_trap but it was marked as removed already
[11:01:00] [Server thread/WARN] [minecraft/ServerLevel]: Tried to add entity the_anomaly:anomaly_viewer but it was marked as removed already
[11:01:01] [Server thread/WARN] [minecraft/ServerLevel]: Tried to add entity the_anomaly:anomaly_trap but it was marked as removed already
[11:01:01] [Server thread/WARN] [minecraft/ServerLevel]: Tried to add entity the_anomaly:anomaly_viewer but it was marked as removed already
[11:01:01] [Server thread/WARN] [minecraft/ServerLevel]: Tried to add entity the_anomaly:anomaly_trap but it was marked as removed already
[11:01:01] [Server thread/WARN] [minecraft/ServerLevel]: Tried to add entity the_anomaly:anomaly_trap but it was marked as removed already
[11:01:01] [Server thread/WARN] [minecraft/ServerLevel]: Tried to add entity the_anomaly:anomaly_trap but it was marked as removed already
[11:01:01] [Server thread/WARN] [minecraft/ServerLevel]: Tried to add entity the_anomaly:anomaly_trap but it was marked as removed already
[11:01:01] [Server thread/WARN] [minecraft/ServerLevel]: Tried to add entity the_anomaly:anomaly_escape but it was marked as removed already
[11:01:01] [Server thread/WARN] [minecraft/ServerLevel]: Tried to add entity the_anomaly:anomaly_trap but it was marked as removed already
[11:01:01] [Server thread/WARN] [minecraft/ServerLevel]: Tried to add entity the_anomaly:anomaly_viewer but it was marked as removed already
[11:01:01] [Server thread/WARN] [minecraft/ServerLevel]: Tried to add entity the_anomaly:anomaly_escape but it was marked as removed already
[11:01:01] [Server thread/WARN] [minecraft/ServerLevel]: Tried to add entity the_anomaly:anomaly_escape but it was marked as removed already
[11:01:01] [Server thread/WARN] [minecraft/ServerLevel]: Tried to add entity the_anomaly:anomaly_viewer but it was marked as removed already
[11:01:01] [Server thread/WARN] [minecraft/ServerLevel]: Tried to add entity the_anomaly:anomaly_viewer but it was marked as removed already
[11:01:01] [Server thread/WARN] [minecraft/ServerLevel]: Tried to add entity the_anomaly:anomaly_escape but it was marked as removed already
[11:01:01] [Server thread/WARN] [minecraft/ServerLevel]: Tried to add entity the_anomaly:anomaly_trap but it was marked as removed already
[11:01:01] [Server thread/WARN] [minecraft/ServerLevel]: Tried to add entity the_anomaly:anomaly_trap but it was marked as removed already
[11:01:01] [Server thread/WARN] [minecraft/ServerLevel]: Tried to add entity the_anomaly:anomaly_viewer but it was marked as removed already
[11:01:01] [Server thread/WARN] [minecraft/ServerLevel]: Tried to add entity the_anomaly:anomaly_trap but it was marked as removed already
[11:01:01] [Server thread/WARN] [minecraft/ServerLevel]: Tried to add entity the_anomaly:anomaly_trap but it was marked as removed already
[11:01:01] [Server thread/WARN] [minecraft/ServerLevel]: Tried to add entity the_anomaly:anomaly_trap but it was marked as removed already
[11:01:01] [Server thread/WARN] [minecraft/ServerLevel]: Tried to add entity the_anomaly:anomaly_trap but it was marked as removed already
[11:01:01] [Server thread/WARN] [minecraft/ServerLevel]: Tried to add entity the_anomaly:anomaly_trap but it was marked as removed already
[11:01:01] [Server thread/WARN] [minecraft/ServerLevel]: Tried to add entity the_anomaly:anomaly_escape but it was marked as removed already
[11:01:01] [Server thread/WARN] [minecraft/ServerLevel]: Tried to add entity the_anomaly:anomaly_escape but it was marked as removed already
[11:01:01] [Server thread/WARN] [minecraft/ServerLevel]: Tried to add entity the_anomaly:anomaly_trap but it was marked as removed already
[11:01:01] [Server thread/WARN] [minecraft/ServerLevel]: Tried to add entity the_anomaly:anomaly_trap but it was marked as removed already
[11:01:01] [Server thread/WARN] [minecraft/ServerLevel]: Tried to add entity the_anomaly:anomaly_trap but it was marked as removed already
[11:01:01] [Server thread/WARN] [minecraft/ServerLevel]: Tried to add entity the_anomaly:anomaly_viewer but it was marked as removed already
[11:01:01] [Server thread/WARN] [minecraft/ServerLevel]: Tried to add entity the_anomaly:anomaly_escape but it was marked as removed already
[11:01:01] [Server thread/WARN] [minecraft/ServerLevel]: Tried to add entity the_anomaly:anomaly_viewer but it was marked as removed already
[11:01:01] [Server thread/WARN] [minecraft/ServerLevel]: Tried to add entity the_anomaly:anomaly_viewer but it was marked as removed already
[11:01:01] [Server thread/WARN] [minecraft/ServerLevel]: Tried to add entity the_anomaly:anomaly_trap but it was marked as removed already
[11:01:02] [Server thread/WARN] [minecraft/ServerLevel]: Tried to add entity the_anomaly:anomaly_viewer but it was marked as removed already
[11:01:02] [Server thread/WARN] [minecraft/ServerLevel]: Tried to add entity the_anomaly:anomaly_escape but it was marked as removed already
[11:01:02] [Server thread/WARN] [minecraft/ServerLevel]: Tried to add entity the_anomaly:anomaly_viewer but it was marked as removed already
[11:01:02] [Server thread/WARN] [minecraft/ServerLevel]: Tried to add entity the_anomaly:anomaly_trap but it was marked as removed already
[11:01:02] [Server thread/WARN] [minecraft/ServerLevel]: Tried to add entity the_anomaly:anomaly_viewer but it was marked as removed already
[11:01:02] [Server thread/WARN] [minecraft/ServerLevel]: Tried to add entity the_anomaly:anomaly_escape but it was marked as removed already
[11:01:02] [Server thread/WARN] [minecraft/ServerLevel]: Tried to add entity the_anomaly:anomaly_escape but it was marked as removed already
[11:01:02] [Server thread/WARN] [minecraft/ServerLevel]: Tried to add entity the_anomaly:anomaly_escape but it was marked as removed already
[11:01:02] [Server thread/WARN] [minecraft/ServerLevel]: Tried to add entity the_anomaly:anomaly_escape but it was marked as removed already
[11:01:02] [Server thread/WARN] [minecraft/ServerLevel]: Tried to add entity the_anomaly:anomaly_escape but it was marked as removed already
[11:01:02] [Server thread/WARN] [minecraft/ServerLevel]: Tried to add entity the_anomaly:anomaly_viewer but it was marked as removed already
[11:01:02] [Server thread/WARN] [minecraft/ServerLevel]: Tried to add entity the_anomaly:anomaly_viewer but it was marked as removed already
[11:01:02] [Server thread/WARN] [minecraft/ServerLevel]: Tried to add entity the_anomaly:anomaly_viewer but it was marked as removed already
[11:01:02] [Server thread/WARN] [minecraft/ServerLevel]: Tried to add entity the_anomaly:anomaly_trap but it was marked as removed already
[11:01:02] [Server thread/WARN] [minecraft/ServerLevel]: Tried to add entity the_anomaly:anomaly_trap but it was marked as removed already
[11:01:02] [Server thread/WARN] [minecraft/ServerLevel]: Tried to add entity the_anomaly:anomaly_viewer but it was marked as removed already
[11:01:02] [Server thread/WARN] [minecraft/ServerLevel]: Tried to add entity the_anomaly:anomaly_trap but it was marked as removed already
[11:01:02] [Server thread/WARN] [minecraft/ServerLevel]: Tried to add entity the_anomaly:anomaly_trap but it was marked as removed already
[11:01:02] [Server thread/WARN] [minecraft/ServerLevel]: Tried to add entity the_anomaly:anomaly_viewer but it was marked as removed already
[11:01:02] [Server thread/WARN] [minecraft/ServerLevel]: Tried to add entity the_anomaly:anomaly_escape but it was marked as removed already
[11:01:02] [Server thread/WARN] [minecraft/ServerLevel]: Tried to add entity the_anomaly:anomaly_escape but it was marked as removed already
[11:01:02] [Server thread/WARN] [minecraft/ServerLevel]: Tried to add entity the_anomaly:anomaly_trap but it was marked as removed already
[11:01:02] [Server thread/WARN] [minecraft/ServerLevel]: Tried to add entity the_anomaly:anomaly_trap but it was marked as removed already
[11:01:02] [Server thread/WARN] [minecraft/ServerLevel]: Tried to add entity the_anomaly:anomaly_viewer but it was marked as removed already
[11:01:02] [Server thread/WARN] [minecraft/ServerLevel]: Tried to add entity the_anomaly:anomaly_trap but it was marked as removed already
[11:01:02] [Server thread/WARN] [minecraft/ServerLevel]: Tried to add entity the_anomaly:anomaly_trap but it was marked as removed already
[11:01:02] [Server thread/WARN] [minecraft/ServerLevel]: Tried to add entity the_anomaly:anomaly_viewer but it was marked as removed already
[11:01:03] [Server thread/WARN] [minecraft/ServerLevel]: Tried to add entity the_anomaly:anomaly_viewer but it was marked as removed already
[11:01:03] [Server thread/WARN] [minecraft/ServerLevel]: Tried to add entity the_anomaly:anomaly_trap but it was marked as removed already
[11:01:03] [Server thread/WARN] [minecraft/ServerLevel]: Tried to add entity the_anomaly:anomaly_escape but it was marked as removed already
[11:01:03] [Server thread/WARN] [minecraft/ServerLevel]: Tried to add entity the_anomaly:anomaly_viewer but it was marked as removed already
[11:01:03] [Server thread/WARN] [minecraft/ServerLevel]: Tried to add entity the_anomaly:anomaly_trap but it was marked as removed already
[11:01:03] [Server thread/WARN] [minecraft/ServerLevel]: Tried to add entity the_anomaly:anomaly_viewer but it was marked as removed already
[11:01:03] [Server thread/WARN] [minecraft/ServerLevel]: Tried to add entity the_anomaly:anomaly_escape but it was marked as removed already
[11:01:03] [Server thread/WARN] [minecraft/ServerLevel]: Tried to add entity the_anomaly:anomaly_trap but it was marked as removed already
[11:01:03] [Server thread/WARN] [minecraft/ServerLevel]: Tried to add entity the_anomaly:anomaly_trap but it was marked as removed already
[11:01:03] [Server thread/WARN] [minecraft/ServerLevel]: Tried to add entity the_anomaly:anomaly_trap but it was marked as removed already
[11:01:03] [Server thread/WARN] [minecraft/ServerLevel]: Tried to add entity the_anomaly:anomaly_viewer but it was marked as removed already
[11:01:03] [Server thread/WARN] [minecraft/ServerLevel]: Tried to add entity the_anomaly:anomaly_escape but it was marked as removed already
[11:01:03] [Server thread/WARN] [minecraft/ServerLevel]: Tried to add entity the_anomaly:anomaly_viewer but it was marked as removed already
[11:01:03] [Server thread/WARN] [minecraft/ServerLevel]: Tried to add entity the_anomaly:anomaly_escape but it was marked as removed already
[11:01:03] [Server thread/WARN] [minecraft/ServerLevel]: Tried to add entity the_anomaly:anomaly_escape but it was marked as removed already
[11:01:03] [Server thread/WARN] [minecraft/ServerLevel]: Tried to add entity the_anomaly:anomaly_viewer but it was marked as removed already
[11:01:03] [Server thread/WARN] [minecraft/ServerLevel]: Tried to add entity the_anomaly:anomaly_trap but it was marked as removed already
[11:01:03] [Server thread/WARN] [minecraft/ServerLevel]: Tried to add entity the_anomaly:anomaly_escape but it was marked as removed already
[11:01:03] [Server thread/WARN] [minecraft/ServerLevel]: Tried to add entity the_anomaly:anomaly_escape but it was marked as removed already
[11:01:03] [Server thread/WARN] [minecraft/ServerLevel]: Tried to add entity the_anomaly:anomaly_viewer but it was marked as removed already
[11:01:03] [Server thread/WARN] [minecraft/ServerLevel]: Tried to add entity the_anomaly:anomaly_viewer but it was marked as removed already
[11:01:03] [Server thread/WARN] [minecraft/ServerLevel]: Tried to add entity the_anomaly:anomaly_escape but it was marked as removed already
[11:01:03] [Server thread/WARN] [minecraft/ServerLevel]: Tried to add entity the_anomaly:anomaly_escape but it was marked as removed already
[11:01:03] [Server thread/WARN] [minecraft/ServerLevel]: Tried to add entity the_anomaly:anomaly_viewer but it was marked as removed already
[11:01:03] [Server thread/WARN] [minecraft/ServerLevel]: Tried to add entity the_anomaly:anomaly_viewer but it was marked as removed already
[11:01:04] [Server thread/WARN] [minecraft/ServerLevel]: Tried to add entity the_anomaly:anomaly_escape but it was marked as removed already
[11:01:04] [Server thread/WARN] [minecraft/ServerLevel]: Tried to add entity the_anomaly:anomaly_escape but it was marked as removed already
[11:01:04] [Server thread/WARN] [minecraft/ServerLevel]: Tried to add entity the_anomaly:anomaly_trap but it was marked as removed already
[11:01:04] [Server thread/WARN] [minecraft/ServerLevel]: Tried to add entity the_anomaly:anomaly_trap but it was marked as removed already
[11:01:04] [Server thread/WARN] [minecraft/ServerLevel]: Tried to add entity the_anomaly:anomaly_escape but it was marked as removed already
[11:01:04] [Server thread/WARN] [minecraft/ServerLevel]: Tried to add entity the_anomaly:anomaly_viewer but it was marked as removed already
[11:01:04] [Server thread/WARN] [minecraft/ServerLevel]: Tried to add entity the_anomaly:anomaly_escape but it was marked as removed already
[11:01:04] [Server thread/WARN] [minecraft/ServerLevel]: Tried to add entity the_anomaly:anomaly_viewer but it was marked as removed already
[11:01:04] [Server thread/WARN] [minecraft/ServerLevel]: Tried to add entity the_anomaly:anomaly_escape but it was marked as removed already
[11:01:04] [Server thread/WARN] [minecraft/ServerLevel]: Tried to add entity the_anomaly:anomaly_viewer but it was marked as removed already
[11:01:04] [Server thread/WARN] [minecraft/ServerLevel]: Tried to add entity the_anomaly:anomaly_viewer but it was marked as removed already
[11:01:04] [Server thread/WARN] [minecraft/ServerLevel]: Tried to add entity the_anomaly:anomaly_viewer but it was marked as removed already
[11:01:04] [Server thread/WARN] [minecraft/ServerLevel]: Tried to add entity the_anomaly:anomaly_viewer but it was marked as removed already
[11:01:04] [Server thread/WARN] [minecraft/ServerLevel]: Tried to add entity the_anomaly:anomaly_escape but it was marked as removed already
[11:01:04] [Server thread/WARN] [minecraft/ServerLevel]: Tried to add entity the_anomaly:anomaly_viewer but it was marked as removed already
[11:01:04] [Server thread/WARN] [minecraft/ServerLevel]: Tried to add entity the_anomaly:anomaly_viewer but it was marked as removed already
[11:01:04] [Server thread/WARN] [minecraft/ServerLevel]: Tried to add entity the_anomaly:anomaly_escape but it was marked as removed already
[11:01:04] [Server thread/WARN] [minecraft/ServerLevel]: Tried to add entity the_anomaly:anomaly_viewer but it was marked as removed already
[11:01:04] [Server thread/WARN] [minecraft/ServerLevel]: Tried to add entity the_anomaly:anomaly_viewer but it was marked as removed already
[11:01:04] [Server thread/WARN] [minecraft/ServerLevel]: Tried to add entity the_anomaly:anomaly_escape but it was marked as removed already
[11:01:04] [Server thread/WARN] [minecraft/ServerLevel]: Tried to add entity the_anomaly:anomaly_escape but it was marked as removed already
[11:01:04] [Server thread/WARN] [minecraft/ServerLevel]: Tried to add entity the_anomaly:anomaly_viewer but it was marked as removed already
[11:01:04] [Server thread/WARN] [minecraft/ServerLevel]: Tried to add entity the_anomaly:anomaly_viewer but it was marked as removed already
[11:01:04] [Server thread/WARN] [minecraft/ServerLevel]: Tried to add entity the_anomaly:anomaly_escape but it was marked as removed already
[11:01:04] [Server thread/WARN] [minecraft/ServerLevel]: Tried to add entity the_anomaly:anomaly_trap but it was marked as removed already
[11:01:04] [Server thread/WARN] [minecraft/ServerLevel]: Tried to add entity the_anomaly:anomaly_escape but it was marked as removed already
[11:01:04] [Server thread/WARN] [minecraft/ServerLevel]: Tried to add entity the_anomaly:anomaly_trap but it was marked as removed already
[11:01:04] [Server thread/WARN] [minecraft/ServerLevel]: Tried to add entity the_anomaly:anomaly_trap but it was marked as removed already
[11:01:04] [Server thread/WARN] [minecraft/ServerLevel]: Tried to add entity the_anomaly:anomaly_viewer but it was marked as removed already
[11:01:04] [Server thread/WARN] [minecraft/ServerLevel]: Tried to add entity the_anomaly:anomaly_escape but it was marked as removed already
[11:01:04] [Server thread/WARN] [minecraft/ServerLevel]: Tried to add entity the_anomaly:anomaly_viewer but it was marked as removed already
[11:01:04] [Server thread/WARN] [minecraft/ServerLevel]: Tried to add entity the_anomaly:anomaly_viewer but it was marked as removed already
[11:01:05] [Server thread/WARN] [minecraft/ServerLevel]: Tried to add entity the_anomaly:anomaly_trap but it was marked as removed already
[11:01:05] [Server thread/WARN] [minecraft/ServerLevel]: Tried to add entity the_anomaly:anomaly_escape but it was marked as removed already
[11:01:05] [Server thread/WARN] [minecraft/ServerLevel]: Tried to add entity the_anomaly:anomaly_viewer but it was marked as removed already
[11:01:05] [Server thread/WARN] [minecraft/ServerLevel]: Tried to add entity the_anomaly:anomaly_escape but it was marked as removed already
[11:01:05] [Server thread/WARN] [minecraft/ServerLevel]: Tried to add entity the_anomaly:anomaly_escape but it was marked as removed already
[11:01:05] [Server thread/WARN] [minecraft/ServerLevel]: Tried to add entity the_anomaly:anomaly_trap but it was marked as removed already
[11:01:05] [Server thread/WARN] [minecraft/ServerLevel]: Tried to add entity the_anomaly:anomaly_viewer but it was marked as removed already
[11:01:05] [Server thread/WARN] [minecraft/ServerLevel]: Tried to add entity the_anomaly:anomaly_viewer but it was marked as removed already
[11:01:05] [Server thread/WARN] [minecraft/ServerLevel]: Tried to add entity the_anomaly:anomaly_escape but it was marked as removed already
[11:01:05] [Server thread/WARN] [minecraft/ServerLevel]: Tried to add entity the_anomaly:anomaly_viewer but it was marked as removed already
[11:01:05] [Server thread/WARN] [minecraft/ServerLevel]: Tried to add entity the_anomaly:anomaly_escape but it was marked as removed already
[11:01:05] [Server thread/WARN] [minecraft/ServerLevel]: Tried to add entity the_anomaly:anomaly_escape but it was marked as removed already
[11:01:05] [Server thread/WARN] [minecraft/ServerLevel]: Tried to add entity the_anomaly:anomaly_escape but it was marked as removed already
[11:01:05] [Server thread/WARN] [minecraft/ServerLevel]: Tried to add entity the_anomaly:anomaly_trap but it was marked as removed already
[11:01:05] [Server thread/WARN] [minecraft/ServerLevel]: Tried to add entity the_anomaly:anomaly_trap but it was marked as removed already
[11:01:05] [Server thread/WARN] [minecraft/ServerLevel]: Tried to add entity the_anomaly:anomaly_escape but it was marked as removed already
[11:01:05] [Server thread/WARN] [minecraft/ServerLevel]: Tried to add entity the_anomaly:anomaly_trap but it was marked as removed already
[11:01:05] [Server thread/WARN] [minecraft/ServerLevel]: Tried to add entity the_anomaly:anomaly_escape but it was marked as removed already
[11:01:05] [Server thread/WARN] [minecraft/ServerLevel]: Tried to add entity the_anomaly:anomaly_viewer but it was marked as removed already
[11:01:05] [Server thread/WARN] [minecraft/ServerLevel]: Tried to add entity the_anomaly:anomaly_viewer but it was marked as removed already
[11:01:05] [Server thread/WARN] [minecraft/ServerLevel]: Tried to add entity the_anomaly:anomaly_viewer but it was marked as removed already
[11:01:05] [Server thread/WARN] [minecraft/ServerLevel]: Tried to add entity the_anomaly:anomaly_trap but it was marked as removed already
[11:01:05] [Server thread/WARN] [minecraft/ServerLevel]: Tried to add entity the_anomaly:anomaly_trap but it was marked as removed already
[11:01:05] [Server thread/WARN] [minecraft/ServerLevel]: Tried to add entity the_anomaly:anomaly_viewer but it was marked as removed already
[11:01:05] [Server thread/WARN] [minecraft/ServerLevel]: Tried to add entity the_anomaly:anomaly_escape but it was marked as removed already
[11:01:05] [Server thread/WARN] [minecraft/ServerLevel]: Tried to add entity the_anomaly:anomaly_trap but it was marked as removed already
[11:01:05] [Server thread/WARN] [minecraft/ServerLevel]: Tried to add entity the_anomaly:anomaly_escape but it was marked as removed already
[11:01:05] [Server thread/WARN] [minecraft/ServerLevel]: Tried to add entity the_anomaly:anomaly_viewer but it was marked as removed already
[11:01:05] [Server thread/WARN] [minecraft/ServerLevel]: Tried to add entity the_anomaly:anomaly_viewer but it was marked as removed already
[11:01:05] [Server thread/WARN] [minecraft/ServerLevel]: Tried to add entity the_anomaly:anomaly_escape but it was marked as removed already
[11:01:05] [Server thread/WARN] [minecraft/ServerLevel]: Tried to add entity the_anomaly:anomaly_viewer but it was marked as removed already
[11:01:05] [Server thread/WARN] [minecraft/ServerLevel]: Tried to add entity the_anomaly:anomaly_escape but it was marked as removed already
[11:01:05] [Server thread/WARN] [minecraft/ServerLevel]: Tried to add entity the_anomaly:anomaly_escape but it was marked as removed already
[11:01:06] [Server thread/WARN] [minecraft/ServerLevel]: Tried to add entity the_anomaly:anomaly_viewer but it was marked as removed already
[11:01:06] [Server thread/WARN] [minecraft/ServerLevel]: Tried to add entity the_anomaly:anomaly_trap but it was marked as removed already
[11:01:06] [Server thread/WARN] [minecraft/ServerLevel]: Tried to add entity the_anomaly:anomaly_viewer but it was marked as removed already
[11:01:06] [Server thread/WARN] [minecraft/ServerLevel]: Tried to add entity the_anomaly:anomaly_viewer but it was marked as removed already
[11:01:06] [Server thread/WARN] [minecraft/ServerLevel]: Tried to add entity the_anomaly:anomaly_trap but it was marked as removed already
[11:01:06] [Server thread/WARN] [minecraft/ServerLevel]: Tried to add entity the_anomaly:anomaly_escape but it was marked as removed already
[11:01:06] [Server thread/WARN] [minecraft/ServerLevel]: Tried to add entity the_anomaly:anomaly_viewer but it was marked as removed already
[11:01:06] [Server thread/WARN] [minecraft/ServerLevel]: Tried to add entity the_anomaly:anomaly_viewer but it was marked as removed already
[11:01:06] [Server thread/WARN] [minecraft/ServerLevel]: Tried to add entity the_anomaly:anomaly_trap but it was marked as removed already
[11:01:06] [Server thread/WARN] [minecraft/ServerLevel]: Tried to add entity the_anomaly:anomaly_trap but it was marked as removed already
[11:01:06] [Server thread/WARN] [minecraft/ServerLevel]: Tried to add entity the_anomaly:anomaly_escape but it was marked as removed already
[11:01:06] [Server thread/WARN] [minecraft/ServerLevel]: Tried to add entity the_anomaly:anomaly_trap but it was marked as removed already
[11:01:06] [Server thread/WARN] [minecraft/ServerLevel]: Tried to add entity the_anomaly:anomaly_escape but it was marked as removed already
[11:01:06] [Server thread/WARN] [minecraft/ServerLevel]: Tried to add entity the_anomaly:anomaly_escape but it was marked as removed already
[11:01:06] [Server thread/WARN] [minecraft/ServerLevel]: Tried to add entity the_anomaly:anomaly_viewer but it was marked as removed already
[11:01:06] [Server thread/WARN] [minecraft/ServerLevel]: Tried to add entity the_anomaly:anomaly_viewer but it was marked as removed already
[11:01:06] [Server thread/WARN] [minecraft/ServerLevel]: Tried to add entity the_anomaly:anomaly_trap but it was marked as removed already
[11:01:06] [Server thread/WARN] [minecraft/ServerLevel]: Tried to add entity theplaguedoctor:plague_doctor but it was marked as removed already
[11:01:06] [Server thread/WARN] [minecraft/ServerLevel]: Tried to add entity the_anomaly:anomaly_trap but it was marked as removed already
[11:01:06] [Server thread/WARN] [minecraft/ServerLevel]: Tried to add entity the_anomaly:anomaly_trap but it was marked as removed already
[11:01:06] [Server thread/WARN] [minecraft/ServerLevel]: Tried to add entity the_anomaly:anomaly_viewer but it was marked as removed already
[11:01:06] [Server thread/WARN] [minecraft/ServerLevel]: Tried to add entity the_anomaly:anomaly_viewer but it was marked as removed already
[11:01:06] [Server thread/WARN] [minecraft/ServerLevel]: Tried to add entity the_anomaly:anomaly_escape but it was marked as removed already
[11:01:06] [Server thread/WARN] [minecraft/ServerLevel]: Tried to add entity the_anomaly:anomaly_escape but it was marked as removed already
[11:01:06] [Server thread/WARN] [minecraft/ServerLevel]: Tried to add entity the_anomaly:anomaly_trap but it was marked as removed already
[11:01:06] [Server thread/WARN] [minecraft/ServerLevel]: Tried to add entity the_anomaly:anomaly_viewer but it was marked as removed already
[11:01:06] [Server thread/WARN] [minecraft/ServerLevel]: Tried to add entity the_anomaly:anomaly_escape but it was marked as removed already
[11:01:06] [Server thread/WARN] [minecraft/ServerLevel]: Tried to add entity the_anomaly:anomaly_trap but it was marked as removed already
[11:01:06] [Server thread/WARN] [minecraft/ServerLevel]: Tried to add entity the_anomaly:anomaly_escape but it was marked as removed already
[11:01:06] [Server thread/WARN] [minecraft/ServerLevel]: Tried to add entity the_anomaly:anomaly_trap but it was marked as removed already
[11:01:07] [Server thread/WARN] [minecraft/ServerLevel]: Tried to add entity the_anomaly:anomaly_viewer but it was marked as removed already
[11:01:07] [Server thread/WARN] [minecraft/ServerLevel]: Tried to add entity the_anomaly:anomaly_trap but it was marked as removed already
[11:01:07] [Server thread/WARN] [minecraft/ServerLevel]: Tried to add entity the_anomaly:anomaly_viewer but it was marked as removed already
[11:01:07] [Server thread/WARN] [minecraft/ServerLevel]: Tried to add entity the_anomaly:anomaly_viewer but it was marked as removed already
[11:01:07] [Server thread/WARN] [minecraft/ServerLevel]: Tried to add entity the_anomaly:anomaly_escape but it was marked as removed already
[11:01:07] [Server thread/WARN] [minecraft/ServerLevel]: Tried to add entity the_anomaly:anomaly_escape but it was marked as removed already
[11:01:07] [Server thread/WARN] [minecraft/ServerLevel]: Tried to add entity the_anomaly:anomaly_escape but it was marked as removed already
[11:01:07] [Server thread/WARN] [minecraft/ServerLevel]: Tried to add entity the_anomaly:anomaly_escape but it was marked as removed already
[11:01:07] [Server thread/WARN] [minecraft/ServerLevel]: Tried to add entity the_anomaly:anomaly_escape but it was marked as removed already
[11:01:07] [Server thread/WARN] [minecraft/ServerLevel]: Tried to add entity the_anomaly:anomaly_escape but it was marked as removed already
[11:01:07] [Server thread/WARN] [minecraft/ServerLevel]: Tried to add entity the_anomaly:anomaly_viewer but it was marked as removed already
[11:01:07] [Server thread/WARN] [minecraft/ServerLevel]: Tried to add entity the_anomaly:anomaly_escape but it was marked as removed already
[11:01:07] [Server thread/WARN] [minecraft/ServerLevel]: Tried to add entity the_anomaly:anomaly_trap but it was marked as removed already
[11:01:07] [Server thread/WARN] [minecraft/ServerLevel]: Tried to add entity the_anomaly:anomaly_trap but it was marked as removed already
[11:01:07] [Server thread/WARN] [minecraft/ServerLevel]: Tried to add entity the_anomaly:anomaly_escape but it was marked as removed already
[11:01:07] [Server thread/INFO] [minecraft/MinecraftServer]: [YAMAPROSIH: Set the world spawn point to 57, 59, -14 [0.0]]
[11:01:07] [Server thread/WARN] [minecraft/ServerLevel]: Tried to add entity the_anomaly:anomaly_trap but it was marked as removed already
[11:01:07] [Server thread/WARN] [minecraft/ServerLevel]: Tried to add entity the_anomaly:anomaly_viewer but it was marked as removed already
[11:01:07] [Server thread/WARN] [minecraft/ServerLevel]: Tried to add entity the_anomaly:anomaly_escape but it was marked as removed already
[11:01:07] [Server thread/WARN] [minecraft/ServerLevel]: Tried to add entity the_anomaly:anomaly_escape but it was marked as removed already
[11:01:07] [Server thread/WARN] [minecraft/ServerLevel]: Tried to add entity the_anomaly:anomaly_viewer but it was marked as removed already
[11:01:07] [Server thread/WARN] [minecraft/ServerLevel]: Tried to add entity the_anomaly:anomaly_viewer but it was marked as removed already
[11:01:07] [Server thread/WARN] [minecraft/ServerLevel]: Tried to add entity the_anomaly:anomaly_trap but it was marked as removed already
[11:01:07] [Server thread/WARN] [minecraft/ServerLevel]: Tried to add entity the_anomaly:anomaly_escape but it was marked as removed already
[11:01:07] [Server thread/WARN] [minecraft/ServerLevel]: Tried to add entity the_anomaly:anomaly_trap but it was marked as removed already
[11:01:07] [Server thread/WARN] [minecraft/ServerLevel]: Tried to add entity the_anomaly:anomaly_escape but it was marked as removed already
[11:01:07] [Server thread/WARN] [minecraft/ServerLevel]: Tried to add entity the_anomaly:anomaly_trap but it was marked as removed already
[11:01:07] [Server thread/WARN] [minecraft/ServerLevel]: Tried to add entity the_anomaly:anomaly_trap but it was marked as removed already
[11:01:07] [Server thread/WARN] [minecraft/ServerLevel]: Tried to add entity the_anomaly:anomaly_escape but it was marked as removed already
[11:01:07] [Server thread/WARN] [minecraft/ServerLevel]: Tried to add entity the_anomaly:anomaly_viewer but it was marked as removed already
[11:01:07] [Server thread/WARN] [minecraft/ServerLevel]: Tried to add entity the_anomaly:anomaly_escape but it was marked as removed already
[11:01:07] [Server thread/WARN] [minecraft/ServerLevel]: Tried to add entity the_anomaly:anomaly_viewer but it was marked as removed already
[11:01:07] [Server thread/WARN] [minecraft/ServerLevel]: Tried to add entity the_anomaly:anomaly_viewer but it was marked as removed already
[11:01:07] [Server thread/WARN] [minecraft/ServerLevel]: Tried to add entity the_anomaly:anomaly_viewer but it was marked as removed already
[11:01:07] [Server thread/WARN] [minecraft/ServerLevel]: Tried to add entity the_anomaly:anomaly_trap but it was marked as removed already
[11:01:07] [Server thread/WARN] [minecraft/ServerLevel]: Tried to add entity the_anomaly:anomaly_trap but it was marked as removed already
[11:01:07] [Server thread/WARN] [minecraft/ServerLevel]: Tried to add entity the_anomaly:anomaly_viewer but it was marked as removed already
[11:01:07] [Server thread/WARN] [minecraft/ServerLevel]: Tried to add entity the_anomaly:anomaly_viewer but it was marked as removed already
[11:01:07] [Server thread/WARN] [minecraft/ServerLevel]: Tried to add entity the_anomaly:anomaly_trap but it was marked as removed already
[11:01:07] [Server thread/WARN] [minecraft/ServerLevel]: Tried to add entity the_anomaly:anomaly_escape but it was marked as removed already
[11:01:07] [Server thread/WARN] [minecraft/ServerLevel]: Tried to add entity the_anomaly:anomaly_viewer but it was marked as removed already
[11:01:07] [Server thread/WARN] [minecraft/ServerLevel]: Tried to add entity the_anomaly:anomaly_escape but it was marked as removed already
[11:01:07] [Server thread/WARN] [minecraft/ServerLevel]: Tried to add entity the_anomaly:anomaly_viewer but it was marked as removed already
[11:01:08] [Server thread/WARN] [minecraft/ServerLevel]: Tried to add entity the_anomaly:anomaly_viewer but it was marked as removed already
[11:01:08] [Server thread/WARN] [minecraft/ServerLevel]: Tried to add entity the_anomaly:anomaly_trap but it was marked as removed already
[11:01:08] [Server thread/WARN] [minecraft/ServerLevel]: Tried to add entity the_anomaly:anomaly_viewer but it was marked as removed already
[11:01:08] [Server thread/WARN] [minecraft/ServerLevel]: Tried to add entity the_anomaly:anomaly_trap but it was marked as removed already
[11:01:08] [Server thread/WARN] [minecraft/ServerLevel]: Tried to add entity the_anomaly:anomaly_viewer but it was marked as removed already
[11:01:08] [Server thread/WARN] [minecraft/ServerLevel]: Tried to add entity the_anomaly:anomaly_viewer but it was marked as removed already
[11:01:08] [Server thread/WARN] [minecraft/ServerLevel]: Tried to add entity the_anomaly:anomaly_escape but it was marked as removed already
[11:01:08] [Server thread/WARN] [minecraft/ServerLevel]: Tried to add entity theplaguedoctor:plague_doctor but it was marked as removed already
[11:01:08] [Server thread/WARN] [minecraft/ServerLevel]: Tried to add entity the_anomaly:anomaly_escape but it was marked as removed already
[11:01:08] [Server thread/WARN] [minecraft/ServerLevel]: Tried to add entity the_anomaly:anomaly_escape but it was marked as removed already
[11:01:08] [Server thread/WARN] [minecraft/ServerLevel]: Tried to add entity the_anomaly:anomaly_escape but it was marked as removed already
[11:01:08] [Server thread/WARN] [minecraft/ServerLevel]: Tried to add entity the_anomaly:anomaly_escape but it was marked as removed already
[11:01:08] [Server thread/WARN] [minecraft/ServerLevel]: Tried to add entity the_anomaly:anomaly_trap but it was marked as removed already
[11:01:08] [Server thread/WARN] [minecraft/ServerLevel]: Tried to add entity the_anomaly:anomaly_escape but it was marked as removed already
[11:01:08] [Server thread/WARN] [minecraft/ServerLevel]: Tried to add entity the_anomaly:anomaly_trap but it was marked as removed already
[11:01:08] [Server thread/WARN] [minecraft/ServerLevel]: Tried to add entity the_anomaly:anomaly_escape but it was marked as removed already
[11:01:08] [Server thread/WARN] [minecraft/ServerLevel]: Tried to add entity the_anomaly:anomaly_escape but it was marked as removed already
[11:01:08] [Server thread/WARN] [minecraft/ServerLevel]: Tried to add entity the_anomaly:anomaly_viewer but it was marked as removed already
[11:01:08] [Server thread/WARN] [minecraft/ServerLevel]: Tried to add entity the_anomaly:anomaly_trap but it was marked as removed already
[11:01:08] [Server thread/WARN] [minecraft/ServerLevel]: Tried to add entity the_anomaly:anomaly_viewer but it was marked as removed already
[11:01:08] [Server thread/WARN] [minecraft/ServerLevel]: Tried to add entity the_anomaly:anomaly_trap but it was marked as removed already
[11:01:08] [Server thread/WARN] [minecraft/ServerLevel]: Tried to add entity the_anomaly:anomaly_escape but it was marked as removed already
[11:01:08] [Server thread/WARN] [minecraft/ServerLevel]: Tried to add entity the_anomaly:anomaly_escape but it was marked as removed already
[11:01:08] [Server thread/WARN] [minecraft/ServerLevel]: Tried to add entity the_anomaly:anomaly_trap but it was marked as removed already
[11:01:08] [Server thread/WARN] [minecraft/ServerLevel]: Tried to add entity the_anomaly:anomaly_trap but it was marked as removed already
[11:01:08] [Server thread/WARN] [minecraft/ServerLevel]: Tried to add entity the_anomaly:anomaly_viewer but it was marked as removed already
[11:01:08] [Server thread/WARN] [minecraft/ServerLevel]: Tried to add entity the_anomaly:anomaly_viewer but it was marked as removed already
[11:01:08] [Server thread/WARN] [minecraft/ServerLevel]: Tried to add entity the_anomaly:anomaly_viewer but it was marked as removed already
[11:01:08] [Server thread/WARN] [minecraft/ServerLevel]: Tried to add entity the_anomaly:anomaly_trap but it was marked as removed already
[11:01:09] [Server thread/WARN] [minecraft/ServerLevel]: Tried to add entity the_anomaly:anomaly_viewer but it was marked as removed already
[11:01:09] [Server thread/WARN] [minecraft/ServerLevel]: Tried to add entity the_anomaly:anomaly_trap but it was marked as removed already
[11:01:09] [Server thread/WARN] [minecraft/ServerLevel]: Tried to add entity the_anomaly:anomaly_escape but it was marked as removed already
[11:01:09] [Server thread/WARN] [minecraft/ServerLevel]: Tried to add entity the_anomaly:anomaly_escape but it was marked as removed already
[11:01:09] [Server thread/WARN] [minecraft/ServerLevel]: Tried to add entity the_anomaly:anomaly_escape but it was marked as removed already
[11:01:09] [Server thread/WARN] [minecraft/ServerLevel]: Tried to add entity the_anomaly:anomaly_trap but it was marked as removed already
[11:01:09] [Server thread/WARN] [minecraft/ServerLevel]: Tried to add entity the_anomaly:anomaly_trap but it was marked as removed already
[11:01:09] [Server thread/WARN] [minecraft/ServerLevel]: Tried to add entity the_anomaly:anomaly_viewer but it was marked as removed already
[11:01:09] [Server thread/WARN] [minecraft/ServerLevel]: Tried to add entity theplaguedoctor:plague_doctor but it was marked as removed already
[11:01:09] [Server thread/WARN] [minecraft/ServerLevel]: Tried to add entity the_anomaly:anomaly_trap but it was marked as removed already
[11:01:09] [Server thread/WARN] [minecraft/ServerLevel]: Tried to add entity the_anomaly:anomaly_trap but it was marked as removed already
[11:01:09] [Server thread/WARN] [minecraft/ServerLevel]: Tried to add entity the_anomaly:anomaly_escape but it was marked as removed already
[11:01:09] [Server thread/WARN] [minecraft/ServerLevel]: Tried to add entity the_anomaly:anomaly_viewer but it was marked as removed already
[11:01:09] [Server thread/WARN] [minecraft/ServerLevel]: Tried to add entity the_anomaly:anomaly_viewer but it was marked as removed already
[11:01:09] [Server thread/WARN] [minecraft/ServerLevel]: Tried to add entity the_anomaly:anomaly_trap but it was marked as removed already
[11:01:09] [Server thread/WARN] [minecraft/ServerLevel]: Tried to add entity the_anomaly:anomaly_trap but it was marked as removed already
[11:01:09] [Server thread/WARN] [minecraft/ServerLevel]: Tried to add entity the_anomaly:anomaly_trap but it was marked as removed already
[11:01:09] [Server thread/WARN] [minecraft/ServerLevel]: Tried to add entity the_anomaly:anomaly_trap but it was marked as removed already
[11:01:09] [Server thread/WARN] [minecraft/ServerLevel]: Tried to add entity the_anomaly:anomaly_escape but it was marked as removed already
[11:01:09] [Server thread/WARN] [minecraft/ServerLevel]: Tried to add entity the_anomaly:anomaly_escape but it was marked as removed already
[11:01:09] [Server thread/WARN] [minecraft/ServerLevel]: Tried to add entity the_anomaly:anomaly_trap but it was marked as removed already
[11:01:09] [Server thread/WARN] [minecraft/ServerLevel]: Tried to add entity the_anomaly:anomaly_viewer but it was marked as removed already
[11:01:09] [Server thread/WARN] [minecraft/ServerLevel]: Tried to add entity the_anomaly:anomaly_trap but it was marked as removed already
[11:01:09] [Server thread/WARN] [minecraft/ServerLevel]: Tried to add entity the_anomaly:anomaly_trap but it was marked as removed already
[11:01:09] [Server thread/WARN] [minecraft/ServerLevel]: Tried to add entity the_anomaly:anomaly_trap but it was marked as removed already
[11:01:09] [Server thread/WARN] [minecraft/ServerLevel]: Tried to add entity the_anomaly:anomaly_escape but it was marked as removed already
[11:01:09] [Server thread/WARN] [minecraft/ServerLevel]: Tried to add entity the_anomaly:anomaly_trap but it was marked as removed already
[11:01:09] [Server thread/WARN] [minecraft/ServerLevel]: Tried to add entity the_anomaly:anomaly_viewer but it was marked as removed already
[11:01:09] [Server thread/WARN] [minecraft/ServerLevel]: Tried to add entity the_anomaly:anomaly_trap but it was marked as removed already
[11:01:09] [Server thread/WARN] [minecraft/ServerLevel]: Tried to add entity the_anomaly:anomaly_trap but it was marked as removed already
[11:01:09] [Server thread/WARN] [minecraft/ServerLevel]: Tried to add entity the_anomaly:anomaly_trap but it was marked as removed already
[11:01:09] [Server thread/WARN] [minecraft/ServerLevel]: Tried to add entity the_anomaly:anomaly_trap but it was marked as removed already
[11:01:09] [Server thread/WARN] [minecraft/ServerLevel]: Tried to add entity the_anomaly:anomaly_escape but it was marked as removed already
[11:01:09] [Server thread/WARN] [minecraft/ServerLevel]: Tried to add entity the_anomaly:anomaly_viewer but it was marked as removed already
[11:01:09] [Server thread/WARN] [minecraft/ServerLevel]: Tried to add entity the_anomaly:anomaly_escape but it was marked as removed already
[11:01:09] [Server thread/WARN] [minecraft/ServerLevel]: Tried to add entity the_anomaly:anomaly_viewer but it was marked as removed already
[11:01:09] [Server thread/WARN] [minecraft/ServerLevel]: Tried to add entity the_anomaly:anomaly_escape but it was marked as removed already
[11:01:09] [Server thread/WARN] [minecraft/ServerLevel]: Tried to add entity the_anomaly:anomaly_trap but it was marked as removed already
[11:01:09] [Server thread/WARN] [minecraft/ServerLevel]: Tried to add entity the_anomaly:anomaly_trap but it was marked as removed already
[11:01:10] [Server thread/WARN] [minecraft/ServerLevel]: Tried to add entity the_anomaly:anomaly_escape but it was marked as removed already
[11:01:10] [Server thread/WARN] [minecraft/ServerLevel]: Tried to add entity the_anomaly:anomaly_escape but it was marked as removed already
[11:01:10] [Server thread/WARN] [minecraft/ServerLevel]: Tried to add entity the_anomaly:anomaly_viewer but it was marked as removed already
[11:01:10] [Server thread/WARN] [minecraft/ServerLevel]: Tried to add entity the_anomaly:anomaly_trap but it was marked as removed already
[11:01:10] [Server thread/WARN] [minecraft/ServerLevel]: Tried to add entity the_anomaly:anomaly_viewer but it was marked as removed already
[11:01:10] [Server thread/WARN] [minecraft/ServerLevel]: Tried to add entity the_anomaly:anomaly_viewer but it was marked as removed already
[11:01:10] [Server thread/WARN] [minecraft/ServerLevel]: Tried to add entity the_anomaly:anomaly_trap but it was marked as removed already
[11:01:10] [Server thread/WARN] [minecraft/ServerLevel]: Tried to add entity the_anomaly:anomaly_trap but it was marked as removed already
[11:01:10] [Server thread/WARN] [minecraft/ServerLevel]: Tried to add entity the_anomaly:anomaly_viewer but it was marked as removed already
[11:01:10] [Server thread/WARN] [minecraft/ServerLevel]: Tried to add entity the_anomaly:anomaly_viewer but it was marked as removed already
[11:01:10] [Server thread/WARN] [minecraft/ServerLevel]: Tried to add entity the_anomaly:anomaly_escape but it was marked as removed already
[11:01:10] [Server thread/WARN] [minecraft/ServerLevel]: Tried to add entity the_anomaly:anomaly_viewer but it was marked as removed already
[11:01:10] [Server thread/WARN] [minecraft/ServerLevel]: Tried to add entity the_anomaly:anomaly_viewer but it was marked as removed already
[11:01:10] [Server thread/WARN] [minecraft/ServerLevel]: Tried to add entity the_anomaly:anomaly_viewer but it was marked as removed already
[11:01:10] [Server thread/WARN] [minecraft/ServerLevel]: Tried to add entity the_anomaly:anomaly_viewer but it was marked as removed already
[11:01:10] [Server thread/WARN] [minecraft/ServerLevel]: Tried to add entity the_anomaly:anomaly_trap but it was marked as removed already
[11:01:10] [Server thread/WARN] [minecraft/ServerLevel]: Tried to add entity the_anomaly:anomaly_trap but it was marked as removed already
[11:01:10] [Server thread/WARN] [minecraft/ServerLevel]: Tried to add entity the_anomaly:anomaly_escape but it was marked as removed already
[11:01:10] [Server thread/WARN] [minecraft/ServerLevel]: Tried to add entity the_anomaly:anomaly_escape but it was marked as removed already
[11:01:10] [Server thread/WARN] [minecraft/ServerLevel]: Tried to add entity the_anomaly:anomaly_trap but it was marked as removed already
[11:01:10] [Server thread/WARN] [minecraft/ServerLevel]: Tried to add entity the_anomaly:anomaly_escape but it was marked as removed already
[11:01:10] [Server thread/WARN] [minecraft/ServerLevel]: Tried to add entity the_anomaly:anomaly_viewer but it was marked as removed already
[11:01:10] [Server thread/WARN] [minecraft/ServerLevel]: Tried to add entity the_anomaly:anomaly_escape but it was marked as removed already
[11:01:10] [Server thread/WARN] [minecraft/ServerLevel]: Tried to add entity the_anomaly:anomaly_escape but it was marked as removed already
[11:01:10] [Server thread/WARN] [minecraft/ServerLevel]: Tried to add entity the_anomaly:anomaly_escape but it was marked as removed already
[11:01:10] [Server thread/WARN] [minecraft/ServerLevel]: Tried to add entity the_anomaly:anomaly_trap but it was marked as removed already
[11:01:10] [Server thread/WARN] [minecraft/ServerLevel]: Tried to add entity the_anomaly:anomaly_escape but it was marked as removed already
[11:01:10] [Server thread/WARN] [minecraft/ServerLevel]: Tried to add entity the_anomaly:anomaly_viewer but it was marked as removed already
[11:01:10] [Server thread/WARN] [minecraft/ServerLevel]: Tried to add entity the_anomaly:anomaly_viewer but it was marked as removed already
[11:01:10] [Server thread/WARN] [minecraft/ServerLevel]: Tried to add entity the_anomaly:anomaly_viewer but it was marked as removed already
[11:01:11] [Server thread/WARN] [minecraft/ServerLevel]: Tried to add entity the_anomaly:anomaly_viewer but it was marked as removed already
[11:01:11] [Server thread/WARN] [minecraft/ServerLevel]: Tried to add entity the_anomaly:anomaly_trap but it was marked as removed already
[11:01:11] [Server thread/WARN] [minecraft/ServerLevel]: Tried to add entity the_anomaly:anomaly_escape but it was marked as removed already
[11:01:11] [Server thread/WARN] [minecraft/ServerLevel]: Tried to add entity the_anomaly:anomaly_trap but it was marked as removed already
[11:01:11] [Server thread/WARN] [minecraft/ServerLevel]: Tried to add entity the_anomaly:anomaly_viewer but it was marked as removed already
[11:01:11] [Server thread/WARN] [minecraft/ServerLevel]: Tried to add entity the_anomaly:anomaly_escape but it was marked as removed already
[11:01:11] [Server thread/WARN] [minecraft/ServerLevel]: Tried to add entity the_anomaly:anomaly_viewer but it was marked as removed already
[11:01:11] [Server thread/WARN] [minecraft/ServerLevel]: Tried to add entity the_anomaly:anomaly_escape but it was marked as removed already
[11:01:11] [Server thread/WARN] [minecraft/ServerLevel]: Tried to add entity the_anomaly:anomaly_trap but it was marked as removed already
[11:01:11] [Server thread/WARN] [minecraft/ServerLevel]: Tried to add entity the_anomaly:anomaly_trap but it was marked as removed already
[11:01:11] [Server thread/WARN] [minecraft/ServerLevel]: Tried to add entity the_anomaly:anomaly_escape but it was marked as removed already
[11:01:11] [Server thread/WARN] [minecraft/ServerLevel]: Tried to add entity the_anomaly:anomaly_trap but it was marked as removed already
[11:01:11] [Server thread/WARN] [minecraft/ServerLevel]: Tried to add entity the_anomaly:anomaly_viewer but it was marked as removed already
[11:01:11] [Server thread/WARN] [minecraft/ServerLevel]: Tried to add entity the_anomaly:anomaly_viewer but it was marked as removed already
[11:01:11] [Server thread/WARN] [minecraft/ServerLevel]: Tried to add entity the_anomaly:anomaly_viewer but it was marked as removed already
[11:01:11] [Server thread/WARN] [minecraft/ServerLevel]: Tried to add entity the_anomaly:anomaly_viewer but it was marked as removed already
[11:01:11] [Server thread/WARN] [minecraft/ServerLevel]: Tried to add entity the_anomaly:anomaly_escape but it was marked as removed already
[11:01:11] [Server thread/WARN] [minecraft/ServerLevel]: Tried to add entity the_anomaly:anomaly_trap but it was marked as removed already
[11:01:11] [Server thread/WARN] [minecraft/ServerLevel]: Tried to add entity the_anomaly:anomaly_escape but it was marked as removed already
[11:01:11] [Server thread/WARN] [minecraft/ServerLevel]: Tried to add entity the_anomaly:anomaly_trap but it was marked as removed already
[11:01:11] [Server thread/WARN] [minecraft/ServerLevel]: Tried to add entity the_anomaly:anomaly_escape but it was marked as removed already
[11:01:11] [Server thread/WARN] [minecraft/ServerLevel]: Tried to add entity the_anomaly:anomaly_escape but it was marked as removed already
[11:01:11] [Server thread/WARN] [minecraft/ServerLevel]: Tried to add entity the_anomaly:anomaly_viewer but it was marked as removed already
[11:01:11] [Server thread/WARN] [minecraft/ServerLevel]: Tried to add entity the_anomaly:anomaly_trap but it was marked as removed already
[11:01:11] [Server thread/WARN] [minecraft/ServerLevel]: Tried to add entity the_anomaly:anomaly_viewer but it was marked as removed already
[11:01:11] [Server thread/WARN] [minecraft/ServerLevel]: Tried to add entity the_anomaly:anomaly_trap but it was marked as removed already
[11:01:11] [Server thread/WARN] [minecraft/ServerLevel]: Tried to add entity the_anomaly:anomaly_viewer but it was marked as removed already
[11:01:11] [Server thread/WARN] [minecraft/ServerLevel]: Tried to add entity the_anomaly:anomaly_escape but it was marked as removed already
[11:01:11] [Server thread/WARN] [minecraft/ServerLevel]: Tried to add entity the_anomaly:anomaly_viewer but it was marked as removed already
[11:01:11] [Server thread/WARN] [minecraft/ServerLevel]: Tried to add entity the_anomaly:anomaly_viewer but it was marked as removed already
[11:01:11] [Server thread/WARN] [minecraft/ServerLevel]: Tried to add entity the_anomaly:anomaly_trap but it was marked as removed already
[11:01:11] [Server thread/WARN] [minecraft/ServerLevel]: Tried to add entity the_anomaly:anomaly_viewer but it was marked as removed already
[11:01:11] [Server thread/WARN] [minecraft/ServerLevel]: Tried to add entity the_anomaly:anomaly_viewer but it was marked as removed already
[11:01:11] [Server thread/WARN] [minecraft/ServerLevel]: Tried to add entity the_anomaly:anomaly_escape but it was marked as removed already
[11:01:11] [Server thread/WARN] [minecraft/ServerLevel]: Tried to add entity the_anomaly:anomaly_trap but it was marked as removed already
[11:01:11] [Server thread/WARN] [minecraft/ServerLevel]: Tried to add entity the_anomaly:anomaly_escape but it was marked as removed already
[11:01:11] [Server thread/WARN] [minecraft/ServerLevel]: Tried to add entity the_anomaly:anomaly_viewer but it was marked as removed already
[11:01:11] [Server thread/WARN] [minecraft/ServerLevel]: Tried to add entity the_anomaly:anomaly_escape but it was marked as removed already
[11:01:11] [Server thread/WARN] [minecraft/ServerLevel]: Tried to add entity the_anomaly:anomaly_trap but it was marked as removed already
[11:01:11] [Server thread/WARN] [minecraft/ServerLevel]: Tried to add entity the_anomaly:anomaly_viewer but it was marked as removed already
[11:01:11] [Server thread/WARN] [minecraft/ServerLevel]: Tried to add entity the_anomaly:anomaly_escape but it was marked as removed already
[11:01:11] [Server thread/WARN] [minecraft/ServerLevel]: Tried to add entity the_anomaly:anomaly_escape but it was marked as removed already
[11:01:12] [Server thread/WARN] [minecraft/ServerLevel]: Tried to add entity the_anomaly:anomaly_trap but it was marked as removed already
[11:01:12] [Server thread/WARN] [minecraft/ServerLevel]: Tried to add entity the_anomaly:anomaly_escape but it was marked as removed already
[11:01:12] [Server thread/WARN] [minecraft/ServerLevel]: Tried to add entity the_anomaly:anomaly_viewer but it was marked as removed already
[11:01:12] [Server thread/WARN] [minecraft/ServerLevel]: Tried to add entity the_anomaly:anomaly_viewer but it was marked as removed already
[11:01:12] [Server thread/WARN] [minecraft/ServerLevel]: Tried to add entity the_anomaly:anomaly_trap but it was marked as removed already
[11:01:12] [Server thread/WARN] [minecraft/ServerLevel]: Tried to add entity the_anomaly:anomaly_viewer but it was marked as removed already
[11:01:12] [Server thread/WARN] [minecraft/ServerLevel]: Tried to add entity the_anomaly:anomaly_viewer but it was marked as removed already
[11:01:12] [Server thread/WARN] [minecraft/ServerLevel]: Tried to add entity the_anomaly:anomaly_trap but it was marked as removed already
[11:01:12] [Server thread/WARN] [minecraft/ServerLevel]: Tried to add entity the_anomaly:anomaly_viewer but it was marked as removed already
[11:01:12] [Server thread/WARN] [minecraft/ServerLevel]: Tried to add entity the_anomaly:anomaly_viewer but it was marked as removed already
[11:01:12] [Server thread/WARN] [minecraft/ServerLevel]: Tried to add entity the_anomaly:anomaly_escape but it was marked as removed already
[11:01:12] [Server thread/WARN] [minecraft/ServerLevel]: Tried to add entity the_anomaly:anomaly_viewer but it was marked as removed already
[11:01:12] [Server thread/WARN] [minecraft/ServerLevel]: Tried to add entity the_anomaly:anomaly_escape but it was marked as removed already
[11:01:12] [Server thread/WARN] [minecraft/ServerLevel]: Tried to add entity the_anomaly:anomaly_escape but it was marked as removed already
[11:01:12] [Server thread/WARN] [minecraft/ServerLevel]: Tried to add entity the_anomaly:anomaly_viewer but it was marked as removed already
[11:01:12] [Server thread/WARN] [minecraft/ServerLevel]: Tried to add entity the_anomaly:anomaly_trap but it was marked as removed already
[11:01:12] [Server thread/WARN] [minecraft/ServerLevel]: Tried to add entity the_anomaly:anomaly_viewer but it was marked as removed already
[11:01:12] [Server thread/WARN] [minecraft/ServerLevel]: Tried to add entity the_anomaly:anomaly_viewer but it was marked as removed already
[11:01:12] [Server thread/WARN] [minecraft/ServerLevel]: Tried to add entity the_anomaly:anomaly_escape but it was marked as removed already
[11:01:12] [Server thread/WARN] [minecraft/ServerLevel]: Tried to add entity the_anomaly:anomaly_escape but it was marked as removed already
[11:01:12] [Server thread/WARN] [minecraft/ServerLevel]: Tried to add entity the_anomaly:anomaly_escape but it was marked as removed already
[11:01:12] [Server thread/WARN] [minecraft/ServerLevel]: Tried to add entity the_anomaly:anomaly_viewer but it was marked as removed already
[11:01:12] [Server thread/WARN] [minecraft/ServerLevel]: Tried to add entity the_anomaly:anomaly_trap but it was marked as removed already
[11:01:12] [Server thread/WARN] [minecraft/ServerLevel]: Tried to add entity the_anomaly:anomaly_escape but it was marked as removed already
[11:01:12] [Server thread/WARN] [minecraft/ServerLevel]: Tried to add entity the_anomaly:anomaly_viewer but it was marked as removed already
[11:01:12] [Server thread/WARN] [minecraft/ServerLevel]: Tried to add entity the_anomaly:anomaly_viewer but it was marked as removed already
[11:01:12] [Server thread/WARN] [minecraft/ServerLevel]: Tried to add entity the_anomaly:anomaly_trap but it was marked as removed already
[11:01:12] [Server thread/WARN] [minecraft/ServerLevel]: Tried to add entity the_anomaly:anomaly_trap but it was marked as removed already
[11:01:12] [Server thread/WARN] [minecraft/ServerLevel]: Tried to add entity the_anomaly:anomaly_viewer but it was marked as removed already
[11:01:12] [Server thread/WARN] [minecraft/ServerLevel]: Tried to add entity the_anomaly:anomaly_trap but it was marked as removed already
[11:01:12] [Server thread/WARN] [minecraft/ServerLevel]: Tried to add entity the_anomaly:anomaly_escape but it was marked as removed already
[11:01:12] [Server thread/WARN] [minecraft/ServerLevel]: Tried to add entity the_anomaly:anomaly_escape but it was marked as removed already
[11:01:12] [Server thread/WARN] [minecraft/ServerLevel]: Tried to add entity the_anomaly:anomaly_viewer but it was marked as removed already
[11:01:12] [Server thread/WARN] [minecraft/ServerLevel]: Tried to add entity the_anomaly:anomaly_escape but it was marked as removed already
[11:01:12] [Server thread/WARN] [minecraft/ServerLevel]: Tried to add entity the_anomaly:anomaly_escape but it was marked as removed already
[11:01:12] [Server thread/WARN] [minecraft/ServerLevel]: Tried to add entity the_anomaly:anomaly_trap but it was marked as removed already
[11:01:13] [Server thread/WARN] [minecraft/ServerLevel]: Tried to add entity the_anomaly:anomaly_viewer but it was marked as removed already
[11:01:13] [Server thread/WARN] [minecraft/ServerLevel]: Tried to add entity the_anomaly:anomaly_escape but it was marked as removed already
[11:01:13] [Server thread/WARN] [minecraft/ServerLevel]: Tried to add entity the_anomaly:anomaly_trap but it was marked as removed already
[11:01:13] [Server thread/WARN] [minecraft/ServerLevel]: Tried to add entity the_anomaly:anomaly_escape but it was marked as removed already
[11:01:13] [Server thread/WARN] [minecraft/ServerLevel]: Tried to add entity the_anomaly:anomaly_trap but it was marked as removed already
[11:01:13] [Server thread/WARN] [minecraft/ServerLevel]: Tried to add entity the_anomaly:anomaly_viewer but it was marked as removed already
[11:01:13] [Server thread/WARN] [minecraft/ServerLevel]: Tried to add entity the_anomaly:anomaly_viewer but it was marked as removed already
[11:01:13] [Server thread/WARN] [minecraft/ServerLevel]: Tried to add entity the_anomaly:anomaly_viewer but it was marked as removed already
[11:01:13] [Server thread/WARN] [minecraft/ServerLevel]: Tried to add entity the_anomaly:anomaly_viewer but it was marked as removed already
[11:01:13] [Server thread/WARN] [minecraft/ServerLevel]: Tried to add entity the_anomaly:anomaly_escape but it was marked as removed already
[11:01:13] [Server thread/WARN] [minecraft/ServerLevel]: Tried to add entity the_anomaly:anomaly_viewer but it was marked as removed already
[11:01:13] [Server thread/WARN] [minecraft/ServerLevel]: Tried to add entity the_anomaly:anomaly_viewer but it was marked as removed already
[11:01:13] [Server thread/WARN] [minecraft/ServerLevel]: Tried to add entity the_anomaly:anomaly_trap but it was marked as removed already
[11:01:13] [Server thread/WARN] [minecraft/ServerLevel]: Tried to add entity the_anomaly:anomaly_viewer but it was marked as removed already
[11:01:13] [Server thread/WARN] [minecraft/ServerLevel]: Tried to add entity the_anomaly:anomaly_trap but it was marked as removed already
[11:01:13] [Server thread/WARN] [minecraft/ServerLevel]: Tried to add entity the_anomaly:anomaly_viewer but it was marked as removed already
[11:01:13] [Server thread/WARN] [minecraft/ServerLevel]: Tried to add entity the_anomaly:anomaly_trap but it was marked as removed already
[11:01:13] [Server thread/WARN] [minecraft/ServerLevel]: Tried to add entity the_anomaly:anomaly_escape but it was marked as removed already
[11:01:13] [Server thread/WARN] [minecraft/ServerLevel]: Tried to add entity the_anomaly:anomaly_trap but it was marked as removed already
[11:01:13] [Server thread/WARN] [minecraft/ServerLevel]: Tried to add entity the_anomaly:anomaly_escape but it was marked as removed already
[11:01:13] [Server thread/WARN] [minecraft/ServerLevel]: Tried to add entity the_anomaly:anomaly_trap but it was marked as removed already
[11:01:13] [Server thread/WARN] [minecraft/ServerLevel]: Tried to add entity the_anomaly:anomaly_escape but it was marked as removed already
[11:01:13] [Server thread/WARN] [minecraft/ServerLevel]: Tried to add entity the_anomaly:anomaly_viewer but it was marked as removed already
[11:01:13] [Server thread/WARN] [minecraft/ServerLevel]: Tried to add entity the_anomaly:anomaly_viewer but it was marked as removed already
[11:01:13] [Server thread/WARN] [minecraft/ServerLevel]: Tried to add entity the_anomaly:anomaly_viewer but it was marked as removed already
[11:01:13] [Server thread/WARN] [minecraft/ServerLevel]: Tried to add entity the_anomaly:anomaly_viewer but it was marked as removed already
[11:01:13] [Server thread/WARN] [minecraft/ServerLevel]: Tried to add entity the_anomaly:anomaly_viewer but it was marked as removed already
[11:01:13] [Server thread/WARN] [minecraft/ServerLevel]: Tried to add entity the_anomaly:anomaly_viewer but it was marked as removed already
[11:01:13] [Server thread/WARN] [minecraft/ServerLevel]: Tried to add entity the_anomaly:anomaly_viewer but it was marked as removed already
[11:01:13] [Server thread/WARN] [minecraft/ServerLevel]: Tried to add entity the_anomaly:anomaly_viewer but it was marked as removed already
[11:01:13] [Server thread/WARN] [minecraft/ServerLevel]: Tried to add entity the_anomaly:anomaly_escape but it was marked as removed already
[11:01:13] [Server thread/WARN] [minecraft/ServerLevel]: Tried to add entity the_anomaly:anomaly_trap but it was marked as removed already
[11:01:13] [Server thread/WARN] [minecraft/ServerLevel]: Tried to add entity the_anomaly:anomaly_viewer but it was marked as removed already
[11:01:13] [Server thread/WARN] [minecraft/ServerLevel]: Tried to add entity the_anomaly:anomaly_viewer but it was marked as removed already
[11:01:13] [Server thread/WARN] [minecraft/ServerLevel]: Tried to add entity the_anomaly:anomaly_escape but it was marked as removed already
[11:01:14] [Server thread/WARN] [minecraft/ServerLevel]: Tried to add entity theplaguedoctor:plague_doctor but it was marked as removed already
[11:01:14] [Server thread/WARN] [minecraft/ServerLevel]: Tried to add entity the_anomaly:anomaly_viewer but it was marked as removed already
[11:01:14] [Server thread/WARN] [minecraft/ServerLevel]: Tried to add entity the_anomaly:anomaly_viewer but it was marked as removed already
[11:01:14] [Server thread/INFO] [minecraft/MinecraftServer]: [YAMAPROSIH: Teleported YAMAPROSIH to Achbar]
[11:01:14] [Server thread/WARN] [minecraft/ServerLevel]: Tried to add entity the_anomaly:anomaly_viewer but it was marked as removed already
[11:01:14] [Server thread/WARN] [minecraft/ServerLevel]: Tried to add entity the_anomaly:anomaly_trap but it was marked as removed already
[11:01:14] [Server thread/WARN] [minecraft/ServerLevel]: Tried to add entity the_anomaly:anomaly_visitor but it was marked as removed already
[11:01:14] [Server thread/WARN] [minecraft/ServerLevel]: Tried to add entity the_anomaly:anomaly_viewer but it was marked as removed already
[11:01:14] [Server thread/WARN] [minecraft/ServerLevel]: Tried to add entity the_anomaly:anomaly_trap but it was marked as removed already
[11:01:14] [Server thread/WARN] [minecraft/ServerLevel]: Tried to add entity the_anomaly:anomaly_trap but it was marked as removed already
[11:01:15] [Server thread/WARN] [minecraft/ServerLevel]: Tried to add entity the_anomaly:anomaly_trap but it was marked as removed already
[11:01:15] [Server thread/WARN] [minecraft/ServerLevel]: Tried to add entity the_anomaly:anomaly_visitor_2 but it was marked as removed already
[11:01:15] [Server thread/WARN] [minecraft/ServerLevel]: Tried to add entity the_anomaly:anomaly_viewer but it was marked as removed already
[11:01:15] [Server thread/WARN] [minecraft/ServerLevel]: Tried to add entity the_anomaly:anomaly_trap but it was marked as removed already
[11:01:15] [Server thread/WARN] [minecraft/ServerLevel]: Tried to add entity the_anomaly:anomaly_trap but it was marked as removed already
[11:01:15] [Server thread/WARN] [minecraft/ServerLevel]: Tried to add entity the_anomaly:anomaly_trap but it was marked as removed already
[11:01:16] [Server thread/WARN] [minecraft/ServerLevel]: Tried to add entity the_anomaly:anomaly_visitor_2 but it was marked as removed already
[11:01:16] [Server thread/WARN] [minecraft/ServerLevel]: Tried to add entity the_anomaly:anomaly_viewer but it was marked as removed already
[11:01:16] [Server thread/WARN] [minecraft/ServerLevel]: Tried to add entity the_anomaly:anomaly_visitor but it was marked as removed already
[11:01:16] [Server thread/WARN] [minecraft/ServerLevel]: Tried to add entity the_anomaly:anomaly_viewer but it was marked as removed already
[11:01:16] [Server thread/WARN] [minecraft/ServerLevel]: Tried to add entity the_anomaly:anomaly_visitor but it was marked as removed already
[11:01:17] [Server thread/WARN] [minecraft/ServerLevel]: Tried to add entity the_anomaly:anomaly_trap but it was marked as removed already
[11:01:20] [Server thread/WARN] [minecraft/ServerLevel]: Tried to add entity the_anomaly:anomaly_trap but it was marked as removed already
[11:01:21] [Server thread/WARN] [minecraft/ServerLevel]: Tried to add entity the_anomaly:anomaly_trap but it was marked as removed already
[11:01:27] [Server thread/WARN] [minecraft/ServerLevel]: Tried to add entity the_anomaly:anomaly_visitor_2 but it was marked as removed already
[11:01:27] [Server thread/WARN] [minecraft/ServerLevel]: Tried to add entity the_anomaly:anomaly_viewer but it was marked as removed already
[11:01:28] [Server thread/WARN] [minecraft/ServerLevel]: Tried to add entity the_anomaly:anomaly_trap but it was marked as removed already
[11:01:28] [Server thread/WARN] [minecraft/ServerLevel]: Tried to add entity the_anomaly:anomaly_viewer but it was marked as removed already
[11:01:28] [Server thread/WARN] [minecraft/ServerLevel]: Tried to add entity the_anomaly:anomaly_viewer but it was marked as removed already
[11:01:28] [Server thread/WARN] [minecraft/ServerLevel]: Tried to add entity the_anomaly:anomaly_viewer but it was marked as removed already
[11:01:28] [Server thread/WARN] [minecraft/ServerLevel]: Tried to add entity the_anomaly:anomaly_viewer but it was marked as removed already
[11:01:32] [Server thread/WARN] [minecraft/ServerLevel]: Tried to add entity the_anomaly:anomaly_trap but it was marked as removed already
[11:01:33] [Server thread/WARN] [minecraft/ServerLevel]: Tried to add entity the_anomaly:anomaly_escape but it was marked as removed already
[11:01:38] [Server thread/INFO] [minecraft/MinecraftServer]: [YAMAPROSIH: Teleported YAMAPROSIH to Achbar]
[11:01:46] [Server thread/INFO] [minecraft/MinecraftServer]: YAMAPROSIH fell out of the world
[11:01:46] [Server thread/INFO] [minecraft/MinecraftServer]: [YAMAPROSIH: Killed YAMAPROSIH]
[11:01:49] [Server thread/WARN] [minecraft/ServerLevel]: Tried to add entity the_anomaly:anomaly_trap but it was marked as removed already
[11:01:50] [Server thread/WARN] [minecraft/ServerLevel]: Tried to add entity the_anomaly:anomaly_trap but it was marked as removed already
[11:01:50] [Server thread/WARN] [minecraft/ServerLevel]: Tried to add entity the_anomaly:anomaly_viewer but it was marked as removed already
[11:01:50] [Server thread/WARN] [minecraft/ServerLevel]: Tried to add entity the_anomaly:anomaly_trap but it was marked as removed already
[11:01:50] [Server thread/WARN] [minecraft/ServerLevel]: Tried to add entity the_anomaly:anomaly_viewer but it was marked as removed already
[11:01:50] [Server thread/WARN] [minecraft/ServerLevel]: Tried to add entity the_anomaly:anomaly_viewer but it was marked as removed already
[11:01:50] [Server thread/WARN] [minecraft/ServerLevel]: Tried to add entity the_anomaly:anomaly_trap but it was marked as removed already
[11:01:50] [Server thread/WARN] [minecraft/ServerLevel]: Tried to add entity the_anomaly:anomaly_viewer but it was marked as removed already
[11:01:50] [Server thread/WARN] [minecraft/ServerLevel]: Tried to add entity the_anomaly:anomaly_trap but it was marked as removed already
[11:01:50] [Server thread/WARN] [minecraft/ServerLevel]: Tried to add entity the_anomaly:anomaly_trap but it was marked as removed already
[11:01:50] [Server thread/WARN] [minecraft/ServerLevel]: Tried to add entity the_anomaly:anomaly_escape but it was marked as removed already
[11:01:51] [Server thread/WARN] [minecraft/ServerLevel]: Tried to add entity the_anomaly:anomaly_viewer but it was marked as removed already
[11:01:51] [Server thread/WARN] [minecraft/ServerLevel]: Tried to add entity the_anomaly:anomaly_escape but it was marked as removed already
[11:01:51] [Server thread/WARN] [minecraft/ServerLevel]: Tried to add entity the_anomaly:anomaly_viewer but it was marked as removed already
[11:01:51] [Server thread/WARN] [minecraft/ServerLevel]: Tried to add entity the_anomaly:anomaly_escape but it was marked as removed already
[11:01:51] [Server thread/WARN] [minecraft/ServerLevel]: Tried to add entity the_anomaly:anomaly_trap but it was marked as removed already
[11:01:51] [Server thread/WARN] [minecraft/ServerLevel]: Tried to add entity the_anomaly:anomaly_escape but it was marked as removed already
[11:01:51] [Server thread/WARN] [minecraft/ServerLevel]: Tried to add entity the_anomaly:anomaly_escape but it was marked as removed already
[11:01:51] [Server thread/WARN] [minecraft/ServerLevel]: Tried to add entity the_anomaly:anomaly_escape but it was marked as removed already
[11:01:51] [Server thread/WARN] [minecraft/ServerLevel]: Tried to add entity the_anomaly:anomaly_escape but it was marked as removed already
[11:01:51] [Server thread/WARN] [minecraft/ServerLevel]: Tried to add entity the_anomaly:anomaly_viewer but it was marked as removed already
[11:01:52] [Server thread/WARN] [minecraft/ServerLevel]: Tried to add entity the_anomaly:anomaly_viewer but it was marked as removed already
[11:01:52] [Server thread/WARN] [minecraft/ServerLevel]: Tried to add entity the_anomaly:anomaly_viewer but it was marked as removed already
[11:01:52] [Server thread/WARN] [minecraft/ServerLevel]: Tried to add entity the_anomaly:anomaly_escape but it was marked as removed already
[11:01:52] [Server thread/WARN] [minecraft/ServerLevel]: Tried to add entity the_anomaly:anomaly_escape but it was marked as removed already
[11:01:52] [Server thread/WARN] [minecraft/ServerLevel]: Tried to add entity the_anomaly:anomaly_trap but it was marked as removed already
[11:01:52] [Server thread/WARN] [minecraft/ServerLevel]: Tried to add entity the_anomaly:anomaly_trap but it was marked as removed already
[11:01:52] [Server thread/WARN] [minecraft/ServerLevel]: Tried to add entity the_anomaly:anomaly_trap but it was marked as removed already
[11:01:52] [Server thread/WARN] [minecraft/ServerLevel]: Tried to add entity the_anomaly:anomaly_trap but it was marked as removed already
[11:01:52] [Server thread/WARN] [minecraft/ServerLevel]: Tried to add entity the_anomaly:anomaly_trap but it was marked as removed already
[11:01:52] [Server thread/WARN] [minecraft/ServerLevel]: Tried to add entity the_anomaly:anomaly_viewer but it was marked as removed already
[11:01:52] [Server thread/WARN] [minecraft/ServerLevel]: Tried to add entity the_anomaly:anomaly_trap but it was marked as removed already
[11:01:52] [Server thread/WARN] [minecraft/ServerLevel]: Tried to add entity the_anomaly:anomaly_trap but it was marked as removed already
[11:01:53] [Server thread/WARN] [minecraft/ServerLevel]: Tried to add entity the_anomaly:anomaly_viewer but it was marked as removed already
[11:01:53] [Server thread/WARN] [minecraft/ServerLevel]: Tried to add entity the_anomaly:anomaly_visitor but it was marked as removed already
[11:01:53] [Server thread/WARN] [minecraft/ServerLevel]: Tried to add entity the_anomaly:anomaly_trap but it was marked as removed already
[11:01:53] [Server thread/WARN] [minecraft/ServerLevel]: Tried to add entity the_anomaly:anomaly_escape but it was marked as removed already
[11:01:53] [Server thread/WARN] [minecraft/ServerLevel]: Tried to add entity the_anomaly:anomaly_viewer but it was marked as removed already
[11:01:53] [Server thread/WARN] [minecraft/ServerLevel]: Tried to add entity the_anomaly:anomaly_trap but it was marked as removed already
[11:01:53] [Server thread/WARN] [minecraft/ServerLevel]: Tried to add entity the_anomaly:anomaly_viewer but it was marked as removed already
[11:01:53] [Server thread/WARN] [minecraft/ServerLevel]: Tried to add entity the_anomaly:anomaly_trap but it was marked as removed already
[11:01:54] [Server thread/WARN] [minecraft/ServerLevel]: Tried to add entity the_anomaly:anomaly_escape but it was marked as removed already
[11:01:54] [Server thread/WARN] [minecraft/ServerLevel]: Tried to add entity the_anomaly:anomaly_viewer but it was marked as removed already
[11:01:54] [Server thread/WARN] [minecraft/ServerLevel]: Tried to add entity the_anomaly:anomaly_trap but it was marked as removed already
[11:01:54] [Server thread/WARN] [minecraft/ServerLevel]: Tried to add entity the_anomaly:anomaly_trap but it was marked as removed already
[11:01:54] [Server thread/WARN] [minecraft/ServerLevel]: Tried to add entity the_anomaly:anomaly_trap but it was marked as removed already
[11:01:54] [Server thread/WARN] [minecraft/ServerLevel]: Tried to add entity the_anomaly:anomaly_viewer but it was marked as removed already
[11:01:54] [Server thread/WARN] [minecraft/ServerLevel]: Tried to add entity the_anomaly:anomaly_escape but it was marked as removed already
[11:01:55] [Server thread/WARN] [minecraft/ServerLevel]: Tried to add entity the_anomaly:anomaly_viewer but it was marked as removed already
[11:01:55] [Server thread/WARN] [minecraft/ServerLevel]: Tried to add entity the_anomaly:anomaly_trap but it was marked as removed already
[11:01:55] [Server thread/WARN] [minecraft/ServerLevel]: Tried to add entity the_anomaly:anomaly_escape but it was marked as removed already
[11:01:55] [Server thread/WARN] [minecraft/ServerLevel]: Tried to add entity the_anomaly:anomaly_viewer but it was marked as removed already
[11:01:55] [Server thread/WARN] [minecraft/ServerLevel]: Tried to add entity the_anomaly:anomaly_viewer but it was marked as removed already
[11:01:55] [Server thread/WARN] [minecraft/ServerLevel]: Tried to add entity the_anomaly:anomaly_viewer but it was marked as removed already
[11:01:55] [Server thread/WARN] [minecraft/ServerLevel]: Tried to add entity the_anomaly:anomaly_trap but it was marked as removed already
[11:01:55] [Server thread/WARN] [minecraft/ServerLevel]: Tried to add entity the_anomaly:anomaly_trap but it was marked as removed already
[11:01:55] [Server thread/WARN] [minecraft/ServerLevel]: Tried to add entity the_anomaly:anomaly_viewer but it was marked as removed already
[11:01:56] [Server thread/WARN] [minecraft/ServerLevel]: Tried to add entity the_anomaly:anomaly_trap but it was marked as removed already
[11:01:56] [Server thread/WARN] [minecraft/ServerLevel]: Tried to add entity the_anomaly:anomaly_trap but it was marked as removed already
[11:01:56] [Server thread/WARN] [minecraft/ServerLevel]: Tried to add entity the_anomaly:anomaly_trap but it was marked as removed already
[11:01:56] [Server thread/WARN] [minecraft/ServerLevel]: Tried to add entity the_anomaly:anomaly_viewer but it was marked as removed already
[11:01:56] [Server thread/WARN] [minecraft/ServerLevel]: Tried to add entity the_anomaly:anomaly_viewer but it was marked as removed already
[11:01:57] [Server thread/WARN] [minecraft/ServerLevel]: Tried to add entity the_anomaly:anomaly_trap but it was marked as removed already
[11:01:57] [Server thread/WARN] [minecraft/ServerLevel]: Tried to add entity the_anomaly:anomaly_escape but it was marked as removed already
[11:01:57] [Server thread/WARN] [minecraft/ServerLevel]: Tried to add entity the_anomaly:anomaly_trap but it was marked as removed already
[11:01:57] [Server thread/WARN] [minecraft/ServerLevel]: Tried to add entity the_anomaly:anomaly_trap but it was marked as removed already
[11:01:58] [Server thread/WARN] [minecraft/ServerLevel]: Tried to add entity the_anomaly:anomaly_trap but it was marked as removed already
[11:01:58] [Server thread/WARN] [minecraft/ServerLevel]: Tried to add entity the_anomaly:anomaly_trap but it was marked as removed already
[11:01:58] [Server thread/WARN] [minecraft/ServerLevel]: Tried to add entity the_anomaly:anomaly_trap but it was marked as removed already
[11:01:58] [Server thread/WARN] [minecraft/ServerLevel]: Tried to add entity the_anomaly:anomaly_viewer but it was marked as removed already
[11:01:58] [Server thread/WARN] [minecraft/ServerLevel]: Tried to add entity the_anomaly:anomaly_viewer but it was marked as removed already
[11:01:58] [Server thread/WARN] [minecraft/ServerLevel]: Tried to add entity the_anomaly:anomaly_trap but it was marked as removed already
[11:01:59] [Server thread/WARN] [minecraft/ServerLevel]: Tried to add entity the_anomaly:anomaly_trap but it was marked as removed already
[11:01:59] [Server thread/WARN] [minecraft/ServerLevel]: Tried to add entity the_anomaly:anomaly_viewer but it was marked as removed already
[11:01:59] [Server thread/WARN] [minecraft/ServerLevel]: Tried to add entity the_anomaly:anomaly_escape but it was marked as removed already
[11:01:59] [Server thread/WARN] [minecraft/ServerLevel]: Tried to add entity the_anomaly:anomaly_escape but it was marked as removed already
[11:01:59] [Server thread/WARN] [minecraft/ServerLevel]: Tried to add entity the_anomaly:anomaly_trap but it was marked as removed already
[11:01:59] [Server thread/WARN] [minecraft/ServerLevel]: Tried to add entity the_anomaly:anomaly_viewer but it was marked as removed already
[11:01:59] [Server thread/WARN] [minecraft/ServerLevel]: Tried to add entity the_anomaly:anomaly_viewer but it was marked as removed already
[11:01:59] [Server thread/WARN] [minecraft/ServerLevel]: Tried to add entity the_anomaly:anomaly_escape but it was marked as removed already
[11:01:59] [Server thread/WARN] [minecraft/ServerLevel]: Tried to add entity the_anomaly:anomaly_trap but it was marked as removed already
[11:01:59] [Server thread/WARN] [minecraft/ServerLevel]: Tried to add entity the_anomaly:anomaly_trap but it was marked as removed already
[11:02:00] [Server thread/INFO] [minecraft/MinecraftServer]: [YAMAPROSIH: Teleported YAMAPROSIH to Achbar]
[11:02:01] [Server thread/WARN] [minecraft/ServerLevel]: Tried to add entity the_anomaly:anomaly_trap but it was marked as removed already
[11:02:01] [Server thread/WARN] [minecraft/ServerLevel]: Tried to add entity the_anomaly:anomaly_visitor but it was marked as removed already
[11:02:01] [Server thread/WARN] [minecraft/ServerLevel]: Tried to add entity the_anomaly:anomaly_visitor_2 but it was marked as removed already
[11:02:01] [Server thread/WARN] [minecraft/ServerLevel]: Tried to add entity the_anomaly:anomaly_trap but it was marked as removed already
[11:02:02] [Server thread/WARN] [minecraft/ServerLevel]: Tried to add entity the_anomaly:anomaly_trap but it was marked as removed already
[11:02:02] [Server thread/WARN] [minecraft/ServerLevel]: Tried to add entity the_anomaly:anomaly_trap but it was marked as removed already
[11:02:03] [Server thread/WARN] [minecraft/ServerLevel]: Tried to add entity the_anomaly:anomaly_viewer but it was marked as removed already
[11:02:04] [Server thread/WARN] [minecraft/ServerLevel]: Tried to add entity the_anomaly:anomaly_trap but it was marked as removed already
[11:02:04] [Server thread/WARN] [minecraft/ServerLevel]: Tried to add entity the_anomaly:anomaly_viewer but it was marked as removed already
[11:02:04] [Server thread/WARN] [minecraft/ServerLevel]: Tried to add entity the_anomaly:anomaly_visitor_2 but it was marked as removed already
[11:02:05] [Server thread/WARN] [minecraft/ServerLevel]: Tried to add entity the_anomaly:anomaly_visitor but it was marked as removed already
[11:02:05] [Server thread/WARN] [minecraft/ServerLevel]: Tried to add entity the_anomaly:anomaly_viewer but it was marked as removed already
[11:02:05] [Server thread/WARN] [minecraft/ServerLevel]: Tried to add entity the_anomaly:anomaly_trap but it was marked as removed already
[11:02:06] [Server thread/WARN] [minecraft/ServerLevel]: Tried to add entity the_anomaly:anomaly_trap but it was marked as removed already
[11:02:06] [Server thread/WARN] [minecraft/ServerLevel]: Tried to add entity the_anomaly:anomaly_trap but it was marked as removed already
[11:02:06] [Server thread/WARN] [minecraft/ServerLevel]: Tried to add entity the_anomaly:anomaly_trap but it was marked as removed already
[11:02:07] [Server thread/WARN] [minecraft/ServerLevel]: Tried to add entity the_anomaly:anomaly_trap but it was marked as removed already
[11:02:07] [Server thread/WARN] [minecraft/ServerLevel]: Tried to add entity the_anomaly:anomaly_trap but it was marked as removed already
[11:02:07] [Server thread/WARN] [minecraft/ServerLevel]: Tried to add entity the_anomaly:anomaly_visitor_2 but it was marked as removed already
[11:02:07] [Server thread/WARN] [minecraft/ServerLevel]: Tried to add entity the_anomaly:anomaly_viewer but it was marked as removed already
[11:02:07] [Server thread/WARN] [minecraft/ServerLevel]: Tried to add entity the_anomaly:anomaly_trap but it was marked as removed already
[11:02:08] [Server thread/WARN] [minecraft/ServerLevel]: Tried to add entity the_anomaly:anomaly_viewer but it was marked as removed already
[11:02:08] [Server thread/WARN] [minecraft/ServerLevel]: Tried to add entity the_anomaly:anomaly_viewer but it was marked as removed already
[11:02:08] [Server thread/WARN] [minecraft/ServerLevel]: Tried to add entity the_anomaly:anomaly_visitor_2 but it was marked as removed already
[11:02:08] [Server thread/WARN] [minecraft/ServerLevel]: Tried to add entity the_anomaly:anomaly_viewer but it was marked as removed already
[11:02:09] [Server thread/WARN] [minecraft/ServerLevel]: Tried to add entity the_anomaly:anomaly_viewer but it was marked as removed already
[11:02:10] [Server thread/WARN] [minecraft/ServerLevel]: Tried to add entity the_anomaly:anomaly_viewer but it was marked as removed already
[11:02:10] [Server thread/WARN] [minecraft/ServerLevel]: Tried to add entity the_anomaly:anomaly_visitor_2 but it was marked as removed already
[11:02:10] [Server thread/WARN] [minecraft/ServerLevel]: Tried to add entity the_anomaly:anomaly_trap but it was marked as removed already
[11:02:10] [Server thread/WARN] [minecraft/ServerLevel]: Tried to add entity the_anomaly:anomaly_viewer but it was marked as removed already
[11:02:10] [Server thread/WARN] [minecraft/ServerLevel]: Tried to add entity the_anomaly:anomaly_shadow_stalker but it was marked as removed already
[11:02:11] [Server thread/WARN] [minecraft/ServerLevel]: Tried to add entity the_anomaly:anomaly_trap but it was marked as removed already
[11:02:11] [Server thread/WARN] [minecraft/ServerLevel]: Tried to add entity the_anomaly:anomaly_visitor_2 but it was marked as removed already
[11:02:11] [Server thread/WARN] [minecraft/ServerLevel]: Tried to add entity the_anomaly:anomaly_visitor_2 but it was marked as removed already
[11:02:12] [Server thread/WARN] [minecraft/ServerLevel]: Tried to add entity the_anomaly:anomaly_viewer but it was marked as removed already
[11:02:12] [Server thread/WARN] [minecraft/ServerLevel]: Tried to add entity the_anomaly:anomaly_trap but it was marked as removed already
[11:02:12] [Server thread/WARN] [minecraft/ServerLevel]: Tried to add entity the_anomaly:anomaly_visitor_2 but it was marked as removed already
[11:02:12] [Server thread/WARN] [minecraft/ServerLevel]: Tried to add entity the_anomaly:anomaly_trap but it was marked as removed already
[11:02:12] [Server thread/WARN] [minecraft/ServerLevel]: Tried to add entity the_anomaly:anomaly_trap but it was marked as removed already
[11:02:12] [Server thread/WARN] [minecraft/ServerLevel]: Tried to add entity the_anomaly:anomaly_visitor_2 but it was marked as removed already
[11:02:12] [Server thread/WARN] [minecraft/ServerLevel]: Tried to add entity the_anomaly:anomaly_escape but it was marked as removed already
[11:02:12] [Server thread/WARN] [minecraft/ServerLevel]: Tried to add entity the_anomaly:anomaly_trap but it was marked as removed already
[11:02:12] [Server thread/WARN] [minecraft/ServerLevel]: Tried to add entity the_anomaly:anomaly_trap but it was marked as removed already
[11:02:31] [Server thread/WARN] [minecraft/ServerLevel]: Tried to add entity the_anomaly:anomaly_viewer but it was marked as removed already
[11:02:36] [Server thread/WARN] [minecraft/ServerLevel]: Tried to add entity the_anomaly:anomaly_viewer but it was marked as removed already
[11:02:39] [Server thread/WARN] [minecraft/ServerLevel]: Tried to add entity the_anomaly:anomaly_visitor_2 but it was marked as removed already
[11:02:40] [Server thread/WARN] [minecraft/ServerLevel]: Tried to add entity the_anomaly:anomaly_visitor but it was marked as removed already
[11:02:40] [Server thread/WARN] [minecraft/ServerLevel]: Tried to add entity the_anomaly:anomaly_visitor but it was marked as removed already
[11:02:40] [Server thread/WARN] [minecraft/ServerLevel]: Tried to add entity the_anomaly:anomaly_trap but it was marked as removed already
[11:02:49] [Server thread/WARN] [minecraft/ServerLevel]: Tried to add entity the_anomaly:anomaly_viewer but it was marked as removed already
[11:02:50] [Server thread/WARN] [minecraft/ServerLevel]: Tried to add entity the_anomaly:anomaly_trap but it was marked as removed already
[11:02:50] [Server thread/WARN] [minecraft/ServerLevel]: Tried to add entity the_anomaly:anomaly_trap but it was marked as removed already
[11:02:51] [Server thread/WARN] [minecraft/ServerLevel]: Tried to add entity the_anomaly:anomaly_visitor but it was marked as removed already
[11:02:51] [Server thread/WARN] [minecraft/ServerLevel]: Tried to add entity the_anomaly:anomaly_viewer but it was marked as removed already
[11:02:56] [Server thread/WARN] [minecraft/ServerLevel]: Tried to add entity the_anomaly:anomaly_viewer but it was marked as removed already
[11:02:57] [Server thread/WARN] [minecraft/ServerLevel]: Tried to add entity the_anomaly:anomaly_escape but it was marked as removed already
[11:02:59] [Server thread/INFO] [minecraft/MinecraftServer]: YAMAPROSIH has reached the goal [Feelingwatched]
[11:03:00] [Server thread/WARN] [minecraft/ServerLevel]: Tried to add entity the_anomaly:anomaly_viewer but it was marked as removed already
[11:03:00] [Server thread/WARN] [minecraft/ServerLevel]: Tried to add entity the_anomaly:anomaly_visitor_2 but it was marked as removed already
[11:03:01] [Server thread/WARN] [minecraft/ServerLevel]: Tried to add entity the_anomaly:anomaly_viewer but it was marked as removed already
[11:03:04] [Server thread/WARN] [minecraft/ServerLevel]: Tried to add entity the_anomaly:anomaly_viewer but it was marked as removed already
[11:03:04] [Server thread/WARN] [minecraft/ServerLevel]: Tried to add entity the_anomaly:anomaly_viewer but it was marked as removed already
[11:03:04] [Server thread/WARN] [minecraft/ServerLevel]: Tried to add entity the_anomaly:anomaly_visitor but it was marked as removed already
[11:03:08] [Server thread/WARN] [minecraft/ServerLevel]: Tried to add entity the_anomaly:anomaly_visitor_2 but it was marked as removed already
[11:03:08] [Server thread/WARN] [minecraft/ServerLevel]: Tried to add entity the_anomaly:anomaly_trap but it was marked as removed already
[11:03:08] [Server thread/WARN] [minecraft/ServerLevel]: Tried to add entity the_anomaly:anomaly_trap but it was marked as removed already
[11:03:10] [Server thread/WARN] [minecraft/ServerLevel]: Tried to add entity the_anomaly:anomaly_viewer but it was marked as removed already
[11:03:10] [Server thread/WARN] [minecraft/ServerLevel]: Tried to add entity the_anomaly:anomaly_viewer but it was marked as removed already
[11:03:10] [Server thread/WARN] [minecraft/ServerLevel]: Tried to add entity the_anomaly:anomaly_visitor but it was marked as removed already
[11:03:11] [Server thread/WARN] [minecraft/ServerLevel]: Tried to add entity the_anomaly:anomaly_trap but it was marked as removed already
[11:03:12] [Server thread/WARN] [minecraft/ServerLevel]: Tried to add entity the_anomaly:anomaly_viewer but it was marked as removed already
[11:03:12] [Server thread/WARN] [minecraft/ServerLevel]: Tried to add entity the_anomaly:anomaly_viewer but it was marked as removed already
[11:03:12] [Server thread/WARN] [minecraft/ServerLevel]: Tried to add entity the_anomaly:anomaly_trap but it was marked as removed already
[11:03:13] [Server thread/WARN] [minecraft/ServerLevel]: Tried to add entity the_anomaly:anomaly_viewer but it was marked as removed already
[11:03:14] [Server thread/WARN] [minecraft/ServerLevel]: Tried to add entity the_anomaly:anomaly_trap but it was marked as removed already
[11:03:14] [Server thread/WARN] [minecraft/ServerLevel]: Tried to add entity the_anomaly:anomaly_visitor but it was marked as removed already
[11:03:14] [Server thread/WARN] [minecraft/ServerLevel]: Tried to add entity the_anomaly:anomaly_viewer but it was marked as removed already
[11:03:14] [Server thread/WARN] [minecraft/ServerLevel]: Tried to add entity the_anomaly:anomaly_trap but it was marked as removed already
[11:03:25] [Server thread/WARN] [minecraft/ServerLevel]: Tried to add entity the_anomaly:anomaly_viewer but it was marked as removed already
[11:03:28] [Server thread/WARN] [minecraft/ServerLevel]: Tried to add entity the_anomaly:anomaly_viewer but it was marked as removed already
[11:03:28] [Server thread/WARN] [minecraft/ServerLevel]: Tried to add entity the_anomaly:anomaly_trap but it was marked as removed already
[11:03:29] [Server thread/WARN] [minecraft/ServerLevel]: Tried to add entity the_anomaly:anomaly_viewer but it was marked as removed already
[11:03:30] [Server thread/WARN] [minecraft/ServerLevel]: Tried to add entity the_anomaly:anomaly_viewer but it was marked as removed already
[11:03:30] [Server thread/WARN] [minecraft/ServerLevel]: Tried to add entity the_anomaly:anomaly_visitor but it was marked as removed already
[11:03:30] [Server thread/WARN] [minecraft/ServerLevel]: Tried to add entity the_anomaly:anomaly_escape but it was marked as removed already
[11:03:30] [Server thread/WARN] [minecraft/ServerLevel]: Tried to add entity the_anomaly:anomaly_trap but it was marked as removed already
[11:03:30] [Server thread/WARN] [minecraft/ServerLevel]: Tried to add entity the_anomaly:anomaly_trap but it was marked as removed already
[11:03:32] [Server thread/WARN] [minecraft/ServerLevel]: Tried to add entity the_anomaly:anomaly_viewer but it was marked as removed already
[11:03:33] [Server thread/WARN] [minecraft/ServerLevel]: Tried to add entity the_anomaly:anomaly_visitor but it was marked as removed already
[11:03:33] [Server thread/WARN] [minecraft/ServerLevel]: Tried to add entity the_anomaly:anomaly_trap but it was marked as removed already
[11:03:33] [Server thread/WARN] [minecraft/ServerLevel]: Tried to add entity the_anomaly:anomaly_viewer but it was marked as removed already
[11:03:33] [Server thread/WARN] [minecraft/ServerLevel]: Tried to add entity the_anomaly:anomaly_viewer but it was marked as removed already
[11:03:33] [Server thread/WARN] [minecraft/ServerLevel]: Tried to add entity the_anomaly:anomaly_visitor but it was marked as removed already
[11:03:34] [Server thread/WARN] [minecraft/ServerLevel]: Tried to add entity the_anomaly:anomaly_visitor_2 but it was marked as removed already
[11:03:41] [Server thread/WARN] [minecraft/ServerLevel]: Tried to add entity the_anomaly:anomaly_visitor_2 but it was marked as removed already
[11:03:41] [Server thread/WARN] [minecraft/ServerLevel]: Tried to add entity the_anomaly:anomaly_viewer but it was marked as removed already
[11:03:41] [Server thread/WARN] [minecraft/ServerLevel]: Tried to add entity the_anomaly:anomaly_viewer but it was marked as removed already
[11:03:42] [Server thread/WARN] [minecraft/ServerLevel]: Tried to add entity the_anomaly:anomaly_trap but it was marked as removed already
[11:03:42] [Server thread/WARN] [minecraft/ServerLevel]: Tried to add entity the_anomaly:anomaly_trap but it was marked as removed already
[11:03:42] [Server thread/WARN] [minecraft/ServerLevel]: Tried to add entity the_anomaly:anomaly_visitor but it was marked as removed already
[11:03:42] [Server thread/WARN] [minecraft/ServerLevel]: Tried to add entity the_anomaly:anomaly_viewer but it was marked as removed already
[11:03:43] [Server thread/WARN] [minecraft/ServerLevel]: Tried to add entity the_anomaly:anomaly_trap but it was marked as removed already
[11:03:45] [Server thread/WARN] [minecraft/ServerLevel]: Tried to add entity the_anomaly:anomaly_visitor but it was marked as removed already
[11:03:45] [Server thread/WARN] [minecraft/ServerLevel]: Tried to add entity the_anomaly:anomaly_trap but it was marked as removed already
[11:03:45] [Server thread/WARN] [minecraft/ServerLevel]: Tried to add entity the_anomaly:anomaly_viewer but it was marked as removed already
[11:03:45] [Server thread/WARN] [minecraft/ServerLevel]: Tried to add entity the_anomaly:anomaly_trap but it was marked as removed already
[11:03:45] [Server thread/WARN] [minecraft/ServerLevel]: Tried to add entity the_anomaly:anomaly_visitor_2 but it was marked as removed already
[11:03:45] [Server thread/WARN] [minecraft/ServerLevel]: Tried to add entity the_anomaly:anomaly_visitor_2 but it was marked as removed already
[11:03:45] [Server thread/WARN] [minecraft/ServerLevel]: Tried to add entity the_anomaly:anomaly_viewer but it was marked as removed already
[11:03:46] [Server thread/WARN] [minecraft/ServerLevel]: Tried to add entity the_anomaly:anomaly_visitor but it was marked as removed already
[11:03:46] [Server thread/WARN] [minecraft/ServerLevel]: Tried to add entity the_anomaly:anomaly_visitor but it was marked as removed already
[11:03:46] [Server thread/WARN] [minecraft/ServerLevel]: Tried to add entity the_anomaly:anomaly_trap but it was marked as removed already
[11:03:47] [Server thread/WARN] [minecraft/ServerLevel]: Tried to add entity the_anomaly:anomaly_viewer but it was marked as removed already
[11:03:50] [Server thread/WARN] [minecraft/ServerLevel]: Tried to add entity the_anomaly:anomaly_viewer but it was marked as removed already
[11:03:53] [Server thread/INFO] [minecraft/ServerGamePacketListenerImpl]: Achbar lost connection: Disconnected
[11:03:53] [Server thread/INFO] [minecraft/MinecraftServer]: Achbar left the game
[11:03:54] [Server thread/WARN] [minecraft/ServerLevel]: Tried to add entity the_anomaly:anomaly_trap but it was marked as removed already
[11:03:54] [Server thread/WARN] [minecraft/ServerLevel]: Tried to add entity the_anomaly:anomaly_viewer but it was marked as removed already
[11:03:54] [Server thread/WARN] [minecraft/ServerLevel]: Tried to add entity the_anomaly:anomaly_trap but it was marked as removed already
[11:03:56] [Server thread/WARN] [minecraft/ServerLevel]: Tried to add entity the_anomaly:anomaly_visitor_2 but it was marked as removed already
[11:04:04] [Server thread/WARN] [minecraft/ServerLevel]: Tried to add entity the_anomaly:anomaly_trap but it was marked as removed already
[11:04:05] [Server thread/WARN] [minecraft/ServerLevel]: Tried to add entity the_anomaly:anomaly_trap but it was marked as removed already
[11:04:05] [Server thread/WARN] [minecraft/ServerLevel]: Tried to add entity the_anomaly:anomaly_trap but it was marked as removed already
[11:04:07] [Server thread/WARN] [minecraft/ServerLevel]: Tried to add entity the_anomaly:anomaly_viewer but it was marked as removed already
[11:04:07] [Server thread/WARN] [minecraft/ServerLevel]: Tried to add entity the_anomaly:anomaly_visitor_2 but it was marked as removed already
[11:04:12] [Server thread/WARN] [minecraft/ServerLevel]: Tried to add entity the_anomaly:anomaly_viewer but it was marked as removed already
[11:04:12] [Server thread/WARN] [minecraft/ServerLevel]: Tried to add entity the_anomaly:anomaly_escape but it was marked as removed already
[11:04:12] [Server thread/WARN] [minecraft/ServerLevel]: Tried to add entity the_anomaly:anomaly_viewer but it was marked as removed already
[11:04:13] [Server thread/WARN] [minecraft/ServerLevel]: Tried to add entity the_anomaly:anomaly_viewer but it was marked as removed already
[11:04:13] [Server thread/WARN] [minecraft/ServerLevel]: Tried to add entity the_anomaly:anomaly_visitor but it was marked as removed already
[11:04:13] [Server thread/WARN] [minecraft/ServerLevel]: Tried to add entity the_anomaly:anomaly_escape but it was marked as removed already
[11:04:15] [Server thread/WARN] [minecraft/ServerLevel]: Tried to add entity the_anomaly:anomaly_shadow_stalker but it was marked as removed already
[11:04:16] [Server thread/WARN] [minecraft/ServerLevel]: Tried to add entity the_anomaly:anomaly_viewer but it was marked as removed already
[11:04:16] [Server thread/WARN] [minecraft/ServerLevel]: Tried to add entity the_anomaly:anomaly_visitor but it was marked as removed already
[11:04:20] [Server thread/WARN] [minecraft/ServerLevel]: Tried to add entity the_anomaly:anomaly_visitor_2 but it was marked as removed already
[11:04:20] [Server thread/WARN] [minecraft/ServerLevel]: Tried to add entity the_anomaly:anomaly_visitor but it was marked as removed already
[11:04:29] [Server thread/WARN] [minecraft/ServerLevel]: Tried to add entity the_anomaly:anomaly_viewer but it was marked as removed already
[11:04:31] [Server thread/WARN] [minecraft/ServerLevel]: Tried to add entity the_anomaly:anomaly_visitor_2 but it was marked as removed already
[11:04:34] [Server thread/WARN] [minecraft/ServerLevel]: Tried to add entity the_anomaly:anomaly_trap but it was marked as removed already
[11:04:34] [Server thread/WARN] [minecraft/ServerLevel]: Tried to add entity the_anomaly:anomaly_trap but it was marked as removed already
[11:04:34] [Server thread/WARN] [minecraft/ServerLevel]: Tried to add entity the_anomaly:anomaly_viewer but it was marked as removed already
[11:04:34] [Server thread/WARN] [minecraft/ServerLevel]: Tried to add entity the_anomaly:anomaly_trap but it was marked as removed already
[11:04:36] [Server thread/WARN] [minecraft/ServerLevel]: Tried to add entity the_anomaly:anomaly_visitor_2 but it was marked as removed already
[11:04:36] [Server thread/WARN] [minecraft/ServerLevel]: Tried to add entity the_anomaly:anomaly_escape but it was marked as removed already
[11:04:36] [Server thread/WARN] [minecraft/ServerLevel]: Tried to add entity the_anomaly:anomaly_viewer but it was marked as removed already
[11:04:36] [Server thread/WARN] [minecraft/ServerLevel]: Tried to add entity the_anomaly:anomaly_trap but it was marked as removed already
[11:04:36] [Server thread/WARN] [minecraft/ServerLevel]: Tried to add entity the_anomaly:anomaly_viewer but it was marked as removed already
[11:04:36] [Server thread/WARN] [minecraft/ServerLevel]: Tried to add entity the_anomaly:anomaly_visitor but it was marked as removed already
[11:04:42] [Server thread/WARN] [minecraft/ServerLevel]: Tried to add entity the_anomaly:anomaly_viewer but it was marked as removed already
[11:04:42] [Server thread/WARN] [minecraft/ServerLevel]: Tried to add entity the_anomaly:anomaly_visitor but it was marked as removed already
[11:04:43] [Server thread/WARN] [minecraft/ServerLevel]: Tried to add entity the_anomaly:anomaly_visitor but it was marked as removed already
[11:04:48] [Server thread/WARN] [minecraft/ServerLevel]: Tried to add entity the_anomaly:anomaly_trap but it was marked as removed already
[11:04:48] [Server thread/WARN] [minecraft/ServerLevel]: Tried to add entity the_anomaly:anomaly_trap but it was marked as removed already
[11:04:49] [Server thread/WARN] [minecraft/ServerLevel]: Tried to add entity the_anomaly:anomaly_trap but it was marked as removed already
[11:04:49] [Server thread/WARN] [minecraft/ServerLevel]: Tried to add entity the_anomaly:anomaly_trap but it was marked as removed already
[11:04:49] [Server thread/WARN] [minecraft/ServerLevel]: Tried to add entity the_anomaly:anomaly_trap but it was marked as removed already
[11:04:49] [Server thread/WARN] [minecraft/ServerLevel]: Tried to add entity the_anomaly:anomaly_trap but it was marked as removed already
[11:04:49] [Server thread/WARN] [minecraft/ServerLevel]: Tried to add entity the_anomaly:anomaly_visitor_2 but it was marked as removed already
[11:04:50] [Server thread/WARN] [minecraft/ServerLevel]: Tried to add entity the_anomaly:anomaly_trap but it was marked as removed already
[11:04:50] [Server thread/WARN] [minecraft/ServerLevel]: Tried to add entity the_anomaly:anomaly_trap but it was marked as removed already
[11:04:50] [Server thread/WARN] [minecraft/ServerLevel]: Tried to add entity the_anomaly:anomaly_trap but it was marked as removed already
[11:04:52] [Server thread/WARN] [minecraft/ServerLevel]: Tried to add entity the_anomaly:anomaly_viewer but it was marked as removed already
[11:04:54] [Server thread/WARN] [minecraft/ServerLevel]: Tried to add entity the_anomaly:anomaly_trap but it was marked as removed already
[11:04:54] [Server thread/WARN] [minecraft/ServerLevel]: Tried to add entity the_anomaly:anomaly_visitor_2 but it was marked as removed already
[11:04:54] [Server thread/WARN] [minecraft/ServerLevel]: Tried to add entity the_anomaly:anomaly_visitor but it was marked as removed already
[11:04:54] [Server thread/WARN] [minecraft/ServerLevel]: Tried to add entity the_anomaly:anomaly_viewer but it was marked as removed already
[11:04:55] [Server thread/WARN] [minecraft/ServerLevel]: Tried to add entity the_anomaly:anomaly_trap but it was marked as removed already
[11:04:56] [Server thread/WARN] [minecraft/ServerLevel]: Tried to add entity the_anomaly:anomaly_visitor_2 but it was marked as removed already
[11:04:57] [Server thread/WARN] [minecraft/ServerLevel]: Tried to add entity the_anomaly:anomaly_visitor but it was marked as removed already
[11:04:57] [Server thread/WARN] [minecraft/ServerLevel]: Tried to add entity the_anomaly:anomaly_visitor but it was marked as removed already
[11:04:57] [Server thread/WARN] [minecraft/ServerLevel]: Tried to add entity the_anomaly:anomaly_viewer but it was marked as removed already
[11:04:57] [Server thread/WARN] [minecraft/ServerLevel]: Tried to add entity the_anomaly:anomaly_viewer but it was marked as removed already
[11:04:59] [Server thread/WARN] [minecraft/ServerLevel]: Tried to add entity the_anomaly:anomaly_trap but it was marked as removed already
[11:04:59] [Server thread/WARN] [minecraft/ServerLevel]: Tried to add entity the_anomaly:anomaly_trap but it was marked as removed already
[11:05:01] [Server thread/WARN] [minecraft/ServerLevel]: Tried to add entity the_anomaly:anomaly_trap but it was marked as removed already
[11:05:04] [Server thread/WARN] [minecraft/ServerLevel]: Tried to add entity the_anomaly:anomaly_visitor_2 but it was marked as removed already
[11:05:05] [Server thread/WARN] [minecraft/ServerLevel]: Tried to add entity the_anomaly:anomaly_viewer but it was marked as removed already
[11:05:07] [Server thread/WARN] [minecraft/ServerLevel]: Tried to add entity the_anomaly:anomaly_visitor_2 but it was marked as removed already
[11:05:07] [Server thread/WARN] [minecraft/ServerLevel]: Tried to add entity the_anomaly:anomaly_trap but it was marked as removed already
[11:05:08] [Server thread/WARN] [minecraft/ServerLevel]: Tried to add entity the_anomaly:anomaly_viewer but it was marked as removed already
[11:05:08] [Server thread/WARN] [minecraft/ServerLevel]: Tried to add entity the_anomaly:anomaly_viewer but it was marked as removed already
[11:05:13] [Server thread/WARN] [minecraft/ServerLevel]: Tried to add entity the_anomaly:anomaly_trap but it was marked as removed already
[11:05:31] [Server thread/WARN] [minecraft/ServerLevel]: Tried to add entity the_anomaly:anomaly_visitor_2 but it was marked as removed already
[11:05:36] [Server thread/WARN] [minecraft/ServerLevel]: Tried to add entity the_anomaly:anomaly_viewer but it was marked as removed already
[11:05:41] [Server thread/WARN] [minecraft/ServerLevel]: Tried to add entity the_anomaly:anomaly_trap but it was marked as removed already
[11:05:41] [Server thread/WARN] [minecraft/ServerLevel]: Tried to add entity the_anomaly:anomaly_viewer but it was marked as removed already
[11:05:42] [Server thread/WARN] [minecraft/ServerLevel]: Tried to add entity the_anomaly:anomaly_visitor but it was marked as removed already
[11:05:42] [Server thread/WARN] [minecraft/ServerLevel]: Tried to add entity the_anomaly:anomaly_trap but it was marked as removed already
[11:05:42] [Server thread/WARN] [minecraft/ServerLevel]: Tried to add entity the_anomaly:anomaly_visitor_2 but it was marked as removed already
[11:05:42] [Server thread/WARN] [minecraft/ServerLevel]: Tried to add entity the_anomaly:anomaly_viewer but it was marked as removed already
[11:05:42] [Server thread/WARN] [minecraft/ServerLevel]: Tried to add entity the_anomaly:anomaly_visitor_2 but it was marked as removed already
[11:05:45] [Server thread/WARN] [minecraft/ServerLevel]: Tried to add entity the_anomaly:anomaly_viewer but it was marked as removed already
[11:05:45] [Server thread/WARN] [minecraft/ServerLevel]: Tried to add entity the_anomaly:anomaly_viewer but it was marked as removed already
[11:05:47] [Server thread/WARN] [minecraft/ServerLevel]: Tried to add entity the_anomaly:anomaly_trap but it was marked as removed already
[11:05:49] [Server thread/WARN] [minecraft/ServerLevel]: Tried to add entity the_anomaly:anomaly_trap but it was marked as removed already
[11:05:49] [Server thread/WARN] [minecraft/ServerLevel]: Tried to add entity the_anomaly:anomaly_trap but it was marked as removed already
[11:05:49] [Server thread/WARN] [minecraft/ServerLevel]: Tried to add entity the_anomaly:anomaly_viewer but it was marked as removed already
[11:05:49] [Server thread/WARN] [minecraft/ServerLevel]: Tried to add entity the_anomaly:anomaly_trap but it was marked as removed already
[11:05:50] [Server thread/WARN] [minecraft/ServerLevel]: Tried to add entity the_anomaly:anomaly_viewer but it was marked as removed already
[11:05:50] [Server thread/WARN] [minecraft/ServerLevel]: Tried to add entity the_anomaly:anomaly_visitor_2 but it was marked as removed already
[11:05:50] [Server thread/WARN] [minecraft/ServerLevel]: Tried to add entity the_anomaly:anomaly_viewer but it was marked as removed already
[11:05:50] [Server thread/WARN] [minecraft/ServerLevel]: Tried to add entity the_anomaly:anomaly_trap but it was marked as removed already
[11:05:52] [Server thread/WARN] [minecraft/ServerLevel]: Tried to add entity the_anomaly:anomaly_viewer but it was marked as removed already
[11:05:53] [Server thread/WARN] [minecraft/ServerLevel]: Tried to add entity the_anomaly:anomaly_visitor_2 but it was marked as removed already
[11:06:01] [Server thread/WARN] [minecraft/ServerLevel]: Tried to add entity the_anomaly:anomaly_visitor but it was marked as removed already
[11:06:10] [Server thread/WARN] [minecraft/ServerLevel]: Tried to add entity the_anomaly:anomaly_trap but it was marked as removed already
[11:06:13] [Server thread/WARN] [minecraft/ServerLevel]: Tried to add entity the_anomaly:anomaly_viewer but it was marked as removed already
[11:06:17] [Server thread/WARN] [minecraft/ServerLevel]: Tried to add entity the_anomaly:anomaly_trap but it was marked as removed already
[11:06:18] [Server thread/WARN] [minecraft/ServerLevel]: Tried to add entity the_anomaly:anomaly_trap but it was marked as removed already
[11:06:19] [Server thread/WARN] [minecraft/ServerLevel]: Tried to add entity the_anomaly:anomaly_trap but it was marked as removed already
[11:06:25] [Server thread/WARN] [minecraft/ServerLevel]: Tried to add entity the_anomaly:anomaly_viewer but it was marked as removed already
[11:06:25] [Server thread/WARN] [minecraft/ServerLevel]: Tried to add entity the_anomaly:anomaly_visitor but it was marked as removed already
[11:06:25] [Server thread/WARN] [minecraft/ServerLevel]: Tried to add entity the_anomaly:anomaly_visitor but it was marked as removed already
[11:06:27] [Server thread/WARN] [minecraft/ServerLevel]: Tried to add entity the_anomaly:anomaly_viewer but it was marked as removed already
[11:06:29] [Server thread/WARN] [minecraft/ServerLevel]: Tried to add entity the_anomaly:anomaly_visitor but it was marked as removed already
[11:06:29] [Server thread/WARN] [minecraft/ServerLevel]: Tried to add entity the_anomaly:anomaly_trap but it was marked as removed already
[11:06:30] [Server thread/WARN] [minecraft/ServerLevel]: Tried to add entity the_anomaly:anomaly_viewer but it was marked as removed already
[11:06:34] [Server thread/WARN] [minecraft/ServerLevel]: Tried to add entity the_anomaly:anomaly_visitor_2 but it was marked as removed already
[11:06:35] [Server thread/WARN] [minecraft/ServerLevel]: Tried to add entity the_anomaly:anomaly_viewer but it was marked as removed already
[11:06:35] [Server thread/WARN] [minecraft/ServerLevel]: Tried to add entity the_anomaly:anomaly_viewer but it was marked as removed already
[11:06:45] [Server thread/WARN] [minecraft/ServerLevel]: Tried to add entity the_anomaly:anomaly_viewer but it was marked as removed already
[11:06:49] [Server thread/WARN] [minecraft/ServerLevel]: Tried to add entity the_anomaly:anomaly_viewer but it was marked as removed already
[11:06:49] [Server thread/WARN] [minecraft/ServerLevel]: Tried to add entity the_anomaly:anomaly_visitor but it was marked as removed already
[11:06:55] [Server thread/WARN] [minecraft/ServerLevel]: Tried to add entity the_anomaly:anomaly_viewer but it was marked as removed already
[11:06:58] [Server thread/WARN] [minecraft/ServerLevel]: Tried to add entity the_anomaly:anomaly_trap but it was marked as removed already
[11:07:01] [Server thread/WARN] [minecraft/ServerLevel]: Tried to add entity the_anomaly:anomaly_viewer but it was marked as removed already
[11:07:01] [Server thread/WARN] [minecraft/ServerLevel]: Tried to add entity the_anomaly:anomaly_viewer but it was marked as removed already
[11:07:01] [Server thread/WARN] [minecraft/ServerLevel]: Tried to add entity the_anomaly:anomaly_escape but it was marked as removed already
[11:07:02] [Server thread/WARN] [minecraft/ServerLevel]: Tried to add entity the_anomaly:anomaly_trap but it was marked as removed already
[11:07:02] [Server thread/WARN] [minecraft/ServerLevel]: Tried to add entity the_anomaly:anomaly_trap but it was marked as removed already
[11:07:02] [Server thread/WARN] [minecraft/ServerLevel]: Tried to add entity the_anomaly:anomaly_visitor_2 but it was marked as removed already
[11:07:03] [Server thread/WARN] [minecraft/ServerLevel]: Tried to add entity the_anomaly:anomaly_viewer but it was marked as removed already
[11:07:04] [Server thread/WARN] [minecraft/ServerLevel]: Tried to add entity the_anomaly:anomaly_trap but it was marked as removed already
[11:07:04] [Server thread/WARN] [minecraft/ServerLevel]: Tried to add entity the_anomaly:anomaly_visitor_2 but it was marked as removed already
[11:07:04] [Server thread/WARN] [minecraft/ServerLevel]: Tried to add entity the_anomaly:anomaly_viewer but it was marked as removed already
[11:07:04] [Server thread/WARN] [minecraft/ServerLevel]: Tried to add entity the_anomaly:anomaly_viewer but it was marked as removed already
[11:07:11] [Server thread/WARN] [minecraft/ServerLevel]: Tried to add entity the_anomaly:anomaly_viewer but it was marked as removed already
[11:07:13] [Server thread/WARN] [minecraft/ServerLevel]: Tried to add entity the_anomaly:anomaly_viewer but it was marked as removed already
[11:07:14] [Server thread/WARN] [minecraft/ServerLevel]: Tried to add entity the_anomaly:anomaly_visitor but it was marked as removed already
[11:07:16] [Server thread/WARN] [minecraft/ServerLevel]: Tried to add entity the_anomaly:anomaly_viewer but it was marked as removed already
[11:07:16] [Server thread/WARN] [minecraft/ServerLevel]: Tried to add entity the_anomaly:anomaly_viewer but it was marked as removed already
[11:07:16] [Server thread/WARN] [minecraft/ServerLevel]: Tried to add entity the_anomaly:anomaly_trap but it was marked as removed already
[11:07:20] [Server thread/WARN] [minecraft/ServerLevel]: Tried to add entity the_anomaly:anomaly_trap but it was marked as removed already
[11:07:21] [Server thread/WARN] [minecraft/ServerLevel]: Tried to add entity the_anomaly:anomaly_trap but it was marked as removed already
[11:07:25] [Server thread/WARN] [minecraft/ServerLevel]: Tried to add entity the_anomaly:anomaly_trap but it was marked as removed already
[11:07:25] [Server thread/WARN] [minecraft/ServerLevel]: Tried to add entity the_anomaly:anomaly_trap but it was marked as removed already
[11:07:29] [Server thread/WARN] [minecraft/ServerLevel]: Tried to add entity the_anomaly:anomaly_viewer but it was marked as removed already
[11:07:30] [Server thread/WARN] [minecraft/ServerLevel]: Tried to add entity the_anomaly:anomaly_visitor_2 but it was marked as removed already
[11:07:31] [Server thread/WARN] [minecraft/ServerLevel]: Tried to add entity the_anomaly:anomaly_viewer but it was marked as removed already
[11:07:33] [Server thread/WARN] [minecraft/ServerLevel]: Tried to add entity the_anomaly:anomaly_viewer but it was marked as removed already
[11:07:34] [Server thread/WARN] [minecraft/ServerLevel]: Tried to add entity the_anomaly:anomaly_visitor_2 but it was marked as removed already
[11:07:34] [Server thread/WARN] [minecraft/ServerLevel]: Tried to add entity the_anomaly:anomaly_viewer but it was marked as removed already
[11:07:36] [Server thread/WARN] [minecraft/ServerLevel]: Tried to add entity the_anomaly:anomaly_trap but it was marked as removed already
[11:07:36] [Server thread/WARN] [minecraft/ServerLevel]: Tried to add entity the_anomaly:anomaly_visitor but it was marked as removed already
[11:07:36] [Server thread/WARN] [minecraft/ServerLevel]: Tried to add entity the_anomaly:anomaly_trap but it was marked as removed already
[11:07:38] [Server thread/WARN] [minecraft/ServerLevel]: Tried to add entity the_anomaly:anomaly_trap but it was marked as removed already
[11:07:38] [Server thread/WARN] [minecraft/ServerLevel]: Tried to add entity the_anomaly:anomaly_visitor_2 but it was marked as removed already
[11:07:38] [Server thread/WARN] [minecraft/ServerLevel]: Tried to add entity the_anomaly:anomaly_viewer but it was marked as removed already
[11:07:38] [Server thread/WARN] [minecraft/ServerLevel]: Tried to add entity the_anomaly:anomaly_viewer but it was marked as removed already
[11:07:44] [Server thread/WARN] [minecraft/ServerLevel]: Tried to add entity the_anomaly:anomaly_trap but it was marked as removed already
[11:07:47] [Server thread/WARN] [minecraft/ServerLevel]: Tried to add entity the_anomaly:anomaly_visitor_2 but it was marked as removed already
[11:07:57] [Server thread/WARN] [minecraft/ServerLevel]: Tried to add entity the_anomaly:anomaly_visitor but it was marked as removed already
[11:07:57] [Server thread/WARN] [minecraft/ServerLevel]: Tried to add entity the_anomaly:anomaly_viewer but it was marked as removed already
[11:07:58] [Server thread/WARN] [minecraft/ServerLevel]: Tried to add entity the_anomaly:anomaly_viewer but it was marked as removed already
[11:07:58] [Server thread/WARN] [minecraft/ServerLevel]: Tried to add entity the_anomaly:anomaly_trap but it was marked as removed already
[11:07:58] [Server thread/WARN] [minecraft/ServerLevel]: Tried to add entity the_anomaly:anomaly_visitor but it was marked as removed already
[11:08:01] [Server thread/WARN] [minecraft/ServerLevel]: Tried to add entity the_anomaly:anomaly_viewer but it was marked as removed already
[11:08:07] [Server thread/WARN] [minecraft/ServerLevel]: Tried to add entity the_anomaly:anomaly_viewer but it was marked as removed already
[11:08:07] [Server thread/WARN] [minecraft/ServerLevel]: Tried to add entity the_anomaly:anomaly_visitor_2 but it was marked as removed already
[11:08:07] [Server thread/WARN] [minecraft/ServerLevel]: Tried to add entity the_anomaly:anomaly_trap but it was marked as removed already
[11:08:08] [Server thread/WARN] [minecraft/ServerLevel]: Tried to add entity the_anomaly:anomaly_viewer but it was marked as removed already
[11:08:09] [Server thread/WARN] [minecraft/ServerLevel]: Tried to add entity the_anomaly:anomaly_visitor_2 but it was marked as removed already
[11:08:10] [Server thread/WARN] [minecraft/ServerLevel]: Tried to add entity the_anomaly:anomaly_viewer but it was marked as removed already
[11:08:11] [Server thread/WARN] [minecraft/ServerLevel]: Tried to add entity the_anomaly:anomaly_trap but it was marked as removed already
[11:08:12] [Server thread/WARN] [minecraft/ServerLevel]: Tried to add entity the_anomaly:anomaly_viewer but it was marked as removed already
[11:08:12] [Server thread/WARN] [minecraft/ServerLevel]: Tried to add entity the_anomaly:anomaly_trap but it was marked as removed already
[11:08:12] [Server thread/WARN] [minecraft/ServerLevel]: Tried to add entity the_anomaly:anomaly_visitor but it was marked as removed already
[11:08:12] [Server thread/WARN] [minecraft/ServerLevel]: Tried to add entity the_anomaly:anomaly_trap but it was marked as removed already
[11:08:12] [Server thread/WARN] [minecraft/ServerLevel]: Tried to add entity the_anomaly:anomaly_trap but it was marked as removed already
[11:08:13] [Server thread/WARN] [minecraft/ServerLevel]: Tried to add entity the_anomaly:anomaly_viewer but it was marked as removed already
[11:08:22] [Server thread/WARN] [minecraft/ServerLevel]: Tried to add entity the_anomaly:anomaly_visitor_2 but it was marked as removed already
[11:08:23] [Server thread/WARN] [minecraft/ServerLevel]: Tried to add entity the_anomaly:anomaly_trap but it was marked as removed already
[11:08:34] [Server thread/WARN] [minecraft/ServerLevel]: Tried to add entity the_anomaly:anomaly_trap but it was marked as removed already
[11:08:35] [Server thread/WARN] [minecraft/ServerLevel]: Tried to add entity the_anomaly:anomaly_trap but it was marked as removed already
[11:08:35] [Server thread/WARN] [minecraft/ServerLevel]: Tried to add entity the_anomaly:anomaly_visitor_2 but it was marked as removed already
[11:08:36] [Server thread/WARN] [minecraft/ServerLevel]: Tried to add entity the_anomaly:anomaly_viewer but it was marked as removed already
[11:08:39] [Server thread/WARN] [minecraft/ServerLevel]: Tried to add entity the_anomaly:anomaly_trap but it was marked as removed already
[11:08:40] [Server thread/WARN] [minecraft/ServerLevel]: Tried to add entity the_anomaly:anomaly_visitor_2 but it was marked as removed already
[11:08:40] [Server thread/WARN] [minecraft/ServerLevel]: Tried to add entity the_anomaly:anomaly_visitor but it was marked as removed already
[11:08:41] [Server thread/WARN] [minecraft/ServerLevel]: Tried to add entity the_anomaly:anomaly_visitor but it was marked as removed already
[11:08:41] [Server thread/WARN] [minecraft/ServerLevel]: Tried to add entity the_anomaly:anomaly_visitor but it was marked as removed already
[11:08:41] [Server thread/WARN] [minecraft/ServerLevel]: Tried to add entity the_anomaly:anomaly_visitor_2 but it was marked as removed already
[11:08:41] [Server thread/WARN] [minecraft/ServerLevel]: Tried to add entity the_anomaly:anomaly_trap but it was marked as removed already
[11:08:42] [Server thread/WARN] [minecraft/ServerLevel]: Tried to add entity the_anomaly:anomaly_trap but it was marked as removed already
[11:08:42] [Server thread/WARN] [minecraft/ServerLevel]: Tried to add entity the_anomaly:anomaly_viewer but it was marked as removed already
[11:08:42] [Server thread/WARN] [minecraft/ServerLevel]: Tried to add entity the_anomaly:anomaly_trap but it was marked as removed already
[11:08:42] [Server thread/WARN] [minecraft/ServerLevel]: Tried to add entity the_anomaly:anomaly_visitor_2 but it was marked as removed already
[11:08:42] [Server thread/WARN] [minecraft/ServerLevel]: Tried to add entity the_anomaly:anomaly_viewer but it was marked as removed already
[11:08:42] [Server thread/WARN] [minecraft/ServerLevel]: Tried to add entity the_anomaly:anomaly_trap but it was marked as removed already
[11:08:42] [Server thread/WARN] [minecraft/ServerLevel]: Tried to add entity the_anomaly:anomaly_trap but it was marked as removed already
[11:08:42] [Server thread/WARN] [minecraft/ServerLevel]: Tried to add entity the_anomaly:anomaly_trap but it was marked as removed already
[11:08:43] [Server thread/WARN] [minecraft/ServerLevel]: Tried to add entity the_anomaly:anomaly_visitor_2 but it was marked as removed already
[11:08:46] [Server thread/WARN] [minecraft/ServerLevel]: Tried to add entity the_anomaly:anomaly_trap but it was marked as removed already
[11:08:46] [Server thread/WARN] [minecraft/ServerLevel]: Tried to add entity the_anomaly:anomaly_escape but it was marked as removed already
[11:08:49] [Server thread/WARN] [minecraft/ServerLevel]: Tried to add entity the_anomaly:anomaly_viewer but it was marked as removed already
[11:08:50] [Server thread/WARN] [minecraft/ServerLevel]: Tried to add entity the_anomaly:anomaly_viewer but it was marked as removed already
[11:08:51] [Server thread/WARN] [minecraft/ServerLevel]: Tried to add entity the_anomaly:anomaly_trap but it was marked as removed already
[11:08:51] [Server thread/WARN] [minecraft/ServerLevel]: Tried to add entity the_anomaly:anomaly_viewer but it was marked as removed already
[11:08:52] [Server thread/WARN] [minecraft/ServerLevel]: Tried to add entity the_anomaly:anomaly_viewer but it was marked as removed already
[11:08:53] [Server thread/WARN] [minecraft/ServerLevel]: Tried to add entity the_anomaly:anomaly_visitor_2 but it was marked as removed already
[11:08:54] [Server thread/WARN] [minecraft/ServerLevel]: Tried to add entity the_anomaly:anomaly_visitor_2 but it was marked as removed already
[11:08:57] [Server thread/WARN] [minecraft/ServerLevel]: Tried to add entity the_anomaly:anomaly_viewer but it was marked as removed already
[11:08:57] [Server thread/WARN] [minecraft/ServerLevel]: Tried to add entity the_anomaly:anomaly_viewer but it was marked as removed already
[11:08:57] [Server thread/WARN] [minecraft/ServerLevel]: Tried to add entity the_anomaly:anomaly_visitor_2 but it was marked as removed already
[11:08:58] [Server thread/WARN] [minecraft/ServerLevel]: Tried to add entity the_anomaly:anomaly_viewer but it was marked as removed already
[11:08:58] [Server thread/WARN] [minecraft/ServerLevel]: Tried to add entity the_anomaly:anomaly_visitor but it was marked as removed already
[11:08:58] [Server thread/WARN] [minecraft/ServerLevel]: Tried to add entity the_anomaly:anomaly_viewer but it was marked as removed already
[11:09:02] [Server thread/WARN] [minecraft/ServerLevel]: Tried to add entity the_anomaly:anomaly_viewer but it was marked as removed already
[11:09:04] [Server thread/WARN] [minecraft/ServerLevel]: Tried to add entity the_anomaly:anomaly_visitor but it was marked as removed already
[11:09:06] [Server thread/WARN] [minecraft/ServerLevel]: Tried to add entity the_anomaly:anomaly_viewer but it was marked as removed already
[11:09:07] [Server thread/WARN] [minecraft/ServerLevel]: Tried to add entity the_anomaly:anomaly_trap but it was marked as removed already
[11:09:07] [Server thread/WARN] [minecraft/ServerLevel]: Tried to add entity the_anomaly:anomaly_trap but it was marked as removed already
[11:09:09] [Server thread/WARN] [minecraft/ServerLevel]: Tried to add entity the_anomaly:anomaly_visitor_2 but it was marked as removed already
[11:09:10] [Server thread/WARN] [minecraft/ServerLevel]: Tried to add entity the_anomaly:anomaly_viewer but it was marked as removed already
[11:09:13] [Server thread/WARN] [minecraft/ServerLevel]: Tried to add entity the_anomaly:anomaly_visitor but it was marked as removed already
[11:09:13] [Server thread/WARN] [minecraft/ServerLevel]: Tried to add entity the_anomaly:anomaly_visitor_2 but it was marked as removed already
[11:09:13] [Server thread/WARN] [minecraft/ServerLevel]: Tried to add entity the_anomaly:anomaly_viewer but it was marked as removed already
[11:09:13] [Server thread/WARN] [minecraft/ServerLevel]: Tried to add entity the_anomaly:anomaly_viewer but it was marked as removed already
[11:09:16] [Server thread/WARN] [minecraft/ServerLevel]: Tried to add entity the_anomaly:anomaly_trap but it was marked as removed already
[11:09:16] [Server thread/WARN] [minecraft/ServerLevel]: Tried to add entity the_anomaly:anomaly_trap but it was marked as removed already
[11:09:17] [Server thread/WARN] [minecraft/ServerLevel]: Tried to add entity the_anomaly:anomaly_visitor but it was marked as removed already
[11:09:17] [Server thread/WARN] [minecraft/ServerLevel]: Tried to add entity the_anomaly:anomaly_viewer but it was marked as removed already
[11:09:17] [Server thread/WARN] [minecraft/ServerLevel]: Tried to add entity the_anomaly:anomaly_viewer but it was marked as removed already
[11:09:20] [Server thread/WARN] [minecraft/ServerLevel]: Tried to add entity the_anomaly:anomaly_visitor_2 but it was marked as removed already
[11:09:20] [Server thread/WARN] [minecraft/ServerLevel]: Tried to add entity the_anomaly:anomaly_visitor but it was marked as removed already
[11:09:24] [Server thread/WARN] [minecraft/ServerLevel]: Tried to add entity the_anomaly:anomaly_visitor_2 but it was marked as removed already
[11:09:26] [Server thread/WARN] [minecraft/ServerLevel]: Tried to add entity the_anomaly:anomaly_viewer but it was marked as removed already
[11:09:26] [Server thread/WARN] [minecraft/ServerLevel]: Tried to add entity the_anomaly:anomaly_viewer but it was marked as removed already
[11:09:27] [Server thread/WARN] [minecraft/ServerLevel]: Tried to add entity the_anomaly:anomaly_viewer but it was marked as removed already
[11:09:28] [Server thread/WARN] [minecraft/ServerLevel]: Tried to add entity the_anomaly:anomaly_trap but it was marked as removed already
[11:09:30] [Server thread/WARN] [minecraft/ServerLevel]: Tried to add entity the_anomaly:anomaly_visitor but it was marked as removed already
[11:09:30] [Server thread/WARN] [minecraft/ServerLevel]: Tried to add entity the_anomaly:anomaly_viewer but it was marked as removed already
[11:09:30] [Server thread/WARN] [minecraft/ServerLevel]: Tried to add entity the_anomaly:anomaly_trap but it was marked as removed already
[11:09:31] [Server thread/WARN] [minecraft/ServerLevel]: Tried to add entity the_anomaly:anomaly_viewer but it was marked as removed already
[11:09:31] [Server thread/WARN] [minecraft/ServerLevel]: Tried to add entity the_anomaly:anomaly_trap but it was marked as removed already
[11:09:31] [Server thread/WARN] [minecraft/ServerLevel]: Tried to add entity the_anomaly:anomaly_trap but it was marked as removed already
[11:09:31] [Server thread/WARN] [minecraft/ServerLevel]: Tried to add entity the_anomaly:anomaly_trap but it was marked as removed already
[11:09:32] [Server thread/WARN] [minecraft/ServerLevel]: Tried to add entity the_anomaly:anomaly_visitor but it was marked as removed already
[11:09:32] [Server thread/WARN] [minecraft/ServerLevel]: Tried to add entity the_anomaly:anomaly_trap but it was marked as removed already
[11:09:32] [Server thread/WARN] [minecraft/ServerLevel]: Tried to add entity the_anomaly:anomaly_trap but it was marked as removed already
[11:09:35] [Server thread/WARN] [minecraft/ServerLevel]: Tried to add entity the_anomaly:anomaly_visitor but it was marked as removed already
[11:09:35] [Server thread/WARN] [minecraft/ServerLevel]: Tried to add entity the_anomaly:anomaly_visitor but it was marked as removed already
[11:09:35] [Server thread/WARN] [minecraft/ServerLevel]: Tried to add entity the_anomaly:anomaly_viewer but it was marked as removed already
[11:09:35] [Server thread/WARN] [minecraft/ServerLevel]: Tried to add entity the_anomaly:anomaly_trap but it was marked as removed already
[11:09:35] [Server thread/WARN] [minecraft/ServerLevel]: Tried to add entity the_anomaly:anomaly_trap but it was marked as removed already
[11:09:36] [Server thread/WARN] [minecraft/ServerLevel]: Tried to add entity the_anomaly:anomaly_viewer but it was marked as removed already
[11:09:37] [Server thread/WARN] [minecraft/ServerLevel]: Tried to add entity the_anomaly:anomaly_viewer but it was marked as removed already
[11:09:37] [Server thread/WARN] [minecraft/ServerLevel]: Tried to add entity the_anomaly:anomaly_trap but it was marked as removed already
[11:09:38] [Server thread/WARN] [minecraft/ServerLevel]: Tried to add entity the_anomaly:anomaly_viewer but it was marked as removed already
[11:09:38] [Server thread/WARN] [minecraft/ServerLevel]: Tried to add entity the_anomaly:anomaly_visitor_2 but it was marked as removed already
[11:09:38] [Server thread/WARN] [minecraft/ServerLevel]: Tried to add entity the_anomaly:anomaly_viewer but it was marked as removed already
[11:09:38] [Server thread/WARN] [minecraft/ServerLevel]: Tried to add entity the_anomaly:anomaly_viewer but it was marked as removed already
[11:09:43] [Server thread/WARN] [minecraft/ServerLevel]: Tried to add entity the_anomaly:anomaly_viewer but it was marked as removed already
[11:09:43] [Server thread/WARN] [minecraft/ServerLevel]: Tried to add entity the_anomaly:anomaly_trap but it was marked as removed already
[11:09:44] [Server thread/WARN] [minecraft/ServerLevel]: Tried to add entity the_anomaly:anomaly_trap but it was marked as removed already
[11:09:45] [Server thread/WARN] [minecraft/ServerLevel]: Tried to add entity the_anomaly:anomaly_viewer but it was marked as removed already
[11:09:47] [Server thread/WARN] [minecraft/ServerLevel]: Tried to add entity the_anomaly:anomaly_visitor but it was marked as removed already
[11:09:48] [Server thread/WARN] [minecraft/ServerLevel]: Tried to add entity the_anomaly:anomaly_trap but it was marked as removed already
[11:09:48] [Server thread/WARN] [minecraft/ServerLevel]: Tried to add entity the_anomaly:anomaly_trap but it was marked as removed already
[11:09:49] [Server thread/WARN] [minecraft/ServerLevel]: Tried to add entity the_anomaly:anomaly_trap but it was marked as removed already
[11:09:49] [Server thread/WARN] [minecraft/ServerLevel]: Tried to add entity the_anomaly:anomaly_visitor but it was marked as removed already
[11:09:49] [Server thread/WARN] [minecraft/ServerLevel]: Tried to add entity the_anomaly:anomaly_trap but it was marked as removed already
[11:09:54] [Server thread/WARN] [minecraft/ServerLevel]: Tried to add entity the_anomaly:anomaly_viewer but it was marked as removed already
[11:09:57] [Server thread/WARN] [minecraft/ServerLevel]: Tried to add entity the_anomaly:anomaly_trap but it was marked as removed already
[11:09:58] [Server thread/WARN] [minecraft/ServerLevel]: Tried to add entity the_anomaly:anomaly_trap but it was marked as removed already
[11:10:00] [Server thread/WARN] [minecraft/ServerLevel]: Tried to add entity the_anomaly:anomaly_trap but it was marked as removed already
[11:10:02] [Server thread/WARN] [minecraft/ServerLevel]: Tried to add entity the_anomaly:anomaly_visitor but it was marked as removed already
[11:10:05] [Server thread/WARN] [minecraft/ServerLevel]: Tried to add entity the_anomaly:anomaly_viewer but it was marked as removed already
[11:10:05] [Server thread/WARN] [minecraft/ServerLevel]: Tried to add entity the_anomaly:anomaly_visitor but it was marked as removed already
[11:10:05] [Server thread/WARN] [minecraft/ServerLevel]: Tried to add entity the_anomaly:anomaly_visitor_2 but it was marked as removed already
[11:10:05] [Server thread/WARN] [minecraft/ServerLevel]: Tried to add entity the_anomaly:anomaly_viewer but it was marked as removed already
[11:10:05] [Server thread/WARN] [minecraft/ServerLevel]: Tried to add entity the_anomaly:anomaly_visitor_2 but it was marked as removed already
[11:10:05] [Server thread/WARN] [minecraft/ServerLevel]: Tried to add entity the_anomaly:anomaly_viewer but it was marked as removed already
[11:10:05] [Server thread/WARN] [minecraft/ServerLevel]: Tried to add entity the_anomaly:anomaly_visitor but it was marked as removed already
[11:10:06] [Server thread/WARN] [minecraft/ServerLevel]: Tried to add entity the_anomaly:anomaly_trap but it was marked as removed already
[11:10:08] [Server thread/WARN] [minecraft/ServerLevel]: Tried to add entity the_anomaly:anomaly_viewer but it was marked as removed already
[11:10:09] [Server thread/WARN] [minecraft/ServerLevel]: Tried to add entity the_anomaly:anomaly_trap but it was marked as removed already
[11:10:10] [Server thread/WARN] [minecraft/ServerLevel]: Tried to add entity the_anomaly:anomaly_viewer but it was marked as removed already
[11:10:10] [Server thread/WARN] [minecraft/ServerLevel]: Tried to add entity the_anomaly:anomaly_trap but it was marked as removed already
[11:10:12] [Server thread/WARN] [minecraft/ServerLevel]: Tried to add entity the_anomaly:anomaly_trap but it was marked as removed already
[11:10:12] [Server thread/WARN] [minecraft/ServerLevel]: Tried to add entity the_anomaly:anomaly_visitor_2 but it was marked as removed already
[11:10:12] [Server thread/WARN] [minecraft/ServerLevel]: Tried to add entity the_anomaly:anomaly_visitor_2 but it was marked as removed already
[11:10:13] [Server thread/WARN] [minecraft/ServerLevel]: Tried to add entity the_anomaly:anomaly_viewer but it was marked as removed already
[11:10:13] [Server thread/WARN] [minecraft/ServerLevel]: Tried to add entity the_anomaly:anomaly_viewer but it was marked as removed already
[11:10:13] [Server thread/WARN] [minecraft/ServerLevel]: Tried to add entity the_anomaly:anomaly_viewer but it was marked as removed already
[11:10:13] [Server thread/WARN] [minecraft/ServerLevel]: Tried to add entity the_anomaly:anomaly_viewer but it was marked as removed already
[11:10:13] [Server thread/WARN] [minecraft/ServerLevel]: Tried to add entity the_anomaly:anomaly_visitor but it was marked as removed already
[11:10:14] [Server thread/WARN] [minecraft/ServerLevel]: Tried to add entity the_anomaly:anomaly_viewer but it was marked as removed already
[11:10:14] [Server thread/WARN] [minecraft/ServerLevel]: Tried to add entity the_anomaly:anomaly_trap but it was marked as removed already
[11:10:15] [Server thread/WARN] [minecraft/ServerLevel]: Tried to add entity the_anomaly:anomaly_trap but it was marked as removed already
[11:10:17] [Server thread/WARN] [minecraft/ServerLevel]: Tried to add entity the_anomaly:anomaly_visitor_2 but it was marked as removed already
[11:10:17] [Server thread/WARN] [minecraft/ServerLevel]: Tried to add entity the_anomaly:anomaly_viewer but it was marked as removed already
[11:10:17] [Server thread/WARN] [minecraft/ServerLevel]: Tried to add entity the_anomaly:anomaly_trap but it was marked as removed already
[11:10:17] [Server thread/WARN] [minecraft/ServerLevel]: Tried to add entity the_anomaly:anomaly_viewer but it was marked as removed already
[11:10:22] [Server thread/WARN] [minecraft/ServerLevel]: Tried to add entity the_anomaly:anomaly_viewer but it was marked as removed already
[11:10:23] [Server thread/WARN] [minecraft/ServerLevel]: Tried to add entity the_anomaly:anomaly_viewer but it was marked as removed already
[11:10:23] [Server thread/WARN] [minecraft/ServerLevel]: Tried to add entity the_anomaly:anomaly_trap but it was marked as removed already
[11:10:23] [Server thread/WARN] [minecraft/ServerLevel]: Tried to add entity the_anomaly:anomaly_trap but it was marked as removed already
[11:10:23] [Server thread/WARN] [minecraft/ServerLevel]: Tried to add entity the_anomaly:anomaly_trap but it was marked as removed already
[11:10:24] [Server thread/WARN] [minecraft/ServerLevel]: Tried to add entity the_anomaly:anomaly_visitor but it was marked as removed already
[11:10:25] [Server thread/WARN] [minecraft/ServerLevel]: Tried to add entity the_anomaly:anomaly_trap but it was marked as removed already
[11:10:25] [Server thread/WARN] [minecraft/ServerLevel]: Tried to add entity the_anomaly:anomaly_visitor_2 but it was marked as removed already
[11:10:25] [Server thread/WARN] [minecraft/ServerLevel]: Tried to add entity the_anomaly:anomaly_viewer but it was marked as removed already
[11:10:25] [Server thread/WARN] [minecraft/ServerLevel]: Tried to add entity the_anomaly:anomaly_viewer but it was marked as removed already
[11:10:29] [Server thread/WARN] [minecraft/ServerLevel]: Tried to add entity the_anomaly:anomaly_visitor but it was marked as removed already
[11:10:36] [Server thread/WARN] [minecraft/ServerLevel]: Tried to add entity the_anomaly:anomaly_trap but it was marked as removed already
[11:10:36] [Server thread/WARN] [minecraft/ServerLevel]: Tried to add entity the_anomaly:anomaly_trap but it was marked as removed already
[11:10:36] [Server thread/WARN] [minecraft/ServerLevel]: Tried to add entity the_anomaly:anomaly_viewer but it was marked as removed already
[11:10:36] [Server thread/WARN] [minecraft/ServerLevel]: Tried to add entity the_anomaly:anomaly_trap but it was marked as removed already
[11:10:36] [Server thread/WARN] [minecraft/ServerLevel]: Tried to add entity the_anomaly:anomaly_visitor_2 but it was marked as removed already
[11:10:40] [Server thread/WARN] [minecraft/ServerLevel]: Tried to add entity the_anomaly:anomaly_trap but it was marked as removed already
[11:10:40] [Server thread/WARN] [minecraft/ServerLevel]: Tried to add entity the_anomaly:anomaly_visitor but it was marked as removed already
[11:10:41] [Server thread/WARN] [minecraft/ServerLevel]: Tried to add entity the_anomaly:anomaly_trap but it was marked as removed already
[11:10:45] [Server thread/WARN] [minecraft/ServerLevel]: Tried to add entity the_anomaly:anomaly_visitor_2 but it was marked as removed already
[11:10:45] [Server thread/WARN] [minecraft/ServerLevel]: Tried to add entity the_anomaly:anomaly_trap but it was marked as removed already
[11:10:45] [Server thread/WARN] [minecraft/ServerLevel]: Tried to add entity the_anomaly:anomaly_visitor_2 but it was marked as removed already
[11:10:46] [Server thread/WARN] [minecraft/ServerLevel]: Tried to add entity the_anomaly:anomaly_trap but it was marked as removed already
[11:10:46] [Server thread/WARN] [minecraft/ServerLevel]: Tried to add entity the_anomaly:anomaly_viewer but it was marked as removed already
[11:10:47] [Server thread/WARN] [minecraft/ServerLevel]: Tried to add entity the_anomaly:anomaly_viewer but it was marked as removed already
[11:10:48] [Server thread/WARN] [minecraft/ServerLevel]: Tried to add entity the_anomaly:anomaly_viewer but it was marked as removed already
[11:10:48] [Server thread/WARN] [minecraft/ServerLevel]: Tried to add entity the_anomaly:anomaly_visitor but it was marked as removed already
[11:10:49] [Server thread/WARN] [minecraft/ServerLevel]: Tried to add entity the_anomaly:anomaly_trap but it was marked as removed already
[11:10:49] [Server thread/WARN] [minecraft/ServerLevel]: Tried to add entity the_anomaly:anomaly_trap but it was marked as removed already
[11:10:51] [Server thread/WARN] [minecraft/ServerLevel]: Tried to add entity the_anomaly:anomaly_viewer but it was marked as removed already
[11:10:52] [Server thread/WARN] [minecraft/ServerLevel]: Tried to add entity the_anomaly:anomaly_trap but it was marked as removed already
[11:10:52] [Server thread/WARN] [minecraft/ServerLevel]: Tried to add entity the_anomaly:anomaly_viewer but it was marked as removed already
[11:10:52] [Server thread/WARN] [minecraft/ServerLevel]: Tried to add entity the_anomaly:anomaly_trap but it was marked as removed already
[11:10:53] [Server thread/WARN] [minecraft/ServerLevel]: Tried to add entity the_anomaly:anomaly_viewer but it was marked as removed already
[11:10:53] [Server thread/WARN] [minecraft/ServerLevel]: Tried to add entity the_anomaly:anomaly_viewer but it was marked as removed already
[11:10:53] [Server thread/WARN] [minecraft/ServerLevel]: Tried to add entity the_anomaly:anomaly_visitor_2 but it was marked as removed already
[11:10:55] [Server thread/WARN] [minecraft/ServerLevel]: Tried to add entity the_anomaly:anomaly_trap but it was marked as removed already
[11:10:55] [Server thread/WARN] [minecraft/ServerLevel]: Tried to add entity the_anomaly:anomaly_visitor_2 but it was marked as removed already
[11:11:10] [Server thread/WARN] [minecraft/ServerLevel]: Tried to add entity the_anomaly:anomaly_trap but it was marked as removed already
[11:11:12] [Server thread/WARN] [minecraft/ServerLevel]: Tried to add entity the_anomaly:anomaly_trap but it was marked as removed already
[11:11:12] [Server thread/WARN] [minecraft/ServerLevel]: Tried to add entity the_anomaly:anomaly_trap but it was marked as removed already
[11:11:13] [Server thread/WARN] [minecraft/ServerLevel]: Tried to add entity the_anomaly:anomaly_viewer but it was marked as removed already
[11:11:16] [Server thread/WARN] [minecraft/ServerLevel]: Tried to add entity the_anomaly:anomaly_viewer but it was marked as removed already
[11:11:16] [Server thread/WARN] [minecraft/ServerLevel]: Tried to add entity the_anomaly:anomaly_visitor but it was marked as removed already
[11:11:18] [Server thread/WARN] [minecraft/ServerLevel]: Tried to add entity the_anomaly:anomaly_viewer but it was marked as removed already
[11:11:19] [Server thread/WARN] [minecraft/ServerLevel]: Tried to add entity the_anomaly:anomaly_viewer but it was marked as removed already
[11:11:19] [Server thread/WARN] [minecraft/ServerLevel]: Tried to add entity the_anomaly:anomaly_viewer but it was marked as removed already
[11:11:20] [Server thread/WARN] [minecraft/ServerLevel]: Tried to add entity the_anomaly:anomaly_trap but it was marked as removed already
[11:11:27] [Server thread/WARN] [minecraft/ServerLevel]: Tried to add entity the_anomaly:anomaly_viewer but it was marked as removed already
[11:11:27] [Server thread/WARN] [minecraft/ServerLevel]: Tried to add entity the_anomaly:anomaly_viewer but it was marked as removed already
[11:11:31] [Server thread/WARN] [minecraft/ServerLevel]: Tried to add entity the_anomaly:anomaly_trap but it was marked as removed already
[11:11:37] [Server thread/WARN] [minecraft/ServerLevel]: Tried to add entity the_anomaly:anomaly_viewer but it was marked as removed already
[11:11:37] [Server thread/WARN] [minecraft/ServerLevel]: Tried to add entity the_anomaly:anomaly_viewer but it was marked as removed already
[11:11:37] [Server thread/WARN] [minecraft/ServerLevel]: Tried to add entity the_anomaly:anomaly_trap but it was marked as removed already
[11:11:37] [Server thread/WARN] [minecraft/ServerLevel]: Tried to add entity the_anomaly:anomaly_trap but it was marked as removed already
[11:11:44] [Server thread/WARN] [minecraft/ServerLevel]: Tried to add entity the_anomaly:anomaly_viewer but it was marked as removed already
[11:11:44] [Server thread/WARN] [minecraft/ServerLevel]: Tried to add entity the_anomaly:anomaly_trap but it was marked as removed already
[11:11:44] [Server thread/WARN] [minecraft/ServerLevel]: Tried to add entity the_anomaly:anomaly_visitor_2 but it was marked as removed already
[11:11:44] [Server thread/WARN] [minecraft/ServerLevel]: Tried to add entity the_anomaly:anomaly_visitor but it was marked as removed already
[11:11:44] [Server thread/WARN] [minecraft/ServerLevel]: Tried to add entity the_anomaly:anomaly_trap but it was marked as removed already
[11:11:49] [Server thread/WARN] [minecraft/ServerLevel]: Tried to add entity the_anomaly:anomaly_visitor_2 but it was marked as removed already
[11:11:50] [Server thread/WARN] [minecraft/ServerLevel]: Tried to add entity the_anomaly:anomaly_viewer but it was marked as removed already
[11:11:50] [Server thread/WARN] [minecraft/ServerLevel]: Tried to add entity the_anomaly:anomaly_visitor_2 but it was marked as removed already
[11:11:50] [Server thread/WARN] [minecraft/ServerLevel]: Tried to add entity the_anomaly:anomaly_trap but it was marked as removed already
[11:11:50] [Server thread/WARN] [minecraft/ServerLevel]: Tried to add entity the_anomaly:anomaly_trap but it was marked as removed already
[11:11:51] [Server thread/WARN] [minecraft/ServerLevel]: Tried to add entity the_anomaly:anomaly_trap but it was marked as removed already
[11:11:52] [Server thread/WARN] [minecraft/ServerLevel]: Tried to add entity the_anomaly:anomaly_viewer but it was marked as removed already
[11:11:58] [Server thread/WARN] [minecraft/ServerLevel]: Tried to add entity the_anomaly:anomaly_trap but it was marked as removed already
[11:11:58] [Server thread/WARN] [minecraft/ServerLevel]: Tried to add entity the_anomaly:anomaly_visitor but it was marked as removed already
[11:11:59] [Server thread/WARN] [minecraft/ServerLevel]: Tried to add entity the_anomaly:anomaly_viewer but it was marked as removed already
[11:11:59] [Server thread/WARN] [minecraft/ServerLevel]: Tried to add entity the_anomaly:anomaly_visitor_2 but it was marked as removed already
[11:12:01] [Server thread/WARN] [minecraft/ServerLevel]: Tried to add entity the_anomaly:anomaly_visitor but it was marked as removed already
[11:12:01] [Server thread/WARN] [minecraft/ServerLevel]: Tried to add entity the_anomaly:anomaly_viewer but it was marked as removed already
[11:12:01] [Server thread/WARN] [minecraft/ServerLevel]: Tried to add entity the_anomaly:anomaly_trap but it was marked as removed already
[11:12:01] [Server thread/WARN] [minecraft/ServerLevel]: Tried to add entity the_anomaly:anomaly_viewer but it was marked as removed already
[11:12:02] [Server thread/WARN] [minecraft/ServerLevel]: Tried to add entity the_anomaly:anomaly_trap but it was marked as removed already
[11:12:02] [Server thread/WARN] [minecraft/ServerLevel]: Tried to add entity the_anomaly:anomaly_visitor_2 but it was marked as removed already
[11:12:08] [Server thread/WARN] [minecraft/ServerLevel]: Tried to add entity the_anomaly:anomaly_visitor_2 but it was marked as removed already
[11:12:10] [Server thread/WARN] [minecraft/ServerLevel]: Tried to add entity the_anomaly:anomaly_viewer but it was marked as removed already
[11:12:11] [Server thread/WARN] [minecraft/ServerLevel]: Tried to add entity the_anomaly:anomaly_viewer but it was marked as removed already
[11:12:11] [Server thread/WARN] [minecraft/ServerLevel]: Tried to add entity the_anomaly:anomaly_trap but it was marked as removed already
[11:12:11] [Server thread/WARN] [minecraft/ServerLevel]: Tried to add entity the_anomaly:anomaly_visitor_2 but it was marked as removed already
[11:12:13] [Server thread/WARN] [minecraft/ServerLevel]: Tried to add entity the_anomaly:anomaly_visitor but it was marked as removed already
[11:12:14] [Server thread/WARN] [minecraft/ServerLevel]: Tried to add entity the_anomaly:anomaly_viewer but it was marked as removed already
[11:12:15] [Server thread/WARN] [minecraft/ServerLevel]: Tried to add entity the_anomaly:anomaly_viewer but it was marked as removed already
[11:12:15] [Server thread/WARN] [minecraft/ServerLevel]: Tried to add entity the_anomaly:anomaly_visitor_2 but it was marked as removed already
[11:12:20] [Server thread/WARN] [minecraft/ServerLevel]: Tried to add entity the_anomaly:anomaly_trap but it was marked as removed already
[11:12:21] [Server thread/WARN] [minecraft/ServerLevel]: Tried to add entity the_anomaly:anomaly_trap but it was marked as removed already
[11:12:21] [Server thread/WARN] [minecraft/ServerLevel]: Tried to add entity the_anomaly:anomaly_trap but it was marked as removed already
[11:12:21] [Server thread/WARN] [minecraft/ServerLevel]: Tried to add entity the_anomaly:anomaly_visitor but it was marked as removed already
[11:12:21] [Server thread/WARN] [minecraft/ServerLevel]: Tried to add entity the_anomaly:anomaly_visitor but it was marked as removed already
[11:12:21] [Server thread/WARN] [minecraft/ServerLevel]: Tried to add entity the_anomaly:anomaly_viewer but it was marked as removed already
[11:12:21] [Server thread/WARN] [minecraft/ServerLevel]: Tried to add entity the_anomaly:anomaly_trap but it was marked as removed already
[11:12:27] [Server thread/WARN] [minecraft/ServerLevel]: Tried to add entity the_anomaly:anomaly_visitor_2 but it was marked as removed already
[11:12:27] [Server thread/WARN] [minecraft/ServerLevel]: Tried to add entity the_anomaly:anomaly_visitor_2 but it was marked as removed already
[11:12:27] [Server thread/WARN] [minecraft/ServerLevel]: Tried to add entity the_anomaly:anomaly_viewer but it was marked as removed already
[11:12:28] [Server thread/WARN] [minecraft/ServerLevel]: Tried to add entity the_anomaly:anomaly_viewer but it was marked as removed already
[11:12:28] [Server thread/WARN] [minecraft/ServerLevel]: Tried to add entity the_anomaly:anomaly_trap but it was marked as removed already
[11:12:28] [Server thread/WARN] [minecraft/ServerLevel]: Tried to add entity the_anomaly:anomaly_visitor but it was marked as removed already
[11:12:34] [Server thread/WARN] [minecraft/ServerLevel]: Tried to add entity the_anomaly:anomaly_escape but it was marked as removed already
[11:12:35] [Server thread/WARN] [minecraft/ServerLevel]: Tried to add entity the_anomaly:anomaly_visitor_2 but it was marked as removed already
[11:12:38] [Server thread/WARN] [minecraft/ServerLevel]: Tried to add entity the_anomaly:anomaly_viewer but it was marked as removed already
[11:12:38] [Server thread/WARN] [minecraft/ServerLevel]: Tried to add entity the_anomaly:anomaly_trap but it was marked as removed already
[11:12:38] [Server thread/WARN] [minecraft/ServerLevel]: Tried to add entity the_anomaly:anomaly_viewer but it was marked as removed already
[11:12:39] [Server thread/WARN] [minecraft/ServerLevel]: Tried to add entity the_anomaly:anomaly_viewer but it was marked as removed already
[11:12:40] [Server thread/WARN] [minecraft/ServerLevel]: Tried to add entity the_anomaly:anomaly_viewer but it was marked as removed already
[11:12:40] [Server thread/WARN] [minecraft/ServerLevel]: Tried to add entity the_anomaly:anomaly_trap but it was marked as removed already
[11:12:42] [Server thread/WARN] [minecraft/ServerLevel]: Tried to add entity the_anomaly:anomaly_trap but it was marked as removed already
[11:12:42] [Server thread/WARN] [minecraft/ServerLevel]: Tried to add entity the_anomaly:anomaly_trap but it was marked as removed already
[11:12:42] [Server thread/WARN] [minecraft/ServerLevel]: Tried to add entity the_anomaly:anomaly_visitor but it was marked as removed already
[11:12:43] [Server thread/WARN] [minecraft/ServerLevel]: Tried to add entity the_anomaly:anomaly_trap but it was marked as removed already
[11:12:44] [Server thread/WARN] [minecraft/ServerLevel]: Tried to add entity the_anomaly:anomaly_viewer but it was marked as removed already
[11:12:44] [Server thread/WARN] [minecraft/ServerLevel]: Tried to add entity the_anomaly:anomaly_viewer but it was marked as removed already
[11:12:44] [Server thread/WARN] [minecraft/ServerLevel]: Tried to add entity the_anomaly:anomaly_viewer but it was marked as removed already
[11:12:44] [Server thread/WARN] [minecraft/ServerLevel]: Tried to add entity the_anomaly:anomaly_trap but it was marked as removed already
[11:12:45] [Server thread/WARN] [minecraft/ServerLevel]: Tried to add entity the_anomaly:anomaly_viewer but it was marked as removed already
[11:12:47] [Server thread/WARN] [minecraft/ServerLevel]: Tried to add entity the_anomaly:anomaly_viewer but it was marked as removed already
[11:12:47] [Server thread/WARN] [minecraft/ServerLevel]: Tried to add entity the_anomaly:anomaly_trap but it was marked as removed already
[11:12:50] [Server thread/WARN] [minecraft/ServerLevel]: Tried to add entity the_anomaly:anomaly_viewer but it was marked as removed already
[11:12:50] [Server thread/WARN] [minecraft/ServerLevel]: Tried to add entity the_anomaly:anomaly_viewer but it was marked as removed already
[11:12:51] [Server thread/WARN] [minecraft/ServerLevel]: Tried to add entity the_anomaly:anomaly_viewer but it was marked as removed already
[11:12:51] [Server thread/WARN] [minecraft/ServerLevel]: Tried to add entity the_anomaly:anomaly_trap but it was marked as removed already
[11:12:52] [Server thread/WARN] [minecraft/ServerLevel]: Tried to add entity the_anomaly:anomaly_viewer but it was marked as removed already
[11:12:52] [Server thread/WARN] [minecraft/ServerLevel]: Tried to add entity the_anomaly:anomaly_viewer but it was marked as removed already
[11:12:52] [Server thread/WARN] [minecraft/ServerLevel]: Tried to add entity the_anomaly:anomaly_viewer but it was marked as removed already
[11:12:55] [Server thread/WARN] [minecraft/ServerLevel]: Tried to add entity the_anomaly:anomaly_viewer but it was marked as removed already
[11:12:58] [Server thread/WARN] [minecraft/ServerLevel]: Tried to add entity the_anomaly:anomaly_visitor_2 but it was marked as removed already
[11:13:01] [Server thread/WARN] [minecraft/ServerLevel]: Tried to add entity the_anomaly:anomaly_viewer but it was marked as removed already
[11:13:03] [Server thread/WARN] [minecraft/ServerLevel]: Tried to add entity the_anomaly:anomaly_viewer but it was marked as removed already
[11:13:05] [Server thread/WARN] [minecraft/ServerLevel]: Tried to add entity the_anomaly:anomaly_trap but it was marked as removed already
[11:13:08] [Server thread/WARN] [minecraft/ServerLevel]: Tried to add entity the_anomaly:anomaly_viewer but it was marked as removed already
[11:13:08] [Server thread/WARN] [minecraft/ServerLevel]: Tried to add entity the_anomaly:anomaly_trap but it was marked as removed already
[11:13:13] [Server thread/WARN] [minecraft/ServerLevel]: Tried to add entity the_anomaly:anomaly_trap but it was marked as removed already
[11:13:14] [Server thread/WARN] [minecraft/ServerLevel]: Tried to add entity the_anomaly:anomaly_trap but it was marked as removed already
[11:13:14] [Server thread/WARN] [minecraft/ServerLevel]: Tried to add entity the_anomaly:anomaly_viewer but it was marked as removed already
[11:13:15] [Server thread/WARN] [minecraft/ServerLevel]: Tried to add entity the_anomaly:anomaly_viewer but it was marked as removed already
[11:13:20] [Server thread/WARN] [minecraft/ServerLevel]: Tried to add entity the_anomaly:anomaly_visitor but it was marked as removed already
[11:13:20] [Server thread/WARN] [minecraft/ServerLevel]: Tried to add entity the_anomaly:anomaly_visitor_2 but it was marked as removed already
[11:13:21] [Server thread/WARN] [minecraft/ServerLevel]: Tried to add entity the_anomaly:anomaly_visitor but it was marked as removed already
[11:13:21] [Server thread/WARN] [minecraft/ServerLevel]: Tried to add entity the_anomaly:anomaly_trap but it was marked as removed already
[11:13:22] [Server thread/WARN] [minecraft/ServerLevel]: Tried to add entity the_anomaly:anomaly_visitor_2 but it was marked as removed already
[11:13:22] [Server thread/WARN] [minecraft/ServerLevel]: Tried to add entity the_anomaly:anomaly_viewer but it was marked as removed already
[11:13:22] [Server thread/WARN] [minecraft/ServerLevel]: Tried to add entity the_anomaly:anomaly_visitor but it was marked as removed already
[11:13:22] [Server thread/WARN] [minecraft/ServerLevel]: Tried to add entity the_anomaly:anomaly_trap but it was marked as removed already
[11:13:24] [Server thread/WARN] [minecraft/ServerLevel]: Tried to add entity the_anomaly:anomaly_trap but it was marked as removed already
[11:13:27] [Server thread/WARN] [minecraft/ServerLevel]: Tried to add entity the_anomaly:anomaly_visitor but it was marked as removed already
[11:13:29] [Server thread/WARN] [minecraft/ServerLevel]: Tried to add entity the_anomaly:anomaly_visitor_2 but it was marked as removed already
[11:13:29] [Server thread/WARN] [minecraft/ServerLevel]: Tried to add entity the_anomaly:anomaly_viewer but it was marked as removed already
[11:13:34] [Server thread/WARN] [minecraft/ServerLevel]: Tried to add entity the_anomaly:anomaly_trap but it was marked as removed already
[11:13:34] [Server thread/WARN] [minecraft/ServerLevel]: Tried to add entity the_anomaly:anomaly_trap but it was marked as removed already
[11:13:34] [Server thread/WARN] [minecraft/ServerLevel]: Tried to add entity the_anomaly:anomaly_trap but it was marked as removed already
[11:13:34] [Server thread/WARN] [minecraft/ServerLevel]: Tried to add entity the_anomaly:anomaly_visitor but it was marked as removed already
[11:13:35] [Server thread/WARN] [minecraft/ServerLevel]: Tried to add entity the_anomaly:anomaly_trap but it was marked as removed already
[11:13:38] [Server thread/WARN] [minecraft/ServerLevel]: Tried to add entity the_anomaly:anomaly_viewer but it was marked as removed already
[11:13:39] [Server thread/WARN] [minecraft/ServerLevel]: Tried to add entity the_anomaly:anomaly_trap but it was marked as removed already
[11:13:40] [Server thread/WARN] [minecraft/ServerLevel]: Tried to add entity the_anomaly:anomaly_visitor but it was marked as removed already
[11:13:40] [Server thread/WARN] [minecraft/ServerLevel]: Tried to add entity the_anomaly:anomaly_trap but it was marked as removed already
[11:13:40] [Server thread/WARN] [minecraft/ServerLevel]: Tried to add entity the_anomaly:anomaly_trap but it was marked as removed already
[11:13:40] [Server thread/WARN] [minecraft/ServerLevel]: Tried to add entity the_anomaly:anomaly_visitor_2 but it was marked as removed already
[11:13:42] [Server thread/WARN] [minecraft/ServerLevel]: Tried to add entity the_anomaly:anomaly_viewer but it was marked as removed already
[11:13:42] [Server thread/WARN] [minecraft/ServerLevel]: Tried to add entity the_anomaly:anomaly_viewer but it was marked as removed already
[11:13:43] [Server thread/WARN] [minecraft/ServerLevel]: Tried to add entity the_anomaly:anomaly_visitor but it was marked as removed already
[11:13:43] [Server thread/WARN] [minecraft/ServerLevel]: Tried to add entity the_anomaly:anomaly_trap but it was marked as removed already
[11:13:43] [Server thread/WARN] [minecraft/ServerLevel]: Tried to add entity the_anomaly:anomaly_trap but it was marked as removed already
[11:13:44] [Server thread/WARN] [minecraft/ServerLevel]: Tried to add entity the_anomaly:anomaly_visitor but it was marked as removed already
[11:13:44] [Server thread/WARN] [minecraft/ServerLevel]: Tried to add entity the_anomaly:anomaly_visitor but it was marked as removed already
[11:13:44] [Server thread/WARN] [minecraft/ServerLevel]: Tried to add entity the_anomaly:anomaly_viewer but it was marked as removed already
[11:13:44] [Server thread/WARN] [minecraft/ServerLevel]: Tried to add entity the_anomaly:anomaly_visitor_2 but it was marked as removed already
[11:13:44] [Server thread/WARN] [minecraft/ServerLevel]: Tried to add entity the_anomaly:anomaly_viewer but it was marked as removed already
[11:13:44] [Server thread/WARN] [minecraft/ServerLevel]: Tried to add entity the_anomaly:anomaly_viewer but it was marked as removed already
[11:13:44] [Server thread/WARN] [minecraft/ServerLevel]: Tried to add entity the_anomaly:anomaly_trap but it was marked as removed already
[11:13:45] [Server thread/WARN] [minecraft/ServerLevel]: Tried to add entity the_anomaly:anomaly_visitor but it was marked as removed already
[11:13:45] [Server thread/WARN] [minecraft/ServerLevel]: Tried to add entity the_anomaly:anomaly_viewer but it was marked as removed already
[11:13:45] [Server thread/WARN] [minecraft/ServerLevel]: Tried to add entity the_anomaly:anomaly_viewer but it was marked as removed already
[11:13:54] [Server thread/WARN] [minecraft/ServerLevel]: Tried to add entity the_anomaly:anomaly_trap but it was marked as removed already
[11:13:55] [Server thread/WARN] [minecraft/ServerLevel]: Tried to add entity the_anomaly:anomaly_trap but it was marked as removed already
[11:13:59] [Server thread/WARN] [minecraft/ServerLevel]: Tried to add entity the_anomaly:anomaly_viewer but it was marked as removed already
[11:13:59] [Server thread/WARN] [minecraft/ServerLevel]: Tried to add entity the_anomaly:anomaly_visitor_2 but it was marked as removed already
[11:14:03] [Server thread/WARN] [minecraft/ServerLevel]: Tried to add entity the_anomaly:anomaly_trap but it was marked as removed already
[11:14:03] [Server thread/WARN] [minecraft/ServerLevel]: Tried to add entity the_anomaly:anomaly_trap but it was marked as removed already
[11:14:03] [Server thread/WARN] [minecraft/ServerLevel]: Tried to add entity the_anomaly:anomaly_trap but it was marked as removed already
[11:14:05] [Server thread/WARN] [minecraft/ServerLevel]: Tried to add entity the_anomaly:anomaly_trap but it was marked as removed already
[11:14:05] [Server thread/WARN] [minecraft/ServerLevel]: Tried to add entity the_anomaly:anomaly_viewer but it was marked as removed already
[11:14:05] [Server thread/WARN] [minecraft/ServerLevel]: Tried to add entity the_anomaly:anomaly_visitor_2 but it was marked as removed already
[11:14:08] [Server thread/WARN] [minecraft/ServerLevel]: Tried to add entity the_anomaly:anomaly_viewer but it was marked as removed already
[11:14:08] [Server thread/WARN] [minecraft/ServerLevel]: Tried to add entity the_anomaly:anomaly_visitor_2 but it was marked as removed already
[11:14:12] [Server thread/WARN] [minecraft/ServerLevel]: Tried to add entity the_anomaly:anomaly_visitor_2 but it was marked as removed already
[11:14:18] [Server thread/WARN] [minecraft/ServerLevel]: Tried to add entity the_anomaly:anomaly_viewer but it was marked as removed already
[11:14:22] [Server thread/WARN] [minecraft/ServerLevel]: Tried to add entity the_anomaly:anomaly_visitor_2 but it was marked as removed already
[11:14:22] [Server thread/WARN] [minecraft/ServerLevel]: Tried to add entity the_anomaly:anomaly_viewer but it was marked as removed already
[11:14:43] [Server thread/WARN] [minecraft/ServerLevel]: Tried to add entity the_anomaly:anomaly_trap but it was marked as removed already
[11:14:43] [Server thread/WARN] [minecraft/ServerLevel]: Tried to add entity the_anomaly:anomaly_viewer but it was marked as removed already
[11:14:43] [Server thread/WARN] [minecraft/ServerLevel]: Tried to add entity the_anomaly:anomaly_trap but it was marked as removed already
[11:14:43] [Server thread/WARN] [minecraft/ServerLevel]: Tried to add entity the_anomaly:anomaly_trap but it was marked as removed already
[11:14:43] [Server thread/WARN] [minecraft/ServerLevel]: Tried to add entity the_anomaly:anomaly_visitor but it was marked as removed already
[11:14:43] [Server thread/WARN] [minecraft/ServerLevel]: Tried to add entity the_anomaly:anomaly_trap but it was marked as removed already
[11:14:46] [Server thread/WARN] [minecraft/ServerLevel]: Tried to add entity the_anomaly:anomaly_visitor but it was marked as removed already
[11:14:46] [Server thread/WARN] [minecraft/ServerLevel]: Tried to add entity the_anomaly:anomaly_viewer but it was marked as removed already
[11:14:53] [Server thread/WARN] [minecraft/ServerLevel]: Tried to add entity the_anomaly:anomaly_trap but it was marked as removed already
[11:14:55] [Server thread/WARN] [minecraft/ServerLevel]: Tried to add entity the_anomaly:anomaly_trap but it was marked as removed already
[11:14:55] [Server thread/WARN] [minecraft/ServerLevel]: Tried to add entity the_anomaly:anomaly_viewer but it was marked as removed already
[11:14:56] [Server thread/WARN] [minecraft/ServerLevel]: Tried to add entity the_anomaly:anomaly_visitor but it was marked as removed already
[11:14:56] [Server thread/WARN] [minecraft/ServerLevel]: Tried to add entity the_anomaly:anomaly_viewer but it was marked as removed already
[11:14:57] [Server thread/WARN] [minecraft/ServerLevel]: Tried to add entity the_anomaly:anomaly_visitor but it was marked as removed already
[11:15:01] [Server thread/WARN] [minecraft/ServerLevel]: Tried to add entity the_anomaly:anomaly_viewer but it was marked as removed already
[11:15:01] [Server thread/WARN] [minecraft/ServerLevel]: Tried to add entity the_anomaly:anomaly_trap but it was marked as removed already
[11:15:02] [Server thread/WARN] [minecraft/ServerLevel]: Tried to add entity the_anomaly:anomaly_viewer but it was marked as removed already
[11:15:02] [Server thread/WARN] [minecraft/ServerLevel]: Tried to add entity the_anomaly:anomaly_visitor_2 but it was marked as removed already
[11:15:04] [Server thread/WARN] [minecraft/ServerLevel]: Tried to add entity the_anomaly:anomaly_viewer but it was marked as removed already
[11:15:05] [Server thread/WARN] [minecraft/ServerLevel]: Tried to add entity the_anomaly:anomaly_visitor_2 but it was marked as removed already
[11:15:05] [Server thread/WARN] [minecraft/ServerLevel]: Tried to add entity the_anomaly:anomaly_trap but it was marked as removed already
[11:15:06] [Server thread/WARN] [minecraft/ServerLevel]: Tried to add entity the_anomaly:anomaly_trap but it was marked as removed already
[11:15:07] [Server thread/WARN] [minecraft/ServerLevel]: Tried to add entity the_anomaly:anomaly_visitor_2 but it was marked as removed already
[11:15:10] [Server thread/WARN] [minecraft/ServerLevel]: Tried to add entity the_anomaly:anomaly_viewer but it was marked as removed already
[11:15:12] [Server thread/WARN] [minecraft/ServerLevel]: Tried to add entity the_anomaly:anomaly_visitor but it was marked as removed already
[11:15:12] [Server thread/WARN] [minecraft/ServerLevel]: Tried to add entity the_anomaly:anomaly_visitor_2 but it was marked as removed already
[11:15:12] [Server thread/WARN] [minecraft/ServerLevel]: Tried to add entity the_anomaly:anomaly_trap but it was marked as removed already
[11:15:12] [Server thread/WARN] [minecraft/ServerLevel]: Tried to add entity the_anomaly:anomaly_visitor_2 but it was marked as removed already
[11:15:14] [Server thread/WARN] [minecraft/ServerLevel]: Tried to add entity the_anomaly:anomaly_trap but it was marked as removed already
[11:15:20] [Server thread/WARN] [minecraft/ServerLevel]: Tried to add entity the_anomaly:anomaly_trap but it was marked as removed already
[11:15:22] [Server thread/WARN] [minecraft/ServerLevel]: Tried to add entity the_anomaly:anomaly_viewer but it was marked as removed already
[11:15:24] [Server thread/INFO] [minecraft/ServerGamePacketListenerImpl]: YAMAPROSIH lost connection: Timed out
[11:15:24] [Server thread/INFO] [minecraft/MinecraftServer]: YAMAPROSIH left the game
[11:26:01] [Server thread/INFO] [ne.mi.co.AdvancementLoadFix/]: Using new advancement loading for net.minecraft.server.PlayerAdvancements@4c7f0f65
[11:26:01] [Server thread/INFO] [minecraft/PlayerList]: YAMAPROSIH[/127.159.13.28:58513] logged in with entity id 13186 at (56.99797873469816, 76.02376149677067, -16.920032452765305)
[11:26:01] [Server thread/INFO] [minecraft/MinecraftServer]: YAMAPROSIH joined the game
[11:26:01] [Server thread/INFO] [minecraft/MinecraftServer]: Behave yourself
[11:26:03] [Server thread/WARN] [minecraft/ServerLevel]: Tried to add entity the_anomaly:anomaly_viewer but it was marked as removed already
[11:26:03] [Server thread/WARN] [minecraft/ServerLevel]: Tried to add entity the_anomaly:anomaly_viewer but it was marked as removed already
[11:26:03] [Server thread/WARN] [minecraft/ServerLevel]: Tried to add entity the_anomaly:anomaly_viewer but it was marked as removed already
[11:26:03] [Server thread/WARN] [minecraft/ServerLevel]: Tried to add entity the_anomaly:anomaly_viewer but it was marked as removed already
[11:26:09] [Server thread/WARN] [minecraft/ServerLevel]: Tried to add entity the_anomaly:anomaly_viewer but it was marked as removed already
[11:26:10] [Server thread/WARN] [minecraft/ServerLevel]: Tried to add entity the_anomaly:anomaly_trap but it was marked as removed already
[11:26:18] [Server thread/WARN] [minecraft/ServerLevel]: Tried to add entity the_anomaly:anomaly_trap but it was marked as removed already
[11:26:18] [Server thread/WARN] [minecraft/ServerLevel]: Tried to add entity the_anomaly:anomaly_viewer but it was marked as removed already
[11:26:18] [Server thread/WARN] [minecraft/ServerLevel]: Tried to add entity the_anomaly:anomaly_visitor_2 but it was marked as removed already
[11:26:21] [Server thread/WARN] [minecraft/ServerLevel]: Tried to add entity the_anomaly:anomaly_visitor but it was marked as removed already
[11:26:26] [Server thread/WARN] [minecraft/ServerLevel]: Tried to add entity the_anomaly:anomaly_trap but it was marked as removed already
[11:26:28] [Server thread/WARN] [minecraft/ServerLevel]: Tried to add entity the_anomaly:anomaly_visitor but it was marked as removed already
[11:26:28] [Server thread/WARN] [minecraft/ServerLevel]: Tried to add entity the_anomaly:anomaly_trap but it was marked as removed already
[11:26:28] [Server thread/WARN] [minecraft/ServerLevel]: Tried to add entity the_anomaly:anomaly_visitor_2 but it was marked as removed already
[11:26:31] [Server thread/INFO] [minecraft/ServerGamePacketListenerImpl]: YAMAPROSIH lost connection: Timed out
[11:26:31] [Server thread/INFO] [minecraft/MinecraftServer]: YAMAPROSIH left the game
