[28Feb2025 08:40:21.434] [main/INFO] [cpw.mods.modlauncher.Launcher/MODLAUNCHER]: ModLauncher running: args [--launchTarget, forgeserver, --fml.forgeVersion, 43.4.20, --fml.mcVersion, 1.19.2, --fml.forgeGroup, net.minecraftforge, --fml.mcpVersion, 20220805.130853]
[28Feb2025 08:40:21.438] [main/INFO] [cpw.mods.modlauncher.Launcher/MODLAUNCHER]: ModLauncher 10.0.8+10.0.8+main.0ef7e830 starting: java version 21.0.5 by Microsoft; OS Linux arch amd64 version 6.5.0-1025-azure
[28Feb2025 08:40:21.710] [main/INFO] [mixin/]: SpongePowered MIXIN Subsystem Version=0.8.5 Source=union:/workspaces/codespaces-jupyter/libraries/org/spongepowered/mixin/0.8.5/mixin-0.8.5.jar%2364!/ Service=ModLauncher Env=SERVER
[28Feb2025 08:40:21.983] [main/WARN] [net.minecraftforge.fml.loading.moddiscovery.ModFileParser/LOADING]: Mod file /workspaces/codespaces-jupyter/libraries/net/minecraftforge/fmlcore/1.19.2-43.4.20/fmlcore-1.19.2-43.4.20.jar is missing mods.toml file
[28Feb2025 08:40:21.984] [main/WARN] [net.minecraftforge.fml.loading.moddiscovery.ModFileParser/LOADING]: Mod file /workspaces/codespaces-jupyter/libraries/net/minecraftforge/javafmllanguage/1.19.2-43.4.20/javafmllanguage-1.19.2-43.4.20.jar is missing mods.toml file
[28Feb2025 08:40:21.985] [main/WARN] [net.minecraftforge.fml.loading.moddiscovery.ModFileParser/LOADING]: Mod file /workspaces/codespaces-jupyter/libraries/net/minecraftforge/lowcodelanguage/1.19.2-43.4.20/lowcodelanguage-1.19.2-43.4.20.jar is missing mods.toml file
[28Feb2025 08:40:21.986] [main/WARN] [net.minecraftforge.fml.loading.moddiscovery.ModFileParser/LOADING]: Mod file /workspaces/codespaces-jupyter/libraries/net/minecraftforge/mclanguage/1.19.2-43.4.20/mclanguage-1.19.2-43.4.20.jar is missing mods.toml file
[28Feb2025 08:40:22.154] [main/INFO] [net.minecraftforge.fml.loading.moddiscovery.JarInJarDependencyLocator/]: Found 2 dependencies adding them to mods collection
[28Feb2025 08:40:23.650] [main/INFO] [mixin/]: Compatibility level set to JAVA_17
[28Feb2025 08:40:23.664] [main/ERROR] [mixin/]: Mixin config cameraoverhaul.mixins.json does not specify "minVersion" property
[28Feb2025 08:40:23.733] [main/INFO] [mixin/]: Successfully loaded Mixin Connector [com.sonicether.soundphysics.MixinConnector]
[28Feb2025 08:40:23.736] [main/INFO] [cpw.mods.modlauncher.LaunchServiceHandler/MODLAUNCHER]: Launching target 'forgeserver' with arguments []
[28Feb2025 08:40:24.009] [main/ERROR] [net.minecraftforge.fml.loading.RuntimeDistCleaner/DISTXFORM]: Attempted to load class net/minecraft/client/Camera for invalid dist DEDICATED_SERVER
[28Feb2025 08:40:24.009] [main/WARN] [mixin/]: Error loading class: net/minecraft/client/Camera (java.lang.RuntimeException: Attempted to load class net/minecraft/client/Camera for invalid dist DEDICATED_SERVER)
[28Feb2025 08:40:24.009] [main/WARN] [mixin/]: @Mixin target net.minecraft.client.Camera was not found cameraoverhaul.mixins.json:CameraMixin
[28Feb2025 08:40:24.016] [main/ERROR] [net.minecraftforge.fml.loading.RuntimeDistCleaner/DISTXFORM]: Attempted to load class net/minecraft/client/renderer/GameRenderer for invalid dist DEDICATED_SERVER
[28Feb2025 08:40:24.017] [main/WARN] [mixin/]: Error loading class: net/minecraft/client/renderer/GameRenderer (java.lang.RuntimeException: Attempted to load class net/minecraft/client/renderer/GameRenderer for invalid dist DEDICATED_SERVER)
[28Feb2025 08:40:24.018] [main/WARN] [mixin/]: @Mixin target net.minecraft.client.renderer.GameRenderer was not found cameraoverhaul.mixins.json:GameRendererMixin
[28Feb2025 08:40:24.027] [main/ERROR] [net.minecraftforge.fml.loading.RuntimeDistCleaner/DISTXFORM]: Attempted to load class net/minecraft/client/player/LocalPlayer for invalid dist DEDICATED_SERVER
[28Feb2025 08:40:24.027] [main/WARN] [mixin/]: Error loading class: net/minecraft/client/player/LocalPlayer (java.lang.RuntimeException: Attempted to load class net/minecraft/client/player/LocalPlayer for invalid dist DEDICATED_SERVER)
[28Feb2025 08:40:24.028] [main/WARN] [mixin/]: @Mixin target net.minecraft.client.player.LocalPlayer was not found cameraoverhaul.mixins.json:LocalPlayerMixin
[28Feb2025 08:40:28.568] [main/INFO] [net.minecraft.util.datafix.DataFixers/]: Building unoptimized datafixer
[28Feb2025 08:40:30.818] [modloading-worker-0/INFO] [net.minecraftforge.common.ForgeMod/FORGEMOD]: Forge mod loading, version 43.4.20, for MC 1.19.2 with MCP 20220805.130853
[28Feb2025 08:40:30.820] [modloading-worker-0/INFO] [net.minecraftforge.common.MinecraftForge/FORGE]: MinecraftForge v43.4.20 Initialized
[28Feb2025 08:40:31.276] [main/WARN] [net.minecraftforge.common.ForgeConfigSpec/CORE]: Configuration file /workspaces/codespaces-jupyter/config/cgm-common.toml is not correct. Correcting
[28Feb2025 08:40:31.277] [main/WARN] [net.minecraftforge.common.ForgeConfigSpec/CORE]: Incorrect key common was corrected from null to its default, SimpleCommentedConfig:{}. 
[28Feb2025 08:40:31.277] [main/WARN] [net.minecraftforge.common.ForgeConfigSpec/CORE]: Incorrect key common.gameplay was corrected from null to its default, SimpleCommentedConfig:{}. 
[28Feb2025 08:40:31.277] [main/WARN] [net.minecraftforge.common.ForgeConfigSpec/CORE]: Incorrect key common.gameplay.griefing was corrected from null to its default, SimpleCommentedConfig:{}. 
[28Feb2025 08:40:31.278] [main/WARN] [net.minecraftforge.common.ForgeConfigSpec/CORE]: Incorrect key common.gameplay.griefing.enableBlockRemovalOnExplosions was corrected from null to its default, true. 
[28Feb2025 08:40:31.278] [main/WARN] [net.minecraftforge.common.ForgeConfigSpec/CORE]: Incorrect key common.gameplay.griefing.enableGlassBreaking was corrected from null to its default, true. 
[28Feb2025 08:40:31.278] [main/WARN] [net.minecraftforge.common.ForgeConfigSpec/CORE]: Incorrect key common.gameplay.griefing.fragileBlockDrops was corrected from null to its default, true. 
[28Feb2025 08:40:31.278] [main/WARN] [net.minecraftforge.common.ForgeConfigSpec/CORE]: Incorrect key common.gameplay.griefing.fragileBlockBreakChance was corrected from null to its default, 1.0. 
[28Feb2025 08:40:31.279] [main/WARN] [net.minecraftforge.common.ForgeConfigSpec/CORE]: Incorrect key common.gameplay.griefing.setFireToBlocks was corrected from null to its default, true. 
[28Feb2025 08:40:31.279] [main/WARN] [net.minecraftforge.common.ForgeConfigSpec/CORE]: Incorrect key common.gameplay.growBoundingBoxAmount was corrected from null to its default, 0.3. 
[28Feb2025 08:40:31.279] [main/WARN] [net.minecraftforge.common.ForgeConfigSpec/CORE]: Incorrect key common.gameplay.enableHeadShots was corrected from null to its default, true. 
[28Feb2025 08:40:31.279] [main/WARN] [net.minecraftforge.common.ForgeConfigSpec/CORE]: Incorrect key common.gameplay.headShotDamageMultiplier was corrected from null to its default, 1.25. 
[28Feb2025 08:40:31.279] [main/WARN] [net.minecraftforge.common.ForgeConfigSpec/CORE]: Incorrect key common.gameplay.criticalDamageMultiplier was corrected from null to its default, 1.5. 
[28Feb2025 08:40:31.279] [main/WARN] [net.minecraftforge.common.ForgeConfigSpec/CORE]: Incorrect key common.gameplay.ignoreLeaves was corrected from null to its default, true. 
[28Feb2025 08:40:31.280] [main/WARN] [net.minecraftforge.common.ForgeConfigSpec/CORE]: Incorrect key common.gameplay.enableKnockback was corrected from null to its default, true. 
[28Feb2025 08:40:31.280] [main/WARN] [net.minecraftforge.common.ForgeConfigSpec/CORE]: Incorrect key common.gameplay.knockbackStrength was corrected from null to its default, 0.15. 
[28Feb2025 08:40:31.280] [main/WARN] [net.minecraftforge.common.ForgeConfigSpec/CORE]: Incorrect key common.gameplay.improvedHitboxes was corrected from null to its default, false. 
[28Feb2025 08:40:31.280] [main/WARN] [net.minecraftforge.common.ForgeConfigSpec/CORE]: Incorrect key common.network was corrected from null to its default, SimpleCommentedConfig:{}. 
[28Feb2025 08:40:31.280] [main/WARN] [net.minecraftforge.common.ForgeConfigSpec/CORE]: Incorrect key common.network.projectileTrackingRange was corrected from null to its default, 200.0. 
[28Feb2025 08:40:31.280] [main/WARN] [net.minecraftforge.common.ForgeConfigSpec/CORE]: Incorrect key common.aggro_mobs was corrected from null to its default, SimpleCommentedConfig:{}. 
[28Feb2025 08:40:31.281] [main/WARN] [net.minecraftforge.common.ForgeConfigSpec/CORE]: Incorrect key common.aggro_mobs.enabled was corrected from null to its default, true. 
[28Feb2025 08:40:31.281] [main/WARN] [net.minecraftforge.common.ForgeConfigSpec/CORE]: Incorrect key common.aggro_mobs.angerHostileMobs was corrected from null to its default, true. 
[28Feb2025 08:40:31.281] [main/WARN] [net.minecraftforge.common.ForgeConfigSpec/CORE]: Incorrect key common.aggro_mobs.unsilencedRange was corrected from null to its default, 20.0. 
[28Feb2025 08:40:31.281] [main/WARN] [net.minecraftforge.common.ForgeConfigSpec/CORE]: Incorrect key common.aggro_mobs.exemptMobs was corrected from null to its default, []. 
[28Feb2025 08:40:31.281] [main/WARN] [net.minecraftforge.common.ForgeConfigSpec/CORE]: Incorrect key common.missiles was corrected from null to its default, SimpleCommentedConfig:{}. 
[28Feb2025 08:40:31.281] [main/WARN] [net.minecraftforge.common.ForgeConfigSpec/CORE]: Incorrect key common.missiles.explosionRadius was corrected from null to its default, 5.0. 
[28Feb2025 08:40:31.282] [main/WARN] [net.minecraftforge.common.ForgeConfigSpec/CORE]: Incorrect key common.grenades was corrected from null to its default, SimpleCommentedConfig:{}. 
[28Feb2025 08:40:31.282] [main/WARN] [net.minecraftforge.common.ForgeConfigSpec/CORE]: Incorrect key common.grenades.explosionRadius was corrected from null to its default, 5.0. 
[28Feb2025 08:40:31.282] [main/WARN] [net.minecraftforge.common.ForgeConfigSpec/CORE]: Incorrect key common.stun_grenades was corrected from null to its default, SimpleCommentedConfig:{}. 
[28Feb2025 08:40:31.282] [main/WARN] [net.minecraftforge.common.ForgeConfigSpec/CORE]: Incorrect key common.stun_grenades.blind was corrected from null to its default, SimpleCommentedConfig:{}. 
[28Feb2025 08:40:31.282] [main/WARN] [net.minecraftforge.common.ForgeConfigSpec/CORE]: Incorrect key common.stun_grenades.blind.effect_criteria was corrected from null to its default, SimpleCommentedConfig:{}. 
[28Feb2025 08:40:31.282] [main/WARN] [net.minecraftforge.common.ForgeConfigSpec/CORE]: Incorrect key common.stun_grenades.blind.effect_criteria.radius was corrected from null to its default, 15.0. 
[28Feb2025 08:40:31.282] [main/WARN] [net.minecraftforge.common.ForgeConfigSpec/CORE]: Incorrect key common.stun_grenades.blind.effect_criteria.durationMax was corrected from null to its default, 220. 
[28Feb2025 08:40:31.283] [main/WARN] [net.minecraftforge.common.ForgeConfigSpec/CORE]: Incorrect key common.stun_grenades.blind.effect_criteria.durationMin was corrected from null to its default, 10. 
[28Feb2025 08:40:31.283] [main/WARN] [net.minecraftforge.common.ForgeConfigSpec/CORE]: Incorrect key common.stun_grenades.blind.effect_criteria.angleEffect was corrected from null to its default, 170.0. 
[28Feb2025 08:40:31.283] [main/WARN] [net.minecraftforge.common.ForgeConfigSpec/CORE]: Incorrect key common.stun_grenades.blind.effect_criteria.angleAttenuationMax was corrected from null to its default, 0.75. 
[28Feb2025 08:40:31.283] [main/WARN] [net.minecraftforge.common.ForgeConfigSpec/CORE]: Incorrect key common.stun_grenades.blind.effect_criteria.raytraceOpaqueBlocks was corrected from null to its default, true. 
[28Feb2025 08:40:31.283] [main/WARN] [net.minecraftforge.common.ForgeConfigSpec/CORE]: Incorrect key common.stun_grenades.blind.blindMobs was corrected from null to its default, true. 
[28Feb2025 08:40:31.283] [main/WARN] [net.minecraftforge.common.ForgeConfigSpec/CORE]: Incorrect key common.stun_grenades.deafen was corrected from null to its default, SimpleCommentedConfig:{}. 
[28Feb2025 08:40:31.283] [main/WARN] [net.minecraftforge.common.ForgeConfigSpec/CORE]: Incorrect key common.stun_grenades.deafen.effect_criteria was corrected from null to its default, SimpleCommentedConfig:{}. 
[28Feb2025 08:40:31.284] [main/WARN] [net.minecraftforge.common.ForgeConfigSpec/CORE]: Incorrect key common.stun_grenades.deafen.effect_criteria.radius was corrected from null to its default, 15.0. 
[28Feb2025 08:40:31.284] [main/WARN] [net.minecraftforge.common.ForgeConfigSpec/CORE]: Incorrect key common.stun_grenades.deafen.effect_criteria.durationMax was corrected from null to its default, 280. 
[28Feb2025 08:40:31.284] [main/WARN] [net.minecraftforge.common.ForgeConfigSpec/CORE]: Incorrect key common.stun_grenades.deafen.effect_criteria.durationMin was corrected from null to its default, 100. 
[28Feb2025 08:40:31.284] [main/WARN] [net.minecraftforge.common.ForgeConfigSpec/CORE]: Incorrect key common.stun_grenades.deafen.effect_criteria.angleEffect was corrected from null to its default, 360.0. 
[28Feb2025 08:40:31.284] [main/WARN] [net.minecraftforge.common.ForgeConfigSpec/CORE]: Incorrect key common.stun_grenades.deafen.effect_criteria.angleAttenuationMax was corrected from null to its default, 0.75. 
[28Feb2025 08:40:31.284] [main/WARN] [net.minecraftforge.common.ForgeConfigSpec/CORE]: Incorrect key common.stun_grenades.deafen.effect_criteria.raytraceOpaqueBlocks was corrected from null to its default, false. 
[28Feb2025 08:40:31.285] [main/WARN] [net.minecraftforge.common.ForgeConfigSpec/CORE]: Incorrect key common.stun_grenades.deafen.panicMobs was corrected from null to its default, true. 
[28Feb2025 08:40:31.285] [main/WARN] [net.minecraftforge.common.ForgeConfigSpec/CORE]: Incorrect key common.projectile_spread was corrected from null to its default, SimpleCommentedConfig:{}. 
[28Feb2025 08:40:31.285] [main/WARN] [net.minecraftforge.common.ForgeConfigSpec/CORE]: Incorrect key common.projectile_spread.spreadThreshold was corrected from null to its default, 300. 
[28Feb2025 08:40:31.285] [main/WARN] [net.minecraftforge.common.ForgeConfigSpec/CORE]: Incorrect key common.projectile_spread.maxCount was corrected from null to its default, 10. 
[28Feb2025 08:40:31.304] [modloading-worker-0/INFO] [studio.lunareclipse.watching.Init/]: From The Fog Loaded Successfully!
[28Feb2025 08:40:31.441] [main/INFO] [Framework/SYNCED_ENTITY_DATA]: Registered synced data key cgm:aiming for minecraft:player
[28Feb2025 08:40:31.442] [main/INFO] [Framework/SYNCED_ENTITY_DATA]: Registered synced data key cgm:reloading for minecraft:player
[28Feb2025 08:40:31.443] [main/INFO] [Framework/SYNCED_ENTITY_DATA]: Registered synced data key cgm:shooting for minecraft:player
[28Feb2025 08:40:31.650] [Forge Version Check/INFO] [net.minecraftforge.fml.VersionChecker/]: [cgm] Starting version check at https://raw.githubusercontent.com/MrCrayfish/ModUpdates/master/cgm/update.json
[28Feb2025 08:40:32.153] [Forge Version Check/INFO] [net.minecraftforge.fml.VersionChecker/]: [cgm] Found status: BETA Current: 1.3.7 Target: null
[28Feb2025 08:40:32.153] [Forge Version Check/INFO] [net.minecraftforge.fml.VersionChecker/]: [framework] Starting version check at https://mrcrayfish.com/modupdatejson?id=framework
[28Feb2025 08:40:33.428] [main/INFO] [com.mojang.authlib.yggdrasil.YggdrasilAuthenticationService/]: Environment: authHost='https://authserver.mojang.com', accountsHost='https://api.mojang.com', sessionHost='https://sessionserver.mojang.com', servicesHost='https://api.minecraftservices.com', name='PROD'
[28Feb2025 08:40:33.506] [main/WARN] [net.minecraftforge.common.ForgeHooks/WP]: The following mods have version differences that were not resolved:
god (version 1.0.0 -> MISSING)
tlskincape (version 1.30 -> MISSING)
Things may not work well.
[28Feb2025 08:40:33.561] [main/ERROR] [net.minecraftforge.registries.GameData/REGISTRIES]: Unidentified mapping from registry minecraft:entity_type
	god:seraphine: 148

[28Feb2025 08:40:33.562] [main/ERROR] [net.minecraftforge.registries.GameData/REGISTRIES]: Unidentified mapping from registry minecraft:item
	god:seraphine_spawn_egg: 1167

[28Feb2025 08:40:33.562] [main/ERROR] [net.minecraftforge.registries.GameData/REGISTRIES]: Unidentified mapping from registry minecraft:sound_event
	god:angelsonggood: 1420
	god:god: 1417
	god:godagro: 1422
	god:godcome: 1418
	god:godstep: 1419
	god:scr1: 1421
	god:scr2sound: 1423
	god:seragro: 1424

[28Feb2025 08:40:33.565] [main/WARN] [net.minecraftforge.registries.GameData/REGISTRIES]: Forge Mod Loader detected missing registry entries.

There are 10 missing entries in this save.
If you continue the missing entries will get removed.
A world backup will be automatically created in your saves directory.


[28Feb2025 08:40:33.565] [main/WARN] [net.minecraftforge.registries.GameData/REGISTRIES]: Missing minecraft:sound_event:
    god:angelsonggood
    god:god
    god:godagro
    god:godcome
    god:godstep
    god:scr1
    god:scr2sound
    god:seragro

Missing minecraft:item:
    god:seraphine_spawn_egg

Missing minecraft:entity_type:
    god:seraphine


[28Feb2025 08:40:33.565] [main/ERROR] [net.minecraftforge.registries.GameData/REGISTRIES]: There are unidentified mappings in this world - we are going to attempt to process anyway
[28Feb2025 08:40:33.567] [main/WARN] [net.minecraftforge.registries.ForgeRegistry/REGISTRIES]: Registry minecraft:block: Object did not get ID it asked for. Name: cgm:workbench Expected: 933 Got: 937
[28Feb2025 08:40:33.568] [main/WARN] [net.minecraftforge.registries.ForgeRegistry/REGISTRIES]: Registry minecraft:item: Object did not get ID it asked for. Name: cgm:pistol Expected: 1154 Got: 1168
[28Feb2025 08:40:33.569] [main/WARN] [net.minecraftforge.registries.ForgeRegistry/REGISTRIES]: Registry minecraft:item: Object did not get ID it asked for. Name: cgm:shotgun Expected: 1155 Got: 1169
[28Feb2025 08:40:33.569] [main/WARN] [net.minecraftforge.registries.ForgeRegistry/REGISTRIES]: Registry minecraft:item: Object did not get ID it asked for. Name: cgm:rifle Expected: 1156 Got: 1170
[28Feb2025 08:40:33.570] [main/WARN] [net.minecraftforge.registries.ForgeRegistry/REGISTRIES]: Registry minecraft:item: Object did not get ID it asked for. Name: cgm:grenade_launcher Expected: 1157 Got: 1171
[28Feb2025 08:40:33.570] [main/WARN] [net.minecraftforge.registries.ForgeRegistry/REGISTRIES]: Registry minecraft:item: Object did not get ID it asked for. Name: cgm:bazooka Expected: 1158 Got: 1172
[28Feb2025 08:40:33.570] [main/WARN] [net.minecraftforge.registries.ForgeRegistry/REGISTRIES]: Registry minecraft:item: Object did not get ID it asked for. Name: cgm:mini_gun Expected: 1159 Got: 1173
[28Feb2025 08:40:33.570] [main/WARN] [net.minecraftforge.registries.ForgeRegistry/REGISTRIES]: Registry minecraft:item: Object did not get ID it asked for. Name: cgm:assault_rifle Expected: 1160 Got: 1174
[28Feb2025 08:40:33.570] [main/WARN] [net.minecraftforge.registries.ForgeRegistry/REGISTRIES]: Registry minecraft:item: Object did not get ID it asked for. Name: cgm:machine_pistol Expected: 1161 Got: 1175
[28Feb2025 08:40:33.570] [main/WARN] [net.minecraftforge.registries.ForgeRegistry/REGISTRIES]: Registry minecraft:item: Object did not get ID it asked for. Name: cgm:heavy_rifle Expected: 1162 Got: 1176
[28Feb2025 08:40:33.571] [main/WARN] [net.minecraftforge.registries.ForgeRegistry/REGISTRIES]: Registry minecraft:item: Object did not get ID it asked for. Name: cgm:basic_bullet Expected: 1163 Got: 1177
[28Feb2025 08:40:33.571] [main/WARN] [net.minecraftforge.registries.ForgeRegistry/REGISTRIES]: Registry minecraft:item: Object did not get ID it asked for. Name: cgm:advanced_bullet Expected: 1164 Got: 1178
[28Feb2025 08:40:33.571] [main/WARN] [net.minecraftforge.registries.ForgeRegistry/REGISTRIES]: Registry minecraft:item: Object did not get ID it asked for. Name: cgm:shell Expected: 1165 Got: 1179
[28Feb2025 08:40:33.571] [main/WARN] [net.minecraftforge.registries.ForgeRegistry/REGISTRIES]: Registry minecraft:item: Object did not get ID it asked for. Name: cgm:missile Expected: 1166 Got: 1180
[28Feb2025 08:40:33.571] [main/WARN] [net.minecraftforge.registries.ForgeRegistry/REGISTRIES]: Registry minecraft:item: Object did not get ID it asked for. Name: cgm:grenade Expected: 1167 Got: 1181
[28Feb2025 08:40:33.571] [main/WARN] [net.minecraftforge.registries.ForgeRegistry/REGISTRIES]: Registry minecraft:item: Object did not get ID it asked for. Name: cgm:stun_grenade Expected: 1168 Got: 1182
[28Feb2025 08:40:33.571] [main/WARN] [net.minecraftforge.registries.ForgeRegistry/REGISTRIES]: Registry minecraft:item: Object did not get ID it asked for. Name: cgm:short_scope Expected: 1169 Got: 1183
[28Feb2025 08:40:33.572] [main/WARN] [net.minecraftforge.registries.ForgeRegistry/REGISTRIES]: Registry minecraft:item: Object did not get ID it asked for. Name: cgm:medium_scope Expected: 1170 Got: 1184
[28Feb2025 08:40:33.572] [main/WARN] [net.minecraftforge.registries.ForgeRegistry/REGISTRIES]: Registry minecraft:item: Object did not get ID it asked for. Name: cgm:long_scope Expected: 1171 Got: 1185
[28Feb2025 08:40:33.572] [main/WARN] [net.minecraftforge.registries.ForgeRegistry/REGISTRIES]: Registry minecraft:item: Object did not get ID it asked for. Name: cgm:silencer Expected: 1172 Got: 1186
[28Feb2025 08:40:33.572] [main/WARN] [net.minecraftforge.registries.ForgeRegistry/REGISTRIES]: Registry minecraft:item: Object did not get ID it asked for. Name: cgm:light_stock Expected: 1173 Got: 1187
[28Feb2025 08:40:33.572] [main/WARN] [net.minecraftforge.registries.ForgeRegistry/REGISTRIES]: Registry minecraft:item: Object did not get ID it asked for. Name: cgm:tactical_stock Expected: 1174 Got: 1188
[28Feb2025 08:40:33.572] [main/WARN] [net.minecraftforge.registries.ForgeRegistry/REGISTRIES]: Registry minecraft:item: Object did not get ID it asked for. Name: cgm:weighted_stock Expected: 1175 Got: 1189
[28Feb2025 08:40:33.572] [main/WARN] [net.minecraftforge.registries.ForgeRegistry/REGISTRIES]: Registry minecraft:item: Object did not get ID it asked for. Name: cgm:light_grip Expected: 1176 Got: 1190
[28Feb2025 08:40:33.573] [main/WARN] [net.minecraftforge.registries.ForgeRegistry/REGISTRIES]: Registry minecraft:item: Object did not get ID it asked for. Name: cgm:specialised_grip Expected: 1177 Got: 1191
[28Feb2025 08:40:33.573] [main/WARN] [net.minecraftforge.registries.ForgeRegistry/REGISTRIES]: Registry minecraft:item: Object did not get ID it asked for. Name: cgm:workbench Expected: 1178 Got: 1192
[28Feb2025 08:40:33.573] [main/WARN] [net.minecraftforge.registries.ForgeRegistry/REGISTRIES]: Registry minecraft:mob_effect: Object did not get ID it asked for. Name: cgm:blinded Expected: 0 Got: 34
[28Feb2025 08:40:33.574] [main/WARN] [net.minecraftforge.registries.ForgeRegistry/REGISTRIES]: Registry minecraft:mob_effect: Object did not get ID it asked for. Name: cgm:deafened Expected: 34 Got: 35
[28Feb2025 08:40:33.574] [main/WARN] [net.minecraftforge.registries.ForgeRegistry/REGISTRIES]: Registry minecraft:sound_event: Object did not get ID it asked for. Name: cgm:item.pistol.fire Expected: 1341 Got: 1425
[28Feb2025 08:40:33.574] [main/WARN] [net.minecraftforge.registries.ForgeRegistry/REGISTRIES]: Registry minecraft:sound_event: Object did not get ID it asked for. Name: cgm:item.pistol.silenced_fire Expected: 1342 Got: 1426
[28Feb2025 08:40:33.575] [main/WARN] [net.minecraftforge.registries.ForgeRegistry/REGISTRIES]: Registry minecraft:sound_event: Object did not get ID it asked for. Name: cgm:item.pistol.enchanted_fire Expected: 1343 Got: 1427
[28Feb2025 08:40:33.575] [main/WARN] [net.minecraftforge.registries.ForgeRegistry/REGISTRIES]: Registry minecraft:sound_event: Object did not get ID it asked for. Name: cgm:item.pistol.reload Expected: 1344 Got: 1428
[28Feb2025 08:40:33.575] [main/WARN] [net.minecraftforge.registries.ForgeRegistry/REGISTRIES]: Registry minecraft:sound_event: Object did not get ID it asked for. Name: cgm:item.pistol.cock Expected: 1345 Got: 1429
[28Feb2025 08:40:33.575] [main/WARN] [net.minecraftforge.registries.ForgeRegistry/REGISTRIES]: Registry minecraft:sound_event: Object did not get ID it asked for. Name: cgm:item.shotgun.fire Expected: 1346 Got: 1430
[28Feb2025 08:40:33.575] [main/WARN] [net.minecraftforge.registries.ForgeRegistry/REGISTRIES]: Registry minecraft:sound_event: Object did not get ID it asked for. Name: cgm:item.shotgun.silenced_fire Expected: 1347 Got: 1431
[28Feb2025 08:40:33.576] [main/WARN] [net.minecraftforge.registries.ForgeRegistry/REGISTRIES]: Registry minecraft:sound_event: Object did not get ID it asked for. Name: cgm:item.shotgun.enchanted_fire Expected: 1348 Got: 1432
[28Feb2025 08:40:33.576] [main/WARN] [net.minecraftforge.registries.ForgeRegistry/REGISTRIES]: Registry minecraft:sound_event: Object did not get ID it asked for. Name: cgm:item.shotgun.cock Expected: 1349 Got: 1433
[28Feb2025 08:40:33.576] [main/WARN] [net.minecraftforge.registries.ForgeRegistry/REGISTRIES]: Registry minecraft:sound_event: Object did not get ID it asked for. Name: cgm:item.rifle.fire Expected: 1350 Got: 1434
[28Feb2025 08:40:33.576] [main/WARN] [net.minecraftforge.registries.ForgeRegistry/REGISTRIES]: Registry minecraft:sound_event: Object did not get ID it asked for. Name: cgm:item.rifle.silenced_fire Expected: 1351 Got: 1435
[28Feb2025 08:40:33.576] [main/WARN] [net.minecraftforge.registries.ForgeRegistry/REGISTRIES]: Registry minecraft:sound_event: Object did not get ID it asked for. Name: cgm:item.rifle.enchanted_fire Expected: 1352 Got: 1436
[28Feb2025 08:40:33.576] [main/WARN] [net.minecraftforge.registries.ForgeRegistry/REGISTRIES]: Registry minecraft:sound_event: Object did not get ID it asked for. Name: cgm:item.rifle.cock Expected: 1353 Got: 1437
[28Feb2025 08:40:33.576] [main/WARN] [net.minecraftforge.registries.ForgeRegistry/REGISTRIES]: Registry minecraft:sound_event: Object did not get ID it asked for. Name: cgm:item.assault_rifle.fire Expected: 1354 Got: 1438
[28Feb2025 08:40:33.577] [main/WARN] [net.minecraftforge.registries.ForgeRegistry/REGISTRIES]: Registry minecraft:sound_event: Object did not get ID it asked for. Name: cgm:item.assault_rifle.silenced_fire Expected: 1355 Got: 1439
[28Feb2025 08:40:33.577] [main/WARN] [net.minecraftforge.registries.ForgeRegistry/REGISTRIES]: Registry minecraft:sound_event: Object did not get ID it asked for. Name: cgm:item.assault_rifle.enchanted_fire Expected: 1356 Got: 1440
[28Feb2025 08:40:33.577] [main/WARN] [net.minecraftforge.registries.ForgeRegistry/REGISTRIES]: Registry minecraft:sound_event: Object did not get ID it asked for. Name: cgm:item.assault_rifle.cock Expected: 1357 Got: 1441
[28Feb2025 08:40:33.577] [main/WARN] [net.minecraftforge.registries.ForgeRegistry/REGISTRIES]: Registry minecraft:sound_event: Object did not get ID it asked for. Name: cgm:item.grenade_launcher.fire Expected: 1358 Got: 1442
[28Feb2025 08:40:33.577] [main/WARN] [net.minecraftforge.registries.ForgeRegistry/REGISTRIES]: Registry minecraft:sound_event: Object did not get ID it asked for. Name: cgm:item.bazooka.fire Expected: 1359 Got: 1443
[28Feb2025 08:40:33.578] [main/WARN] [net.minecraftforge.registries.ForgeRegistry/REGISTRIES]: Registry minecraft:sound_event: Object did not get ID it asked for. Name: cgm:item.mini_gun.fire Expected: 1360 Got: 1444
[28Feb2025 08:40:33.578] [main/WARN] [net.minecraftforge.registries.ForgeRegistry/REGISTRIES]: Registry minecraft:sound_event: Object did not get ID it asked for. Name: cgm:item.mini_gun.enchanted_fire Expected: 1361 Got: 1445
[28Feb2025 08:40:33.578] [main/WARN] [net.minecraftforge.registries.ForgeRegistry/REGISTRIES]: Registry minecraft:sound_event: Object did not get ID it asked for. Name: cgm:item.machine_pistol.fire Expected: 1362 Got: 1446
[28Feb2025 08:40:33.578] [main/WARN] [net.minecraftforge.registries.ForgeRegistry/REGISTRIES]: Registry minecraft:sound_event: Object did not get ID it asked for. Name: cgm:item.machine_pistol.silenced_fire Expected: 1363 Got: 1447
[28Feb2025 08:40:33.578] [main/WARN] [net.minecraftforge.registries.ForgeRegistry/REGISTRIES]: Registry minecraft:sound_event: Object did not get ID it asked for. Name: cgm:item.machine_pistol.enchanted_fire Expected: 1364 Got: 1448
[28Feb2025 08:40:33.578] [main/WARN] [net.minecraftforge.registries.ForgeRegistry/REGISTRIES]: Registry minecraft:sound_event: Object did not get ID it asked for. Name: cgm:item.heavy_rifle.fire Expected: 1365 Got: 1449
[28Feb2025 08:40:33.579] [main/WARN] [net.minecraftforge.registries.ForgeRegistry/REGISTRIES]: Registry minecraft:sound_event: Object did not get ID it asked for. Name: cgm:item.heavy_rifle.silenced_fire Expected: 1366 Got: 1450
[28Feb2025 08:40:33.579] [main/WARN] [net.minecraftforge.registries.ForgeRegistry/REGISTRIES]: Registry minecraft:sound_event: Object did not get ID it asked for. Name: cgm:item.heavy_rifle.enchanted_fire Expected: 1367 Got: 1451
[28Feb2025 08:40:33.579] [main/WARN] [net.minecraftforge.registries.ForgeRegistry/REGISTRIES]: Registry minecraft:sound_event: Object did not get ID it asked for. Name: cgm:item.heavy_rifle.cock Expected: 1368 Got: 1452
[28Feb2025 08:40:33.579] [main/WARN] [net.minecraftforge.registries.ForgeRegistry/REGISTRIES]: Registry minecraft:sound_event: Object did not get ID it asked for. Name: cgm:item.grenade.pin Expected: 1369 Got: 1453
[28Feb2025 08:40:33.579] [main/WARN] [net.minecraftforge.registries.ForgeRegistry/REGISTRIES]: Registry minecraft:sound_event: Object did not get ID it asked for. Name: cgm:entity.stun_grenade.explosion Expected: 1370 Got: 1454
[28Feb2025 08:40:33.580] [main/WARN] [net.minecraftforge.registries.ForgeRegistry/REGISTRIES]: Registry minecraft:sound_event: Object did not get ID it asked for. Name: cgm:entity.stun_grenade.ring Expected: 1371 Got: 1455
[28Feb2025 08:40:33.580] [main/WARN] [net.minecraftforge.registries.ForgeRegistry/REGISTRIES]: Registry minecraft:sound_event: Object did not get ID it asked for. Name: cgm:ui.weapon.attach Expected: 1372 Got: 1456
[28Feb2025 08:40:33.580] [main/WARN] [net.minecraftforge.registries.ForgeRegistry/REGISTRIES]: Registry minecraft:entity_type: Object did not get ID it asked for. Name: cgm:projectile Expected: 120 Got: 149
[28Feb2025 08:40:33.580] [main/WARN] [net.minecraftforge.registries.ForgeRegistry/REGISTRIES]: Registry minecraft:entity_type: Object did not get ID it asked for. Name: cgm:grenade Expected: 121 Got: 150
[28Feb2025 08:40:33.581] [main/WARN] [net.minecraftforge.registries.ForgeRegistry/REGISTRIES]: Registry minecraft:entity_type: Object did not get ID it asked for. Name: cgm:missile Expected: 122 Got: 151
[28Feb2025 08:40:33.581] [main/WARN] [net.minecraftforge.registries.ForgeRegistry/REGISTRIES]: Registry minecraft:entity_type: Object did not get ID it asked for. Name: cgm:throwable_grenade Expected: 123 Got: 152
[28Feb2025 08:40:33.581] [main/WARN] [net.minecraftforge.registries.ForgeRegistry/REGISTRIES]: Registry minecraft:entity_type: Object did not get ID it asked for. Name: cgm:throwable_stun_grenade Expected: 124 Got: 153
[28Feb2025 08:40:33.838] [Forge Version Check/INFO] [net.minecraftforge.fml.VersionChecker/]: [framework] Found status: BETA Current: 0.7.12 Target: 0.7.12
[28Feb2025 08:40:33.838] [Forge Version Check/INFO] [net.minecraftforge.fml.VersionChecker/]: [cameraoverhaul] Starting version check at https://github.com/Mirsario/Minecraft-CameraOverhaul/blob/dev/meta/ForgeUpdateCheck.json?raw=true
[28Feb2025 08:40:34.397] [main/WARN] [net.minecraft.server.packs.VanillaPackResources/]: Assets URL 'union:/workspaces/codespaces-jupyter/libraries/net/minecraft/server/1.19.2-20220805.130853/server-1.19.2-20220805.130853-srg.jar%23130!/assets/.mcassetsroot' uses unexpected schema
[28Feb2025 08:40:34.398] [main/WARN] [net.minecraft.server.packs.VanillaPackResources/]: Assets URL 'union:/workspaces/codespaces-jupyter/libraries/net/minecraft/server/1.19.2-20220805.130853/server-1.19.2-20220805.130853-srg.jar%23130!/data/.mcassetsroot' uses unexpected schema
[28Feb2025 08:40:34.461] [main/WARN] [net.minecraft.server.MinecraftServer/]: Missing data pack mod:tlskincape
[28Feb2025 08:40:34.461] [main/WARN] [net.minecraft.server.MinecraftServer/]: Missing data pack mod:god
[28Feb2025 08:40:34.900] [Forge Version Check/INFO] [net.minecraftforge.fml.VersionChecker/]: [cameraoverhaul] Found status: UP_TO_DATE Current: 2.0.0-forge+mc.1.19.0-1.19.2 Target: null
[28Feb2025 08:40:34.900] [Forge Version Check/INFO] [net.minecraftforge.fml.VersionChecker/]: [dungeons_andtaverns_mr] Starting version check at https://api.modrinth.comauth/init?url=https://modrinth.com/datapack/dungeons-and-taverns/version/2.0.2/updates/tpehi7ww/forge_updates.json
[28Feb2025 08:40:35.051] [Forge Version Check/WARN] [net.minecraftforge.fml.VersionChecker/]: Failed to process update information
java.net.ConnectException: null
	at jdk.internal.net.http.HttpClientImpl.send(HttpClientImpl.java:951) ~[java.net.http:?]
	at jdk.internal.net.http.HttpClientFacade.send(HttpClientFacade.java:133) ~[java.net.http:?]
	at net.minecraftforge.fml.VersionChecker$1.openUrlString(VersionChecker.java:139) ~[fmlcore-1.19.2-43.4.20.jar%23131!/:?]
	at net.minecraftforge.fml.VersionChecker$1.process(VersionChecker.java:177) ~[fmlcore-1.19.2-43.4.20.jar%23131!/:?]
	at java.lang.Iterable.forEach(Iterable.java:75) ~[?:?]
	at net.minecraftforge.fml.VersionChecker$1.run(VersionChecker.java:114) ~[fmlcore-1.19.2-43.4.20.jar%23131!/:?]
Caused by: java.net.ConnectException
	at jdk.internal.net.http.common.Utils.toConnectException(Utils.java:1041) ~[java.net.http:?]
	at jdk.internal.net.http.PlainHttpConnection.connectAsync(PlainHttpConnection.java:227) ~[java.net.http:?]
	at jdk.internal.net.http.AsyncSSLConnection.connectAsync(AsyncSSLConnection.java:56) ~[java.net.http:?]
	at jdk.internal.net.http.Http2Connection.createAsync(Http2Connection.java:527) ~[java.net.http:?]
	at jdk.internal.net.http.Http2ClientImpl.getConnectionFor(Http2ClientImpl.java:138) ~[java.net.http:?]
	at jdk.internal.net.http.ExchangeImpl.get(ExchangeImpl.java:94) ~[java.net.http:?]
	at jdk.internal.net.http.Exchange.establishExchange(Exchange.java:391) ~[java.net.http:?]
	at jdk.internal.net.http.Exchange.responseAsyncImpl0(Exchange.java:584) ~[java.net.http:?]
	at jdk.internal.net.http.Exchange.responseAsyncImpl(Exchange.java:428) ~[java.net.http:?]
	at jdk.internal.net.http.Exchange.responseAsync(Exchange.java:420) ~[java.net.http:?]
	at jdk.internal.net.http.MultiExchange.responseAsyncImpl(MultiExchange.java:413) ~[java.net.http:?]
	at jdk.internal.net.http.MultiExchange.lambda$responseAsyncImpl$7(MultiExchange.java:454) ~[java.net.http:?]
	at java.util.concurrent.CompletableFuture.uniHandle(CompletableFuture.java:934) ~[?:?]
	at java.util.concurrent.CompletableFuture.uniHandleStage(CompletableFuture.java:950) ~[?:?]
	at java.util.concurrent.CompletableFuture.handle(CompletableFuture.java:2372) ~[?:?]
	at jdk.internal.net.http.MultiExchange.responseAsyncImpl(MultiExchange.java:444) ~[java.net.http:?]
	at jdk.internal.net.http.MultiExchange.lambda$responseAsync0$2(MultiExchange.java:346) ~[java.net.http:?]
	at java.util.concurrent.CompletableFuture$UniCompose.tryFire(CompletableFuture.java:1150) ~[?:?]
	at java.util.concurrent.CompletableFuture.postComplete(CompletableFuture.java:510) ~[?:?]
	at java.util.concurrent.CompletableFuture$AsyncSupply.run(CompletableFuture.java:1773) ~[?:?]
	at jdk.internal.net.http.HttpClientImpl$DelegatingExecutor.execute(HttpClientImpl.java:177) ~[java.net.http:?]
	at java.util.concurrent.CompletableFuture.completeAsync(CompletableFuture.java:2719) ~[?:?]
	at jdk.internal.net.http.MultiExchange.responseAsync(MultiExchange.java:299) ~[java.net.http:?]
	at jdk.internal.net.http.HttpClientImpl.sendAsync(HttpClientImpl.java:1049) ~[java.net.http:?]
	at jdk.internal.net.http.HttpClientImpl.send(HttpClientImpl.java:930) ~[java.net.http:?]
	... 5 more
Caused by: java.nio.channels.UnresolvedAddressException
	at sun.nio.ch.Net.checkAddress(Net.java:137) ~[?:?]
	at sun.nio.ch.Net.checkAddress(Net.java:145) ~[?:?]
	at sun.nio.ch.SocketChannelImpl.checkRemote(SocketChannelImpl.java:842) ~[?:?]
	at sun.nio.ch.SocketChannelImpl.connect(SocketChannelImpl.java:865) ~[?:?]
	at jdk.internal.net.http.PlainHttpConnection.lambda$connectAsync$1(PlainHttpConnection.java:210) ~[java.net.http:?]
	at java.security.AccessController.doPrivileged(AccessController.java:571) ~[?:?]
	at jdk.internal.net.http.PlainHttpConnection.connectAsync(PlainHttpConnection.java:212) ~[java.net.http:?]
	at jdk.internal.net.http.AsyncSSLConnection.connectAsync(AsyncSSLConnection.java:56) ~[java.net.http:?]
	at jdk.internal.net.http.Http2Connection.createAsync(Http2Connection.java:527) ~[java.net.http:?]
	at jdk.internal.net.http.Http2ClientImpl.getConnectionFor(Http2ClientImpl.java:138) ~[java.net.http:?]
	at jdk.internal.net.http.ExchangeImpl.get(ExchangeImpl.java:94) ~[java.net.http:?]
	at jdk.internal.net.http.Exchange.establishExchange(Exchange.java:391) ~[java.net.http:?]
	at jdk.internal.net.http.Exchange.responseAsyncImpl0(Exchange.java:584) ~[java.net.http:?]
	at jdk.internal.net.http.Exchange.responseAsyncImpl(Exchange.java:428) ~[java.net.http:?]
	at jdk.internal.net.http.Exchange.responseAsync(Exchange.java:420) ~[java.net.http:?]
	at jdk.internal.net.http.MultiExchange.responseAsyncImpl(MultiExchange.java:413) ~[java.net.http:?]
	at jdk.internal.net.http.MultiExchange.lambda$responseAsyncImpl$7(MultiExchange.java:454) ~[java.net.http:?]
	at java.util.concurrent.CompletableFuture.uniHandle(CompletableFuture.java:934) ~[?:?]
	at java.util.concurrent.CompletableFuture.uniHandleStage(CompletableFuture.java:950) ~[?:?]
	at java.util.concurrent.CompletableFuture.handle(CompletableFuture.java:2372) ~[?:?]
	at jdk.internal.net.http.MultiExchange.responseAsyncImpl(MultiExchange.java:444) ~[java.net.http:?]
	at jdk.internal.net.http.MultiExchange.lambda$responseAsync0$2(MultiExchange.java:346) ~[java.net.http:?]
	at java.util.concurrent.CompletableFuture$UniCompose.tryFire(CompletableFuture.java:1150) ~[?:?]
	at java.util.concurrent.CompletableFuture.postComplete(CompletableFuture.java:510) ~[?:?]
	at java.util.concurrent.CompletableFuture$AsyncSupply.run(CompletableFuture.java:1773) ~[?:?]
	at jdk.internal.net.http.HttpClientImpl$DelegatingExecutor.execute(HttpClientImpl.java:177) ~[java.net.http:?]
	at java.util.concurrent.CompletableFuture.completeAsync(CompletableFuture.java:2719) ~[?:?]
	at jdk.internal.net.http.MultiExchange.responseAsync(MultiExchange.java:299) ~[java.net.http:?]
	at jdk.internal.net.http.HttpClientImpl.sendAsync(HttpClientImpl.java:1049) ~[java.net.http:?]
	at jdk.internal.net.http.HttpClientImpl.send(HttpClientImpl.java:930) ~[java.net.http:?]
	... 5 more
[28Feb2025 08:40:35.054] [Forge Version Check/INFO] [net.minecraftforge.fml.VersionChecker/]: [forge] Starting version check at https://files.minecraftforge.net/net/minecraftforge/forge/promotions_slim.json
[28Feb2025 08:40:35.498] [Forge Version Check/INFO] [net.minecraftforge.fml.VersionChecker/]: [forge] Found status: AHEAD Current: 43.4.20 Target: null
[28Feb2025 08:40:35.498] [Forge Version Check/INFO] [net.minecraftforge.fml.VersionChecker/]: [sound_physics_remastered] Starting version check at https://update.maxhenkel.de/forge/sound_physics_remastered
[28Feb2025 08:40:36.181] [Forge Version Check/INFO] [net.minecraftforge.fml.VersionChecker/]: [sound_physics_remastered] Found status: AHEAD Current: 1.19.2-1.4.5 Target: null
[28Feb2025 08:40:37.413] [Worker-Main-2/ERROR] [net.minecraft.server.packs.resources.SimpleJsonResourceReloadListener/]: Couldn't parse data file nova_structures:chests/water_supply from nova_structures:loot_tables/chests/water_supply.json
com.google.gson.JsonParseException: com.google.gson.stream.MalformedJsonException: Unterminated array at line 17 column 10 path $.pools[0].entries[1]
	at net.minecraft.util.GsonHelper.m_13780_(GsonHelper.java:512) ~[server-1.19.2-20220805.130853-srg.jar%23130!/:?]
	at net.minecraft.util.GsonHelper.m_13776_(GsonHelper.java:549) ~[server-1.19.2-20220805.130853-srg.jar%23130!/:?]
	at net.minecraft.server.packs.resources.SimpleJsonResourceReloadListener.m_5944_(SimpleJsonResourceReloadListener.java:43) ~[server-1.19.2-20220805.130853-srg.jar%23130!/:?]
	at net.minecraft.server.packs.resources.SimpleJsonResourceReloadListener.m_5944_(SimpleJsonResourceReloadListener.java:16) ~[server-1.19.2-20220805.130853-srg.jar%23130!/:?]
	at net.minecraft.server.packs.resources.SimplePreparableReloadListener.m_10786_(SimplePreparableReloadListener.java:11) ~[server-1.19.2-20220805.130853-srg.jar%23130!/:?]
	at java.util.concurrent.CompletableFuture$AsyncSupply.run(CompletableFuture.java:1768) ~[?:?]
	at java.util.concurrent.CompletableFuture$AsyncSupply.exec(CompletableFuture.java:1760) ~[?:?]
	at java.util.concurrent.ForkJoinTask.doExec(ForkJoinTask.java:387) ~[?:?]
	at java.util.concurrent.ForkJoinPool$WorkQueue.topLevelExec(ForkJoinPool.java:1312) ~[?:?]
	at java.util.concurrent.ForkJoinPool.scan(ForkJoinPool.java:1843) ~[?:?]
	at java.util.concurrent.ForkJoinPool.runWorker(ForkJoinPool.java:1808) ~[?:?]
	at java.util.concurrent.ForkJoinWorkerThread.run(ForkJoinWorkerThread.java:188) ~[?:?]
Caused by: com.google.gson.stream.MalformedJsonException: Unterminated array at line 17 column 10 path $.pools[0].entries[1]
	at com.google.gson.stream.JsonReader.syntaxError(JsonReader.java:1562) ~[gson-2.8.9.jar%2376!/:?]
	at com.google.gson.stream.JsonReader.doPeek(JsonReader.java:475) ~[gson-2.8.9.jar%2376!/:?]
	at com.google.gson.stream.JsonReader.hasNext(JsonReader.java:413) ~[gson-2.8.9.jar%2376!/:?]
	at com.google.gson.internal.bind.TypeAdapters$27.read(TypeAdapters.java:675) ~[gson-2.8.9.jar%2376!/:?]
	at com.google.gson.internal.bind.TypeAdapters$27.read(TypeAdapters.java:684) ~[gson-2.8.9.jar%2376!/:?]
	at com.google.gson.internal.bind.TypeAdapters$27.read(TypeAdapters.java:676) ~[gson-2.8.9.jar%2376!/:?]
	at com.google.gson.internal.bind.TypeAdapters$27.read(TypeAdapters.java:684) ~[gson-2.8.9.jar%2376!/:?]
	at com.google.gson.internal.bind.TypeAdapters$27.read(TypeAdapters.java:655) ~[gson-2.8.9.jar%2376!/:?]
	at com.google.gson.internal.bind.TypeAdapters$33$1.read(TypeAdapters.java:866) ~[gson-2.8.9.jar%2376!/:?]
	at net.minecraft.util.GsonHelper.m_13780_(GsonHelper.java:510) ~[server-1.19.2-20220805.130853-srg.jar%23130!/:?]
	... 11 more
[28Feb2025 08:40:37.852] [main/INFO] [net.minecraft.world.item.crafting.RecipeManager/]: Loaded 8 recipes
[28Feb2025 08:40:38.266] [main/ERROR] [net.minecraft.server.ServerFunctionLibrary/]: Failed to load function watching:check
java.util.concurrent.CompletionException: java.lang.IllegalArgumentException: Whilst parsing command on line 1: Unknown or incomplete command, see below for error at position 0: <--[HERE]
	at java.util.concurrent.CompletableFuture.encodeThrowable(CompletableFuture.java:315) ~[?:?]
	at java.util.concurrent.CompletableFuture.completeThrowable(CompletableFuture.java:320) ~[?:?]
	at java.util.concurrent.CompletableFuture$AsyncSupply.run(CompletableFuture.java:1770) ~[?:?]
	at java.util.concurrent.CompletableFuture$AsyncSupply.exec(CompletableFuture.java:1760) ~[?:?]
	at java.util.concurrent.ForkJoinTask.doExec(ForkJoinTask.java:387) ~[?:?]
	at java.util.concurrent.ForkJoinPool$WorkQueue.topLevelExec(ForkJoinPool.java:1312) ~[?:?]
	at java.util.concurrent.ForkJoinPool.scan(ForkJoinPool.java:1843) ~[?:?]
	at java.util.concurrent.ForkJoinPool.runWorker(ForkJoinPool.java:1808) ~[?:?]
	at java.util.concurrent.ForkJoinWorkerThread.run(ForkJoinWorkerThread.java:188) ~[?:?]
Caused by: java.lang.IllegalArgumentException: Whilst parsing command on line 1: Unknown or incomplete command, see below for error at position 0: <--[HERE]
	at net.minecraft.commands.CommandFunction.m_77984_(CommandFunction.java:63) ~[server-1.19.2-20220805.130853-srg.jar%23130!/:?]
	at net.minecraft.server.ServerFunctionLibrary.m_214320_(ServerFunctionLibrary.java:85) ~[server-1.19.2-20220805.130853-srg.jar%23130!/:?]
	at java.util.concurrent.CompletableFuture$AsyncSupply.run(CompletableFuture.java:1768) ~[?:?]
	... 6 more
[28Feb2025 08:40:38.433] [main/ERROR] [net.minecraft.server.ServerAdvancementManager/]: Parsing error loading custom advancement man:thetear: Non [a-z0-9/._-] character in path of location: man:tearoftheman

[28Feb2025 08:40:38.470] [main/INFO] [net.minecraft.advancements.AdvancementList/]: Loaded 1308 advancements
[28Feb2025 08:40:39.004] [Server thread/INFO] [net.minecraft.server.dedicated.DedicatedServer/]: Starting minecraft server version 1.19.2
[28Feb2025 08:40:39.007] [Server thread/INFO] [net.minecraft.server.dedicated.DedicatedServer/]: Loading properties
[28Feb2025 08:40:39.007] [Server thread/INFO] [net.minecraft.server.dedicated.DedicatedServer/]: Default game type: SURVIVAL
[28Feb2025 08:40:39.007] [Server thread/INFO] [net.minecraft.server.MinecraftServer/]: Generating keypair
[28Feb2025 08:40:39.618] [Server thread/INFO] [net.minecraft.server.dedicated.DedicatedServer/]: Starting Minecraft server on *:25565
[28Feb2025 08:40:39.692] [Server thread/INFO] [net.minecraft.server.network.ServerConnectionListener/]: Using epoll channel type
[28Feb2025 08:40:39.894] [Server thread/WARN] [net.minecraft.server.dedicated.DedicatedServer/]: **** SERVER IS RUNNING IN OFFLINE/INSECURE MODE!
[28Feb2025 08:40:39.894] [Server thread/WARN] [net.minecraft.server.dedicated.DedicatedServer/]: The server will make no attempt to authenticate usernames. Beware.
[28Feb2025 08:40:39.895] [Server thread/WARN] [net.minecraft.server.dedicated.DedicatedServer/]: While this makes the game possible to play without internet access, it also opens up the ability for hackers to connect with any username they choose.
[28Feb2025 08:40:39.895] [Server thread/WARN] [net.minecraft.server.dedicated.DedicatedServer/]: To change this, set "online-mode" to "true" in the server.properties file.
[28Feb2025 08:40:39.973] [Server thread/WARN] [net.minecraftforge.common.ForgeConfigSpec/CORE]: Configuration file ./world/serverconfig/jei-server.toml is not correct. Correcting
[28Feb2025 08:40:39.974] [Server thread/WARN] [net.minecraftforge.common.ForgeConfigSpec/CORE]: Incorrect key cheat mode was corrected from null to its default, SimpleCommentedConfig:{}. 
[28Feb2025 08:40:39.974] [Server thread/WARN] [net.minecraftforge.common.ForgeConfigSpec/CORE]: Incorrect key cheat mode.enableCheatModeForOp was corrected from null to its default, true. 
[28Feb2025 08:40:39.974] [Server thread/WARN] [net.minecraftforge.common.ForgeConfigSpec/CORE]: Incorrect key cheat mode.enableCheatModeForCreative was corrected from null to its default, true. 
[28Feb2025 08:40:39.975] [Server thread/WARN] [net.minecraftforge.common.ForgeConfigSpec/CORE]: Incorrect key cheat mode.enableCheatModeForGive was corrected from null to its default, false. 
[28Feb2025 08:40:39.976] [Server thread/WARN] [net.minecraftforge.common.ForgeConfigSpec/CORE]: Configuration file ./world/serverconfig/cgm-server.toml is not correct. Correcting
[28Feb2025 08:40:39.977] [Server thread/WARN] [net.minecraftforge.common.ForgeConfigSpec/CORE]: Incorrect key server was corrected from null to its default, SimpleCommentedConfig:{}. 
[28Feb2025 08:40:39.977] [Server thread/WARN] [net.minecraftforge.common.ForgeConfigSpec/CORE]: Incorrect key server.grenade was corrected from null to its default, SimpleCommentedConfig:{}. 
[28Feb2025 08:40:39.977] [Server thread/WARN] [net.minecraftforge.common.ForgeConfigSpec/CORE]: Incorrect key server.grenade.alphaOverlay was corrected from null to its default, 255. 
[28Feb2025 08:40:39.978] [Server thread/WARN] [net.minecraftforge.common.ForgeConfigSpec/CORE]: Incorrect key server.grenade.alphaFadeThreshold was corrected from null to its default, 40. 
[28Feb2025 08:40:39.978] [Server thread/WARN] [net.minecraftforge.common.ForgeConfigSpec/CORE]: Incorrect key server.grenade.soundPercentage was corrected from null to its default, 0.05. 
[28Feb2025 08:40:39.978] [Server thread/WARN] [net.minecraftforge.common.ForgeConfigSpec/CORE]: Incorrect key server.grenade.soundFadeThreshold was corrected from null to its default, 90. 
[28Feb2025 08:40:39.978] [Server thread/WARN] [net.minecraftforge.common.ForgeConfigSpec/CORE]: Incorrect key server.grenade.ringVolume was corrected from null to its default, 1.0. 
[28Feb2025 08:40:39.979] [Server thread/WARN] [net.minecraftforge.common.ForgeConfigSpec/CORE]: Incorrect key server.audio was corrected from null to its default, SimpleCommentedConfig:{}. 
[28Feb2025 08:40:39.979] [Server thread/WARN] [net.minecraftforge.common.ForgeConfigSpec/CORE]: Incorrect key server.audio.gunShotMaxDistance was corrected from null to its default, 100.0. 
[28Feb2025 08:40:39.980] [Server thread/WARN] [net.minecraftforge.common.ForgeConfigSpec/CORE]: Incorrect key server.audio.reloadMaxDistance was corrected from null to its default, 24.0. 
[28Feb2025 08:40:39.980] [Server thread/WARN] [net.minecraftforge.common.ForgeConfigSpec/CORE]: Incorrect key server.enableCameraRecoil was corrected from null to its default, true. 
[28Feb2025 08:40:39.980] [Server thread/WARN] [net.minecraftforge.common.ForgeConfigSpec/CORE]: Incorrect key server.cooldownThreshold was corrected from null to its default, 0. 
[28Feb2025 08:40:39.981] [Server thread/WARN] [net.minecraftforge.common.ForgeConfigSpec/CORE]: Incorrect key server.experimental was corrected from null to its default, SimpleCommentedConfig:{}. 
[28Feb2025 08:40:39.981] [Server thread/WARN] [net.minecraftforge.common.ForgeConfigSpec/CORE]: Incorrect key server.experimental.forceDyeableAttachments was corrected from null to its default, false. 
[28Feb2025 08:40:39.982] [Thread-0/WARN] [net.minecraftforge.fml.config.ConfigFileTypeHandler/CONFIG]: Configuration file /workspaces/codespaces-jupyter/./world/serverconfig/cgm-server.toml is not correct. Correcting
[28Feb2025 08:40:40.008] [Server thread/INFO] [Framework/]: Loading server configs...
[28Feb2025 08:40:40.030] [Server thread/INFO] [net.minecraft.server.dedicated.DedicatedServer/]: Preparing level "world"
[28Feb2025 08:40:40.557] [Server thread/INFO] [net.minecraft.server.MinecraftServer/]: Preparing start region for dimension minecraft:overworld
[28Feb2025 08:40:47.068] [Netty Epoll Server IO #1/INFO] [net.minecraftforge.server.ServerLifecycleHooks/SERVERHOOKS]: Disconnecting Player (server is still starting): literal{Server is still starting! Please wait before reconnecting.}
[28Feb2025 08:40:50.258] [Netty Epoll Server IO #2/INFO] [net.minecraftforge.server.ServerLifecycleHooks/SERVERHOOKS]: Disconnecting Player (server is still starting): literal{Server is still starting! Please wait before reconnecting.}
[28Feb2025 08:40:53.229] [Netty Epoll Server IO #3/INFO] [net.minecraftforge.server.ServerLifecycleHooks/SERVERHOOKS]: Disconnecting Player (server is still starting): literal{Server is still starting! Please wait before reconnecting.}
[28Feb2025 08:41:10.790] [Netty Epoll Server IO #4/INFO] [net.minecraftforge.server.ServerLifecycleHooks/SERVERHOOKS]: Disconnecting Player (server is still starting): literal{Server is still starting! Please wait before reconnecting.}
[28Feb2025 08:41:13.499] [Worker-Main-3/INFO] [net.minecraft.server.level.progress.LoggerChunkProgressListener/]: Preparing spawn area: 0%
[28Feb2025 08:41:13.501] [Worker-Main-1/INFO] [net.minecraft.server.level.progress.LoggerChunkProgressListener/]: Preparing spawn area: 0%
[28Feb2025 08:41:13.503] [Worker-Main-1/INFO] [net.minecraft.server.level.progress.LoggerChunkProgressListener/]: Preparing spawn area: 0%
[28Feb2025 08:41:13.509] [Worker-Main-3/INFO] [net.minecraft.server.level.progress.LoggerChunkProgressListener/]: Preparing spawn area: 0%
[28Feb2025 08:41:13.510] [Worker-Main-3/INFO] [net.minecraft.server.level.progress.LoggerChunkProgressListener/]: Preparing spawn area: 0%
[28Feb2025 08:41:13.511] [Worker-Main-3/INFO] [net.minecraft.server.level.progress.LoggerChunkProgressListener/]: Preparing spawn area: 0%
[28Feb2025 08:41:13.513] [Worker-Main-3/INFO] [net.minecraft.server.level.progress.LoggerChunkProgressListener/]: Preparing spawn area: 0%
[28Feb2025 08:41:13.513] [Worker-Main-3/INFO] [net.minecraft.server.level.progress.LoggerChunkProgressListener/]: Preparing spawn area: 0%
[28Feb2025 08:41:13.514] [Worker-Main-3/INFO] [net.minecraft.server.level.progress.LoggerChunkProgressListener/]: Preparing spawn area: 0%
[28Feb2025 08:41:13.516] [Worker-Main-3/INFO] [net.minecraft.server.level.progress.LoggerChunkProgressListener/]: Preparing spawn area: 0%
[28Feb2025 08:41:13.517] [Worker-Main-3/INFO] [net.minecraft.server.level.progress.LoggerChunkProgressListener/]: Preparing spawn area: 0%
[28Feb2025 08:41:13.518] [Worker-Main-3/INFO] [net.minecraft.server.level.progress.LoggerChunkProgressListener/]: Preparing spawn area: 0%
[28Feb2025 08:41:13.519] [Worker-Main-3/INFO] [net.minecraft.server.level.progress.LoggerChunkProgressListener/]: Preparing spawn area: 0%
[28Feb2025 08:41:13.520] [Worker-Main-3/INFO] [net.minecraft.server.level.progress.LoggerChunkProgressListener/]: Preparing spawn area: 0%
[28Feb2025 08:41:13.522] [Worker-Main-3/INFO] [net.minecraft.server.level.progress.LoggerChunkProgressListener/]: Preparing spawn area: 0%
[28Feb2025 08:41:13.523] [Worker-Main-3/INFO] [net.minecraft.server.level.progress.LoggerChunkProgressListener/]: Preparing spawn area: 0%
[28Feb2025 08:41:13.525] [Worker-Main-1/INFO] [net.minecraft.server.level.progress.LoggerChunkProgressListener/]: Preparing spawn area: 0%
[28Feb2025 08:41:13.527] [Worker-Main-3/INFO] [net.minecraft.server.level.progress.LoggerChunkProgressListener/]: Preparing spawn area: 0%
[28Feb2025 08:41:13.532] [Worker-Main-3/INFO] [net.minecraft.server.level.progress.LoggerChunkProgressListener/]: Preparing spawn area: 0%
[28Feb2025 08:41:13.533] [Worker-Main-3/INFO] [net.minecraft.server.level.progress.LoggerChunkProgressListener/]: Preparing spawn area: 0%
[28Feb2025 08:41:13.534] [Worker-Main-3/INFO] [net.minecraft.server.level.progress.LoggerChunkProgressListener/]: Preparing spawn area: 0%
[28Feb2025 08:41:13.534] [Worker-Main-3/INFO] [net.minecraft.server.level.progress.LoggerChunkProgressListener/]: Preparing spawn area: 0%
[28Feb2025 08:41:13.535] [Worker-Main-3/INFO] [net.minecraft.server.level.progress.LoggerChunkProgressListener/]: Preparing spawn area: 0%
[28Feb2025 08:41:13.536] [Worker-Main-1/INFO] [net.minecraft.server.level.progress.LoggerChunkProgressListener/]: Preparing spawn area: 0%
[28Feb2025 08:41:13.538] [Worker-Main-1/INFO] [net.minecraft.server.level.progress.LoggerChunkProgressListener/]: Preparing spawn area: 0%
[28Feb2025 08:41:13.542] [Worker-Main-1/INFO] [net.minecraft.server.level.progress.LoggerChunkProgressListener/]: Preparing spawn area: 0%
[28Feb2025 08:41:13.543] [Worker-Main-3/INFO] [net.minecraft.server.level.progress.LoggerChunkProgressListener/]: Preparing spawn area: 0%
[28Feb2025 08:41:13.544] [Worker-Main-3/INFO] [net.minecraft.server.level.progress.LoggerChunkProgressListener/]: Preparing spawn area: 0%
[28Feb2025 08:41:13.545] [Worker-Main-3/INFO] [net.minecraft.server.level.progress.LoggerChunkProgressListener/]: Preparing spawn area: 0%
[28Feb2025 08:41:13.546] [Worker-Main-3/INFO] [net.minecraft.server.level.progress.LoggerChunkProgressListener/]: Preparing spawn area: 0%
[28Feb2025 08:41:13.547] [Worker-Main-3/INFO] [net.minecraft.server.level.progress.LoggerChunkProgressListener/]: Preparing spawn area: 0%
[28Feb2025 08:41:13.548] [Worker-Main-3/INFO] [net.minecraft.server.level.progress.LoggerChunkProgressListener/]: Preparing spawn area: 0%
[28Feb2025 08:41:13.549] [Worker-Main-1/INFO] [net.minecraft.server.level.progress.LoggerChunkProgressListener/]: Preparing spawn area: 0%
[28Feb2025 08:41:13.551] [Worker-Main-1/INFO] [net.minecraft.server.level.progress.LoggerChunkProgressListener/]: Preparing spawn area: 0%
[28Feb2025 08:41:13.552] [Worker-Main-1/INFO] [net.minecraft.server.level.progress.LoggerChunkProgressListener/]: Preparing spawn area: 0%
[28Feb2025 08:41:13.560] [Worker-Main-1/INFO] [net.minecraft.server.level.progress.LoggerChunkProgressListener/]: Preparing spawn area: 0%
[28Feb2025 08:41:13.561] [Worker-Main-1/INFO] [net.minecraft.server.level.progress.LoggerChunkProgressListener/]: Preparing spawn area: 0%
[28Feb2025 08:41:13.562] [Worker-Main-1/INFO] [net.minecraft.server.level.progress.LoggerChunkProgressListener/]: Preparing spawn area: 0%
[28Feb2025 08:41:13.563] [Worker-Main-1/INFO] [net.minecraft.server.level.progress.LoggerChunkProgressListener/]: Preparing spawn area: 0%
[28Feb2025 08:41:13.564] [Worker-Main-1/INFO] [net.minecraft.server.level.progress.LoggerChunkProgressListener/]: Preparing spawn area: 0%
[28Feb2025 08:41:13.565] [Worker-Main-1/INFO] [net.minecraft.server.level.progress.LoggerChunkProgressListener/]: Preparing spawn area: 0%
[28Feb2025 08:41:13.566] [Worker-Main-1/INFO] [net.minecraft.server.level.progress.LoggerChunkProgressListener/]: Preparing spawn area: 0%
[28Feb2025 08:41:13.574] [Worker-Main-1/INFO] [net.minecraft.server.level.progress.LoggerChunkProgressListener/]: Preparing spawn area: 0%
[28Feb2025 08:41:13.575] [Worker-Main-1/INFO] [net.minecraft.server.level.progress.LoggerChunkProgressListener/]: Preparing spawn area: 0%
[28Feb2025 08:41:13.575] [Worker-Main-1/INFO] [net.minecraft.server.level.progress.LoggerChunkProgressListener/]: Preparing spawn area: 0%
[28Feb2025 08:41:13.576] [Worker-Main-1/INFO] [net.minecraft.server.level.progress.LoggerChunkProgressListener/]: Preparing spawn area: 0%
[28Feb2025 08:41:13.577] [Worker-Main-1/INFO] [net.minecraft.server.level.progress.LoggerChunkProgressListener/]: Preparing spawn area: 0%
[28Feb2025 08:41:13.577] [Worker-Main-1/INFO] [net.minecraft.server.level.progress.LoggerChunkProgressListener/]: Preparing spawn area: 0%
[28Feb2025 08:41:13.578] [Worker-Main-1/INFO] [net.minecraft.server.level.progress.LoggerChunkProgressListener/]: Preparing spawn area: 0%
[28Feb2025 08:41:13.579] [Worker-Main-1/INFO] [net.minecraft.server.level.progress.LoggerChunkProgressListener/]: Preparing spawn area: 0%
[28Feb2025 08:41:13.579] [Worker-Main-1/INFO] [net.minecraft.server.level.progress.LoggerChunkProgressListener/]: Preparing spawn area: 0%
[28Feb2025 08:41:13.585] [Worker-Main-3/INFO] [net.minecraft.server.level.progress.LoggerChunkProgressListener/]: Preparing spawn area: 0%
[28Feb2025 08:41:13.593] [Worker-Main-3/INFO] [net.minecraft.server.level.progress.LoggerChunkProgressListener/]: Preparing spawn area: 0%
[28Feb2025 08:41:13.595] [Worker-Main-1/INFO] [net.minecraft.server.level.progress.LoggerChunkProgressListener/]: Preparing spawn area: 0%
[28Feb2025 08:41:13.595] [Worker-Main-1/INFO] [net.minecraft.server.level.progress.LoggerChunkProgressListener/]: Preparing spawn area: 0%
[28Feb2025 08:41:13.596] [Worker-Main-1/INFO] [net.minecraft.server.level.progress.LoggerChunkProgressListener/]: Preparing spawn area: 0%
[28Feb2025 08:41:13.597] [Worker-Main-1/INFO] [net.minecraft.server.level.progress.LoggerChunkProgressListener/]: Preparing spawn area: 0%
[28Feb2025 08:41:13.597] [Worker-Main-1/INFO] [net.minecraft.server.level.progress.LoggerChunkProgressListener/]: Preparing spawn area: 0%
[28Feb2025 08:41:13.598] [Worker-Main-1/INFO] [net.minecraft.server.level.progress.LoggerChunkProgressListener/]: Preparing spawn area: 0%
[28Feb2025 08:41:13.599] [Worker-Main-1/INFO] [net.minecraft.server.level.progress.LoggerChunkProgressListener/]: Preparing spawn area: 0%
[28Feb2025 08:41:13.599] [Worker-Main-1/INFO] [net.minecraft.server.level.progress.LoggerChunkProgressListener/]: Preparing spawn area: 0%
[28Feb2025 08:41:13.600] [Worker-Main-1/INFO] [net.minecraft.server.level.progress.LoggerChunkProgressListener/]: Preparing spawn area: 0%
[28Feb2025 08:41:13.601] [Worker-Main-1/INFO] [net.minecraft.server.level.progress.LoggerChunkProgressListener/]: Preparing spawn area: 0%
[28Feb2025 08:41:13.602] [Worker-Main-1/INFO] [net.minecraft.server.level.progress.LoggerChunkProgressListener/]: Preparing spawn area: 0%
[28Feb2025 08:41:13.602] [Worker-Main-1/INFO] [net.minecraft.server.level.progress.LoggerChunkProgressListener/]: Preparing spawn area: 0%
[28Feb2025 08:41:13.603] [Worker-Main-1/INFO] [net.minecraft.server.level.progress.LoggerChunkProgressListener/]: Preparing spawn area: 0%
[28Feb2025 08:41:13.604] [Worker-Main-1/INFO] [net.minecraft.server.level.progress.LoggerChunkProgressListener/]: Preparing spawn area: 0%
[28Feb2025 08:41:14.058] [Worker-Main-2/INFO] [net.minecraft.server.level.progress.LoggerChunkProgressListener/]: Preparing spawn area: 17%
[28Feb2025 08:41:14.558] [Worker-Main-1/INFO] [net.minecraft.server.level.progress.LoggerChunkProgressListener/]: Preparing spawn area: 94%
[28Feb2025 08:41:14.652] [Server thread/INFO] [net.minecraft.server.level.progress.LoggerChunkProgressListener/]: Time elapsed: 34095 ms
[28Feb2025 08:41:14.652] [Server thread/INFO] [net.minecraft.server.dedicated.DedicatedServer/]: Done (34.687s)! For help, type "help"
[28Feb2025 08:41:14.663] [Server thread/INFO] [net.minecraftforge.server.permission.PermissionAPI/]: Successfully initialized permission handler forge:default_handler
[28Feb2025 08:41:52.893] [Server thread/INFO] [net.minecraftforge.common.AdvancementLoadFix/]: Using new advancement loading for net.minecraft.server.PlayerAdvancements@3c0f3950
[28Feb2025 08:41:52.908] [Server thread/INFO] [net.minecraft.server.players.PlayerList/]: gamerku[/127.163.95.26:56063] logged in with entity id 175 at (-37.5, 77.0, -109.5)
[28Feb2025 08:41:52.958] [Server thread/INFO] [net.minecraft.server.MinecraftServer/]: gamerku joined the game
[28Feb2025 08:41:53.584] [Server thread/WARN] [net.minecraft.server.level.ServerLevel/]: Tried to add entity the_anomaly:anomaly_viewer but it was marked as removed already
[28Feb2025 08:41:53.792] [Server thread/WARN] [net.minecraft.server.level.ServerLevel/]: Tried to add entity the_anomaly:anomaly_trap but it was marked as removed already
[28Feb2025 08:41:53.927] [Server thread/WARN] [net.minecraft.server.level.ServerLevel/]: Tried to add entity the_anomaly:anomaly_viewer but it was marked as removed already
[28Feb2025 08:41:54.399] [Server thread/WARN] [net.minecraft.server.level.ServerLevel/]: Tried to add entity the_anomaly:anomaly_viewer but it was marked as removed already
[28Feb2025 08:41:54.486] [Server thread/WARN] [net.minecraft.server.level.ServerLevel/]: Tried to add entity the_anomaly:anomaly_trap but it was marked as removed already
[28Feb2025 08:41:55.576] [Server thread/WARN] [net.minecraft.server.level.ServerLevel/]: Tried to add entity the_anomaly:anomaly_trap but it was marked as removed already
[28Feb2025 08:41:55.770] [Server thread/WARN] [net.minecraft.server.level.ServerLevel/]: Tried to add entity the_anomaly:anomaly_trap but it was marked as removed already
[28Feb2025 08:41:55.818] [Server thread/WARN] [net.minecraft.server.level.ServerLevel/]: Tried to add entity the_anomaly:anomaly_trap but it was marked as removed already
[28Feb2025 08:41:56.268] [Server thread/WARN] [net.minecraft.server.level.ServerLevel/]: Tried to add entity the_anomaly:anomaly_viewer but it was marked as removed already
[28Feb2025 08:41:56.268] [Server thread/WARN] [net.minecraft.server.level.ServerLevel/]: Tried to add entity the_anomaly:anomaly_viewer but it was marked as removed already
[28Feb2025 08:41:56.269] [Server thread/WARN] [net.minecraft.server.level.ServerLevel/]: Tried to add entity the_anomaly:anomaly_trap but it was marked as removed already
[28Feb2025 08:41:56.270] [Server thread/WARN] [net.minecraft.server.level.ServerLevel/]: Tried to add entity the_anomaly:anomaly_trap but it was marked as removed already
[28Feb2025 08:41:56.769] [Server thread/WARN] [net.minecraft.server.level.ServerLevel/]: Tried to add entity the_anomaly:anomaly_trap but it was marked as removed already
[28Feb2025 08:41:56.771] [Server thread/WARN] [net.minecraft.server.level.ServerLevel/]: Tried to add entity the_anomaly:anomaly_trap but it was marked as removed already
[28Feb2025 08:41:57.317] [Server thread/WARN] [net.minecraft.server.level.ServerLevel/]: Tried to add entity the_anomaly:anomaly_trap but it was marked as removed already
[28Feb2025 08:41:57.767] [Server thread/WARN] [net.minecraft.server.level.ServerLevel/]: Tried to add entity the_anomaly:anomaly_viewer but it was marked as removed already
[28Feb2025 08:41:57.769] [Server thread/WARN] [net.minecraft.server.level.ServerLevel/]: Tried to add entity the_anomaly:anomaly_trap but it was marked as removed already
[28Feb2025 08:41:59.167] [Server thread/WARN] [net.minecraft.server.level.ServerLevel/]: Tried to add entity the_anomaly:anomaly_viewer but it was marked as removed already
[28Feb2025 08:41:59.218] [Server thread/WARN] [net.minecraft.server.level.ServerLevel/]: Tried to add entity the_anomaly:anomaly_trap but it was marked as removed already
[28Feb2025 08:41:59.469] [Server thread/WARN] [net.minecraft.server.level.ServerLevel/]: Tried to add entity the_anomaly:anomaly_trap but it was marked as removed already
[28Feb2025 08:41:59.517] [Server thread/WARN] [net.minecraft.server.level.ServerLevel/]: Tried to add entity the_anomaly:anomaly_viewer but it was marked as removed already
[28Feb2025 08:41:59.568] [Server thread/WARN] [net.minecraft.server.level.ServerLevel/]: Tried to add entity the_anomaly:anomaly_viewer but it was marked as removed already
[28Feb2025 08:42:04.659] [Server thread/INFO] [net.minecraftforge.common.AdvancementLoadFix/]: Using new advancement loading for net.minecraft.server.PlayerAdvancements@105992c9
[28Feb2025 08:42:04.675] [Server thread/INFO] [net.minecraft.server.players.PlayerList/]: YAMAPROSIH[/127.159.13.28:44247] logged in with entity id 2132 at (56.99797873469816, 76.02376149677067, -16.920032452765305)
[28Feb2025 08:42:04.694] [Server thread/INFO] [net.minecraft.server.MinecraftServer/]: YAMAPROSIH joined the game
[28Feb2025 08:42:05.022] [Server thread/WARN] [net.minecraft.server.level.ServerLevel/]: Tried to add entity the_anomaly:anomaly_viewer but it was marked as removed already
[28Feb2025 08:42:05.024] [Server thread/WARN] [net.minecraft.server.level.ServerLevel/]: Tried to add entity the_anomaly:anomaly_trap but it was marked as removed already
[28Feb2025 08:42:05.286] [Server thread/WARN] [net.minecraft.server.level.ServerLevel/]: Tried to add entity the_anomaly:anomaly_trap but it was marked as removed already
[28Feb2025 08:42:05.539] [Server thread/WARN] [net.minecraft.server.level.ServerLevel/]: Tried to add entity the_anomaly:anomaly_trap but it was marked as removed already
[28Feb2025 08:42:06.493] [Server thread/WARN] [net.minecraft.server.level.ServerLevel/]: Tried to add entity the_anomaly:anomaly_viewer but it was marked as removed already
[28Feb2025 08:42:06.494] [Server thread/WARN] [net.minecraft.server.level.ServerLevel/]: Tried to add entity the_anomaly:anomaly_viewer but it was marked as removed already
[28Feb2025 08:42:06.495] [Server thread/WARN] [net.minecraft.server.level.ServerLevel/]: Tried to add entity the_anomaly:anomaly_trap but it was marked as removed already
[28Feb2025 08:42:06.500] [Server thread/WARN] [net.minecraft.server.level.ServerLevel/]: Tried to add entity the_anomaly:anomaly_trap but it was marked as removed already
[28Feb2025 08:42:06.742] [Server thread/WARN] [net.minecraft.server.level.ServerLevel/]: Tried to add entity the_anomaly:anomaly_viewer but it was marked as removed already
[28Feb2025 08:42:06.745] [Server thread/WARN] [net.minecraft.server.level.ServerLevel/]: Tried to add entity the_anomaly:anomaly_trap but it was marked as removed already
[28Feb2025 08:42:06.921] [Server thread/WARN] [net.minecraft.server.level.ServerLevel/]: Tried to add entity the_anomaly:anomaly_viewer but it was marked as removed already
[28Feb2025 08:42:07.369] [Server thread/WARN] [net.minecraft.server.level.ServerLevel/]: Tried to add entity the_anomaly:anomaly_trap but it was marked as removed already
[28Feb2025 08:42:07.568] [Server thread/WARN] [net.minecraft.server.level.ServerLevel/]: Tried to add entity the_anomaly:anomaly_trap but it was marked as removed already
[28Feb2025 08:42:07.824] [Server thread/WARN] [net.minecraft.server.level.ServerLevel/]: Tried to add entity the_anomaly:anomaly_trap but it was marked as removed already
[28Feb2025 08:42:08.046] [Server thread/WARN] [net.minecraft.server.level.ServerLevel/]: Tried to add entity the_anomaly:anomaly_trap but it was marked as removed already
[28Feb2025 08:42:08.769] [Server thread/WARN] [net.minecraft.server.level.ServerLevel/]: Tried to add entity the_anomaly:anomaly_visitor but it was marked as removed already
[28Feb2025 08:42:08.771] [Server thread/WARN] [net.minecraft.server.level.ServerLevel/]: Tried to add entity the_anomaly:anomaly_viewer but it was marked as removed already
[28Feb2025 08:42:14.168] [Server thread/WARN] [net.minecraft.server.level.ServerLevel/]: Tried to add entity the_anomaly:anomaly_trap but it was marked as removed already
[28Feb2025 08:42:14.318] [Server thread/WARN] [net.minecraft.server.level.ServerLevel/]: Tried to add entity the_anomaly:anomaly_viewer but it was marked as removed already
[28Feb2025 08:42:17.767] [Server thread/WARN] [net.minecraft.server.level.ServerLevel/]: Tried to add entity the_anomaly:anomaly_trap but it was marked as removed already
[28Feb2025 08:42:18.868] [Server thread/WARN] [net.minecraft.server.level.ServerLevel/]: Tried to add entity the_anomaly:anomaly_viewer but it was marked as removed already
[28Feb2025 08:42:19.868] [Server thread/WARN] [net.minecraft.server.level.ServerLevel/]: Tried to add entity the_anomaly:anomaly_viewer but it was marked as removed already
[28Feb2025 08:42:22.068] [Server thread/WARN] [net.minecraft.server.level.ServerLevel/]: Tried to add entity the_anomaly:anomaly_trap but it was marked as removed already
[28Feb2025 08:42:22.118] [Server thread/WARN] [net.minecraft.server.level.ServerLevel/]: Tried to add entity the_anomaly:anomaly_viewer but it was marked as removed already
[28Feb2025 08:42:28.967] [Server thread/WARN] [net.minecraft.server.level.ServerLevel/]: Tried to add entity the_anomaly:anomaly_viewer but it was marked as removed already
[28Feb2025 08:42:34.717] [Server thread/WARN] [net.minecraft.server.level.ServerLevel/]: Tried to add entity the_anomaly:anomaly_viewer but it was marked as removed already
[28Feb2025 08:42:35.018] [Server thread/WARN] [net.minecraft.server.level.ServerLevel/]: Tried to add entity the_anomaly:anomaly_viewer but it was marked as removed already
[28Feb2025 08:42:35.067] [Server thread/WARN] [net.minecraft.server.level.ServerLevel/]: Tried to add entity the_anomaly:anomaly_viewer but it was marked as removed already
[28Feb2025 08:42:35.167] [Server thread/WARN] [net.minecraft.server.level.ServerLevel/]: Tried to add entity the_anomaly:anomaly_viewer but it was marked as removed already
[28Feb2025 08:42:38.020] [Server thread/WARN] [net.minecraft.server.level.ServerLevel/]: Tried to add entity the_anomaly:anomaly_viewer but it was marked as removed already
[28Feb2025 08:42:38.217] [Server thread/WARN] [net.minecraft.server.level.ServerLevel/]: Tried to add entity the_anomaly:anomaly_viewer but it was marked as removed already
[28Feb2025 08:42:38.218] [Server thread/WARN] [net.minecraft.server.level.ServerLevel/]: Tried to add entity the_anomaly:anomaly_trap but it was marked as removed already
[28Feb2025 08:42:43.317] [Server thread/WARN] [net.minecraft.server.level.ServerLevel/]: Tried to add entity the_anomaly:anomaly_viewer but it was marked as removed already
[28Feb2025 08:42:44.827] [Server thread/INFO] [net.minecraft.server.MinecraftServer/]: gamerku died because of Playmate
[28Feb2025 08:42:45.417] [Server thread/WARN] [net.minecraft.server.level.ServerLevel/]: Tried to add entity the_anomaly:anomaly_trap but it was marked as removed already
[28Feb2025 08:42:45.468] [Server thread/WARN] [net.minecraft.server.level.ServerLevel/]: Tried to add entity the_anomaly:anomaly_trap but it was marked as removed already
[28Feb2025 08:42:45.469] [Server thread/WARN] [net.minecraft.server.level.ServerLevel/]: Tried to add entity the_anomaly:anomaly_viewer but it was marked as removed already
[28Feb2025 08:42:45.568] [Server thread/WARN] [net.minecraft.server.level.ServerLevel/]: Tried to add entity the_anomaly:anomaly_visitor_2 but it was marked as removed already
[28Feb2025 08:42:45.569] [Server thread/WARN] [net.minecraft.server.level.ServerLevel/]: Tried to add entity the_anomaly:anomaly_trap but it was marked as removed already
[28Feb2025 08:42:45.619] [Server thread/WARN] [net.minecraft.server.level.ServerLevel/]: Tried to add entity the_anomaly:anomaly_viewer but it was marked as removed already
[28Feb2025 08:42:45.668] [Server thread/WARN] [net.minecraft.server.level.ServerLevel/]: Tried to add entity the_anomaly:anomaly_viewer but it was marked as removed already
[28Feb2025 08:42:46.216] [Server thread/WARN] [net.minecraft.server.level.ServerLevel/]: Tried to add entity the_anomaly:anomaly_viewer but it was marked as removed already
[28Feb2025 08:42:47.919] [Server thread/WARN] [net.minecraft.server.level.ServerLevel/]: Tried to add entity the_anomaly:anomaly_viewer but it was marked as removed already
[28Feb2025 08:42:47.970] [Server thread/WARN] [net.minecraft.server.level.ServerLevel/]: Tried to add entity the_anomaly:anomaly_viewer but it was marked as removed already
[28Feb2025 08:42:48.018] [Server thread/WARN] [net.minecraft.server.level.ServerLevel/]: Tried to add entity the_anomaly:anomaly_trap but it was marked as removed already
[28Feb2025 08:42:48.068] [Server thread/WARN] [net.minecraft.server.level.ServerLevel/]: Tried to add entity the_anomaly:anomaly_trap but it was marked as removed already
[28Feb2025 08:42:48.318] [Server thread/WARN] [net.minecraft.server.level.ServerLevel/]: Tried to add entity the_anomaly:anomaly_escape but it was marked as removed already
[28Feb2025 08:42:48.417] [Server thread/WARN] [net.minecraft.server.level.ServerLevel/]: Tried to add entity the_anomaly:anomaly_trap but it was marked as removed already
[28Feb2025 08:42:48.417] [Server thread/WARN] [net.minecraft.server.level.ServerLevel/]: Tried to add entity the_anomaly:anomaly_trap but it was marked as removed already
[28Feb2025 08:42:48.468] [Server thread/WARN] [net.minecraft.server.level.ServerLevel/]: Tried to add entity the_anomaly:anomaly_viewer but it was marked as removed already
[28Feb2025 08:42:48.517] [Server thread/WARN] [net.minecraft.server.level.ServerLevel/]: Tried to add entity the_anomaly:anomaly_trap but it was marked as removed already
[28Feb2025 08:42:48.769] [Server thread/WARN] [net.minecraft.server.level.ServerLevel/]: Tried to add entity the_anomaly:anomaly_escape but it was marked as removed already
[28Feb2025 08:42:48.817] [Server thread/WARN] [net.minecraft.server.level.ServerLevel/]: Tried to add entity the_anomaly:anomaly_trap but it was marked as removed already
[28Feb2025 08:42:48.817] [Server thread/WARN] [net.minecraft.server.level.ServerLevel/]: Tried to add entity the_anomaly:anomaly_escape but it was marked as removed already
[28Feb2025 08:42:48.818] [Server thread/WARN] [net.minecraft.server.level.ServerLevel/]: Tried to add entity the_anomaly:anomaly_trap but it was marked as removed already
[28Feb2025 08:42:48.818] [Server thread/WARN] [net.minecraft.server.level.ServerLevel/]: Tried to add entity the_anomaly:anomaly_escape but it was marked as removed already
[28Feb2025 08:42:49.017] [Server thread/WARN] [net.minecraft.server.level.ServerLevel/]: Tried to add entity the_anomaly:anomaly_viewer but it was marked as removed already
[28Feb2025 08:42:49.018] [Server thread/WARN] [net.minecraft.server.level.ServerLevel/]: Tried to add entity the_anomaly:anomaly_escape but it was marked as removed already
[28Feb2025 08:42:49.118] [Server thread/WARN] [net.minecraft.server.level.ServerLevel/]: Tried to add entity the_anomaly:anomaly_viewer but it was marked as removed already
[28Feb2025 08:42:49.119] [Server thread/WARN] [net.minecraft.server.level.ServerLevel/]: Tried to add entity the_anomaly:anomaly_escape but it was marked as removed already
[28Feb2025 08:42:49.368] [Server thread/WARN] [net.minecraft.server.level.ServerLevel/]: Tried to add entity the_anomaly:anomaly_trap but it was marked as removed already
[28Feb2025 08:42:49.466] [Server thread/WARN] [net.minecraft.server.level.ServerLevel/]: Tried to add entity the_anomaly:anomaly_escape but it was marked as removed already
[28Feb2025 08:42:49.467] [Server thread/WARN] [net.minecraft.server.level.ServerLevel/]: Tried to add entity the_anomaly:anomaly_viewer but it was marked as removed already
[28Feb2025 08:42:49.468] [Server thread/WARN] [net.minecraft.server.level.ServerLevel/]: Tried to add entity the_anomaly:anomaly_viewer but it was marked as removed already
[28Feb2025 08:42:49.568] [Server thread/WARN] [net.minecraft.server.level.ServerLevel/]: Tried to add entity the_anomaly:anomaly_escape but it was marked as removed already
[28Feb2025 08:42:49.622] [Server thread/WARN] [net.minecraft.server.level.ServerLevel/]: Tried to add entity the_anomaly:anomaly_trap but it was marked as removed already
[28Feb2025 08:42:49.693] [Server thread/WARN] [net.minecraft.server.level.ServerLevel/]: Tried to add entity the_anomaly:anomaly_viewer but it was marked as removed already
[28Feb2025 08:42:50.017] [Server thread/WARN] [net.minecraft.server.level.ServerLevel/]: Tried to add entity the_anomaly:anomaly_trap but it was marked as removed already
[28Feb2025 08:42:50.017] [Server thread/WARN] [net.minecraft.server.level.ServerLevel/]: Tried to add entity the_anomaly:anomaly_escape but it was marked as removed already
[28Feb2025 08:42:50.067] [Server thread/WARN] [net.minecraft.server.level.ServerLevel/]: Tried to add entity the_anomaly:anomaly_viewer but it was marked as removed already
[28Feb2025 08:42:50.168] [Server thread/WARN] [net.minecraft.server.level.ServerLevel/]: Tried to add entity the_anomaly:anomaly_viewer but it was marked as removed already
[28Feb2025 08:42:50.169] [Server thread/WARN] [net.minecraft.server.level.ServerLevel/]: Tried to add entity the_anomaly:anomaly_visitor but it was marked as removed already
[28Feb2025 08:42:50.267] [Server thread/WARN] [net.minecraft.server.level.ServerLevel/]: Tried to add entity the_anomaly:anomaly_trap but it was marked as removed already
[28Feb2025 08:42:50.417] [Server thread/WARN] [net.minecraft.server.level.ServerLevel/]: Tried to add entity the_anomaly:anomaly_trap but it was marked as removed already
[28Feb2025 08:42:50.619] [Server thread/WARN] [net.minecraft.server.level.ServerLevel/]: Tried to add entity the_anomaly:anomaly_trap but it was marked as removed already
[28Feb2025 08:42:50.717] [Server thread/WARN] [net.minecraft.server.level.ServerLevel/]: Tried to add entity the_anomaly:anomaly_trap but it was marked as removed already
[28Feb2025 08:42:50.718] [Server thread/WARN] [net.minecraft.server.level.ServerLevel/]: Tried to add entity the_anomaly:anomaly_escape but it was marked as removed already
[28Feb2025 08:42:50.817] [Server thread/WARN] [net.minecraft.server.level.ServerLevel/]: Tried to add entity the_anomaly:anomaly_viewer but it was marked as removed already
[28Feb2025 08:42:50.817] [Server thread/WARN] [net.minecraft.server.level.ServerLevel/]: Tried to add entity the_anomaly:anomaly_viewer but it was marked as removed already
[28Feb2025 08:42:50.868] [Server thread/WARN] [net.minecraft.server.level.ServerLevel/]: Tried to add entity the_anomaly:anomaly_trap but it was marked as removed already
[28Feb2025 08:42:50.868] [Server thread/WARN] [net.minecraft.server.level.ServerLevel/]: Tried to add entity the_anomaly:anomaly_visitor but it was marked as removed already
[28Feb2025 08:42:50.918] [Server thread/WARN] [net.minecraft.server.level.ServerLevel/]: Tried to add entity the_anomaly:anomaly_viewer but it was marked as removed already
[28Feb2025 08:42:51.067] [Server thread/WARN] [net.minecraft.server.level.ServerLevel/]: Tried to add entity the_anomaly:anomaly_viewer but it was marked as removed already
[28Feb2025 08:42:51.367] [Server thread/WARN] [net.minecraft.server.level.ServerLevel/]: Tried to add entity the_anomaly:anomaly_trap but it was marked as removed already
[28Feb2025 08:42:51.368] [Server thread/WARN] [net.minecraft.server.level.ServerLevel/]: Tried to add entity the_anomaly:anomaly_trap but it was marked as removed already
[28Feb2025 08:42:51.467] [Server thread/WARN] [net.minecraft.server.level.ServerLevel/]: Tried to add entity the_anomaly:anomaly_viewer but it was marked as removed already
[28Feb2025 08:42:51.567] [Server thread/WARN] [net.minecraft.server.level.ServerLevel/]: Tried to add entity the_anomaly:anomaly_trap but it was marked as removed already
[28Feb2025 08:42:51.618] [Server thread/WARN] [net.minecraft.server.level.ServerLevel/]: Tried to add entity the_anomaly:anomaly_trap but it was marked as removed already
[28Feb2025 08:42:51.618] [Server thread/WARN] [net.minecraft.server.level.ServerLevel/]: Tried to add entity the_anomaly:anomaly_viewer but it was marked as removed already
[28Feb2025 08:42:51.668] [Server thread/WARN] [net.minecraft.server.level.ServerLevel/]: Tried to add entity the_anomaly:anomaly_viewer but it was marked as removed already
[28Feb2025 08:42:51.669] [Server thread/WARN] [net.minecraft.server.level.ServerLevel/]: Tried to add entity the_anomaly:anomaly_viewer but it was marked as removed already
[28Feb2025 08:42:51.717] [Server thread/WARN] [net.minecraft.server.level.ServerLevel/]: Tried to add entity the_anomaly:anomaly_trap but it was marked as removed already
[28Feb2025 08:42:51.818] [Server thread/WARN] [net.minecraft.server.level.ServerLevel/]: Tried to add entity the_anomaly:anomaly_escape but it was marked as removed already
[28Feb2025 08:42:52.117] [Server thread/WARN] [net.minecraft.server.level.ServerLevel/]: Tried to add entity the_anomaly:anomaly_visitor but it was marked as removed already
[28Feb2025 08:42:52.118] [Server thread/WARN] [net.minecraft.server.level.ServerLevel/]: Tried to add entity the_anomaly:anomaly_escape but it was marked as removed already
[28Feb2025 08:42:52.119] [Server thread/WARN] [net.minecraft.server.level.ServerLevel/]: Tried to add entity the_anomaly:anomaly_viewer but it was marked as removed already
[28Feb2025 08:42:52.166] [Server thread/WARN] [net.minecraft.server.level.ServerLevel/]: Tried to add entity the_anomaly:anomaly_trap but it was marked as removed already
[28Feb2025 08:42:52.267] [Server thread/WARN] [net.minecraft.server.level.ServerLevel/]: Tried to add entity the_anomaly:anomaly_escape but it was marked as removed already
[28Feb2025 08:42:52.667] [Server thread/WARN] [net.minecraft.server.level.ServerLevel/]: Tried to add entity the_anomaly:anomaly_escape but it was marked as removed already
[28Feb2025 08:42:52.668] [Server thread/WARN] [net.minecraft.server.level.ServerLevel/]: Tried to add entity the_anomaly:anomaly_trap but it was marked as removed already
[28Feb2025 08:42:52.768] [Server thread/WARN] [net.minecraft.server.level.ServerLevel/]: Tried to add entity the_anomaly:anomaly_escape but it was marked as removed already
[28Feb2025 08:42:52.867] [Server thread/WARN] [net.minecraft.server.level.ServerLevel/]: Tried to add entity the_anomaly:anomaly_viewer but it was marked as removed already
[28Feb2025 08:42:53.267] [Server thread/WARN] [net.minecraft.server.level.ServerLevel/]: Tried to add entity the_anomaly:anomaly_escape but it was marked as removed already
[28Feb2025 08:42:53.268] [Server thread/WARN] [net.minecraft.server.level.ServerLevel/]: Tried to add entity the_anomaly:anomaly_viewer but it was marked as removed already
[28Feb2025 08:42:53.417] [Server thread/WARN] [net.minecraft.server.level.ServerLevel/]: Tried to add entity the_anomaly:anomaly_escape but it was marked as removed already
[28Feb2025 08:42:53.468] [Server thread/WARN] [net.minecraft.server.level.ServerLevel/]: Tried to add entity the_anomaly:anomaly_viewer but it was marked as removed already
[28Feb2025 08:42:53.618] [Server thread/WARN] [net.minecraft.server.level.ServerLevel/]: Tried to add entity the_anomaly:anomaly_visitor but it was marked as removed already
[28Feb2025 08:42:53.767] [Server thread/WARN] [net.minecraft.server.level.ServerLevel/]: Tried to add entity the_anomaly:anomaly_trap but it was marked as removed already
[28Feb2025 08:42:54.017] [Server thread/WARN] [net.minecraft.server.level.ServerLevel/]: Tried to add entity the_anomaly:anomaly_escape but it was marked as removed already
[28Feb2025 08:42:54.068] [Server thread/WARN] [net.minecraft.server.level.ServerLevel/]: Tried to add entity the_anomaly:anomaly_trap but it was marked as removed already
[28Feb2025 08:42:54.068] [Server thread/WARN] [net.minecraft.server.level.ServerLevel/]: Tried to add entity the_anomaly:anomaly_viewer but it was marked as removed already
[28Feb2025 08:42:54.318] [Server thread/WARN] [net.minecraft.server.level.ServerLevel/]: Tried to add entity the_anomaly:anomaly_escape but it was marked as removed already
[28Feb2025 08:42:54.617] [Server thread/WARN] [net.minecraft.server.level.ServerLevel/]: Tried to add entity the_anomaly:anomaly_viewer but it was marked as removed already
[28Feb2025 08:42:54.667] [Server thread/WARN] [net.minecraft.server.level.ServerLevel/]: Tried to add entity the_anomaly:anomaly_escape but it was marked as removed already
[28Feb2025 08:42:54.767] [Server thread/WARN] [net.minecraft.server.level.ServerLevel/]: Tried to add entity the_anomaly:anomaly_visitor_2 but it was marked as removed already
[28Feb2025 08:42:56.337] [Server thread/INFO] [net.minecraft.server.MinecraftServer/]: [Not Secure] <gamerku> a
[28Feb2025 08:42:56.626] [Server thread/INFO] [net.minecraft.server.network.ServerGamePacketListenerImpl/]: YAMAPROSIH lost connection: Timed out
[28Feb2025 08:42:56.626] [Server thread/INFO] [net.minecraft.server.MinecraftServer/]: YAMAPROSIH left the game
[28Feb2025 08:42:56.731] [Server thread/WARN] [net.minecraft.server.level.ServerLevel/]: Tried to add entity the_anomaly:anomaly_escape but it was marked as removed already
[28Feb2025 08:42:56.877] [Server thread/INFO] [net.minecraft.server.MinecraftServer/]: [Not Secure] <gamerku> tes
[28Feb2025 08:42:56.917] [Server thread/WARN] [net.minecraft.server.level.ServerLevel/]: Tried to add entity the_anomaly:anomaly_trap but it was marked as removed already
[28Feb2025 08:42:56.966] [Server thread/WARN] [net.minecraft.server.level.ServerLevel/]: Tried to add entity the_anomaly:anomaly_viewer but it was marked as removed already
[28Feb2025 08:42:57.167] [Server thread/WARN] [net.minecraft.server.level.ServerLevel/]: Tried to add entity the_anomaly:anomaly_viewer but it was marked as removed already
[28Feb2025 08:42:57.167] [Server thread/WARN] [net.minecraft.server.level.ServerLevel/]: Tried to add entity the_anomaly:anomaly_escape but it was marked as removed already
[28Feb2025 08:42:57.216] [Server thread/WARN] [net.minecraft.server.level.ServerLevel/]: Tried to add entity the_anomaly:anomaly_trap but it was marked as removed already
[28Feb2025 08:42:57.267] [Server thread/WARN] [net.minecraft.server.level.ServerLevel/]: Tried to add entity the_anomaly:anomaly_escape but it was marked as removed already
[28Feb2025 08:42:57.267] [Server thread/WARN] [net.minecraft.server.level.ServerLevel/]: Tried to add entity the_anomaly:anomaly_trap but it was marked as removed already
[28Feb2025 08:42:57.317] [Server thread/WARN] [net.minecraft.server.level.ServerLevel/]: Tried to add entity the_anomaly:anomaly_trap but it was marked as removed already
[28Feb2025 08:42:57.517] [Server thread/WARN] [net.minecraft.server.level.ServerLevel/]: Tried to add entity the_anomaly:anomaly_escape but it was marked as removed already
[28Feb2025 08:42:57.717] [Server thread/WARN] [net.minecraft.server.level.ServerLevel/]: Tried to add entity the_anomaly:anomaly_escape but it was marked as removed already
[28Feb2025 08:42:57.817] [Server thread/WARN] [net.minecraft.server.level.ServerLevel/]: Tried to add entity the_anomaly:anomaly_escape but it was marked as removed already
[28Feb2025 08:42:58.033] [Server thread/INFO] [net.minecraft.server.MinecraftServer/]: [Not Secure] <gamerku> as
[28Feb2025 08:42:58.167] [Server thread/WARN] [net.minecraft.server.level.ServerLevel/]: Tried to add entity the_anomaly:anomaly_viewer but it was marked as removed already
[28Feb2025 08:42:58.216] [Server thread/WARN] [net.minecraft.server.level.ServerLevel/]: Tried to add entity the_anomaly:anomaly_trap but it was marked as removed already
[28Feb2025 08:42:58.217] [Server thread/WARN] [net.minecraft.server.level.ServerLevel/]: Tried to add entity the_anomaly:anomaly_trap but it was marked as removed already
[28Feb2025 08:42:58.318] [Server thread/WARN] [net.minecraft.server.level.ServerLevel/]: Tried to add entity the_anomaly:anomaly_escape but it was marked as removed already
[28Feb2025 08:42:58.417] [Server thread/WARN] [net.minecraft.server.level.ServerLevel/]: Tried to add entity the_anomaly:anomaly_escape but it was marked as removed already
[28Feb2025 08:42:59.416] [Server thread/WARN] [net.minecraft.server.level.ServerLevel/]: Tried to add entity the_anomaly:anomaly_trap but it was marked as removed already
[28Feb2025 08:42:59.817] [Server thread/WARN] [net.minecraft.server.level.ServerLevel/]: Tried to add entity the_anomaly:anomaly_viewer but it was marked as removed already
[28Feb2025 08:42:59.868] [Server thread/WARN] [net.minecraft.server.level.ServerLevel/]: Tried to add entity the_anomaly:anomaly_escape but it was marked as removed already
[28Feb2025 08:43:00.367] [Server thread/WARN] [net.minecraft.server.level.ServerLevel/]: Tried to add entity the_anomaly:anomaly_trap but it was marked as removed already
[28Feb2025 08:43:20.367] [Server thread/WARN] [net.minecraft.server.level.ServerLevel/]: Tried to add entity the_anomaly:anomaly_escape but it was marked as removed already
[28Feb2025 08:43:20.468] [Server thread/WARN] [net.minecraft.server.level.ServerLevel/]: Tried to add entity the_anomaly:anomaly_escape but it was marked as removed already
[28Feb2025 08:43:23.767] [Server thread/WARN] [net.minecraft.server.level.ServerLevel/]: Tried to add entity the_anomaly:anomaly_viewer but it was marked as removed already
[28Feb2025 08:43:23.967] [Server thread/WARN] [net.minecraft.server.level.ServerLevel/]: Tried to add entity the_anomaly:anomaly_escape but it was marked as removed already
[28Feb2025 08:43:24.416] [Server thread/WARN] [net.minecraft.server.level.ServerLevel/]: Tried to add entity the_anomaly:anomaly_viewer but it was marked as removed already
[28Feb2025 08:43:25.017] [Server thread/WARN] [net.minecraft.server.level.ServerLevel/]: Tried to add entity the_anomaly:anomaly_trap but it was marked as removed already
[28Feb2025 08:43:25.967] [Server thread/WARN] [net.minecraft.server.level.ServerLevel/]: Tried to add entity the_anomaly:anomaly_viewer but it was marked as removed already
[28Feb2025 08:43:28.968] [Server thread/WARN] [net.minecraft.server.level.ServerLevel/]: Tried to add entity the_anomaly:anomaly_escape but it was marked as removed already
[28Feb2025 08:43:29.117] [Server thread/WARN] [net.minecraft.server.level.ServerLevel/]: Tried to add entity the_anomaly:anomaly_trap but it was marked as removed already
[28Feb2025 08:43:29.566] [Server thread/WARN] [net.minecraft.server.level.ServerLevel/]: Tried to add entity the_anomaly:anomaly_viewer but it was marked as removed already
[28Feb2025 08:43:29.867] [Server thread/WARN] [net.minecraft.server.level.ServerLevel/]: Tried to add entity the_anomaly:anomaly_viewer but it was marked as removed already
[28Feb2025 08:43:29.916] [Server thread/WARN] [net.minecraft.server.level.ServerLevel/]: Tried to add entity the_anomaly:anomaly_trap but it was marked as removed already
[28Feb2025 08:43:30.117] [Server thread/WARN] [net.minecraft.server.level.ServerLevel/]: Tried to add entity the_anomaly:anomaly_trap but it was marked as removed already
[28Feb2025 08:43:30.166] [Server thread/WARN] [net.minecraft.server.level.ServerLevel/]: Tried to add entity the_anomaly:anomaly_trap but it was marked as removed already
[28Feb2025 08:43:30.218] [Server thread/WARN] [net.minecraft.server.level.ServerLevel/]: Tried to add entity the_anomaly:anomaly_escape but it was marked as removed already
[28Feb2025 08:43:30.266] [Server thread/WARN] [net.minecraft.server.level.ServerLevel/]: Tried to add entity the_anomaly:anomaly_visitor_2 but it was marked as removed already
[28Feb2025 08:43:30.268] [Server thread/WARN] [net.minecraft.server.level.ServerLevel/]: Tried to add entity the_anomaly:anomaly_trap but it was marked as removed already
[28Feb2025 08:43:30.417] [Server thread/WARN] [net.minecraft.server.level.ServerLevel/]: Tried to add entity the_anomaly:anomaly_escape but it was marked as removed already
[28Feb2025 08:43:34.817] [Server thread/WARN] [net.minecraft.server.level.ServerLevel/]: Tried to add entity the_anomaly:anomaly_escape but it was marked as removed already
[28Feb2025 08:43:35.867] [Server thread/WARN] [net.minecraft.server.level.ServerLevel/]: Tried to add entity the_anomaly:anomaly_trap but it was marked as removed already
[28Feb2025 08:43:36.017] [Server thread/WARN] [net.minecraft.server.level.ServerLevel/]: Tried to add entity the_anomaly:anomaly_escape but it was marked as removed already
[28Feb2025 08:43:36.166] [Server thread/WARN] [net.minecraft.server.level.ServerLevel/]: Tried to add entity the_anomaly:anomaly_viewer but it was marked as removed already
[28Feb2025 08:43:36.367] [Server thread/WARN] [net.minecraft.server.level.ServerLevel/]: Tried to add entity the_anomaly:anomaly_visitor_2 but it was marked as removed already
[28Feb2025 08:43:36.367] [Server thread/WARN] [net.minecraft.server.level.ServerLevel/]: Tried to add entity the_anomaly:anomaly_visitor_2 but it was marked as removed already
[28Feb2025 08:43:36.416] [Server thread/WARN] [net.minecraft.server.level.ServerLevel/]: Tried to add entity the_anomaly:anomaly_trap but it was marked as removed already
[28Feb2025 08:43:36.467] [Server thread/WARN] [net.minecraft.server.level.ServerLevel/]: Tried to add entity the_anomaly:anomaly_viewer but it was marked as removed already
[28Feb2025 08:43:36.567] [Server thread/WARN] [net.minecraft.server.level.ServerLevel/]: Tried to add entity the_anomaly:anomaly_trap but it was marked as removed already
[28Feb2025 08:43:36.617] [Server thread/WARN] [net.minecraft.server.level.ServerLevel/]: Tried to add entity the_anomaly:anomaly_viewer but it was marked as removed already
[28Feb2025 08:43:36.816] [Server thread/WARN] [net.minecraft.server.level.ServerLevel/]: Tried to add entity the_anomaly:anomaly_trap but it was marked as removed already
[28Feb2025 08:43:36.867] [Server thread/WARN] [net.minecraft.server.level.ServerLevel/]: Tried to add entity the_anomaly:anomaly_escape but it was marked as removed already
[28Feb2025 08:43:37.816] [Server thread/WARN] [net.minecraft.server.level.ServerLevel/]: Tried to add entity the_anomaly:anomaly_escape but it was marked as removed already
[28Feb2025 08:43:37.866] [Server thread/WARN] [net.minecraft.server.level.ServerLevel/]: Tried to add entity the_anomaly:anomaly_viewer but it was marked as removed already
[28Feb2025 08:43:38.067] [Server thread/WARN] [net.minecraft.server.level.ServerLevel/]: Tried to add entity the_anomaly:anomaly_viewer but it was marked as removed already
[28Feb2025 08:43:38.067] [Server thread/WARN] [net.minecraft.server.level.ServerLevel/]: Tried to add entity the_anomaly:anomaly_escape but it was marked as removed already
[28Feb2025 08:43:38.116] [Server thread/WARN] [net.minecraft.server.level.ServerLevel/]: Tried to add entity the_anomaly:anomaly_viewer but it was marked as removed already
[28Feb2025 08:43:38.516] [Server thread/WARN] [net.minecraft.server.level.ServerLevel/]: Tried to add entity the_anomaly:anomaly_trap but it was marked as removed already
[28Feb2025 08:43:38.967] [Server thread/WARN] [net.minecraft.server.level.ServerLevel/]: Tried to add entity the_anomaly:anomaly_escape but it was marked as removed already
[28Feb2025 08:43:39.167] [Server thread/WARN] [net.minecraft.server.level.ServerLevel/]: Tried to add entity the_anomaly:anomaly_trap but it was marked as removed already
[28Feb2025 08:43:42.716] [Server thread/WARN] [net.minecraft.server.level.ServerLevel/]: Tried to add entity the_anomaly:anomaly_trap but it was marked as removed already
[28Feb2025 08:43:42.766] [Server thread/WARN] [net.minecraft.server.level.ServerLevel/]: Tried to add entity the_anomaly:anomaly_escape but it was marked as removed already
[28Feb2025 08:43:43.116] [Server thread/WARN] [net.minecraft.server.level.ServerLevel/]: Tried to add entity the_anomaly:anomaly_trap but it was marked as removed already
[28Feb2025 08:43:43.216] [Server thread/WARN] [net.minecraft.server.level.ServerLevel/]: Tried to add entity the_anomaly:anomaly_trap but it was marked as removed already
[28Feb2025 08:43:49.067] [Server thread/WARN] [net.minecraft.server.level.ServerLevel/]: Tried to add entity the_anomaly:anomaly_trap but it was marked as removed already
[28Feb2025 08:43:50.567] [Server thread/WARN] [net.minecraft.server.level.ServerLevel/]: Tried to add entity the_anomaly:anomaly_escape but it was marked as removed already
[28Feb2025 08:43:50.667] [Server thread/WARN] [net.minecraft.server.level.ServerLevel/]: Tried to add entity the_anomaly:anomaly_escape but it was marked as removed already
[28Feb2025 08:43:50.866] [Server thread/WARN] [net.minecraft.server.level.ServerLevel/]: Tried to add entity the_anomaly:anomaly_viewer but it was marked as removed already
[28Feb2025 08:43:53.217] [Server thread/WARN] [net.minecraft.server.level.ServerLevel/]: Tried to add entity the_anomaly:anomaly_escape but it was marked as removed already
[28Feb2025 08:43:53.367] [Server thread/WARN] [net.minecraft.server.level.ServerLevel/]: Tried to add entity the_anomaly:anomaly_trap but it was marked as removed already
[28Feb2025 08:43:54.367] [Server thread/WARN] [net.minecraft.server.level.ServerLevel/]: Tried to add entity the_anomaly:anomaly_viewer but it was marked as removed already
[28Feb2025 08:43:54.417] [Server thread/WARN] [net.minecraft.server.level.ServerLevel/]: Tried to add entity the_anomaly:anomaly_viewer but it was marked as removed already
[28Feb2025 08:43:54.517] [Server thread/WARN] [net.minecraft.server.level.ServerLevel/]: Tried to add entity the_anomaly:anomaly_viewer but it was marked as removed already
[28Feb2025 08:43:58.017] [Server thread/WARN] [net.minecraft.server.level.ServerLevel/]: Tried to add entity the_anomaly:anomaly_trap but it was marked as removed already
[28Feb2025 08:43:58.166] [Server thread/WARN] [net.minecraft.server.level.ServerLevel/]: Tried to add entity the_anomaly:anomaly_escape but it was marked as removed already
[28Feb2025 08:43:58.266] [Server thread/WARN] [net.minecraft.server.level.ServerLevel/]: Tried to add entity the_anomaly:anomaly_escape but it was marked as removed already
[28Feb2025 08:43:58.417] [Server thread/WARN] [net.minecraft.server.level.ServerLevel/]: Tried to add entity the_anomaly:anomaly_escape but it was marked as removed already
[28Feb2025 08:43:58.668] [Server thread/WARN] [net.minecraft.server.level.ServerLevel/]: Tried to add entity the_anomaly:anomaly_trap but it was marked as removed already
[28Feb2025 08:44:01.266] [Server thread/WARN] [net.minecraft.server.level.ServerLevel/]: Tried to add entity the_anomaly:anomaly_escape but it was marked as removed already
[28Feb2025 08:44:01.567] [Server thread/WARN] [net.minecraft.server.level.ServerLevel/]: Tried to add entity the_anomaly:anomaly_trap but it was marked as removed already
[28Feb2025 08:44:03.617] [Server thread/WARN] [net.minecraft.server.level.ServerLevel/]: Tried to add entity the_anomaly:anomaly_escape but it was marked as removed already
[28Feb2025 08:44:03.618] [Server thread/WARN] [net.minecraft.server.level.ServerLevel/]: Tried to add entity the_anomaly:anomaly_viewer but it was marked as removed already
[28Feb2025 08:44:05.017] [Server thread/WARN] [net.minecraft.server.level.ServerLevel/]: Tried to add entity the_anomaly:anomaly_escape but it was marked as removed already
[28Feb2025 08:44:08.516] [Server thread/WARN] [net.minecraft.server.level.ServerLevel/]: Tried to add entity the_anomaly:anomaly_viewer but it was marked as removed already
[28Feb2025 08:44:09.217] [Server thread/WARN] [net.minecraft.server.level.ServerLevel/]: Tried to add entity the_anomaly:anomaly_trap but it was marked as removed already
[28Feb2025 08:44:09.368] [Server thread/WARN] [net.minecraft.server.level.ServerLevel/]: Tried to add entity the_anomaly:anomaly_escape but it was marked as removed already
[28Feb2025 08:44:09.368] [Server thread/WARN] [net.minecraft.server.level.ServerLevel/]: Tried to add entity the_anomaly:anomaly_trap but it was marked as removed already
[28Feb2025 08:44:09.618] [Server thread/WARN] [net.minecraft.server.level.ServerLevel/]: Tried to add entity the_anomaly:anomaly_trap but it was marked as removed already
[28Feb2025 08:44:09.917] [Server thread/WARN] [net.minecraft.server.level.ServerLevel/]: Tried to add entity the_anomaly:anomaly_trap but it was marked as removed already
[28Feb2025 08:44:11.567] [Server thread/WARN] [net.minecraft.server.level.ServerLevel/]: Tried to add entity the_anomaly:anomaly_viewer but it was marked as removed already
[28Feb2025 08:44:11.567] [Server thread/WARN] [net.minecraft.server.level.ServerLevel/]: Tried to add entity the_anomaly:anomaly_viewer but it was marked as removed already
[28Feb2025 08:44:11.666] [Server thread/WARN] [net.minecraft.server.level.ServerLevel/]: Tried to add entity the_anomaly:anomaly_viewer but it was marked as removed already
[28Feb2025 08:44:11.717] [Server thread/WARN] [net.minecraft.server.level.ServerLevel/]: Tried to add entity the_anomaly:anomaly_viewer but it was marked as removed already
[28Feb2025 08:44:11.767] [Server thread/WARN] [net.minecraft.server.level.ServerLevel/]: Tried to add entity the_anomaly:anomaly_escape but it was marked as removed already
[28Feb2025 08:44:11.916] [Server thread/WARN] [net.minecraft.server.level.ServerLevel/]: Tried to add entity the_anomaly:anomaly_trap but it was marked as removed already
[28Feb2025 08:44:12.916] [Server thread/WARN] [net.minecraft.server.level.ServerLevel/]: Tried to add entity the_anomaly:anomaly_escape but it was marked as removed already
[28Feb2025 08:44:13.017] [Server thread/WARN] [net.minecraft.server.level.ServerLevel/]: Tried to add entity the_anomaly:anomaly_trap but it was marked as removed already
[28Feb2025 08:44:14.117] [Server thread/WARN] [net.minecraft.server.level.ServerLevel/]: Tried to add entity the_anomaly:anomaly_escape but it was marked as removed already
[28Feb2025 08:44:14.118] [Server thread/WARN] [net.minecraft.server.level.ServerLevel/]: Tried to add entity the_anomaly:anomaly_trap but it was marked as removed already
[28Feb2025 08:44:14.167] [Server thread/WARN] [net.minecraft.server.level.ServerLevel/]: Tried to add entity the_anomaly:anomaly_escape but it was marked as removed already
[28Feb2025 08:44:18.117] [Server thread/WARN] [net.minecraft.server.level.ServerLevel/]: Tried to add entity the_anomaly:anomaly_trap but it was marked as removed already
[28Feb2025 08:44:18.167] [Server thread/WARN] [net.minecraft.server.level.ServerLevel/]: Tried to add entity the_anomaly:anomaly_escape but it was marked as removed already
[28Feb2025 08:44:23.816] [Server thread/WARN] [net.minecraft.server.level.ServerLevel/]: Tried to add entity the_anomaly:anomaly_viewer but it was marked as removed already
[28Feb2025 08:44:23.817] [Server thread/WARN] [net.minecraft.server.level.ServerLevel/]: Tried to add entity the_anomaly:anomaly_viewer but it was marked as removed already
[28Feb2025 08:44:28.767] [Server thread/WARN] [net.minecraft.server.level.ServerLevel/]: Tried to add entity the_anomaly:anomaly_viewer but it was marked as removed already
[28Feb2025 08:44:28.817] [Server thread/WARN] [net.minecraft.server.level.ServerLevel/]: Tried to add entity the_anomaly:anomaly_viewer but it was marked as removed already
[28Feb2025 08:44:35.017] [Server thread/WARN] [net.minecraft.server.level.ServerLevel/]: Tried to add entity the_anomaly:anomaly_trap but it was marked as removed already
[28Feb2025 08:44:35.018] [Server thread/WARN] [net.minecraft.server.level.ServerLevel/]: Tried to add entity the_anomaly:anomaly_trap but it was marked as removed already
[28Feb2025 08:44:35.267] [Server thread/WARN] [net.minecraft.server.level.ServerLevel/]: Tried to add entity the_anomaly:anomaly_trap but it was marked as removed already
[28Feb2025 08:44:35.668] [Server thread/WARN] [net.minecraft.server.level.ServerLevel/]: Tried to add entity the_anomaly:anomaly_viewer but it was marked as removed already
[28Feb2025 08:44:35.716] [Server thread/WARN] [net.minecraft.server.level.ServerLevel/]: Tried to add entity the_anomaly:anomaly_viewer but it was marked as removed already
[28Feb2025 08:44:36.966] [Server thread/WARN] [net.minecraft.server.level.ServerLevel/]: Tried to add entity the_anomaly:anomaly_escape but it was marked as removed already
[28Feb2025 08:44:37.166] [Server thread/WARN] [net.minecraft.server.level.ServerLevel/]: Tried to add entity the_anomaly:anomaly_escape but it was marked as removed already
[28Feb2025 08:44:39.418] [Server thread/WARN] [net.minecraft.server.level.ServerLevel/]: Tried to add entity the_anomaly:anomaly_viewer but it was marked as removed already
[28Feb2025 08:44:39.818] [Server thread/WARN] [net.minecraft.server.level.ServerLevel/]: Tried to add entity the_anomaly:anomaly_visitor but it was marked as removed already
[28Feb2025 08:44:39.818] [Server thread/WARN] [net.minecraft.server.level.ServerLevel/]: Tried to add entity the_anomaly:anomaly_trap but it was marked as removed already
[28Feb2025 08:44:39.869] [Server thread/WARN] [net.minecraft.server.level.ServerLevel/]: Tried to add entity the_anomaly:anomaly_viewer but it was marked as removed already
[28Feb2025 08:44:40.069] [Server thread/WARN] [net.minecraft.server.level.ServerLevel/]: Tried to add entity the_anomaly:anomaly_trap but it was marked as removed already
[28Feb2025 08:44:41.168] [Server thread/WARN] [net.minecraft.server.level.ServerLevel/]: Tried to add entity the_anomaly:anomaly_viewer but it was marked as removed already
[28Feb2025 08:44:41.218] [Server thread/WARN] [net.minecraft.server.level.ServerLevel/]: Tried to add entity the_anomaly:anomaly_viewer but it was marked as removed already
[28Feb2025 08:44:44.668] [Server thread/WARN] [net.minecraft.server.level.ServerLevel/]: Tried to add entity the_anomaly:anomaly_escape but it was marked as removed already
[28Feb2025 08:44:44.818] [Server thread/WARN] [net.minecraft.server.level.ServerLevel/]: Tried to add entity the_anomaly:anomaly_escape but it was marked as removed already
[28Feb2025 08:44:46.618] [Server thread/WARN] [net.minecraft.server.level.ServerLevel/]: Tried to add entity the_anomaly:anomaly_trap but it was marked as removed already
[28Feb2025 08:44:46.668] [Server thread/WARN] [net.minecraft.server.level.ServerLevel/]: Tried to add entity the_anomaly:anomaly_trap but it was marked as removed already
[28Feb2025 08:44:47.219] [Server thread/WARN] [net.minecraft.server.level.ServerLevel/]: Tried to add entity the_anomaly:anomaly_visitor_2 but it was marked as removed already
[28Feb2025 08:44:47.268] [Server thread/WARN] [net.minecraft.server.level.ServerLevel/]: Tried to add entity the_anomaly:anomaly_escape but it was marked as removed already
[28Feb2025 08:44:47.318] [Server thread/WARN] [net.minecraft.server.level.ServerLevel/]: Tried to add entity the_anomaly:anomaly_trap but it was marked as removed already
[28Feb2025 08:44:47.568] [Server thread/WARN] [net.minecraft.server.level.ServerLevel/]: Tried to add entity the_anomaly:anomaly_viewer but it was marked as removed already
[28Feb2025 08:44:48.368] [Server thread/WARN] [net.minecraft.server.level.ServerLevel/]: Tried to add entity the_anomaly:anomaly_trap but it was marked as removed already
[28Feb2025 08:44:48.417] [Server thread/WARN] [net.minecraft.server.level.ServerLevel/]: Tried to add entity the_anomaly:anomaly_viewer but it was marked as removed already
[28Feb2025 08:44:48.517] [Server thread/WARN] [net.minecraft.server.level.ServerLevel/]: Tried to add entity the_anomaly:anomaly_escape but it was marked as removed already
[28Feb2025 08:44:48.619] [Server thread/WARN] [net.minecraft.server.level.ServerLevel/]: Tried to add entity the_anomaly:anomaly_trap but it was marked as removed already
[28Feb2025 08:44:48.767] [Server thread/WARN] [net.minecraft.server.level.ServerLevel/]: Tried to add entity the_anomaly:anomaly_escape but it was marked as removed already
[28Feb2025 08:44:48.768] [Server thread/WARN] [net.minecraft.server.level.ServerLevel/]: Tried to add entity the_anomaly:anomaly_visitor but it was marked as removed already
[28Feb2025 08:44:48.867] [Server thread/WARN] [net.minecraft.server.level.ServerLevel/]: Tried to add entity the_anomaly:anomaly_trap but it was marked as removed already
[28Feb2025 08:44:49.118] [Server thread/WARN] [net.minecraft.server.level.ServerLevel/]: Tried to add entity the_anomaly:anomaly_escape but it was marked as removed already
[28Feb2025 08:44:49.119] [Server thread/WARN] [net.minecraft.server.level.ServerLevel/]: Tried to add entity the_anomaly:anomaly_trap but it was marked as removed already
[28Feb2025 08:44:49.218] [Server thread/WARN] [net.minecraft.server.level.ServerLevel/]: Tried to add entity the_anomaly:anomaly_viewer but it was marked as removed already
[28Feb2025 08:44:49.318] [Server thread/WARN] [net.minecraft.server.level.ServerLevel/]: Tried to add entity the_anomaly:anomaly_escape but it was marked as removed already
[28Feb2025 08:44:49.518] [Server thread/WARN] [net.minecraft.server.level.ServerLevel/]: Tried to add entity the_anomaly:anomaly_escape but it was marked as removed already
[28Feb2025 08:44:51.567] [Server thread/WARN] [net.minecraft.server.level.ServerLevel/]: Tried to add entity the_anomaly:anomaly_viewer but it was marked as removed already
[28Feb2025 08:44:52.567] [Server thread/WARN] [net.minecraft.server.level.ServerLevel/]: Tried to add entity the_anomaly:anomaly_viewer but it was marked as removed already
[28Feb2025 08:44:52.618] [Server thread/WARN] [net.minecraft.server.level.ServerLevel/]: Tried to add entity the_anomaly:anomaly_escape but it was marked as removed already
[28Feb2025 08:44:53.068] [Server thread/WARN] [net.minecraft.server.level.ServerLevel/]: Tried to add entity the_anomaly:anomaly_viewer but it was marked as removed already
[28Feb2025 08:44:53.168] [Server thread/WARN] [net.minecraft.server.level.ServerLevel/]: Tried to add entity the_anomaly:anomaly_viewer but it was marked as removed already
[28Feb2025 08:44:53.169] [Server thread/WARN] [net.minecraft.server.level.ServerLevel/]: Tried to add entity the_anomaly:anomaly_viewer but it was marked as removed already
[28Feb2025 08:44:53.268] [Server thread/WARN] [net.minecraft.server.level.ServerLevel/]: Tried to add entity the_anomaly:anomaly_visitor but it was marked as removed already
[28Feb2025 08:44:53.317] [Server thread/WARN] [net.minecraft.server.level.ServerLevel/]: Tried to add entity the_anomaly:anomaly_viewer but it was marked as removed already
[28Feb2025 08:44:58.769] [Server thread/WARN] [net.minecraft.server.level.ServerLevel/]: Tried to add entity the_anomaly:anomaly_trap but it was marked as removed already
[28Feb2025 08:44:58.817] [Server thread/WARN] [net.minecraft.server.level.ServerLevel/]: Tried to add entity the_anomaly:anomaly_visitor_2 but it was marked as removed already
[28Feb2025 08:44:58.868] [Server thread/WARN] [net.minecraft.server.level.ServerLevel/]: Tried to add entity the_anomaly:anomaly_viewer but it was marked as removed already
[28Feb2025 08:44:58.918] [Server thread/WARN] [net.minecraft.server.level.ServerLevel/]: Tried to add entity the_anomaly:anomaly_escape but it was marked as removed already
[28Feb2025 08:45:00.619] [Server thread/WARN] [net.minecraft.server.level.ServerLevel/]: Tried to add entity the_anomaly:anomaly_visitor_2 but it was marked as removed already
[28Feb2025 08:45:00.718] [Server thread/WARN] [net.minecraft.server.level.ServerLevel/]: Tried to add entity the_anomaly:anomaly_trap but it was marked as removed already
[28Feb2025 08:45:00.918] [Server thread/WARN] [net.minecraft.server.level.ServerLevel/]: Tried to add entity the_anomaly:anomaly_escape but it was marked as removed already
[28Feb2025 08:45:01.117] [Server thread/WARN] [net.minecraft.server.level.ServerLevel/]: Tried to add entity the_anomaly:anomaly_escape but it was marked as removed already
[28Feb2025 08:45:01.318] [Server thread/WARN] [net.minecraft.server.level.ServerLevel/]: Tried to add entity the_anomaly:anomaly_viewer but it was marked as removed already
[28Feb2025 08:45:01.318] [Server thread/WARN] [net.minecraft.server.level.ServerLevel/]: Tried to add entity the_anomaly:anomaly_trap but it was marked as removed already
[28Feb2025 08:45:01.367] [Server thread/WARN] [net.minecraft.server.level.ServerLevel/]: Tried to add entity the_anomaly:anomaly_trap but it was marked as removed already
[28Feb2025 08:45:01.468] [Server thread/WARN] [net.minecraft.server.level.ServerLevel/]: Tried to add entity the_anomaly:anomaly_trap but it was marked as removed already
[28Feb2025 08:45:01.667] [Server thread/WARN] [net.minecraft.server.level.ServerLevel/]: Tried to add entity the_anomaly:anomaly_trap but it was marked as removed already
[28Feb2025 08:45:07.267] [Server thread/WARN] [net.minecraft.server.level.ServerLevel/]: Tried to add entity the_anomaly:anomaly_trap but it was marked as removed already
[28Feb2025 08:45:07.366] [Server thread/WARN] [net.minecraft.server.level.ServerLevel/]: Tried to add entity the_anomaly:anomaly_trap but it was marked as removed already
[28Feb2025 08:45:07.517] [Server thread/WARN] [net.minecraft.server.level.ServerLevel/]: Tried to add entity the_anomaly:anomaly_trap but it was marked as removed already
[28Feb2025 08:45:07.567] [Server thread/WARN] [net.minecraft.server.level.ServerLevel/]: Tried to add entity the_anomaly:anomaly_viewer but it was marked as removed already
[28Feb2025 08:45:07.618] [Server thread/WARN] [net.minecraft.server.level.ServerLevel/]: Tried to add entity the_anomaly:anomaly_escape but it was marked as removed already
[28Feb2025 08:45:07.767] [Server thread/WARN] [net.minecraft.server.level.ServerLevel/]: Tried to add entity the_anomaly:anomaly_trap but it was marked as removed already
[28Feb2025 08:45:08.016] [Server thread/WARN] [net.minecraft.server.level.ServerLevel/]: Tried to add entity the_anomaly:anomaly_trap but it was marked as removed already
[28Feb2025 08:45:14.016] [Server thread/WARN] [net.minecraft.server.level.ServerLevel/]: Tried to add entity the_anomaly:anomaly_escape but it was marked as removed already
[28Feb2025 08:45:14.016] [Server thread/WARN] [net.minecraft.server.level.ServerLevel/]: Tried to add entity the_anomaly:anomaly_trap but it was marked as removed already
[28Feb2025 08:45:14.066] [Server thread/WARN] [net.minecraft.server.level.ServerLevel/]: Tried to add entity the_anomaly:anomaly_viewer but it was marked as removed already
[28Feb2025 08:45:14.166] [Server thread/WARN] [net.minecraft.server.level.ServerLevel/]: Tried to add entity the_anomaly:anomaly_viewer but it was marked as removed already
[28Feb2025 08:45:14.217] [Server thread/WARN] [net.minecraft.server.level.ServerLevel/]: Tried to add entity the_anomaly:anomaly_viewer but it was marked as removed already
[28Feb2025 08:45:14.217] [Server thread/WARN] [net.minecraft.server.level.ServerLevel/]: Tried to add entity the_anomaly:anomaly_escape but it was marked as removed already
[28Feb2025 08:45:14.316] [Server thread/WARN] [net.minecraft.server.level.ServerLevel/]: Tried to add entity the_anomaly:anomaly_viewer but it was marked as removed already
[28Feb2025 08:45:14.467] [Server thread/WARN] [net.minecraft.server.level.ServerLevel/]: Tried to add entity the_anomaly:anomaly_trap but it was marked as removed already
[28Feb2025 08:45:14.516] [Server thread/WARN] [net.minecraft.server.level.ServerLevel/]: Tried to add entity the_anomaly:anomaly_viewer but it was marked as removed already
[28Feb2025 08:45:14.567] [Server thread/WARN] [net.minecraft.server.level.ServerLevel/]: Tried to add entity the_anomaly:anomaly_viewer but it was marked as removed already
[28Feb2025 08:45:14.618] [Server thread/WARN] [net.minecraft.server.level.ServerLevel/]: Tried to add entity the_anomaly:anomaly_trap but it was marked as removed already
[28Feb2025 08:45:14.668] [Server thread/WARN] [net.minecraft.server.level.ServerLevel/]: Tried to add entity the_anomaly:anomaly_trap but it was marked as removed already
[28Feb2025 08:45:16.067] [Server thread/WARN] [net.minecraft.server.level.ServerLevel/]: Tried to add entity the_anomaly:anomaly_viewer but it was marked as removed already
[28Feb2025 08:45:16.117] [Server thread/WARN] [net.minecraft.server.level.ServerLevel/]: Tried to add entity the_anomaly:anomaly_trap but it was marked as removed already
[28Feb2025 08:45:16.167] [Server thread/WARN] [net.minecraft.server.level.ServerLevel/]: Tried to add entity the_anomaly:anomaly_viewer but it was marked as removed already
[28Feb2025 08:45:16.467] [Server thread/WARN] [net.minecraft.server.level.ServerLevel/]: Tried to add entity the_anomaly:anomaly_trap but it was marked as removed already
[28Feb2025 08:45:16.617] [Server thread/WARN] [net.minecraft.server.level.ServerLevel/]: Tried to add entity the_anomaly:anomaly_escape but it was marked as removed already
[28Feb2025 08:45:16.717] [Server thread/WARN] [net.minecraft.server.level.ServerLevel/]: Tried to add entity the_anomaly:anomaly_trap but it was marked as removed already
[28Feb2025 08:45:17.016] [Server thread/WARN] [net.minecraft.server.level.ServerLevel/]: Tried to add entity the_anomaly:anomaly_viewer but it was marked as removed already
[28Feb2025 08:45:17.217] [Server thread/WARN] [net.minecraft.server.level.ServerLevel/]: Tried to add entity the_anomaly:anomaly_escape but it was marked as removed already
[28Feb2025 08:45:17.417] [Server thread/WARN] [net.minecraft.server.level.ServerLevel/]: Tried to add entity the_anomaly:anomaly_trap but it was marked as removed already
[28Feb2025 08:45:17.517] [Server thread/WARN] [net.minecraft.server.level.ServerLevel/]: Tried to add entity the_anomaly:anomaly_escape but it was marked as removed already
[28Feb2025 08:45:17.617] [Server thread/WARN] [net.minecraft.server.level.ServerLevel/]: Tried to add entity the_anomaly:anomaly_escape but it was marked as removed already
[28Feb2025 08:45:17.867] [Server thread/WARN] [net.minecraft.server.level.ServerLevel/]: Tried to add entity the_anomaly:anomaly_escape but it was marked as removed already
[28Feb2025 08:45:17.966] [Server thread/WARN] [net.minecraft.server.level.ServerLevel/]: Tried to add entity the_anomaly:anomaly_viewer but it was marked as removed already
[28Feb2025 08:45:18.067] [Server thread/WARN] [net.minecraft.server.level.ServerLevel/]: Tried to add entity the_anomaly:anomaly_trap but it was marked as removed already
[28Feb2025 08:45:18.167] [Server thread/WARN] [net.minecraft.server.level.ServerLevel/]: Tried to add entity the_anomaly:anomaly_viewer but it was marked as removed already
[28Feb2025 08:45:18.267] [Server thread/WARN] [net.minecraft.server.level.ServerLevel/]: Tried to add entity the_anomaly:anomaly_escape but it was marked as removed already
[28Feb2025 08:45:20.267] [Server thread/WARN] [net.minecraft.server.level.ServerLevel/]: Tried to add entity the_anomaly:anomaly_viewer but it was marked as removed already
[28Feb2025 08:45:21.767] [Server thread/WARN] [net.minecraft.server.level.ServerLevel/]: Tried to add entity the_anomaly:anomaly_escape but it was marked as removed already
[28Feb2025 08:45:21.866] [Server thread/WARN] [net.minecraft.server.level.ServerLevel/]: Tried to add entity the_anomaly:anomaly_viewer but it was marked as removed already
[28Feb2025 08:45:21.917] [Server thread/WARN] [net.minecraft.server.level.ServerLevel/]: Tried to add entity the_anomaly:anomaly_escape but it was marked as removed already
[28Feb2025 08:45:21.967] [Server thread/WARN] [net.minecraft.server.level.ServerLevel/]: Tried to add entity the_anomaly:anomaly_trap but it was marked as removed already
[28Feb2025 08:45:22.017] [Server thread/WARN] [net.minecraft.server.level.ServerLevel/]: Tried to add entity the_anomaly:anomaly_escape but it was marked as removed already
[28Feb2025 08:45:22.067] [Server thread/WARN] [net.minecraft.server.level.ServerLevel/]: Tried to add entity the_anomaly:anomaly_trap but it was marked as removed already
[28Feb2025 08:45:22.417] [Server thread/WARN] [net.minecraft.server.level.ServerLevel/]: Tried to add entity the_anomaly:anomaly_escape but it was marked as removed already
[28Feb2025 08:45:22.466] [Server thread/WARN] [net.minecraft.server.level.ServerLevel/]: Tried to add entity the_anomaly:anomaly_trap but it was marked as removed already
[28Feb2025 08:45:22.666] [Server thread/WARN] [net.minecraft.server.level.ServerLevel/]: Tried to add entity the_anomaly:anomaly_trap but it was marked as removed already
[28Feb2025 08:45:22.717] [Server thread/WARN] [net.minecraft.server.level.ServerLevel/]: Tried to add entity the_anomaly:anomaly_trap but it was marked as removed already
[28Feb2025 08:45:22.867] [Server thread/WARN] [net.minecraft.server.level.ServerLevel/]: Tried to add entity the_anomaly:anomaly_trap but it was marked as removed already
[28Feb2025 08:45:23.817] [Server thread/WARN] [net.minecraft.server.level.ServerLevel/]: Tried to add entity the_anomaly:anomaly_viewer but it was marked as removed already
[28Feb2025 08:45:23.967] [Server thread/WARN] [net.minecraft.server.level.ServerLevel/]: Tried to add entity the_anomaly:anomaly_viewer but it was marked as removed already
[28Feb2025 08:45:24.068] [Server thread/WARN] [net.minecraft.server.level.ServerLevel/]: Tried to add entity the_anomaly:anomaly_trap but it was marked as removed already
[28Feb2025 08:45:24.216] [Server thread/WARN] [net.minecraft.server.level.ServerLevel/]: Tried to add entity the_anomaly:anomaly_trap but it was marked as removed already
[28Feb2025 08:45:24.566] [Server thread/WARN] [net.minecraft.server.level.ServerLevel/]: Tried to add entity the_anomaly:anomaly_viewer but it was marked as removed already
[28Feb2025 08:45:24.617] [Server thread/WARN] [net.minecraft.server.level.ServerLevel/]: Tried to add entity the_anomaly:anomaly_trap but it was marked as removed already
[28Feb2025 08:45:24.767] [Server thread/WARN] [net.minecraft.server.level.ServerLevel/]: Tried to add entity the_anomaly:anomaly_trap but it was marked as removed already
[28Feb2025 08:45:24.817] [Server thread/WARN] [net.minecraft.server.level.ServerLevel/]: Tried to add entity the_anomaly:anomaly_viewer but it was marked as removed already
[28Feb2025 08:45:27.167] [Server thread/WARN] [net.minecraft.server.level.ServerLevel/]: Tried to add entity the_anomaly:anomaly_viewer but it was marked as removed already
[28Feb2025 08:45:27.316] [Server thread/WARN] [net.minecraft.server.level.ServerLevel/]: Tried to add entity the_anomaly:anomaly_trap but it was marked as removed already
[28Feb2025 08:45:27.317] [Server thread/WARN] [net.minecraft.server.level.ServerLevel/]: Tried to add entity the_anomaly:anomaly_viewer but it was marked as removed already
[28Feb2025 08:45:27.417] [Server thread/WARN] [net.minecraft.server.level.ServerLevel/]: Tried to add entity the_anomaly:anomaly_trap but it was marked as removed already
[28Feb2025 08:45:27.517] [Server thread/WARN] [net.minecraft.server.level.ServerLevel/]: Tried to add entity the_anomaly:anomaly_escape but it was marked as removed already
[28Feb2025 08:45:27.666] [Server thread/WARN] [net.minecraft.server.level.ServerLevel/]: Tried to add entity the_anomaly:anomaly_viewer but it was marked as removed already
[28Feb2025 08:45:27.767] [Server thread/WARN] [net.minecraft.server.level.ServerLevel/]: Tried to add entity the_anomaly:anomaly_viewer but it was marked as removed already
[28Feb2025 08:45:27.816] [Server thread/WARN] [net.minecraft.server.level.ServerLevel/]: Tried to add entity the_anomaly:anomaly_trap but it was marked as removed already
[28Feb2025 08:45:27.867] [Server thread/WARN] [net.minecraft.server.level.ServerLevel/]: Tried to add entity the_anomaly:anomaly_escape but it was marked as removed already
[28Feb2025 08:45:27.917] [Server thread/WARN] [net.minecraft.server.level.ServerLevel/]: Tried to add entity the_anomaly:anomaly_trap but it was marked as removed already
[28Feb2025 08:45:28.167] [Server thread/WARN] [net.minecraft.server.level.ServerLevel/]: Tried to add entity the_anomaly:anomaly_escape but it was marked as removed already
[28Feb2025 08:45:28.217] [Server thread/WARN] [net.minecraft.server.level.ServerLevel/]: Tried to add entity the_anomaly:anomaly_viewer but it was marked as removed already
[28Feb2025 08:45:28.266] [Server thread/WARN] [net.minecraft.server.level.ServerLevel/]: Tried to add entity the_anomaly:anomaly_escape but it was marked as removed already
[28Feb2025 08:45:30.016] [Server thread/WARN] [net.minecraft.server.level.ServerLevel/]: Tried to add entity the_anomaly:anomaly_escape but it was marked as removed already
[28Feb2025 08:45:31.817] [Server thread/WARN] [net.minecraft.server.level.ServerLevel/]: Tried to add entity the_anomaly:anomaly_escape but it was marked as removed already
[28Feb2025 08:45:31.867] [Server thread/WARN] [net.minecraft.server.level.ServerLevel/]: Tried to add entity the_anomaly:anomaly_viewer but it was marked as removed already
[28Feb2025 08:45:32.966] [Server thread/WARN] [net.minecraft.server.level.ServerLevel/]: Tried to add entity the_anomaly:anomaly_trap but it was marked as removed already
[28Feb2025 08:45:42.067] [Server thread/WARN] [net.minecraft.server.level.ServerLevel/]: Tried to add entity the_anomaly:anomaly_viewer but it was marked as removed already
[28Feb2025 08:45:42.116] [Server thread/WARN] [net.minecraft.server.level.ServerLevel/]: Tried to add entity the_anomaly:anomaly_viewer but it was marked as removed already
[28Feb2025 08:45:42.167] [Server thread/WARN] [net.minecraft.server.level.ServerLevel/]: Tried to add entity the_anomaly:anomaly_viewer but it was marked as removed already
[28Feb2025 08:45:42.267] [Server thread/WARN] [net.minecraft.server.level.ServerLevel/]: Tried to add entity the_anomaly:anomaly_visitor_2 but it was marked as removed already
[28Feb2025 08:45:42.316] [Server thread/WARN] [net.minecraft.server.level.ServerLevel/]: Tried to add entity the_anomaly:anomaly_viewer but it was marked as removed already
[28Feb2025 08:45:42.366] [Server thread/WARN] [net.minecraft.server.level.ServerLevel/]: Tried to add entity the_anomaly:anomaly_escape but it was marked as removed already
[28Feb2025 08:45:42.417] [Server thread/WARN] [net.minecraft.server.level.ServerLevel/]: Tried to add entity the_anomaly:anomaly_trap but it was marked as removed already
[28Feb2025 08:45:42.467] [Server thread/WARN] [net.minecraft.server.level.ServerLevel/]: Tried to add entity the_anomaly:anomaly_viewer but it was marked as removed already
[28Feb2025 08:45:42.517] [Server thread/WARN] [net.minecraft.server.level.ServerLevel/]: Tried to add entity the_anomaly:anomaly_trap but it was marked as removed already
[28Feb2025 08:45:43.666] [Server thread/WARN] [net.minecraft.server.level.ServerLevel/]: Tried to add entity the_anomaly:anomaly_viewer but it was marked as removed already
[28Feb2025 08:45:43.716] [Server thread/WARN] [net.minecraft.server.level.ServerLevel/]: Tried to add entity the_anomaly:anomaly_viewer but it was marked as removed already
[28Feb2025 08:45:49.666] [Server thread/WARN] [net.minecraft.server.level.ServerLevel/]: Tried to add entity the_anomaly:anomaly_escape but it was marked as removed already
[28Feb2025 08:45:49.716] [Server thread/WARN] [net.minecraft.server.level.ServerLevel/]: Tried to add entity the_anomaly:anomaly_escape but it was marked as removed already
[28Feb2025 08:45:49.818] [Server thread/WARN] [net.minecraft.server.level.ServerLevel/]: Tried to add entity the_anomaly:anomaly_escape but it was marked as removed already
[28Feb2025 08:45:52.316] [Server thread/WARN] [net.minecraft.server.level.ServerLevel/]: Tried to add entity the_anomaly:anomaly_viewer but it was marked as removed already
[28Feb2025 08:45:52.317] [Server thread/WARN] [net.minecraft.server.level.ServerLevel/]: Tried to add entity the_anomaly:anomaly_viewer but it was marked as removed already
[28Feb2025 08:45:52.467] [Server thread/WARN] [net.minecraft.server.level.ServerLevel/]: Tried to add entity the_anomaly:anomaly_trap but it was marked as removed already
[28Feb2025 08:45:52.567] [Server thread/WARN] [net.minecraft.server.level.ServerLevel/]: Tried to add entity the_anomaly:anomaly_escape but it was marked as removed already
[28Feb2025 08:45:52.716] [Server thread/WARN] [net.minecraft.server.level.ServerLevel/]: Tried to add entity the_anomaly:anomaly_viewer but it was marked as removed already
[28Feb2025 08:45:52.717] [Server thread/WARN] [net.minecraft.server.level.ServerLevel/]: Tried to add entity the_anomaly:anomaly_trap but it was marked as removed already
[28Feb2025 08:45:52.766] [Server thread/WARN] [net.minecraft.server.level.ServerLevel/]: Tried to add entity the_anomaly:anomaly_viewer but it was marked as removed already
[28Feb2025 08:45:54.217] [Server thread/WARN] [net.minecraft.server.level.ServerLevel/]: Tried to add entity the_anomaly:anomaly_viewer but it was marked as removed already
[28Feb2025 08:45:54.416] [Server thread/WARN] [net.minecraft.server.level.ServerLevel/]: Tried to add entity the_anomaly:anomaly_escape but it was marked as removed already
[28Feb2025 08:45:54.467] [Server thread/WARN] [net.minecraft.server.level.ServerLevel/]: Tried to add entity the_anomaly:anomaly_escape but it was marked as removed already
[28Feb2025 08:45:54.516] [Server thread/WARN] [net.minecraft.server.level.ServerLevel/]: Tried to add entity the_anomaly:anomaly_viewer but it was marked as removed already
[28Feb2025 08:45:54.567] [Server thread/WARN] [net.minecraft.server.level.ServerLevel/]: Tried to add entity the_anomaly:anomaly_trap but it was marked as removed already
[28Feb2025 08:45:54.667] [Server thread/WARN] [net.minecraft.server.level.ServerLevel/]: Tried to add entity the_anomaly:anomaly_trap but it was marked as removed already
[28Feb2025 08:45:54.717] [Server thread/WARN] [net.minecraft.server.level.ServerLevel/]: Tried to add entity the_anomaly:anomaly_viewer but it was marked as removed already
[28Feb2025 08:45:54.766] [Server thread/WARN] [net.minecraft.server.level.ServerLevel/]: Tried to add entity the_anomaly:anomaly_trap but it was marked as removed already
[28Feb2025 08:45:54.916] [Server thread/WARN] [net.minecraft.server.level.ServerLevel/]: Tried to add entity the_anomaly:anomaly_escape but it was marked as removed already
[28Feb2025 08:46:00.117] [Server thread/WARN] [net.minecraft.server.level.ServerLevel/]: Tried to add entity the_anomaly:anomaly_escape but it was marked as removed already
[28Feb2025 08:46:00.216] [Server thread/WARN] [net.minecraft.server.level.ServerLevel/]: Tried to add entity the_anomaly:anomaly_visitor but it was marked as removed already
[28Feb2025 08:46:00.217] [Server thread/WARN] [net.minecraft.server.level.ServerLevel/]: Tried to add entity the_anomaly:anomaly_trap but it was marked as removed already
[28Feb2025 08:46:00.267] [Server thread/WARN] [net.minecraft.server.level.ServerLevel/]: Tried to add entity the_anomaly:anomaly_escape but it was marked as removed already
[28Feb2025 08:46:00.367] [Server thread/WARN] [net.minecraft.server.level.ServerLevel/]: Tried to add entity the_anomaly:anomaly_trap but it was marked as removed already
[28Feb2025 08:46:00.516] [Server thread/WARN] [net.minecraft.server.level.ServerLevel/]: Tried to add entity the_anomaly:anomaly_escape but it was marked as removed already
[28Feb2025 08:46:00.516] [Server thread/WARN] [net.minecraft.server.level.ServerLevel/]: Tried to add entity the_anomaly:anomaly_trap but it was marked as removed already
[28Feb2025 08:46:00.567] [Server thread/WARN] [net.minecraft.server.level.ServerLevel/]: Tried to add entity the_anomaly:anomaly_trap but it was marked as removed already
[28Feb2025 08:46:00.867] [Server thread/WARN] [net.minecraft.server.level.ServerLevel/]: Tried to add entity the_anomaly:anomaly_trap but it was marked as removed already
[28Feb2025 08:46:01.167] [Server thread/WARN] [net.minecraft.server.level.ServerLevel/]: Tried to add entity the_anomaly:anomaly_viewer but it was marked as removed already
[28Feb2025 08:46:01.167] [Server thread/WARN] [net.minecraft.server.level.ServerLevel/]: Tried to add entity the_anomaly:anomaly_trap but it was marked as removed already
[28Feb2025 08:46:02.267] [Server thread/WARN] [net.minecraft.server.level.ServerLevel/]: Tried to add entity the_anomaly:anomaly_escape but it was marked as removed already
[28Feb2025 08:46:02.416] [Server thread/WARN] [net.minecraft.server.level.ServerLevel/]: Tried to add entity the_anomaly:anomaly_escape but it was marked as removed already
[28Feb2025 08:46:04.967] [Server thread/WARN] [net.minecraft.server.level.ServerLevel/]: Tried to add entity the_anomaly:anomaly_escape but it was marked as removed already
[28Feb2025 08:46:05.066] [Server thread/WARN] [net.minecraft.server.level.ServerLevel/]: Tried to add entity the_anomaly:anomaly_viewer but it was marked as removed already
[28Feb2025 08:46:07.777] [Server thread/INFO] [net.minecraftforge.common.AdvancementLoadFix/]: Using new advancement loading for net.minecraft.server.PlayerAdvancements@369c636e
[28Feb2025 08:46:07.786] [Server thread/INFO] [net.minecraft.server.players.PlayerList/]: YAMAPROSIH[/127.159.13.28:46681] logged in with entity id 6652 at (56.99797873469816, 76.02376149677067, -16.920032452765305)
[28Feb2025 08:46:07.795] [Server thread/INFO] [net.minecraft.server.MinecraftServer/]: YAMAPROSIH joined the game
[28Feb2025 08:46:07.874] [Server thread/WARN] [net.minecraft.server.level.ServerLevel/]: Tried to add entity the_anomaly:anomaly_escape but it was marked as removed already
[28Feb2025 08:46:07.920] [Server thread/WARN] [net.minecraft.server.level.ServerLevel/]: Tried to add entity the_anomaly:anomaly_escape but it was marked as removed already
[28Feb2025 08:46:07.921] [Server thread/WARN] [net.minecraft.server.level.ServerLevel/]: Tried to add entity the_anomaly:anomaly_viewer but it was marked as removed already
[28Feb2025 08:46:08.070] [Server thread/WARN] [net.minecraft.server.level.ServerLevel/]: Tried to add entity the_anomaly:anomaly_viewer but it was marked as removed already
[28Feb2025 08:46:08.071] [Server thread/WARN] [net.minecraft.server.level.ServerLevel/]: Tried to add entity the_anomaly:anomaly_escape but it was marked as removed already
[28Feb2025 08:46:08.368] [Server thread/WARN] [net.minecraft.server.level.ServerLevel/]: Tried to add entity the_anomaly:anomaly_viewer but it was marked as removed already
[28Feb2025 08:46:08.370] [Server thread/WARN] [net.minecraft.server.level.ServerLevel/]: Tried to add entity the_anomaly:anomaly_escape but it was marked as removed already
[28Feb2025 08:46:08.468] [Server thread/WARN] [net.minecraft.server.level.ServerLevel/]: Tried to add entity the_anomaly:anomaly_trap but it was marked as removed already
[28Feb2025 08:46:08.470] [Server thread/WARN] [net.minecraft.server.level.ServerLevel/]: Tried to add entity the_anomaly:anomaly_escape but it was marked as removed already
[28Feb2025 08:46:08.518] [Server thread/WARN] [net.minecraft.server.level.ServerLevel/]: Tried to add entity the_anomaly:anomaly_trap but it was marked as removed already
[28Feb2025 08:46:08.620] [Server thread/WARN] [net.minecraft.server.level.ServerLevel/]: Tried to add entity the_anomaly:anomaly_escape but it was marked as removed already
[28Feb2025 08:46:08.620] [Server thread/WARN] [net.minecraft.server.level.ServerLevel/]: Tried to add entity the_anomaly:anomaly_escape but it was marked as removed already
[28Feb2025 08:46:08.622] [Server thread/WARN] [net.minecraft.server.level.ServerLevel/]: Tried to add entity the_anomaly:anomaly_visitor but it was marked as removed already
[28Feb2025 08:46:08.717] [Server thread/WARN] [net.minecraft.server.level.ServerLevel/]: Tried to add entity the_anomaly:anomaly_trap but it was marked as removed already
[28Feb2025 08:46:08.718] [Server thread/WARN] [net.minecraft.server.level.ServerLevel/]: Tried to add entity the_anomaly:anomaly_trap but it was marked as removed already
[28Feb2025 08:46:08.818] [Server thread/WARN] [net.minecraft.server.level.ServerLevel/]: Tried to add entity the_anomaly:anomaly_trap but it was marked as removed already
[28Feb2025 08:46:08.819] [Server thread/WARN] [net.minecraft.server.level.ServerLevel/]: Tried to add entity the_anomaly:anomaly_viewer but it was marked as removed already
[28Feb2025 08:46:08.968] [Server thread/WARN] [net.minecraft.server.level.ServerLevel/]: Tried to add entity the_anomaly:anomaly_trap but it was marked as removed already
[28Feb2025 08:46:09.067] [Server thread/WARN] [net.minecraft.server.level.ServerLevel/]: Tried to add entity the_anomaly:anomaly_escape but it was marked as removed already
[28Feb2025 08:46:09.218] [Server thread/WARN] [net.minecraft.server.level.ServerLevel/]: Tried to add entity the_anomaly:anomaly_trap but it was marked as removed already
[28Feb2025 08:46:09.318] [Server thread/WARN] [net.minecraft.server.level.ServerLevel/]: Tried to add entity the_anomaly:anomaly_viewer but it was marked as removed already
[28Feb2025 08:46:09.319] [Server thread/WARN] [net.minecraft.server.level.ServerLevel/]: Tried to add entity the_anomaly:anomaly_escape but it was marked as removed already
[28Feb2025 08:46:09.368] [Server thread/WARN] [net.minecraft.server.level.ServerLevel/]: Tried to add entity the_anomaly:anomaly_escape but it was marked as removed already
[28Feb2025 08:46:09.468] [Server thread/WARN] [net.minecraft.server.level.ServerLevel/]: Tried to add entity the_anomaly:anomaly_escape but it was marked as removed already
[28Feb2025 08:46:09.468] [Server thread/WARN] [net.minecraft.server.level.ServerLevel/]: Tried to add entity the_anomaly:anomaly_viewer but it was marked as removed already
[28Feb2025 08:46:09.518] [Server thread/WARN] [net.minecraft.server.level.ServerLevel/]: Tried to add entity the_anomaly:anomaly_viewer but it was marked as removed already
[28Feb2025 08:46:09.568] [Server thread/WARN] [net.minecraft.server.level.ServerLevel/]: Tried to add entity the_anomaly:anomaly_viewer but it was marked as removed already
[28Feb2025 08:46:09.668] [Server thread/WARN] [net.minecraft.server.level.ServerLevel/]: Tried to add entity the_anomaly:anomaly_viewer but it was marked as removed already
[28Feb2025 08:46:10.168] [Server thread/WARN] [net.minecraft.server.level.ServerLevel/]: Tried to add entity the_anomaly:anomaly_trap but it was marked as removed already
[28Feb2025 08:46:10.817] [Server thread/WARN] [net.minecraft.server.level.ServerLevel/]: Tried to add entity the_anomaly:anomaly_trap but it was marked as removed already
[28Feb2025 08:46:11.317] [Server thread/WARN] [net.minecraft.server.level.ServerLevel/]: Tried to add entity the_anomaly:anomaly_escape but it was marked as removed already
[28Feb2025 08:46:11.568] [Server thread/WARN] [net.minecraft.server.level.ServerLevel/]: Tried to add entity the_anomaly:anomaly_viewer but it was marked as removed already
[28Feb2025 08:46:11.569] [Server thread/WARN] [net.minecraft.server.level.ServerLevel/]: Tried to add entity the_anomaly:anomaly_trap but it was marked as removed already
[28Feb2025 08:46:11.669] [Server thread/WARN] [net.minecraft.server.level.ServerLevel/]: Tried to add entity the_anomaly:anomaly_trap but it was marked as removed already
[28Feb2025 08:46:11.869] [Server thread/WARN] [net.minecraft.server.level.ServerLevel/]: Tried to add entity the_anomaly:anomaly_escape but it was marked as removed already
[28Feb2025 08:46:12.069] [Server thread/WARN] [net.minecraft.server.level.ServerLevel/]: Tried to add entity the_anomaly:anomaly_trap but it was marked as removed already
[28Feb2025 08:46:12.368] [Server thread/WARN] [net.minecraft.server.level.ServerLevel/]: Tried to add entity the_anomaly:anomaly_trap but it was marked as removed already
[28Feb2025 08:46:12.368] [Server thread/WARN] [net.minecraft.server.level.ServerLevel/]: Tried to add entity the_anomaly:anomaly_trap but it was marked as removed already
[28Feb2025 08:46:12.368] [Server thread/WARN] [net.minecraft.server.level.ServerLevel/]: Tried to add entity the_anomaly:anomaly_visitor_2 but it was marked as removed already
[28Feb2025 08:46:12.369] [Server thread/WARN] [net.minecraft.server.level.ServerLevel/]: Tried to add entity the_anomaly:anomaly_viewer but it was marked as removed already
[28Feb2025 08:46:12.468] [Server thread/WARN] [net.minecraft.server.level.ServerLevel/]: Tried to add entity the_anomaly:anomaly_trap but it was marked as removed already
[28Feb2025 08:46:12.868] [Server thread/WARN] [net.minecraft.server.level.ServerLevel/]: Tried to add entity the_anomaly:anomaly_viewer but it was marked as removed already
[28Feb2025 08:46:13.069] [Server thread/WARN] [net.minecraft.server.level.ServerLevel/]: Tried to add entity the_anomaly:anomaly_visitor but it was marked as removed already
[28Feb2025 08:46:13.268] [Server thread/WARN] [net.minecraft.server.level.ServerLevel/]: Tried to add entity the_anomaly:anomaly_trap but it was marked as removed already
[28Feb2025 08:46:13.517] [Server thread/WARN] [net.minecraft.server.level.ServerLevel/]: Tried to add entity the_anomaly:anomaly_viewer but it was marked as removed already
[28Feb2025 08:46:13.968] [Server thread/WARN] [net.minecraft.server.level.ServerLevel/]: Tried to add entity the_anomaly:anomaly_trap but it was marked as removed already
[28Feb2025 08:46:14.219] [Server thread/WARN] [net.minecraft.server.level.ServerLevel/]: Tried to add entity the_anomaly:anomaly_viewer but it was marked as removed already
[28Feb2025 08:46:14.317] [Server thread/WARN] [net.minecraft.server.level.ServerLevel/]: Tried to add entity the_anomaly:anomaly_trap but it was marked as removed already
[28Feb2025 08:46:14.467] [Server thread/WARN] [net.minecraft.server.level.ServerLevel/]: Tried to add entity the_anomaly:anomaly_viewer but it was marked as removed already
[28Feb2025 08:46:14.709] [Server thread/WARN] [net.minecraft.server.level.ServerLevel/]: Tried to add entity the_anomaly:anomaly_viewer but it was marked as removed already
[28Feb2025 08:46:14.818] [Server thread/WARN] [net.minecraft.server.level.ServerLevel/]: Tried to add entity the_anomaly:anomaly_trap but it was marked as removed already
[28Feb2025 08:46:14.819] [Server thread/WARN] [net.minecraft.server.level.ServerLevel/]: Tried to add entity the_anomaly:anomaly_viewer but it was marked as removed already
[28Feb2025 08:46:15.767] [Server thread/WARN] [net.minecraft.server.level.ServerLevel/]: Tried to add entity the_anomaly:anomaly_trap but it was marked as removed already
[28Feb2025 08:46:15.818] [Server thread/WARN] [net.minecraft.server.level.ServerLevel/]: Tried to add entity the_anomaly:anomaly_trap but it was marked as removed already
[28Feb2025 08:46:15.967] [Server thread/WARN] [net.minecraft.server.level.ServerLevel/]: Tried to add entity the_anomaly:anomaly_trap but it was marked as removed already
[28Feb2025 08:46:16.118] [Server thread/WARN] [net.minecraft.server.level.ServerLevel/]: Tried to add entity the_anomaly:anomaly_escape but it was marked as removed already
[28Feb2025 08:46:16.218] [Server thread/WARN] [net.minecraft.server.level.ServerLevel/]: Tried to add entity the_anomaly:anomaly_viewer but it was marked as removed already
[28Feb2025 08:46:16.318] [Server thread/WARN] [net.minecraft.server.level.ServerLevel/]: Tried to add entity the_anomaly:anomaly_trap but it was marked as removed already
[28Feb2025 08:46:16.468] [Server thread/WARN] [net.minecraft.server.level.ServerLevel/]: Tried to add entity the_anomaly:anomaly_viewer but it was marked as removed already
[28Feb2025 08:46:21.367] [Server thread/WARN] [net.minecraft.server.level.ServerLevel/]: Tried to add entity the_anomaly:anomaly_escape but it was marked as removed already
[28Feb2025 08:46:30.817] [Server thread/WARN] [net.minecraft.server.level.ServerLevel/]: Tried to add entity the_anomaly:anomaly_visitor but it was marked as removed already
[28Feb2025 08:46:30.818] [Server thread/WARN] [net.minecraft.server.level.ServerLevel/]: Tried to add entity the_anomaly:anomaly_viewer but it was marked as removed already
[28Feb2025 08:46:32.818] [Server thread/WARN] [net.minecraft.server.level.ServerLevel/]: Tried to add entity the_anomaly:anomaly_viewer but it was marked as removed already
[28Feb2025 08:46:32.868] [Server thread/WARN] [net.minecraft.server.level.ServerLevel/]: Tried to add entity the_anomaly:anomaly_visitor but it was marked as removed already
[28Feb2025 08:46:43.368] [Server thread/WARN] [net.minecraft.server.level.ServerLevel/]: Tried to add entity the_anomaly:anomaly_viewer but it was marked as removed already
[28Feb2025 08:46:47.117] [Server thread/WARN] [net.minecraft.server.level.ServerLevel/]: Tried to add entity the_anomaly:anomaly_escape but it was marked as removed already
[28Feb2025 08:46:48.717] [Server thread/WARN] [net.minecraft.server.level.ServerLevel/]: Tried to add entity the_anomaly:anomaly_visitor_2 but it was marked as removed already
[28Feb2025 08:46:50.268] [Server thread/WARN] [net.minecraft.server.level.ServerLevel/]: Tried to add entity the_anomaly:anomaly_escape but it was marked as removed already
[28Feb2025 08:46:50.368] [Server thread/WARN] [net.minecraft.server.level.ServerLevel/]: Tried to add entity the_anomaly:anomaly_viewer but it was marked as removed already
[28Feb2025 08:46:50.467] [Server thread/WARN] [net.minecraft.server.level.ServerLevel/]: Tried to add entity the_anomaly:anomaly_viewer but it was marked as removed already
[28Feb2025 08:46:50.468] [Server thread/WARN] [net.minecraft.server.level.ServerLevel/]: Tried to add entity the_anomaly:anomaly_viewer but it was marked as removed already
[28Feb2025 08:46:50.868] [Server thread/WARN] [net.minecraft.server.level.ServerLevel/]: Tried to add entity the_anomaly:anomaly_escape but it was marked as removed already
[28Feb2025 08:46:50.868] [Server thread/WARN] [net.minecraft.server.level.ServerLevel/]: Tried to add entity the_anomaly:anomaly_visitor_2 but it was marked as removed already
[28Feb2025 08:46:50.918] [Server thread/WARN] [net.minecraft.server.level.ServerLevel/]: Tried to add entity the_anomaly:anomaly_trap but it was marked as removed already
[28Feb2025 08:46:54.118] [Server thread/WARN] [net.minecraft.server.level.ServerLevel/]: Tried to add entity the_anomaly:anomaly_trap but it was marked as removed already
[28Feb2025 08:46:54.118] [Server thread/WARN] [net.minecraft.server.level.ServerLevel/]: Tried to add entity the_anomaly:anomaly_viewer but it was marked as removed already
[28Feb2025 08:46:58.168] [Server thread/WARN] [net.minecraft.server.level.ServerLevel/]: Tried to add entity the_anomaly:anomaly_trap but it was marked as removed already
[28Feb2025 08:46:59.069] [Server thread/WARN] [net.minecraft.server.level.ServerLevel/]: Tried to add entity the_anomaly:anomaly_trap but it was marked as removed already
[28Feb2025 08:46:59.218] [Server thread/WARN] [net.minecraft.server.level.ServerLevel/]: Tried to add entity the_anomaly:anomaly_viewer but it was marked as removed already
[28Feb2025 08:46:59.417] [Server thread/WARN] [net.minecraft.server.level.ServerLevel/]: Tried to add entity the_anomaly:anomaly_trap but it was marked as removed already
[28Feb2025 08:46:59.418] [Server thread/WARN] [net.minecraft.server.level.ServerLevel/]: Tried to add entity the_anomaly:anomaly_trap but it was marked as removed already
[28Feb2025 08:46:59.517] [Server thread/WARN] [net.minecraft.server.level.ServerLevel/]: Tried to add entity the_anomaly:anomaly_trap but it was marked as removed already
[28Feb2025 08:46:59.568] [Server thread/WARN] [net.minecraft.server.level.ServerLevel/]: Tried to add entity the_anomaly:anomaly_viewer but it was marked as removed already
[28Feb2025 08:46:59.918] [Server thread/WARN] [net.minecraft.server.level.ServerLevel/]: Tried to add entity the_anomaly:anomaly_escape but it was marked as removed already
[28Feb2025 08:47:00.118] [Server thread/WARN] [net.minecraft.server.level.ServerLevel/]: Tried to add entity the_anomaly:anomaly_escape but it was marked as removed already
[28Feb2025 08:47:00.367] [Server thread/WARN] [net.minecraft.server.level.ServerLevel/]: Tried to add entity the_anomaly:anomaly_escape but it was marked as removed already
[28Feb2025 08:47:00.418] [Server thread/WARN] [net.minecraft.server.level.ServerLevel/]: Tried to add entity the_anomaly:anomaly_visitor but it was marked as removed already
[28Feb2025 08:47:00.418] [Server thread/WARN] [net.minecraft.server.level.ServerLevel/]: Tried to add entity the_anomaly:anomaly_visitor_2 but it was marked as removed already
[28Feb2025 08:47:00.568] [Server thread/WARN] [net.minecraft.server.level.ServerLevel/]: Tried to add entity the_anomaly:anomaly_trap but it was marked as removed already
[28Feb2025 08:47:01.168] [Server thread/WARN] [net.minecraft.server.level.ServerLevel/]: Tried to add entity the_anomaly:anomaly_escape but it was marked as removed already
[28Feb2025 08:47:06.567] [Server thread/WARN] [net.minecraft.server.level.ServerLevel/]: Tried to add entity the_anomaly:anomaly_escape but it was marked as removed already
[28Feb2025 08:47:06.668] [Server thread/WARN] [net.minecraft.server.level.ServerLevel/]: Tried to add entity the_anomaly:anomaly_escape but it was marked as removed already
[28Feb2025 08:47:07.867] [Server thread/WARN] [net.minecraft.server.level.ServerLevel/]: Tried to add entity the_anomaly:anomaly_trap but it was marked as removed already
[28Feb2025 08:47:07.933] [Server thread/INFO] [net.minecraft.server.network.ServerGamePacketListenerImpl/]: YAMAPROSIH lost connection: Timed out
[28Feb2025 08:47:07.934] [Server thread/INFO] [net.minecraft.server.MinecraftServer/]: YAMAPROSIH left the game
[28Feb2025 08:47:08.020] [Server thread/WARN] [net.minecraft.server.level.ServerLevel/]: Tried to add entity the_anomaly:anomaly_trap but it was marked as removed already
[28Feb2025 08:47:08.067] [Server thread/WARN] [net.minecraft.server.level.ServerLevel/]: Tried to add entity the_anomaly:anomaly_viewer but it was marked as removed already
[28Feb2025 08:47:09.267] [Server thread/WARN] [net.minecraft.server.level.ServerLevel/]: Tried to add entity the_anomaly:anomaly_viewer but it was marked as removed already
[28Feb2025 08:47:09.367] [Server thread/WARN] [net.minecraft.server.level.ServerLevel/]: Tried to add entity the_anomaly:anomaly_viewer but it was marked as removed already
[28Feb2025 08:47:11.916] [Server thread/WARN] [net.minecraft.server.level.ServerLevel/]: Tried to add entity the_anomaly:anomaly_escape but it was marked as removed already
[28Feb2025 08:47:16.117] [Server thread/WARN] [net.minecraft.server.level.ServerLevel/]: Tried to add entity the_anomaly:anomaly_viewer but it was marked as removed already
[28Feb2025 08:47:16.166] [Server thread/WARN] [net.minecraft.server.level.ServerLevel/]: Tried to add entity the_anomaly:anomaly_escape but it was marked as removed already
[28Feb2025 08:47:16.217] [Server thread/WARN] [net.minecraft.server.level.ServerLevel/]: Tried to add entity the_anomaly:anomaly_escape but it was marked as removed already
[28Feb2025 08:47:16.266] [Server thread/WARN] [net.minecraft.server.level.ServerLevel/]: Tried to add entity the_anomaly:anomaly_trap but it was marked as removed already
[28Feb2025 08:47:16.316] [Server thread/WARN] [net.minecraft.server.level.ServerLevel/]: Tried to add entity the_anomaly:anomaly_escape but it was marked as removed already
[28Feb2025 08:47:16.367] [Server thread/WARN] [net.minecraft.server.level.ServerLevel/]: Tried to add entity the_anomaly:anomaly_trap but it was marked as removed already
[28Feb2025 08:47:17.667] [Server thread/WARN] [net.minecraft.server.level.ServerLevel/]: Tried to add entity the_anomaly:anomaly_escape but it was marked as removed already
[28Feb2025 08:47:17.717] [Server thread/WARN] [net.minecraft.server.level.ServerLevel/]: Tried to add entity the_anomaly:anomaly_viewer but it was marked as removed already
[28Feb2025 08:47:19.417] [Server thread/WARN] [net.minecraft.server.level.ServerLevel/]: Tried to add entity the_anomaly:anomaly_escape but it was marked as removed already
[28Feb2025 08:47:19.566] [Server thread/WARN] [net.minecraft.server.level.ServerLevel/]: Tried to add entity the_anomaly:anomaly_escape but it was marked as removed already
[28Feb2025 08:47:19.617] [Server thread/WARN] [net.minecraft.server.level.ServerLevel/]: Tried to add entity the_anomaly:anomaly_escape but it was marked as removed already
[28Feb2025 08:47:19.667] [Server thread/WARN] [net.minecraft.server.level.ServerLevel/]: Tried to add entity the_anomaly:anomaly_trap but it was marked as removed already
[28Feb2025 08:47:19.716] [Server thread/WARN] [net.minecraft.server.level.ServerLevel/]: Tried to add entity the_anomaly:anomaly_viewer but it was marked as removed already
[28Feb2025 08:47:19.817] [Server thread/WARN] [net.minecraft.server.level.ServerLevel/]: Tried to add entity the_anomaly:anomaly_trap but it was marked as removed already
[28Feb2025 08:47:23.366] [Server thread/WARN] [net.minecraft.server.level.ServerLevel/]: Tried to add entity the_anomaly:anomaly_trap but it was marked as removed already
[28Feb2025 08:47:23.367] [Server thread/WARN] [net.minecraft.server.level.ServerLevel/]: Tried to add entity the_anomaly:anomaly_viewer but it was marked as removed already
[28Feb2025 08:47:23.417] [Server thread/WARN] [net.minecraft.server.level.ServerLevel/]: Tried to add entity the_anomaly:anomaly_escape but it was marked as removed already
[28Feb2025 08:47:23.467] [Server thread/WARN] [net.minecraft.server.level.ServerLevel/]: Tried to add entity the_anomaly:anomaly_escape but it was marked as removed already
[28Feb2025 08:47:23.517] [Server thread/WARN] [net.minecraft.server.level.ServerLevel/]: Tried to add entity the_anomaly:anomaly_escape but it was marked as removed already
[28Feb2025 08:47:23.617] [Server thread/WARN] [net.minecraft.server.level.ServerLevel/]: Tried to add entity the_anomaly:anomaly_viewer but it was marked as removed already
[28Feb2025 08:47:23.667] [Server thread/WARN] [net.minecraft.server.level.ServerLevel/]: Tried to add entity the_anomaly:anomaly_trap but it was marked as removed already
[28Feb2025 08:47:24.017] [Server thread/WARN] [net.minecraft.server.level.ServerLevel/]: Tried to add entity the_anomaly:anomaly_viewer but it was marked as removed already
[28Feb2025 08:47:24.018] [Server thread/WARN] [net.minecraft.server.level.ServerLevel/]: Tried to add entity the_anomaly:anomaly_viewer but it was marked as removed already
[28Feb2025 08:47:24.067] [Server thread/WARN] [net.minecraft.server.level.ServerLevel/]: Tried to add entity the_anomaly:anomaly_visitor but it was marked as removed already
[28Feb2025 08:47:24.067] [Server thread/WARN] [net.minecraft.server.level.ServerLevel/]: Tried to add entity the_anomaly:anomaly_visitor_2 but it was marked as removed already
[28Feb2025 08:47:24.217] [Server thread/WARN] [net.minecraft.server.level.ServerLevel/]: Tried to add entity the_anomaly:anomaly_viewer but it was marked as removed already
[28Feb2025 08:47:24.217] [Server thread/WARN] [net.minecraft.server.level.ServerLevel/]: Tried to add entity the_anomaly:anomaly_viewer but it was marked as removed already
[28Feb2025 08:47:24.417] [Server thread/WARN] [net.minecraft.server.level.ServerLevel/]: Tried to add entity the_anomaly:anomaly_trap but it was marked as removed already
[28Feb2025 08:47:24.917] [Server thread/WARN] [net.minecraft.server.level.ServerLevel/]: Tried to add entity the_anomaly:anomaly_escape but it was marked as removed already
[28Feb2025 08:47:24.917] [Server thread/WARN] [net.minecraft.server.level.ServerLevel/]: Tried to add entity the_anomaly:anomaly_trap but it was marked as removed already
[28Feb2025 08:47:25.667] [Server thread/WARN] [net.minecraft.server.level.ServerLevel/]: Tried to add entity the_anomaly:anomaly_trap but it was marked as removed already
[28Feb2025 08:47:25.866] [Server thread/WARN] [net.minecraft.server.level.ServerLevel/]: Tried to add entity the_anomaly:anomaly_escape but it was marked as removed already
[28Feb2025 08:47:32.817] [Server thread/WARN] [net.minecraft.server.level.ServerLevel/]: Tried to add entity the_anomaly:anomaly_escape but it was marked as removed already
[28Feb2025 08:47:32.867] [Server thread/WARN] [net.minecraft.server.level.ServerLevel/]: Tried to add entity the_anomaly:anomaly_viewer but it was marked as removed already
[28Feb2025 08:47:32.868] [Server thread/WARN] [net.minecraft.server.level.ServerLevel/]: Tried to add entity the_anomaly:anomaly_trap but it was marked as removed already
[28Feb2025 08:47:37.467] [Server thread/WARN] [net.minecraft.server.level.ServerLevel/]: Tried to add entity the_anomaly:anomaly_escape but it was marked as removed already
[28Feb2025 08:47:37.667] [Server thread/WARN] [net.minecraft.server.level.ServerLevel/]: Tried to add entity the_anomaly:anomaly_escape but it was marked as removed already
[28Feb2025 08:47:37.717] [Server thread/WARN] [net.minecraft.server.level.ServerLevel/]: Tried to add entity the_anomaly:anomaly_escape but it was marked as removed already
[28Feb2025 08:47:37.767] [Server thread/WARN] [net.minecraft.server.level.ServerLevel/]: Tried to add entity the_anomaly:anomaly_trap but it was marked as removed already
[28Feb2025 08:47:38.017] [Server thread/WARN] [net.minecraft.server.level.ServerLevel/]: Tried to add entity the_anomaly:anomaly_trap but it was marked as removed already
[28Feb2025 08:47:41.667] [Server thread/WARN] [net.minecraft.server.level.ServerLevel/]: Tried to add entity the_anomaly:anomaly_visitor but it was marked as removed already
[28Feb2025 08:47:41.767] [Server thread/WARN] [net.minecraft.server.level.ServerLevel/]: Tried to add entity the_anomaly:anomaly_escape but it was marked as removed already
[28Feb2025 08:47:41.767] [Server thread/WARN] [net.minecraft.server.level.ServerLevel/]: Tried to add entity the_anomaly:anomaly_viewer but it was marked as removed already
[28Feb2025 08:47:42.067] [Server thread/WARN] [net.minecraft.server.level.ServerLevel/]: Tried to add entity the_anomaly:anomaly_viewer but it was marked as removed already
[28Feb2025 08:47:42.167] [Server thread/WARN] [net.minecraft.server.level.ServerLevel/]: Tried to add entity the_anomaly:anomaly_viewer but it was marked as removed already
[28Feb2025 08:47:42.267] [Server thread/WARN] [net.minecraft.server.level.ServerLevel/]: Tried to add entity the_anomaly:anomaly_trap but it was marked as removed already
[28Feb2025 08:47:42.318] [Server thread/WARN] [net.minecraft.server.level.ServerLevel/]: Tried to add entity the_anomaly:anomaly_escape but it was marked as removed already
[28Feb2025 08:47:42.318] [Server thread/WARN] [net.minecraft.server.level.ServerLevel/]: Tried to add entity the_anomaly:anomaly_escape but it was marked as removed already
[28Feb2025 08:47:42.768] [Server thread/WARN] [net.minecraft.server.level.ServerLevel/]: Tried to add entity the_anomaly:anomaly_trap but it was marked as removed already
[28Feb2025 08:47:42.817] [Server thread/WARN] [net.minecraft.server.level.ServerLevel/]: Tried to add entity the_anomaly:anomaly_viewer but it was marked as removed already
[28Feb2025 08:47:42.867] [Server thread/WARN] [net.minecraft.server.level.ServerLevel/]: Tried to add entity the_anomaly:anomaly_escape but it was marked as removed already
[28Feb2025 08:47:42.917] [Server thread/WARN] [net.minecraft.server.level.ServerLevel/]: Tried to add entity the_anomaly:anomaly_viewer but it was marked as removed already
[28Feb2025 08:47:43.018] [Server thread/WARN] [net.minecraft.server.level.ServerLevel/]: Tried to add entity the_anomaly:anomaly_trap but it was marked as removed already
[28Feb2025 08:47:46.967] [Server thread/WARN] [net.minecraft.server.level.ServerLevel/]: Tried to add entity the_anomaly:anomaly_viewer but it was marked as removed already
[28Feb2025 08:47:47.370] [Server thread/INFO] [net.minecraft.server.MinecraftServer/]: gamerku was slain by Zombie
[28Feb2025 08:50:19.424] [Server thread/INFO] [net.minecraftforge.common.AdvancementLoadFix/]: Using new advancement loading for net.minecraft.server.PlayerAdvancements@3f888f65
[28Feb2025 08:50:19.430] [Server thread/INFO] [net.minecraft.server.players.PlayerList/]: YAMAPROSIH[/127.159.13.28:43959] logged in with entity id 7240 at (56.99797873469816, 76.02376149677067, -16.920032452765305)
[28Feb2025 08:50:19.438] [Server thread/INFO] [net.minecraft.server.MinecraftServer/]: YAMAPROSIH joined the game
[28Feb2025 08:50:19.866] [Server thread/WARN] [net.minecraft.server.level.ServerLevel/]: Tried to add entity the_anomaly:anomaly_trap but it was marked as removed already
[28Feb2025 08:50:20.267] [Server thread/WARN] [net.minecraft.server.level.ServerLevel/]: Tried to add entity the_anomaly:anomaly_viewer but it was marked as removed already
[28Feb2025 08:50:20.317] [Server thread/WARN] [net.minecraft.server.level.ServerLevel/]: Tried to add entity the_anomaly:anomaly_visitor but it was marked as removed already
[28Feb2025 08:50:20.319] [Server thread/WARN] [net.minecraft.server.level.ServerLevel/]: Tried to add entity the_anomaly:anomaly_visitor but it was marked as removed already
[28Feb2025 08:50:20.567] [Server thread/WARN] [net.minecraft.server.level.ServerLevel/]: Tried to add entity the_anomaly:anomaly_trap but it was marked as removed already
[28Feb2025 08:50:21.118] [Server thread/WARN] [net.minecraft.server.level.ServerLevel/]: Tried to add entity the_anomaly:anomaly_viewer but it was marked as removed already
[28Feb2025 08:50:22.017] [Server thread/WARN] [net.minecraft.server.level.ServerLevel/]: Tried to add entity the_anomaly:anomaly_viewer but it was marked as removed already
[28Feb2025 08:50:22.117] [Server thread/WARN] [net.minecraft.server.level.ServerLevel/]: Tried to add entity the_anomaly:anomaly_trap but it was marked as removed already
[28Feb2025 08:50:22.166] [Server thread/WARN] [net.minecraft.server.level.ServerLevel/]: Tried to add entity the_anomaly:anomaly_viewer but it was marked as removed already
[28Feb2025 08:50:22.317] [Server thread/WARN] [net.minecraft.server.level.ServerLevel/]: Tried to add entity the_anomaly:anomaly_trap but it was marked as removed already
[28Feb2025 08:50:22.717] [Server thread/WARN] [net.minecraft.server.level.ServerLevel/]: Tried to add entity the_anomaly:anomaly_visitor_2 but it was marked as removed already
[28Feb2025 08:50:22.717] [Server thread/WARN] [net.minecraft.server.level.ServerLevel/]: Tried to add entity the_anomaly:anomaly_trap but it was marked as removed already
[28Feb2025 08:50:22.868] [Server thread/WARN] [net.minecraft.server.level.ServerLevel/]: Tried to add entity the_anomaly:anomaly_viewer but it was marked as removed already
[28Feb2025 08:50:23.016] [Server thread/WARN] [net.minecraft.server.level.ServerLevel/]: Tried to add entity the_anomaly:anomaly_visitor_2 but it was marked as removed already
[28Feb2025 08:50:23.017] [Server thread/WARN] [net.minecraft.server.level.ServerLevel/]: Tried to add entity the_anomaly:anomaly_viewer but it was marked as removed already
[28Feb2025 08:50:23.368] [Server thread/WARN] [net.minecraft.server.level.ServerLevel/]: Tried to add entity the_anomaly:anomaly_visitor_2 but it was marked as removed already
[28Feb2025 08:50:23.418] [Server thread/WARN] [net.minecraft.server.level.ServerLevel/]: Tried to add entity the_anomaly:anomaly_visitor_2 but it was marked as removed already
[28Feb2025 08:50:23.866] [Server thread/WARN] [net.minecraft.server.level.ServerLevel/]: Tried to add entity the_anomaly:anomaly_viewer but it was marked as removed already
[28Feb2025 08:50:24.016] [Server thread/WARN] [net.minecraft.server.level.ServerLevel/]: Tried to add entity the_anomaly:anomaly_visitor_2 but it was marked as removed already
[28Feb2025 08:50:24.066] [Server thread/WARN] [net.minecraft.server.level.ServerLevel/]: Tried to add entity the_anomaly:anomaly_trap but it was marked as removed already
[28Feb2025 08:50:24.167] [Server thread/WARN] [net.minecraft.server.level.ServerLevel/]: Tried to add entity the_anomaly:anomaly_trap but it was marked as removed already
[28Feb2025 08:50:24.216] [Server thread/WARN] [net.minecraft.server.level.ServerLevel/]: Tried to add entity the_anomaly:anomaly_viewer but it was marked as removed already
[28Feb2025 08:50:24.216] [Server thread/WARN] [net.minecraft.server.level.ServerLevel/]: Tried to add entity the_anomaly:anomaly_trap but it was marked as removed already
[28Feb2025 08:50:24.267] [Server thread/WARN] [net.minecraft.server.level.ServerLevel/]: Tried to add entity the_anomaly:anomaly_visitor but it was marked as removed already
[28Feb2025 08:50:24.767] [Server thread/WARN] [net.minecraft.server.level.ServerLevel/]: Tried to add entity the_anomaly:anomaly_trap but it was marked as removed already
[28Feb2025 08:50:25.067] [Server thread/WARN] [net.minecraft.server.level.ServerLevel/]: Tried to add entity the_anomaly:anomaly_viewer but it was marked as removed already
[28Feb2025 08:50:25.267] [Server thread/WARN] [net.minecraft.server.level.ServerLevel/]: Tried to add entity the_anomaly:anomaly_trap but it was marked as removed already
[28Feb2025 08:50:25.367] [Server thread/WARN] [net.minecraft.server.level.ServerLevel/]: Tried to add entity the_anomaly:anomaly_trap but it was marked as removed already
[28Feb2025 08:50:26.267] [Server thread/WARN] [net.minecraft.server.level.ServerLevel/]: Tried to add entity the_anomaly:anomaly_viewer but it was marked as removed already
[28Feb2025 08:50:26.317] [Server thread/WARN] [net.minecraft.server.level.ServerLevel/]: Tried to add entity the_anomaly:anomaly_viewer but it was marked as removed already
[28Feb2025 08:50:26.967] [Server thread/WARN] [net.minecraft.server.level.ServerLevel/]: Tried to add entity the_anomaly:anomaly_viewer but it was marked as removed already
[28Feb2025 08:50:27.917] [Server thread/WARN] [net.minecraft.server.level.ServerLevel/]: Tried to add entity the_anomaly:anomaly_viewer but it was marked as removed already
[28Feb2025 08:50:27.968] [Server thread/WARN] [net.minecraft.server.level.ServerLevel/]: Tried to add entity the_anomaly:anomaly_visitor but it was marked as removed already
[28Feb2025 08:50:28.717] [Server thread/WARN] [net.minecraft.server.level.ServerLevel/]: Tried to add entity the_anomaly:anomaly_trap but it was marked as removed already
[28Feb2025 08:50:29.267] [Server thread/WARN] [net.minecraft.server.level.ServerLevel/]: Tried to add entity the_anomaly:anomaly_trap but it was marked as removed already
[28Feb2025 08:50:29.467] [Server thread/WARN] [net.minecraft.server.level.ServerLevel/]: Tried to add entity the_anomaly:anomaly_visitor but it was marked as removed already
[28Feb2025 08:50:29.767] [Server thread/WARN] [net.minecraft.server.level.ServerLevel/]: Tried to add entity the_anomaly:anomaly_viewer but it was marked as removed already
[28Feb2025 08:50:29.817] [Server thread/WARN] [net.minecraft.server.level.ServerLevel/]: Tried to add entity the_anomaly:anomaly_visitor_2 but it was marked as removed already
[28Feb2025 08:50:29.868] [Server thread/WARN] [net.minecraft.server.level.ServerLevel/]: Tried to add entity the_anomaly:anomaly_viewer but it was marked as removed already
[28Feb2025 08:50:30.267] [Server thread/WARN] [net.minecraft.server.level.ServerLevel/]: Tried to add entity the_anomaly:anomaly_viewer but it was marked as removed already
[28Feb2025 08:50:41.566] [Server thread/WARN] [net.minecraft.server.level.ServerLevel/]: Tried to add entity the_anomaly:anomaly_viewer but it was marked as removed already
[28Feb2025 08:50:52.467] [Server thread/WARN] [net.minecraft.server.level.ServerLevel/]: Tried to add entity the_anomaly:anomaly_viewer but it was marked as removed already
[28Feb2025 08:50:52.767] [Server thread/WARN] [net.minecraft.server.level.ServerLevel/]: Tried to add entity the_anomaly:anomaly_visitor but it was marked as removed already
[28Feb2025 08:50:52.916] [Server thread/WARN] [net.minecraft.server.level.ServerLevel/]: Tried to add entity the_anomaly:anomaly_viewer but it was marked as removed already
[28Feb2025 08:50:58.817] [Server thread/WARN] [net.minecraft.server.level.ServerLevel/]: Tried to add entity the_anomaly:anomaly_visitor but it was marked as removed already
[28Feb2025 08:50:59.217] [Server thread/WARN] [net.minecraft.server.level.ServerLevel/]: Tried to add entity the_anomaly:anomaly_viewer but it was marked as removed already
[28Feb2025 08:50:59.217] [Server thread/WARN] [net.minecraft.server.level.ServerLevel/]: Tried to add entity the_anomaly:anomaly_trap but it was marked as removed already
[28Feb2025 08:50:59.417] [Server thread/WARN] [net.minecraft.server.level.ServerLevel/]: Tried to add entity the_anomaly:anomaly_trap but it was marked as removed already
[28Feb2025 08:50:59.816] [Server thread/WARN] [net.minecraft.server.level.ServerLevel/]: Tried to add entity the_anomaly:anomaly_trap but it was marked as removed already
[28Feb2025 08:51:03.067] [Server thread/WARN] [net.minecraft.server.level.ServerLevel/]: Tried to add entity the_anomaly:anomaly_visitor but it was marked as removed already
[28Feb2025 08:51:03.217] [Server thread/WARN] [net.minecraft.server.level.ServerLevel/]: Tried to add entity the_anomaly:anomaly_trap but it was marked as removed already
[28Feb2025 08:51:04.067] [Server thread/WARN] [net.minecraft.server.level.ServerLevel/]: Tried to add entity the_anomaly:anomaly_trap but it was marked as removed already
[28Feb2025 08:51:05.016] [Server thread/WARN] [net.minecraft.server.level.ServerLevel/]: Tried to add entity the_anomaly:anomaly_visitor_2 but it was marked as removed already
[28Feb2025 08:51:05.917] [Server thread/WARN] [net.minecraft.server.level.ServerLevel/]: Tried to add entity the_anomaly:anomaly_visitor but it was marked as removed already
[28Feb2025 08:51:08.917] [Server thread/WARN] [net.minecraft.server.level.ServerLevel/]: Tried to add entity the_anomaly:anomaly_trap but it was marked as removed already
[28Feb2025 08:51:08.918] [Server thread/WARN] [net.minecraft.server.level.ServerLevel/]: Tried to add entity the_anomaly:anomaly_viewer but it was marked as removed already
[28Feb2025 08:51:13.916] [Server thread/WARN] [net.minecraft.server.level.ServerLevel/]: Tried to add entity the_anomaly:anomaly_viewer but it was marked as removed already
[28Feb2025 08:51:14.067] [Server thread/WARN] [net.minecraft.server.level.ServerLevel/]: Tried to add entity the_anomaly:anomaly_escape but it was marked as removed already
[28Feb2025 08:51:14.067] [Server thread/WARN] [net.minecraft.server.level.ServerLevel/]: Tried to add entity the_anomaly:anomaly_escape but it was marked as removed already
[28Feb2025 08:51:14.266] [Server thread/WARN] [net.minecraft.server.level.ServerLevel/]: Tried to add entity the_anomaly:anomaly_visitor but it was marked as removed already
[28Feb2025 08:51:15.217] [Server thread/WARN] [net.minecraft.server.level.ServerLevel/]: Tried to add entity the_anomaly:anomaly_viewer but it was marked as removed already
[28Feb2025 08:51:15.233] [Server thread/INFO] [net.minecraft.server.network.ServerLoginPacketListenerImpl/]: com.mojang.authlib.GameProfile@1bdcceeb[id=<null>,name=Achbar,properties={},legacy=false] (/127.95.219.121:43719) lost connection: Disconnected
[28Feb2025 08:51:15.416] [Server thread/WARN] [net.minecraft.server.level.ServerLevel/]: Tried to add entity the_anomaly:anomaly_trap but it was marked as removed already
[28Feb2025 08:51:24.617] [Server thread/WARN] [net.minecraft.server.level.ServerLevel/]: Tried to add entity the_anomaly:anomaly_viewer but it was marked as removed already
[28Feb2025 08:51:28.267] [Server thread/WARN] [net.minecraft.server.level.ServerLevel/]: Tried to add entity the_anomaly:anomaly_visitor_2 but it was marked as removed already
[28Feb2025 08:51:28.367] [Server thread/WARN] [net.minecraft.server.level.ServerLevel/]: Tried to add entity the_anomaly:anomaly_trap but it was marked as removed already
[28Feb2025 08:51:28.567] [Server thread/WARN] [net.minecraft.server.level.ServerLevel/]: Tried to add entity the_anomaly:anomaly_visitor but it was marked as removed already
[28Feb2025 08:51:28.817] [Server thread/WARN] [net.minecraft.server.level.ServerLevel/]: Tried to add entity the_anomaly:anomaly_trap but it was marked as removed already
[28Feb2025 08:51:30.466] [Server thread/WARN] [net.minecraft.server.level.ServerLevel/]: Tried to add entity the_anomaly:anomaly_trap but it was marked as removed already
[28Feb2025 08:51:31.067] [Server thread/WARN] [net.minecraft.server.level.ServerLevel/]: Tried to add entity the_anomaly:anomaly_trap but it was marked as removed already
[28Feb2025 08:51:33.667] [Server thread/WARN] [net.minecraft.server.level.ServerLevel/]: Tried to add entity the_anomaly:anomaly_trap but it was marked as removed already
[28Feb2025 08:51:33.667] [Server thread/WARN] [net.minecraft.server.level.ServerLevel/]: Tried to add entity the_anomaly:anomaly_escape but it was marked as removed already
[28Feb2025 08:51:41.766] [Server thread/WARN] [net.minecraft.server.level.ServerLevel/]: Tried to add entity the_anomaly:anomaly_trap but it was marked as removed already
[28Feb2025 08:51:41.967] [Server thread/WARN] [net.minecraft.server.level.ServerLevel/]: Tried to add entity the_anomaly:anomaly_viewer but it was marked as removed already
[28Feb2025 08:51:43.168] [Server thread/WARN] [net.minecraft.server.level.ServerLevel/]: Tried to add entity the_anomaly:anomaly_viewer but it was marked as removed already
[28Feb2025 08:51:43.367] [Server thread/WARN] [net.minecraft.server.level.ServerLevel/]: Tried to add entity the_anomaly:anomaly_viewer but it was marked as removed already
[28Feb2025 08:51:43.543] [Server thread/INFO] [net.minecraft.server.network.ServerLoginPacketListenerImpl/]: com.mojang.authlib.GameProfile@1a567e04[id=<null>,name=Achbar,properties={},legacy=false] (/127.95.219.121:34809) lost connection: Disconnected
[28Feb2025 08:51:43.568] [Server thread/WARN] [net.minecraft.server.level.ServerLevel/]: Tried to add entity the_anomaly:anomaly_viewer but it was marked as removed already
[28Feb2025 08:51:43.569] [Server thread/WARN] [net.minecraft.server.level.ServerLevel/]: Tried to add entity the_anomaly:anomaly_visitor_2 but it was marked as removed already
[28Feb2025 08:51:43.717] [Server thread/WARN] [net.minecraft.server.level.ServerLevel/]: Tried to add entity the_anomaly:anomaly_viewer but it was marked as removed already
[28Feb2025 08:51:43.717] [Server thread/WARN] [net.minecraft.server.level.ServerLevel/]: Tried to add entity the_anomaly:anomaly_viewer but it was marked as removed already
[28Feb2025 08:51:44.117] [Server thread/WARN] [net.minecraft.server.level.ServerLevel/]: Tried to add entity the_anomaly:anomaly_viewer but it was marked as removed already
[28Feb2025 08:51:44.168] [Server thread/WARN] [net.minecraft.server.level.ServerLevel/]: Tried to add entity the_anomaly:anomaly_trap but it was marked as removed already
[28Feb2025 08:51:44.380] [Server thread/WARN] [net.minecraft.server.level.ServerLevel/]: Tried to add entity the_anomaly:anomaly_trap but it was marked as removed already
[28Feb2025 08:51:44.420] [Server thread/WARN] [net.minecraft.server.level.ServerLevel/]: Tried to add entity the_anomaly:anomaly_trap but it was marked as removed already
[28Feb2025 08:51:44.467] [Server thread/WARN] [net.minecraft.server.level.ServerLevel/]: Tried to add entity the_anomaly:anomaly_viewer but it was marked as removed already
[28Feb2025 08:51:44.669] [Server thread/WARN] [net.minecraft.server.level.ServerLevel/]: Tried to add entity the_anomaly:anomaly_visitor_2 but it was marked as removed already
[28Feb2025 08:51:44.771] [Server thread/WARN] [net.minecraft.server.level.ServerLevel/]: Tried to add entity the_anomaly:anomaly_trap but it was marked as removed already
[28Feb2025 08:51:44.869] [Server thread/WARN] [net.minecraft.server.level.ServerLevel/]: Tried to add entity the_anomaly:anomaly_trap but it was marked as removed already
[28Feb2025 08:51:45.132] [Server thread/WARN] [net.minecraft.server.level.ServerLevel/]: Tried to add entity the_anomaly:anomaly_visitor_2 but it was marked as removed already
[28Feb2025 08:51:45.133] [Server thread/WARN] [net.minecraft.server.level.ServerLevel/]: Tried to add entity the_anomaly:anomaly_visitor_2 but it was marked as removed already
[28Feb2025 08:51:45.318] [Server thread/WARN] [net.minecraft.server.level.ServerLevel/]: Tried to add entity the_anomaly:anomaly_trap but it was marked as removed already
[28Feb2025 08:51:45.521] [Server thread/WARN] [net.minecraft.server.level.ServerLevel/]: Tried to add entity the_anomaly:anomaly_viewer but it was marked as removed already
[28Feb2025 08:51:45.618] [Server thread/WARN] [net.minecraft.server.level.ServerLevel/]: Tried to add entity the_anomaly:anomaly_trap but it was marked as removed already
[28Feb2025 08:51:45.917] [Server thread/WARN] [net.minecraft.server.level.ServerLevel/]: Tried to add entity the_anomaly:anomaly_viewer but it was marked as removed already
[28Feb2025 08:51:46.118] [Server thread/WARN] [net.minecraft.server.level.ServerLevel/]: Tried to add entity the_anomaly:anomaly_trap but it was marked as removed already
[28Feb2025 08:51:46.119] [Server thread/WARN] [net.minecraft.server.level.ServerLevel/]: Tried to add entity the_anomaly:anomaly_viewer but it was marked as removed already
[28Feb2025 08:51:46.267] [Server thread/WARN] [net.minecraft.server.level.ServerLevel/]: Tried to add entity the_anomaly:anomaly_trap but it was marked as removed already
[28Feb2025 08:51:46.318] [Server thread/WARN] [net.minecraft.server.level.ServerLevel/]: Tried to add entity the_anomaly:anomaly_viewer but it was marked as removed already
[28Feb2025 08:51:46.367] [Server thread/WARN] [net.minecraft.server.level.ServerLevel/]: Tried to add entity the_anomaly:anomaly_viewer but it was marked as removed already
[28Feb2025 08:51:47.366] [Server thread/WARN] [net.minecraft.server.level.ServerLevel/]: Tried to add entity the_anomaly:anomaly_viewer but it was marked as removed already
[28Feb2025 08:51:51.316] [Server thread/WARN] [net.minecraft.server.level.ServerLevel/]: Tried to add entity the_anomaly:anomaly_viewer but it was marked as removed already
[28Feb2025 08:51:51.467] [Server thread/WARN] [net.minecraft.server.level.ServerLevel/]: Tried to add entity the_anomaly:anomaly_trap but it was marked as removed already
[28Feb2025 08:51:51.566] [Server thread/WARN] [net.minecraft.server.level.ServerLevel/]: Tried to add entity the_anomaly:anomaly_viewer but it was marked as removed already
[28Feb2025 08:51:51.567] [Server thread/WARN] [net.minecraft.server.level.ServerLevel/]: Tried to add entity the_anomaly:anomaly_viewer but it was marked as removed already
[28Feb2025 08:51:52.367] [Server thread/WARN] [net.minecraft.server.level.ServerLevel/]: Tried to add entity the_anomaly:anomaly_viewer but it was marked as removed already
[28Feb2025 08:51:54.556] [Server thread/INFO] [net.minecraft.server.MinecraftServer/]: [YAMAPROSIH: Teleported YAMAPROSIH to gamerku]
[28Feb2025 08:51:54.618] [Server thread/WARN] [net.minecraft.server.level.ServerLevel/]: Tried to add entity the_anomaly:anomaly_viewer but it was marked as removed already
[28Feb2025 08:51:54.618] [Server thread/WARN] [net.minecraft.server.level.ServerLevel/]: Tried to add entity the_anomaly:anomaly_viewer but it was marked as removed already
[28Feb2025 08:51:54.619] [Server thread/WARN] [net.minecraft.server.level.ServerLevel/]: Tried to add entity the_anomaly:anomaly_trap but it was marked as removed already
[28Feb2025 08:51:55.317] [Server thread/WARN] [net.minecraft.server.level.ServerLevel/]: Tried to add entity the_anomaly:anomaly_viewer but it was marked as removed already
[28Feb2025 08:51:55.516] [Server thread/WARN] [net.minecraft.server.level.ServerLevel/]: Tried to add entity the_anomaly:anomaly_viewer but it was marked as removed already
[28Feb2025 08:51:55.572] [Server thread/WARN] [net.minecraft.server.level.ServerLevel/]: Tried to add entity the_anomaly:anomaly_viewer but it was marked as removed already
[28Feb2025 08:51:56.117] [Server thread/WARN] [net.minecraft.server.level.ServerLevel/]: Tried to add entity the_anomaly:anomaly_viewer but it was marked as removed already
[28Feb2025 08:51:56.167] [Server thread/WARN] [net.minecraft.server.level.ServerLevel/]: Tried to add entity the_anomaly:anomaly_trap but it was marked as removed already
[28Feb2025 08:51:56.217] [Server thread/WARN] [net.minecraft.server.level.ServerLevel/]: Tried to add entity the_anomaly:anomaly_trap but it was marked as removed already
[28Feb2025 08:51:56.567] [Server thread/WARN] [net.minecraft.server.level.ServerLevel/]: Tried to add entity the_anomaly:anomaly_trap but it was marked as removed already
[28Feb2025 08:51:56.767] [Server thread/WARN] [net.minecraft.server.level.ServerLevel/]: Tried to add entity the_anomaly:anomaly_trap but it was marked as removed already
[28Feb2025 08:52:00.516] [Server thread/WARN] [net.minecraft.server.level.ServerLevel/]: Tried to add entity the_anomaly:anomaly_viewer but it was marked as removed already
[28Feb2025 08:52:00.817] [Server thread/WARN] [net.minecraft.server.level.ServerLevel/]: Tried to add entity the_anomaly:anomaly_trap but it was marked as removed already
[28Feb2025 08:52:01.117] [Server thread/WARN] [net.minecraft.server.level.ServerLevel/]: Tried to add entity the_anomaly:anomaly_trap but it was marked as removed already
[28Feb2025 08:52:01.166] [Server thread/WARN] [net.minecraft.server.level.ServerLevel/]: Tried to add entity the_anomaly:anomaly_viewer but it was marked as removed already
[28Feb2025 08:52:06.017] [Server thread/WARN] [net.minecraft.server.level.ServerLevel/]: Tried to add entity the_anomaly:anomaly_trap but it was marked as removed already
[28Feb2025 08:52:06.167] [Server thread/WARN] [net.minecraft.server.level.ServerLevel/]: Tried to add entity the_anomaly:anomaly_trap but it was marked as removed already
[28Feb2025 08:52:06.217] [Server thread/WARN] [net.minecraft.server.level.ServerLevel/]: Tried to add entity the_anomaly:anomaly_viewer but it was marked as removed already
[28Feb2025 08:52:06.218] [Server thread/WARN] [net.minecraft.server.level.ServerLevel/]: Tried to add entity the_anomaly:anomaly_viewer but it was marked as removed already
[28Feb2025 08:52:06.316] [Server thread/WARN] [net.minecraft.server.level.ServerLevel/]: Tried to add entity the_anomaly:anomaly_trap but it was marked as removed already
[28Feb2025 08:52:06.517] [Server thread/WARN] [net.minecraft.server.level.ServerLevel/]: Tried to add entity the_anomaly:anomaly_viewer but it was marked as removed already
[28Feb2025 08:52:09.816] [Server thread/WARN] [net.minecraft.server.level.ServerLevel/]: Tried to add entity the_anomaly:anomaly_trap but it was marked as removed already
[28Feb2025 08:52:09.966] [Server thread/WARN] [net.minecraft.server.level.ServerLevel/]: Tried to add entity the_anomaly:anomaly_trap but it was marked as removed already
[28Feb2025 08:52:10.216] [Server thread/WARN] [net.minecraft.server.level.ServerLevel/]: Tried to add entity the_anomaly:anomaly_viewer but it was marked as removed already
[28Feb2025 08:52:10.267] [Server thread/WARN] [net.minecraft.server.level.ServerLevel/]: Tried to add entity the_anomaly:anomaly_viewer but it was marked as removed already
[28Feb2025 08:52:11.717] [Server thread/WARN] [net.minecraft.server.level.ServerLevel/]: Tried to add entity the_anomaly:anomaly_trap but it was marked as removed already
[28Feb2025 08:52:12.017] [Server thread/WARN] [net.minecraft.server.level.ServerLevel/]: Tried to add entity the_anomaly:anomaly_viewer but it was marked as removed already
[28Feb2025 08:52:12.067] [Server thread/WARN] [net.minecraft.server.level.ServerLevel/]: Tried to add entity the_anomaly:anomaly_viewer but it was marked as removed already
[28Feb2025 08:52:12.471] [Server thread/WARN] [net.minecraft.server.level.ServerLevel/]: Tried to add entity the_anomaly:anomaly_trap but it was marked as removed already
[28Feb2025 08:52:12.473] [Server thread/WARN] [net.minecraft.server.level.ServerLevel/]: Tried to add entity the_anomaly:anomaly_trap but it was marked as removed already
[28Feb2025 08:52:12.567] [Server thread/WARN] [net.minecraft.server.level.ServerLevel/]: Tried to add entity the_anomaly:anomaly_viewer but it was marked as removed already
[28Feb2025 08:52:12.718] [Server thread/WARN] [net.minecraft.server.level.ServerLevel/]: Tried to add entity the_anomaly:anomaly_viewer but it was marked as removed already
[28Feb2025 08:52:12.868] [Server thread/WARN] [net.minecraft.server.level.ServerLevel/]: Tried to add entity the_anomaly:anomaly_viewer but it was marked as removed already
[28Feb2025 08:52:12.917] [Server thread/WARN] [net.minecraft.server.level.ServerLevel/]: Tried to add entity the_anomaly:anomaly_viewer but it was marked as removed already
[28Feb2025 08:52:13.530] [Server thread/WARN] [net.minecraft.server.level.ServerLevel/]: Tried to add entity the_anomaly:anomaly_trap but it was marked as removed already
[28Feb2025 08:52:13.674] [Server thread/WARN] [net.minecraft.server.level.ServerLevel/]: Tried to add entity the_anomaly:anomaly_trap but it was marked as removed already
[28Feb2025 08:52:14.368] [Server thread/WARN] [net.minecraft.server.level.ServerLevel/]: Tried to add entity the_anomaly:anomaly_viewer but it was marked as removed already
[28Feb2025 08:52:14.467] [Server thread/WARN] [net.minecraft.server.level.ServerLevel/]: Tried to add entity the_anomaly:anomaly_trap but it was marked as removed already
[28Feb2025 08:52:14.868] [Server thread/WARN] [net.minecraft.server.level.ServerLevel/]: Tried to add entity the_anomaly:anomaly_viewer but it was marked as removed already
[28Feb2025 08:52:14.919] [Server thread/WARN] [net.minecraft.server.level.ServerLevel/]: Tried to add entity the_anomaly:anomaly_viewer but it was marked as removed already
[28Feb2025 08:52:14.970] [Server thread/WARN] [net.minecraft.server.level.ServerLevel/]: Tried to add entity the_anomaly:anomaly_viewer but it was marked as removed already
[28Feb2025 08:52:14.971] [Server thread/WARN] [net.minecraft.server.level.ServerLevel/]: Tried to add entity the_anomaly:anomaly_trap but it was marked as removed already
[28Feb2025 08:52:14.971] [Server thread/WARN] [net.minecraft.server.level.ServerLevel/]: Tried to add entity the_anomaly:anomaly_viewer but it was marked as removed already
[28Feb2025 08:52:15.268] [Server thread/WARN] [net.minecraft.server.level.ServerLevel/]: Tried to add entity the_anomaly:anomaly_trap but it was marked as removed already
[28Feb2025 08:52:15.269] [Server thread/WARN] [net.minecraft.server.level.ServerLevel/]: Tried to add entity the_anomaly:anomaly_trap but it was marked as removed already
[28Feb2025 08:52:15.368] [Server thread/WARN] [net.minecraft.server.level.ServerLevel/]: Tried to add entity the_anomaly:anomaly_viewer but it was marked as removed already
[28Feb2025 08:52:15.867] [Server thread/WARN] [net.minecraft.server.level.ServerLevel/]: Tried to add entity the_anomaly:anomaly_trap but it was marked as removed already
[28Feb2025 08:52:15.918] [Server thread/WARN] [net.minecraft.server.level.ServerLevel/]: Tried to add entity the_anomaly:anomaly_trap but it was marked as removed already
[28Feb2025 08:52:16.068] [Server thread/WARN] [net.minecraft.server.level.ServerLevel/]: Tried to add entity the_anomaly:anomaly_trap but it was marked as removed already
[28Feb2025 08:52:16.127] [Server thread/WARN] [net.minecraft.server.level.ServerLevel/]: Tried to add entity the_anomaly:anomaly_trap but it was marked as removed already
[28Feb2025 08:52:16.324] [Server thread/WARN] [net.minecraft.server.level.ServerLevel/]: Tried to add entity the_anomaly:anomaly_trap but it was marked as removed already
[28Feb2025 08:52:17.139] [Server thread/WARN] [net.minecraft.server.level.ServerLevel/]: Tried to add entity the_anomaly:anomaly_trap but it was marked as removed already
[28Feb2025 08:52:17.317] [Server thread/WARN] [net.minecraft.server.level.ServerLevel/]: Tried to add entity the_anomaly:anomaly_trap but it was marked as removed already
[28Feb2025 08:52:17.318] [Server thread/WARN] [net.minecraft.server.level.ServerLevel/]: Tried to add entity the_anomaly:anomaly_trap but it was marked as removed already
[28Feb2025 08:52:17.719] [Server thread/WARN] [net.minecraft.server.level.ServerLevel/]: Tried to add entity the_anomaly:anomaly_trap but it was marked as removed already
[28Feb2025 08:52:17.721] [Server thread/WARN] [net.minecraft.server.level.ServerLevel/]: Tried to add entity the_anomaly:anomaly_trap but it was marked as removed already
[28Feb2025 08:52:18.967] [Server thread/WARN] [net.minecraft.server.level.ServerLevel/]: Tried to add entity the_anomaly:anomaly_viewer but it was marked as removed already
[28Feb2025 08:52:18.968] [Server thread/WARN] [net.minecraft.server.level.ServerLevel/]: Tried to add entity the_anomaly:anomaly_viewer but it was marked as removed already
[28Feb2025 08:52:19.371] [Server thread/WARN] [net.minecraft.server.level.ServerLevel/]: Tried to add entity the_anomaly:anomaly_viewer but it was marked as removed already
[28Feb2025 08:52:19.572] [Server thread/WARN] [net.minecraft.server.level.ServerLevel/]: Tried to add entity the_anomaly:anomaly_viewer but it was marked as removed already
[28Feb2025 08:52:19.782] [Server thread/WARN] [net.minecraft.server.level.ServerLevel/]: Tried to add entity the_anomaly:anomaly_viewer but it was marked as removed already
[28Feb2025 08:52:19.826] [Server thread/WARN] [net.minecraft.server.level.ServerLevel/]: Tried to add entity the_anomaly:anomaly_trap but it was marked as removed already
[28Feb2025 08:52:20.569] [Server thread/WARN] [net.minecraft.server.level.ServerLevel/]: Tried to add entity the_anomaly:anomaly_trap but it was marked as removed already
[28Feb2025 08:52:20.929] [Server thread/WARN] [net.minecraft.server.level.ServerLevel/]: Tried to add entity the_anomaly:anomaly_trap but it was marked as removed already
[28Feb2025 08:52:21.121] [Server thread/WARN] [net.minecraft.server.level.ServerLevel/]: Tried to add entity the_anomaly:anomaly_viewer but it was marked as removed already
[28Feb2025 08:52:21.670] [Server thread/WARN] [net.minecraft.server.level.ServerLevel/]: Tried to add entity the_anomaly:anomaly_trap but it was marked as removed already
[28Feb2025 08:52:21.918] [Server thread/WARN] [net.minecraft.server.level.ServerLevel/]: Tried to add entity the_anomaly:anomaly_trap but it was marked as removed already
[28Feb2025 08:52:22.073] [Server thread/WARN] [net.minecraft.server.level.ServerLevel/]: Tried to add entity the_anomaly:anomaly_trap but it was marked as removed already
[28Feb2025 08:52:22.219] [Server thread/WARN] [net.minecraft.server.level.ServerLevel/]: Tried to add entity the_anomaly:anomaly_viewer but it was marked as removed already
[28Feb2025 08:52:22.267] [Server thread/WARN] [net.minecraft.server.level.ServerLevel/]: Tried to add entity the_anomaly:anomaly_viewer but it was marked as removed already
[28Feb2025 08:52:22.319] [Server thread/WARN] [net.minecraft.server.level.ServerLevel/]: Tried to add entity the_anomaly:anomaly_escape but it was marked as removed already
[28Feb2025 08:52:22.389] [Server thread/WARN] [net.minecraft.server.level.ServerLevel/]: Tried to add entity the_anomaly:anomaly_trap but it was marked as removed already
[28Feb2025 08:52:22.475] [Server thread/WARN] [net.minecraft.server.level.ServerLevel/]: Tried to add entity the_anomaly:anomaly_viewer but it was marked as removed already
[28Feb2025 08:52:22.568] [Server thread/WARN] [net.minecraft.server.level.ServerLevel/]: Tried to add entity the_anomaly:anomaly_trap but it was marked as removed already
[28Feb2025 08:52:22.569] [Server thread/WARN] [net.minecraft.server.level.ServerLevel/]: Tried to add entity the_anomaly:anomaly_viewer but it was marked as removed already
[28Feb2025 08:52:22.717] [Server thread/WARN] [net.minecraft.server.level.ServerLevel/]: Tried to add entity the_anomaly:anomaly_trap but it was marked as removed already
[28Feb2025 08:52:22.818] [Server thread/WARN] [net.minecraft.server.level.ServerLevel/]: Tried to add entity the_anomaly:anomaly_viewer but it was marked as removed already
[28Feb2025 08:52:22.921] [Server thread/WARN] [net.minecraft.server.level.ServerLevel/]: Tried to add entity the_anomaly:anomaly_trap but it was marked as removed already
[28Feb2025 08:52:23.021] [Server thread/WARN] [net.minecraft.server.level.ServerLevel/]: Tried to add entity the_anomaly:anomaly_viewer but it was marked as removed already
[28Feb2025 08:52:23.128] [Server thread/WARN] [net.minecraft.server.level.ServerLevel/]: Tried to add entity the_anomaly:anomaly_trap but it was marked as removed already
[28Feb2025 08:52:23.188] [Server thread/WARN] [net.minecraft.server.level.ServerLevel/]: Tried to add entity the_anomaly:anomaly_viewer but it was marked as removed already
[28Feb2025 08:52:23.191] [Server thread/WARN] [net.minecraft.server.level.ServerLevel/]: Tried to add entity the_anomaly:anomaly_viewer but it was marked as removed already
[28Feb2025 08:52:23.192] [Server thread/WARN] [net.minecraft.server.level.ServerLevel/]: Tried to add entity the_anomaly:anomaly_trap but it was marked as removed already
[28Feb2025 08:52:23.195] [Server thread/WARN] [net.minecraft.server.level.ServerLevel/]: Tried to add entity the_anomaly:anomaly_trap but it was marked as removed already
[28Feb2025 08:52:23.319] [Server thread/WARN] [net.minecraft.server.level.ServerLevel/]: Tried to add entity the_anomaly:anomaly_trap but it was marked as removed already
[28Feb2025 08:52:23.368] [Server thread/WARN] [net.minecraft.server.level.ServerLevel/]: Tried to add entity the_anomaly:anomaly_trap but it was marked as removed already
[28Feb2025 08:52:23.519] [Server thread/WARN] [net.minecraft.server.level.ServerLevel/]: Tried to add entity the_anomaly:anomaly_trap but it was marked as removed already
[28Feb2025 08:52:23.771] [Server thread/WARN] [net.minecraft.server.level.ServerLevel/]: Tried to add entity the_anomaly:anomaly_viewer but it was marked as removed already
[28Feb2025 08:52:23.873] [Server thread/WARN] [net.minecraft.server.level.ServerLevel/]: Tried to add entity the_anomaly:anomaly_viewer but it was marked as removed already
[28Feb2025 08:52:23.969] [Server thread/WARN] [net.minecraft.server.level.ServerLevel/]: Tried to add entity the_anomaly:anomaly_viewer but it was marked as removed already
[28Feb2025 08:52:24.170] [Server thread/WARN] [net.minecraft.server.level.ServerLevel/]: Tried to add entity the_anomaly:anomaly_viewer but it was marked as removed already
[28Feb2025 08:52:24.318] [Server thread/WARN] [net.minecraft.server.level.ServerLevel/]: Tried to add entity the_anomaly:anomaly_viewer but it was marked as removed already
[28Feb2025 08:52:24.618] [Server thread/WARN] [net.minecraft.server.level.ServerLevel/]: Tried to add entity the_anomaly:anomaly_viewer but it was marked as removed already
[28Feb2025 08:52:24.867] [Server thread/WARN] [net.minecraft.server.level.ServerLevel/]: Tried to add entity the_anomaly:anomaly_trap but it was marked as removed already
[28Feb2025 08:52:25.167] [Server thread/WARN] [net.minecraft.server.level.ServerLevel/]: Tried to add entity the_anomaly:anomaly_trap but it was marked as removed already
[28Feb2025 08:52:25.367] [Server thread/WARN] [net.minecraft.server.level.ServerLevel/]: Tried to add entity the_anomaly:anomaly_viewer but it was marked as removed already
[28Feb2025 08:52:25.770] [Server thread/WARN] [net.minecraft.server.level.ServerLevel/]: Tried to add entity the_anomaly:anomaly_viewer but it was marked as removed already
[28Feb2025 08:52:25.819] [Server thread/WARN] [net.minecraft.server.level.ServerLevel/]: Tried to add entity the_anomaly:anomaly_trap but it was marked as removed already
[28Feb2025 08:52:26.073] [Server thread/WARN] [net.minecraft.server.level.ServerLevel/]: Tried to add entity the_anomaly:anomaly_viewer but it was marked as removed already
[28Feb2025 08:52:26.218] [Server thread/WARN] [net.minecraft.server.level.ServerLevel/]: Tried to add entity the_anomaly:anomaly_viewer but it was marked as removed already
[28Feb2025 08:52:26.568] [Server thread/WARN] [net.minecraft.server.level.ServerLevel/]: Tried to add entity the_anomaly:anomaly_viewer but it was marked as removed already
[28Feb2025 08:52:27.118] [Server thread/WARN] [net.minecraft.server.level.ServerLevel/]: Tried to add entity the_anomaly:anomaly_trap but it was marked as removed already
[28Feb2025 08:52:27.320] [Server thread/WARN] [net.minecraft.server.level.ServerLevel/]: Tried to add entity the_anomaly:anomaly_trap but it was marked as removed already
[28Feb2025 08:52:27.369] [Server thread/WARN] [net.minecraft.server.level.ServerLevel/]: Tried to add entity the_anomaly:anomaly_trap but it was marked as removed already
[28Feb2025 08:52:27.618] [Server thread/WARN] [net.minecraft.server.level.ServerLevel/]: Tried to add entity the_anomaly:anomaly_viewer but it was marked as removed already
[28Feb2025 08:52:27.879] [Server thread/WARN] [net.minecraft.server.level.ServerLevel/]: Tried to add entity the_anomaly:anomaly_trap but it was marked as removed already
[28Feb2025 08:52:27.880] [Server thread/WARN] [net.minecraft.server.level.ServerLevel/]: Tried to add entity the_anomaly:anomaly_viewer but it was marked as removed already
[28Feb2025 08:52:28.168] [Server thread/WARN] [net.minecraft.server.level.ServerLevel/]: Tried to add entity the_anomaly:anomaly_escape but it was marked as removed already
[28Feb2025 08:52:28.645] [Server thread/WARN] [net.minecraft.server.level.ServerLevel/]: Tried to add entity the_anomaly:anomaly_trap but it was marked as removed already
[28Feb2025 08:52:28.818] [Server thread/WARN] [net.minecraft.server.level.ServerLevel/]: Tried to add entity the_anomaly:anomaly_viewer but it was marked as removed already
[28Feb2025 08:52:28.868] [Server thread/WARN] [net.minecraft.server.level.ServerLevel/]: Tried to add entity the_anomaly:anomaly_trap but it was marked as removed already
[28Feb2025 08:52:28.922] [Server thread/WARN] [net.minecraft.server.level.ServerLevel/]: Tried to add entity the_anomaly:anomaly_viewer but it was marked as removed already
[28Feb2025 08:52:28.968] [Server thread/WARN] [net.minecraft.server.level.ServerLevel/]: Tried to add entity the_anomaly:anomaly_viewer but it was marked as removed already
[28Feb2025 08:52:28.969] [Server thread/WARN] [net.minecraft.server.level.ServerLevel/]: Tried to add entity the_anomaly:anomaly_trap but it was marked as removed already
[28Feb2025 08:52:29.494] [Server thread/WARN] [net.minecraft.server.level.ServerLevel/]: Tried to add entity the_anomaly:anomaly_viewer but it was marked as removed already
[28Feb2025 08:52:29.880] [Server thread/WARN] [net.minecraft.server.level.ServerLevel/]: Tried to add entity the_anomaly:anomaly_trap but it was marked as removed already
[28Feb2025 08:52:29.918] [Server thread/WARN] [net.minecraft.server.level.ServerLevel/]: Tried to add entity the_anomaly:anomaly_viewer but it was marked as removed already
[28Feb2025 08:52:30.020] [Server thread/WARN] [net.minecraft.server.level.ServerLevel/]: Tried to add entity the_anomaly:anomaly_viewer but it was marked as removed already
[28Feb2025 08:52:30.370] [Server thread/WARN] [net.minecraft.server.level.ServerLevel/]: Tried to add entity the_anomaly:anomaly_escape but it was marked as removed already
[28Feb2025 08:52:30.467] [Server thread/WARN] [net.minecraft.server.level.ServerLevel/]: Tried to add entity the_anomaly:anomaly_trap but it was marked as removed already
[28Feb2025 08:52:30.974] [Server thread/WARN] [net.minecraft.server.level.ServerLevel/]: Tried to add entity the_anomaly:anomaly_trap but it was marked as removed already
[28Feb2025 08:52:30.977] [Server thread/WARN] [net.minecraft.server.level.ServerLevel/]: Tried to add entity the_anomaly:anomaly_viewer but it was marked as removed already
[28Feb2025 08:52:31.018] [Server thread/WARN] [net.minecraft.server.level.ServerLevel/]: Tried to add entity the_anomaly:anomaly_viewer but it was marked as removed already
[28Feb2025 08:52:31.219] [Server thread/WARN] [net.minecraft.server.level.ServerLevel/]: Tried to add entity the_anomaly:anomaly_viewer but it was marked as removed already
[28Feb2025 08:52:31.267] [Server thread/WARN] [net.minecraft.server.level.ServerLevel/]: Tried to add entity the_anomaly:anomaly_trap but it was marked as removed already
[28Feb2025 08:52:31.269] [Server thread/WARN] [net.minecraft.server.level.ServerLevel/]: Tried to add entity the_anomaly:anomaly_trap but it was marked as removed already
[28Feb2025 08:52:31.270] [Server thread/WARN] [net.minecraft.server.level.ServerLevel/]: Tried to add entity the_anomaly:anomaly_viewer but it was marked as removed already
[28Feb2025 08:52:31.533] [Server thread/WARN] [net.minecraft.server.level.ServerLevel/]: Tried to add entity the_anomaly:anomaly_escape but it was marked as removed already
[28Feb2025 08:52:31.668] [Server thread/WARN] [net.minecraft.server.level.ServerLevel/]: Tried to add entity the_anomaly:anomaly_trap but it was marked as removed already
[28Feb2025 08:52:31.818] [Server thread/WARN] [net.minecraft.server.level.ServerLevel/]: Tried to add entity the_anomaly:anomaly_viewer but it was marked as removed already
[28Feb2025 08:52:32.220] [Server thread/WARN] [net.minecraft.server.level.ServerLevel/]: Tried to add entity the_anomaly:anomaly_trap but it was marked as removed already
[28Feb2025 08:52:32.419] [Server thread/WARN] [net.minecraft.server.level.ServerLevel/]: Tried to add entity the_anomaly:anomaly_viewer but it was marked as removed already
[28Feb2025 08:52:32.721] [Server thread/WARN] [net.minecraft.server.level.ServerLevel/]: Tried to add entity the_anomaly:anomaly_trap but it was marked as removed already
[28Feb2025 08:52:33.020] [Server thread/WARN] [net.minecraft.server.level.ServerLevel/]: Tried to add entity the_anomaly:anomaly_trap but it was marked as removed already
[28Feb2025 08:52:33.218] [Server thread/WARN] [net.minecraft.server.level.ServerLevel/]: Tried to add entity the_anomaly:anomaly_viewer but it was marked as removed already
[28Feb2025 08:52:33.368] [Server thread/WARN] [net.minecraft.server.level.ServerLevel/]: Tried to add entity the_anomaly:anomaly_trap but it was marked as removed already
[28Feb2025 08:52:33.369] [Server thread/WARN] [net.minecraft.server.level.ServerLevel/]: Tried to add entity the_anomaly:anomaly_viewer but it was marked as removed already
[28Feb2025 08:52:33.468] [Server thread/WARN] [net.minecraft.server.level.ServerLevel/]: Tried to add entity the_anomaly:anomaly_viewer but it was marked as removed already
[28Feb2025 08:52:34.068] [Server thread/WARN] [net.minecraft.server.level.ServerLevel/]: Tried to add entity the_anomaly:anomaly_trap but it was marked as removed already
[28Feb2025 08:52:34.070] [Server thread/WARN] [net.minecraft.server.level.ServerLevel/]: Tried to add entity the_anomaly:anomaly_trap but it was marked as removed already
[28Feb2025 08:52:34.169] [Server thread/WARN] [net.minecraft.server.level.ServerLevel/]: Tried to add entity the_anomaly:anomaly_viewer but it was marked as removed already
[28Feb2025 08:52:34.171] [Server thread/WARN] [net.minecraft.server.level.ServerLevel/]: Tried to add entity the_anomaly:anomaly_trap but it was marked as removed already
[28Feb2025 08:52:35.473] [Server thread/INFO] [net.minecraft.server.network.ServerLoginPacketListenerImpl/]: com.mojang.authlib.GameProfile@1fb938b1[id=<null>,name=Achbar,properties={},legacy=false] (/127.95.219.121:55755) lost connection: Disconnected
[28Feb2025 08:52:38.274] [Server thread/WARN] [net.minecraft.server.level.ServerLevel/]: Tried to add entity the_anomaly:anomaly_viewer but it was marked as removed already
[28Feb2025 08:52:38.622] [Server thread/WARN] [net.minecraft.server.level.ServerLevel/]: Tried to add entity the_anomaly:anomaly_viewer but it was marked as removed already
[28Feb2025 08:52:38.722] [Server thread/WARN] [net.minecraft.server.level.ServerLevel/]: Tried to add entity the_anomaly:anomaly_viewer but it was marked as removed already
[28Feb2025 08:52:38.723] [Server thread/WARN] [net.minecraft.server.level.ServerLevel/]: Tried to add entity the_anomaly:anomaly_viewer but it was marked as removed already
[28Feb2025 08:52:38.778] [Server thread/WARN] [net.minecraft.server.level.ServerLevel/]: Tried to add entity the_anomaly:anomaly_viewer but it was marked as removed already
[28Feb2025 08:52:38.839] [Server thread/WARN] [net.minecraft.server.level.ServerLevel/]: Tried to add entity the_anomaly:anomaly_trap but it was marked as removed already
[28Feb2025 08:52:38.843] [Server thread/WARN] [net.minecraft.server.level.ServerLevel/]: Tried to add entity the_anomaly:anomaly_viewer but it was marked as removed already
[28Feb2025 08:52:39.168] [Server thread/WARN] [net.minecraft.server.level.ServerLevel/]: Tried to add entity the_anomaly:anomaly_viewer but it was marked as removed already
[28Feb2025 08:52:39.218] [Server thread/WARN] [net.minecraft.server.level.ServerLevel/]: Tried to add entity the_anomaly:anomaly_viewer but it was marked as removed already
[28Feb2025 08:52:39.270] [Server thread/WARN] [net.minecraft.server.level.ServerLevel/]: Tried to add entity the_anomaly:anomaly_trap but it was marked as removed already
[28Feb2025 08:52:39.323] [Server thread/WARN] [net.minecraft.server.level.ServerLevel/]: Tried to add entity the_anomaly:anomaly_viewer but it was marked as removed already
[28Feb2025 08:52:42.168] [Server thread/WARN] [net.minecraft.server.level.ServerLevel/]: Tried to add entity the_anomaly:anomaly_trap but it was marked as removed already
[28Feb2025 08:52:42.218] [Server thread/WARN] [net.minecraft.server.level.ServerLevel/]: Tried to add entity the_anomaly:anomaly_trap but it was marked as removed already
[28Feb2025 08:52:42.418] [Server thread/WARN] [net.minecraft.server.level.ServerLevel/]: Tried to add entity the_anomaly:anomaly_trap but it was marked as removed already
[28Feb2025 08:52:43.222] [Server thread/WARN] [net.minecraft.server.level.ServerLevel/]: Tried to add entity the_anomaly:anomaly_viewer but it was marked as removed already
[28Feb2025 08:52:43.468] [Server thread/WARN] [net.minecraft.server.level.ServerLevel/]: Tried to add entity the_anomaly:anomaly_trap but it was marked as removed already
[28Feb2025 08:52:43.617] [Server thread/WARN] [net.minecraft.server.level.ServerLevel/]: Tried to add entity the_anomaly:anomaly_trap but it was marked as removed already
[28Feb2025 08:52:43.967] [Server thread/WARN] [net.minecraft.server.level.ServerLevel/]: Tried to add entity the_anomaly:anomaly_viewer but it was marked as removed already
[28Feb2025 08:52:44.767] [Server thread/WARN] [net.minecraft.server.level.ServerLevel/]: Tried to add entity the_anomaly:anomaly_viewer but it was marked as removed already
[28Feb2025 08:52:44.818] [Server thread/WARN] [net.minecraft.server.level.ServerLevel/]: Tried to add entity the_anomaly:anomaly_trap but it was marked as removed already
[28Feb2025 08:52:45.268] [Server thread/WARN] [net.minecraft.server.level.ServerLevel/]: Tried to add entity the_anomaly:anomaly_trap but it was marked as removed already
[28Feb2025 08:52:45.417] [Server thread/WARN] [net.minecraft.server.level.ServerLevel/]: Tried to add entity the_anomaly:anomaly_trap but it was marked as removed already
[28Feb2025 08:52:45.917] [Server thread/WARN] [net.minecraft.server.level.ServerLevel/]: Tried to add entity the_anomaly:anomaly_viewer but it was marked as removed already
[28Feb2025 08:52:46.067] [Server thread/WARN] [net.minecraft.server.level.ServerLevel/]: Tried to add entity the_anomaly:anomaly_trap but it was marked as removed already
[28Feb2025 08:52:46.067] [Server thread/WARN] [net.minecraft.server.level.ServerLevel/]: Tried to add entity the_anomaly:anomaly_viewer but it was marked as removed already
[28Feb2025 08:52:46.116] [Server thread/WARN] [net.minecraft.server.level.ServerLevel/]: Tried to add entity the_anomaly:anomaly_trap but it was marked as removed already
[28Feb2025 08:52:46.217] [Server thread/WARN] [net.minecraft.server.level.ServerLevel/]: Tried to add entity the_anomaly:anomaly_trap but it was marked as removed already
[28Feb2025 08:52:46.467] [Server thread/WARN] [net.minecraft.server.level.ServerLevel/]: Tried to add entity the_anomaly:anomaly_viewer but it was marked as removed already
[28Feb2025 08:52:46.867] [Server thread/WARN] [net.minecraft.server.level.ServerLevel/]: Tried to add entity the_anomaly:anomaly_trap but it was marked as removed already
[28Feb2025 08:52:47.067] [Server thread/WARN] [net.minecraft.server.level.ServerLevel/]: Tried to add entity the_anomaly:anomaly_trap but it was marked as removed already
[28Feb2025 08:52:47.068] [Server thread/WARN] [net.minecraft.server.level.ServerLevel/]: Tried to add entity the_anomaly:anomaly_trap but it was marked as removed already
[28Feb2025 08:52:47.068] [Server thread/WARN] [net.minecraft.server.level.ServerLevel/]: Tried to add entity the_anomaly:anomaly_trap but it was marked as removed already
[28Feb2025 08:52:47.166] [Server thread/WARN] [net.minecraft.server.level.ServerLevel/]: Tried to add entity the_anomaly:anomaly_viewer but it was marked as removed already
[28Feb2025 08:52:47.216] [Server thread/WARN] [net.minecraft.server.level.ServerLevel/]: Tried to add entity the_anomaly:anomaly_trap but it was marked as removed already
[28Feb2025 08:52:47.266] [Server thread/WARN] [net.minecraft.server.level.ServerLevel/]: Tried to add entity the_anomaly:anomaly_trap but it was marked as removed already
[28Feb2025 08:52:47.670] [Server thread/WARN] [net.minecraft.server.level.ServerLevel/]: Tried to add entity the_anomaly:anomaly_trap but it was marked as removed already
[28Feb2025 08:52:47.917] [Server thread/WARN] [net.minecraft.server.level.ServerLevel/]: Tried to add entity the_anomaly:anomaly_trap but it was marked as removed already
[28Feb2025 08:52:48.017] [Server thread/WARN] [net.minecraft.server.level.ServerLevel/]: Tried to add entity the_anomaly:anomaly_trap but it was marked as removed already
[28Feb2025 08:52:48.167] [Server thread/WARN] [net.minecraft.server.level.ServerLevel/]: Tried to add entity the_anomaly:anomaly_trap but it was marked as removed already
[28Feb2025 08:52:48.617] [Server thread/WARN] [net.minecraft.server.level.ServerLevel/]: Tried to add entity the_anomaly:anomaly_viewer but it was marked as removed already
[28Feb2025 08:52:48.667] [Server thread/WARN] [net.minecraft.server.level.ServerLevel/]: Tried to add entity the_anomaly:anomaly_viewer but it was marked as removed already
[28Feb2025 08:52:48.767] [Server thread/WARN] [net.minecraft.server.level.ServerLevel/]: Tried to add entity the_anomaly:anomaly_viewer but it was marked as removed already
[28Feb2025 08:52:50.718] [Server thread/WARN] [net.minecraft.server.level.ServerLevel/]: Tried to add entity the_anomaly:anomaly_viewer but it was marked as removed already
[28Feb2025 08:52:50.719] [Server thread/WARN] [net.minecraft.server.level.ServerLevel/]: Tried to add entity the_anomaly:anomaly_viewer but it was marked as removed already
[28Feb2025 08:53:00.068] [Server thread/WARN] [net.minecraft.server.level.ServerLevel/]: Tried to add entity the_anomaly:anomaly_trap but it was marked as removed already
[28Feb2025 08:53:01.567] [Server thread/WARN] [net.minecraft.server.level.ServerLevel/]: Tried to add entity the_anomaly:anomaly_viewer but it was marked as removed already
[28Feb2025 08:53:10.035] [Server thread/INFO] [net.minecraft.server.MinecraftServer/]: [YAMAPROSIH: Set own game mode to Survival Mode]
[28Feb2025 08:53:11.716] [Server thread/WARN] [net.minecraft.server.level.ServerLevel/]: Tried to add entity the_anomaly:anomaly_trap but it was marked as removed already
[28Feb2025 08:53:12.958] [Server thread/INFO] [net.minecraft.server.MinecraftServer/]: [YAMAPROSIH: Set own game mode to Creative Mode]
[28Feb2025 08:53:13.868] [Server thread/WARN] [net.minecraft.server.level.ServerLevel/]: Tried to add entity the_anomaly:anomaly_trap but it was marked as removed already
[28Feb2025 08:53:13.967] [Server thread/WARN] [net.minecraft.server.level.ServerLevel/]: Tried to add entity the_anomaly:anomaly_viewer but it was marked as removed already
[28Feb2025 08:53:13.967] [Server thread/WARN] [net.minecraft.server.level.ServerLevel/]: Tried to add entity the_anomaly:anomaly_viewer but it was marked as removed already
[28Feb2025 08:53:14.268] [Server thread/WARN] [net.minecraft.server.level.ServerLevel/]: Tried to add entity the_anomaly:anomaly_trap but it was marked as removed already
[28Feb2025 08:53:14.517] [Server thread/WARN] [net.minecraft.server.level.ServerLevel/]: Tried to add entity the_anomaly:anomaly_viewer but it was marked as removed already
[28Feb2025 08:53:16.717] [Server thread/WARN] [net.minecraft.server.level.ServerLevel/]: Tried to add entity the_anomaly:anomaly_viewer but it was marked as removed already
[28Feb2025 08:53:16.817] [Server thread/WARN] [net.minecraft.server.level.ServerLevel/]: Tried to add entity the_anomaly:anomaly_viewer but it was marked as removed already
[28Feb2025 08:53:16.867] [Server thread/WARN] [net.minecraft.server.level.ServerLevel/]: Tried to add entity the_anomaly:anomaly_viewer but it was marked as removed already
[28Feb2025 08:53:17.167] [Server thread/WARN] [net.minecraft.server.level.ServerLevel/]: Tried to add entity the_anomaly:anomaly_trap but it was marked as removed already
[28Feb2025 08:53:17.267] [Server thread/WARN] [net.minecraft.server.level.ServerLevel/]: Tried to add entity the_anomaly:anomaly_trap but it was marked as removed already
[28Feb2025 08:53:17.268] [Server thread/WARN] [net.minecraft.server.level.ServerLevel/]: Tried to add entity the_anomaly:anomaly_viewer but it was marked as removed already
[28Feb2025 08:53:28.317] [Server thread/WARN] [net.minecraft.server.level.ServerLevel/]: Tried to add entity the_anomaly:anomaly_viewer but it was marked as removed already
[28Feb2025 08:53:33.217] [Server thread/WARN] [net.minecraft.server.level.ServerLevel/]: Tried to add entity the_anomaly:anomaly_trap but it was marked as removed already
[28Feb2025 08:53:33.668] [Server thread/WARN] [net.minecraft.server.level.ServerLevel/]: Tried to add entity the_anomaly:anomaly_trap but it was marked as removed already
[28Feb2025 08:53:33.717] [Server thread/WARN] [net.minecraft.server.level.ServerLevel/]: Tried to add entity the_anomaly:anomaly_viewer but it was marked as removed already
[28Feb2025 08:53:33.767] [Server thread/WARN] [net.minecraft.server.level.ServerLevel/]: Tried to add entity the_anomaly:anomaly_viewer but it was marked as removed already
[28Feb2025 08:53:43.667] [Server thread/WARN] [net.minecraft.server.level.ServerLevel/]: Tried to add entity the_anomaly:anomaly_trap but it was marked as removed already
[28Feb2025 08:53:45.767] [Server thread/WARN] [net.minecraft.server.level.ServerLevel/]: Tried to add entity the_anomaly:anomaly_viewer but it was marked as removed already
[28Feb2025 08:53:45.767] [Server thread/WARN] [net.minecraft.server.level.ServerLevel/]: Tried to add entity the_anomaly:anomaly_trap but it was marked as removed already
[28Feb2025 08:53:50.916] [Server thread/WARN] [net.minecraft.server.level.ServerLevel/]: Tried to add entity the_anomaly:anomaly_trap but it was marked as removed already
[28Feb2025 08:53:53.317] [Server thread/WARN] [net.minecraft.server.level.ServerLevel/]: Tried to add entity the_anomaly:anomaly_viewer but it was marked as removed already
[28Feb2025 08:53:56.017] [Server thread/WARN] [net.minecraft.server.level.ServerLevel/]: Tried to add entity the_anomaly:anomaly_trap but it was marked as removed already
[28Feb2025 08:53:57.116] [Server thread/WARN] [net.minecraft.server.level.ServerLevel/]: Tried to add entity the_anomaly:anomaly_trap but it was marked as removed already
[28Feb2025 08:53:57.167] [Server thread/WARN] [net.minecraft.server.level.ServerLevel/]: Tried to add entity the_anomaly:anomaly_trap but it was marked as removed already
[28Feb2025 08:53:57.316] [Server thread/WARN] [net.minecraft.server.level.ServerLevel/]: Tried to add entity the_anomaly:anomaly_trap but it was marked as removed already
[28Feb2025 08:54:05.967] [Server thread/WARN] [net.minecraft.server.level.ServerLevel/]: Tried to add entity the_anomaly:anomaly_viewer but it was marked as removed already
[28Feb2025 08:54:06.067] [Server thread/WARN] [net.minecraft.server.level.ServerLevel/]: Tried to add entity the_anomaly:anomaly_trap but it was marked as removed already
[28Feb2025 08:54:13.517] [Server thread/WARN] [net.minecraft.server.level.ServerLevel/]: Tried to add entity the_anomaly:anomaly_viewer but it was marked as removed already
[28Feb2025 08:54:15.617] [Server thread/WARN] [net.minecraft.server.level.ServerLevel/]: Tried to add entity the_anomaly:anomaly_trap but it was marked as removed already
[28Feb2025 08:54:15.617] [Server thread/WARN] [net.minecraft.server.level.ServerLevel/]: Tried to add entity the_anomaly:anomaly_trap but it was marked as removed already
[28Feb2025 08:54:15.766] [Server thread/WARN] [net.minecraft.server.level.ServerLevel/]: Tried to add entity the_anomaly:anomaly_viewer but it was marked as removed already
[28Feb2025 08:54:15.817] [Server thread/WARN] [net.minecraft.server.level.ServerLevel/]: Tried to add entity the_anomaly:anomaly_trap but it was marked as removed already
[28Feb2025 08:54:15.967] [Server thread/WARN] [net.minecraft.server.level.ServerLevel/]: Tried to add entity the_anomaly:anomaly_trap but it was marked as removed already
[28Feb2025 08:54:16.266] [Server thread/WARN] [net.minecraft.server.level.ServerLevel/]: Tried to add entity the_anomaly:anomaly_trap but it was marked as removed already
[28Feb2025 08:54:16.667] [Server thread/WARN] [net.minecraft.server.level.ServerLevel/]: Tried to add entity the_anomaly:anomaly_viewer but it was marked as removed already
[28Feb2025 08:54:19.566] [Server thread/WARN] [net.minecraft.server.level.ServerLevel/]: Tried to add entity the_anomaly:anomaly_viewer but it was marked as removed already
[28Feb2025 08:54:19.618] [Server thread/WARN] [net.minecraft.server.level.ServerLevel/]: Tried to add entity the_anomaly:anomaly_trap but it was marked as removed already
[28Feb2025 08:54:19.917] [Server thread/WARN] [net.minecraft.server.level.ServerLevel/]: Tried to add entity the_anomaly:anomaly_viewer but it was marked as removed already
[28Feb2025 08:54:24.118] [Server thread/WARN] [net.minecraft.server.level.ServerLevel/]: Tried to add entity the_anomaly:anomaly_trap but it was marked as removed already
[28Feb2025 08:54:24.367] [Server thread/WARN] [net.minecraft.server.level.ServerLevel/]: Tried to add entity the_anomaly:anomaly_trap but it was marked as removed already
[28Feb2025 08:54:24.417] [Server thread/WARN] [net.minecraft.server.level.ServerLevel/]: Tried to add entity the_anomaly:anomaly_viewer but it was marked as removed already
[28Feb2025 08:54:25.417] [Server thread/WARN] [net.minecraft.server.level.ServerLevel/]: Tried to add entity the_anomaly:anomaly_viewer but it was marked as removed already
[28Feb2025 08:54:28.918] [Server thread/WARN] [net.minecraft.server.level.ServerLevel/]: Tried to add entity the_anomaly:anomaly_viewer but it was marked as removed already
[28Feb2025 08:54:29.117] [Server thread/WARN] [net.minecraft.server.level.ServerLevel/]: Tried to add entity the_anomaly:anomaly_viewer but it was marked as removed already
[28Feb2025 08:54:29.367] [Server thread/WARN] [net.minecraft.server.level.ServerLevel/]: Tried to add entity the_anomaly:anomaly_viewer but it was marked as removed already
[28Feb2025 08:54:29.968] [Server thread/WARN] [net.minecraft.server.level.ServerLevel/]: Tried to add entity the_anomaly:anomaly_viewer but it was marked as removed already
[28Feb2025 08:54:30.018] [Server thread/WARN] [net.minecraft.server.level.ServerLevel/]: Tried to add entity the_anomaly:anomaly_trap but it was marked as removed already
[28Feb2025 08:54:30.018] [Server thread/WARN] [net.minecraft.server.level.ServerLevel/]: Tried to add entity the_anomaly:anomaly_viewer but it was marked as removed already
[28Feb2025 08:54:30.117] [Server thread/WARN] [net.minecraft.server.level.ServerLevel/]: Tried to add entity the_anomaly:anomaly_trap but it was marked as removed already
[28Feb2025 08:54:30.417] [Server thread/WARN] [net.minecraft.server.level.ServerLevel/]: Tried to add entity the_anomaly:anomaly_viewer but it was marked as removed already
[28Feb2025 08:54:30.567] [Server thread/WARN] [net.minecraft.server.level.ServerLevel/]: Tried to add entity the_anomaly:anomaly_trap but it was marked as removed already
[28Feb2025 08:54:32.217] [Server thread/WARN] [net.minecraft.server.level.ServerLevel/]: Tried to add entity the_anomaly:anomaly_trap but it was marked as removed already
[28Feb2025 08:54:32.367] [Server thread/WARN] [net.minecraft.server.level.ServerLevel/]: Tried to add entity the_anomaly:anomaly_trap but it was marked as removed already
[28Feb2025 08:54:32.418] [Server thread/WARN] [net.minecraft.server.level.ServerLevel/]: Tried to add entity the_anomaly:anomaly_trap but it was marked as removed already
[28Feb2025 08:54:33.968] [Server thread/WARN] [net.minecraft.server.level.ServerLevel/]: Tried to add entity the_anomaly:anomaly_escape but it was marked as removed already
[28Feb2025 08:54:34.068] [Server thread/WARN] [net.minecraft.server.level.ServerLevel/]: Tried to add entity the_anomaly:anomaly_viewer but it was marked as removed already
[28Feb2025 08:54:34.118] [Server thread/WARN] [net.minecraft.server.level.ServerLevel/]: Tried to add entity the_anomaly:anomaly_escape but it was marked as removed already
[28Feb2025 08:54:34.567] [Server thread/WARN] [net.minecraft.server.level.ServerLevel/]: Tried to add entity the_anomaly:anomaly_viewer but it was marked as removed already
[28Feb2025 08:54:34.618] [Server thread/WARN] [net.minecraft.server.level.ServerLevel/]: Tried to add entity the_anomaly:anomaly_trap but it was marked as removed already
[28Feb2025 08:54:34.967] [Server thread/WARN] [net.minecraft.server.level.ServerLevel/]: Tried to add entity the_anomaly:anomaly_viewer but it was marked as removed already
[28Feb2025 08:54:35.167] [Server thread/WARN] [net.minecraft.server.level.ServerLevel/]: Tried to add entity the_anomaly:anomaly_trap but it was marked as removed already
[28Feb2025 08:54:39.117] [Server thread/WARN] [net.minecraft.server.level.ServerLevel/]: Tried to add entity the_anomaly:anomaly_trap but it was marked as removed already
[28Feb2025 08:54:44.367] [Server thread/WARN] [net.minecraft.server.level.ServerLevel/]: Tried to add entity the_anomaly:anomaly_viewer but it was marked as removed already
[28Feb2025 08:54:45.868] [Server thread/WARN] [net.minecraft.server.level.ServerLevel/]: Tried to add entity the_anomaly:anomaly_escape but it was marked as removed already
[28Feb2025 08:54:45.868] [Server thread/WARN] [net.minecraft.server.level.ServerLevel/]: Tried to add entity the_anomaly:anomaly_viewer but it was marked as removed already
[28Feb2025 08:54:45.917] [Server thread/WARN] [net.minecraft.server.level.ServerLevel/]: Tried to add entity the_anomaly:anomaly_escape but it was marked as removed already
[28Feb2025 08:54:48.017] [Server thread/WARN] [net.minecraft.server.level.ServerLevel/]: Tried to add entity the_anomaly:anomaly_escape but it was marked as removed already
[28Feb2025 08:54:48.268] [Server thread/WARN] [net.minecraft.server.level.ServerLevel/]: Tried to add entity the_anomaly:anomaly_viewer but it was marked as removed already
[28Feb2025 08:54:48.518] [Server thread/WARN] [net.minecraft.server.level.ServerLevel/]: Tried to add entity the_anomaly:anomaly_escape but it was marked as removed already
[28Feb2025 08:54:49.518] [Server thread/WARN] [net.minecraft.server.level.ServerLevel/]: Tried to add entity the_anomaly:anomaly_viewer but it was marked as removed already
[28Feb2025 08:54:51.017] [Server thread/WARN] [net.minecraft.server.level.ServerLevel/]: Tried to add entity the_anomaly:anomaly_trap but it was marked as removed already
[28Feb2025 08:54:51.667] [Server thread/WARN] [net.minecraft.server.level.ServerLevel/]: Tried to add entity the_anomaly:anomaly_escape but it was marked as removed already
[28Feb2025 08:54:51.817] [Server thread/WARN] [net.minecraft.server.level.ServerLevel/]: Tried to add entity the_anomaly:anomaly_viewer but it was marked as removed already
[28Feb2025 08:54:54.517] [Server thread/WARN] [net.minecraft.server.level.ServerLevel/]: Tried to add entity the_anomaly:anomaly_escape but it was marked as removed already
[28Feb2025 08:54:56.067] [Server thread/WARN] [net.minecraft.server.level.ServerLevel/]: Tried to add entity the_anomaly:anomaly_trap but it was marked as removed already
[28Feb2025 08:55:01.467] [Server thread/WARN] [net.minecraft.server.level.ServerLevel/]: Tried to add entity the_anomaly:anomaly_viewer but it was marked as removed already
[28Feb2025 08:55:01.618] [Server thread/WARN] [net.minecraft.server.level.ServerLevel/]: Tried to add entity the_anomaly:anomaly_viewer but it was marked as removed already
[28Feb2025 08:55:03.068] [Server thread/WARN] [net.minecraft.server.level.ServerLevel/]: Tried to add entity the_anomaly:anomaly_trap but it was marked as removed already
[28Feb2025 08:55:03.068] [Server thread/WARN] [net.minecraft.server.level.ServerLevel/]: Tried to add entity the_anomaly:anomaly_viewer but it was marked as removed already
[28Feb2025 08:55:03.168] [Server thread/WARN] [net.minecraft.server.level.ServerLevel/]: Tried to add entity the_anomaly:anomaly_viewer but it was marked as removed already
[28Feb2025 08:55:03.417] [Server thread/WARN] [net.minecraft.server.level.ServerLevel/]: Tried to add entity the_anomaly:anomaly_trap but it was marked as removed already
[28Feb2025 08:55:05.317] [Server thread/WARN] [net.minecraft.server.level.ServerLevel/]: Tried to add entity the_anomaly:anomaly_viewer but it was marked as removed already
[28Feb2025 08:55:05.667] [Server thread/WARN] [net.minecraft.server.level.ServerLevel/]: Tried to add entity the_anomaly:anomaly_viewer but it was marked as removed already
[28Feb2025 08:55:06.317] [Server thread/WARN] [net.minecraft.server.level.ServerLevel/]: Tried to add entity the_anomaly:anomaly_trap but it was marked as removed already
[28Feb2025 08:55:06.567] [Server thread/WARN] [net.minecraft.server.level.ServerLevel/]: Tried to add entity the_anomaly:anomaly_viewer but it was marked as removed already
[28Feb2025 08:55:08.717] [Server thread/WARN] [net.minecraft.server.level.ServerLevel/]: Tried to add entity the_anomaly:anomaly_trap but it was marked as removed already
[28Feb2025 08:55:08.717] [Server thread/WARN] [net.minecraft.server.level.ServerLevel/]: Tried to add entity the_anomaly:anomaly_viewer but it was marked as removed already
[28Feb2025 08:55:08.817] [Server thread/WARN] [net.minecraft.server.level.ServerLevel/]: Tried to add entity the_anomaly:anomaly_viewer but it was marked as removed already
[28Feb2025 08:55:08.917] [Server thread/WARN] [net.minecraft.server.level.ServerLevel/]: Tried to add entity the_anomaly:anomaly_trap but it was marked as removed already
[28Feb2025 08:55:09.016] [Server thread/WARN] [net.minecraft.server.level.ServerLevel/]: Tried to add entity the_anomaly:anomaly_viewer but it was marked as removed already
[28Feb2025 08:55:09.767] [Server thread/WARN] [net.minecraft.server.level.ServerLevel/]: Tried to add entity the_anomaly:anomaly_trap but it was marked as removed already
[28Feb2025 08:55:13.750] [Server thread/INFO] [net.minecraft.server.MinecraftServer/]: [YAMAPROSIH: Summoned new The Damned]
[28Feb2025 08:55:15.017] [Server thread/WARN] [net.minecraft.server.level.ServerLevel/]: Tried to add entity the_anomaly:anomaly_trap but it was marked as removed already
[28Feb2025 08:55:15.117] [Server thread/WARN] [net.minecraft.server.level.ServerLevel/]: Tried to add entity the_anomaly:anomaly_viewer but it was marked as removed already
[28Feb2025 08:55:17.294] [Server thread/INFO] [net.minecraftforge.common.AdvancementLoadFix/]: Using new advancement loading for net.minecraft.server.PlayerAdvancements@1d32436f
[28Feb2025 08:55:17.304] [Server thread/INFO] [net.minecraft.server.players.PlayerList/]: Achbar[/127.95.219.121:59481] logged in with entity id 9584 at (56.99797873469816, 76.02376149677067, -16.920032452765305)
[28Feb2025 08:55:17.329] [Server thread/INFO] [net.minecraft.server.MinecraftServer/]: Achbar joined the game
[28Feb2025 08:55:18.317] [Server thread/WARN] [net.minecraft.server.level.ServerLevel/]: Tried to add entity the_anomaly:anomaly_trap but it was marked as removed already
[28Feb2025 08:55:18.367] [Server thread/WARN] [net.minecraft.server.level.ServerLevel/]: Tried to add entity the_anomaly:anomaly_trap but it was marked as removed already
[28Feb2025 08:55:22.166] [Server thread/WARN] [net.minecraft.server.level.ServerLevel/]: Tried to add entity the_anomaly:anomaly_trap but it was marked as removed already
[28Feb2025 08:55:22.268] [Server thread/WARN] [net.minecraft.server.level.ServerLevel/]: Tried to add entity the_anomaly:anomaly_viewer but it was marked as removed already
[28Feb2025 08:55:22.467] [Server thread/WARN] [net.minecraft.server.level.ServerLevel/]: Tried to add entity the_anomaly:anomaly_viewer but it was marked as removed already
[28Feb2025 08:55:22.617] [Server thread/WARN] [net.minecraft.server.level.ServerLevel/]: Tried to add entity the_anomaly:anomaly_trap but it was marked as removed already
[28Feb2025 08:55:23.967] [Server thread/WARN] [net.minecraft.server.level.ServerLevel/]: Tried to add entity the_anomaly:anomaly_viewer but it was marked as removed already
[28Feb2025 08:55:23.968] [Server thread/WARN] [net.minecraft.server.level.ServerLevel/]: Tried to add entity the_anomaly:anomaly_trap but it was marked as removed already
[28Feb2025 08:55:24.117] [Server thread/WARN] [net.minecraft.server.level.ServerLevel/]: Tried to add entity the_anomaly:anomaly_viewer but it was marked as removed already
[28Feb2025 08:55:24.217] [Server thread/WARN] [net.minecraft.server.level.ServerLevel/]: Tried to add entity the_anomaly:anomaly_viewer but it was marked as removed already
[28Feb2025 08:55:25.117] [Server thread/WARN] [net.minecraft.server.level.ServerLevel/]: Tried to add entity the_anomaly:anomaly_viewer but it was marked as removed already
[28Feb2025 08:55:27.267] [Server thread/WARN] [net.minecraft.server.level.ServerLevel/]: Tried to add entity the_anomaly:anomaly_viewer but it was marked as removed already
[28Feb2025 08:55:29.043] [Server thread/INFO] [net.minecraft.server.MinecraftServer/]: [Achbar: Set own game mode to Creative Mode]
[28Feb2025 08:55:29.618] [Server thread/WARN] [net.minecraft.server.level.ServerLevel/]: Tried to add entity the_anomaly:anomaly_trap but it was marked as removed already
[28Feb2025 08:55:30.468] [Server thread/WARN] [net.minecraft.server.level.ServerLevel/]: Tried to add entity the_anomaly:anomaly_viewer but it was marked as removed already
[28Feb2025 08:55:30.918] [Server thread/WARN] [net.minecraft.server.level.ServerLevel/]: Tried to add entity the_anomaly:anomaly_trap but it was marked as removed already
[28Feb2025 08:55:31.067] [Server thread/WARN] [net.minecraft.server.level.ServerLevel/]: Tried to add entity the_anomaly:anomaly_viewer but it was marked as removed already
[28Feb2025 08:55:31.418] [Server thread/WARN] [net.minecraft.server.level.ServerLevel/]: Tried to add entity the_anomaly:anomaly_trap but it was marked as removed already
[28Feb2025 08:55:31.517] [Server thread/WARN] [net.minecraft.server.level.ServerLevel/]: Tried to add entity the_anomaly:anomaly_visitor but it was marked as removed already
[28Feb2025 08:55:31.518] [Server thread/WARN] [net.minecraft.server.level.ServerLevel/]: Tried to add entity the_anomaly:anomaly_viewer but it was marked as removed already
[28Feb2025 08:55:31.518] [Server thread/WARN] [net.minecraft.server.level.ServerLevel/]: Tried to add entity the_anomaly:anomaly_viewer but it was marked as removed already
[28Feb2025 08:55:31.519] [Server thread/WARN] [net.minecraft.server.level.ServerLevel/]: Tried to add entity the_anomaly:anomaly_trap but it was marked as removed already
[28Feb2025 08:55:31.566] [Server thread/WARN] [net.minecraft.server.level.ServerLevel/]: Tried to add entity the_anomaly:anomaly_trap but it was marked as removed already
[28Feb2025 08:55:31.667] [Server thread/WARN] [net.minecraft.server.level.ServerLevel/]: Tried to add entity the_anomaly:anomaly_viewer but it was marked as removed already
[28Feb2025 08:55:31.769] [Server thread/WARN] [net.minecraft.server.level.ServerLevel/]: Tried to add entity the_anomaly:anomaly_viewer but it was marked as removed already
[28Feb2025 08:55:32.118] [Server thread/WARN] [net.minecraft.server.level.ServerLevel/]: Tried to add entity the_anomaly:anomaly_escape but it was marked as removed already
[28Feb2025 08:55:32.216] [Server thread/WARN] [net.minecraft.server.level.ServerLevel/]: Tried to add entity the_anomaly:anomaly_trap but it was marked as removed already
[28Feb2025 08:55:32.368] [Server thread/WARN] [net.minecraft.server.level.ServerLevel/]: Tried to add entity the_anomaly:anomaly_viewer but it was marked as removed already
[28Feb2025 08:55:32.467] [Server thread/WARN] [net.minecraft.server.level.ServerLevel/]: Tried to add entity the_anomaly:anomaly_trap but it was marked as removed already
[28Feb2025 08:55:32.567] [Server thread/WARN] [net.minecraft.server.level.ServerLevel/]: Tried to add entity the_anomaly:anomaly_viewer but it was marked as removed already
[28Feb2025 08:55:32.568] [Server thread/WARN] [net.minecraft.server.level.ServerLevel/]: Tried to add entity the_anomaly:anomaly_viewer but it was marked as removed already
[28Feb2025 08:55:32.618] [Server thread/WARN] [net.minecraft.server.level.ServerLevel/]: Tried to add entity the_anomaly:anomaly_trap but it was marked as removed already
[28Feb2025 08:55:32.717] [Server thread/WARN] [net.minecraft.server.level.ServerLevel/]: Tried to add entity the_anomaly:anomaly_viewer but it was marked as removed already
[28Feb2025 08:55:32.718] [Server thread/WARN] [net.minecraft.server.level.ServerLevel/]: Tried to add entity the_anomaly:anomaly_trap but it was marked as removed already
[28Feb2025 08:55:32.719] [Server thread/WARN] [net.minecraft.server.level.ServerLevel/]: Tried to add entity the_anomaly:anomaly_viewer but it was marked as removed already
[28Feb2025 08:55:32.868] [Server thread/WARN] [net.minecraft.server.level.ServerLevel/]: Tried to add entity the_anomaly:anomaly_trap but it was marked as removed already
[28Feb2025 08:55:32.870] [Server thread/WARN] [net.minecraft.server.level.ServerLevel/]: Tried to add entity the_anomaly:anomaly_escape but it was marked as removed already
[28Feb2025 08:55:32.917] [Server thread/WARN] [net.minecraft.server.level.ServerLevel/]: Tried to add entity the_anomaly:anomaly_visitor_2 but it was marked as removed already
[28Feb2025 08:55:32.967] [Server thread/WARN] [net.minecraft.server.level.ServerLevel/]: Tried to add entity the_anomaly:anomaly_viewer but it was marked as removed already
[28Feb2025 08:55:32.969] [Server thread/WARN] [net.minecraft.server.level.ServerLevel/]: Tried to add entity the_anomaly:anomaly_trap but it was marked as removed already
[28Feb2025 08:55:33.484] [Server thread/WARN] [net.minecraft.server.level.ServerLevel/]: Tried to add entity the_anomaly:anomaly_viewer but it was marked as removed already
[28Feb2025 08:55:33.485] [Server thread/WARN] [net.minecraft.server.level.ServerLevel/]: Tried to add entity the_anomaly:anomaly_viewer but it was marked as removed already
[28Feb2025 08:55:33.918] [Server thread/WARN] [net.minecraft.server.level.ServerLevel/]: Tried to add entity the_anomaly:anomaly_trap but it was marked as removed already
[28Feb2025 08:55:34.017] [Server thread/WARN] [net.minecraft.server.level.ServerLevel/]: Tried to add entity the_anomaly:anomaly_trap but it was marked as removed already
[28Feb2025 08:55:34.218] [Server thread/WARN] [net.minecraft.server.level.ServerLevel/]: Tried to add entity the_anomaly:anomaly_trap but it was marked as removed already
[28Feb2025 08:55:34.218] [Server thread/WARN] [net.minecraft.server.level.ServerLevel/]: Tried to add entity the_anomaly:anomaly_trap but it was marked as removed already
[28Feb2025 08:55:34.218] [Server thread/WARN] [net.minecraft.server.level.ServerLevel/]: Tried to add entity the_anomaly:anomaly_escape but it was marked as removed already
[28Feb2025 08:55:34.416] [Server thread/WARN] [net.minecraft.server.level.ServerLevel/]: Tried to add entity the_anomaly:anomaly_trap but it was marked as removed already
[28Feb2025 08:55:34.617] [Server thread/WARN] [net.minecraft.server.level.ServerLevel/]: Tried to add entity the_anomaly:anomaly_trap but it was marked as removed already
[28Feb2025 08:55:34.619] [Server thread/WARN] [net.minecraft.server.level.ServerLevel/]: Tried to add entity the_anomaly:anomaly_escape but it was marked as removed already
[28Feb2025 08:55:34.667] [Server thread/WARN] [net.minecraft.server.level.ServerLevel/]: Tried to add entity the_anomaly:anomaly_viewer but it was marked as removed already
[28Feb2025 08:55:34.717] [Server thread/WARN] [net.minecraft.server.level.ServerLevel/]: Tried to add entity the_anomaly:anomaly_trap but it was marked as removed already
[28Feb2025 08:55:35.119] [Server thread/WARN] [net.minecraft.server.level.ServerLevel/]: Tried to add entity the_anomaly:anomaly_trap but it was marked as removed already
[28Feb2025 08:55:35.167] [Server thread/WARN] [net.minecraft.server.level.ServerLevel/]: Tried to add entity the_anomaly:anomaly_viewer but it was marked as removed already
[28Feb2025 08:55:35.167] [Server thread/WARN] [net.minecraft.server.level.ServerLevel/]: Tried to add entity the_anomaly:anomaly_trap but it was marked as removed already
[28Feb2025 08:55:35.169] [Server thread/WARN] [net.minecraft.server.level.ServerLevel/]: Tried to add entity the_anomaly:anomaly_escape but it was marked as removed already
[28Feb2025 08:55:35.267] [Server thread/WARN] [net.minecraft.server.level.ServerLevel/]: Tried to add entity the_anomaly:anomaly_trap but it was marked as removed already
[28Feb2025 08:55:35.268] [Server thread/WARN] [net.minecraft.server.level.ServerLevel/]: Tried to add entity the_anomaly:anomaly_trap but it was marked as removed already
[28Feb2025 08:55:35.269] [Server thread/WARN] [net.minecraft.server.level.ServerLevel/]: Tried to add entity the_anomaly:anomaly_escape but it was marked as removed already
[28Feb2025 08:55:35.269] [Server thread/WARN] [net.minecraft.server.level.ServerLevel/]: Tried to add entity the_anomaly:anomaly_trap but it was marked as removed already
[28Feb2025 08:55:35.518] [Server thread/WARN] [net.minecraft.server.level.ServerLevel/]: Tried to add entity the_anomaly:anomaly_trap but it was marked as removed already
[28Feb2025 08:55:35.519] [Server thread/WARN] [net.minecraft.server.level.ServerLevel/]: Tried to add entity the_anomaly:anomaly_trap but it was marked as removed already
[28Feb2025 08:55:35.620] [Server thread/WARN] [net.minecraft.server.level.ServerLevel/]: Tried to add entity the_anomaly:anomaly_escape but it was marked as removed already
[28Feb2025 08:55:36.068] [Server thread/WARN] [net.minecraft.server.level.ServerLevel/]: Tried to add entity the_anomaly:anomaly_trap but it was marked as removed already
[28Feb2025 08:55:36.070] [Server thread/WARN] [net.minecraft.server.level.ServerLevel/]: Tried to add entity the_anomaly:anomaly_visitor but it was marked as removed already
[28Feb2025 08:55:36.092] [Server thread/INFO] [net.minecraft.server.MinecraftServer/]: [Not Secure] <gamerku> weh gmc
[28Feb2025 08:55:36.269] [Server thread/WARN] [net.minecraft.server.level.ServerLevel/]: Tried to add entity the_anomaly:anomaly_escape but it was marked as removed already
[28Feb2025 08:55:36.418] [Server thread/WARN] [net.minecraft.server.level.ServerLevel/]: Tried to add entity the_anomaly:anomaly_trap but it was marked as removed already
[28Feb2025 08:55:36.467] [Server thread/WARN] [net.minecraft.server.level.ServerLevel/]: Tried to add entity the_anomaly:anomaly_viewer but it was marked as removed already
[28Feb2025 08:55:36.517] [Server thread/WARN] [net.minecraft.server.level.ServerLevel/]: Tried to add entity the_anomaly:anomaly_trap but it was marked as removed already
[28Feb2025 08:55:36.669] [Server thread/WARN] [net.minecraft.server.level.ServerLevel/]: Tried to add entity the_anomaly:anomaly_trap but it was marked as removed already
[28Feb2025 08:55:36.867] [Server thread/WARN] [net.minecraft.server.level.ServerLevel/]: Tried to add entity the_anomaly:anomaly_trap but it was marked as removed already
[28Feb2025 08:55:37.018] [Server thread/WARN] [net.minecraft.server.level.ServerLevel/]: Tried to add entity the_anomaly:anomaly_trap but it was marked as removed already
[28Feb2025 08:55:37.068] [Server thread/WARN] [net.minecraft.server.level.ServerLevel/]: Tried to add entity the_anomaly:anomaly_viewer but it was marked as removed already
[28Feb2025 08:55:37.418] [Server thread/WARN] [net.minecraft.server.level.ServerLevel/]: Tried to add entity the_anomaly:anomaly_escape but it was marked as removed already
[28Feb2025 08:55:37.567] [Server thread/WARN] [net.minecraft.server.level.ServerLevel/]: Tried to add entity the_anomaly:anomaly_viewer but it was marked as removed already
[28Feb2025 08:55:37.618] [Server thread/WARN] [net.minecraft.server.level.ServerLevel/]: Tried to add entity the_anomaly:anomaly_escape but it was marked as removed already
[28Feb2025 08:55:37.668] [Server thread/WARN] [net.minecraft.server.level.ServerLevel/]: Tried to add entity the_anomaly:anomaly_trap but it was marked as removed already
[28Feb2025 08:55:37.967] [Server thread/WARN] [net.minecraft.server.level.ServerPlayerGameMode/]: Mismatch in destroy block pos: BlockPos{x=0, y=0, z=0} BlockPos{x=-46, y=74, z=-119}
[28Feb2025 08:55:37.970] [Server thread/WARN] [net.minecraft.server.level.ServerLevel/]: Tried to add entity the_anomaly:anomaly_escape but it was marked as removed already
[28Feb2025 08:55:38.069] [Server thread/WARN] [net.minecraft.server.level.ServerLevel/]: Tried to add entity the_anomaly:anomaly_viewer but it was marked as removed already
[28Feb2025 08:55:38.268] [Server thread/WARN] [net.minecraft.server.level.ServerLevel/]: Tried to add entity the_anomaly:anomaly_trap but it was marked as removed already
[28Feb2025 08:55:38.418] [Server thread/WARN] [net.minecraft.server.level.ServerLevel/]: Tried to add entity the_anomaly:anomaly_trap but it was marked as removed already
[28Feb2025 08:55:38.618] [Server thread/WARN] [net.minecraft.server.level.ServerLevel/]: Tried to add entity the_anomaly:anomaly_trap but it was marked as removed already
[28Feb2025 08:55:38.618] [Server thread/WARN] [net.minecraft.server.level.ServerLevel/]: Tried to add entity the_anomaly:anomaly_escape but it was marked as removed already
[28Feb2025 08:55:38.619] [Server thread/WARN] [net.minecraft.server.level.ServerLevel/]: Tried to add entity the_anomaly:anomaly_trap but it was marked as removed already
[28Feb2025 08:55:38.669] [Server thread/WARN] [net.minecraft.server.level.ServerLevel/]: Tried to add entity the_anomaly:anomaly_viewer but it was marked as removed already
[28Feb2025 08:55:38.867] [Server thread/WARN] [net.minecraft.server.level.ServerLevel/]: Tried to add entity the_anomaly:anomaly_trap but it was marked as removed already
[28Feb2025 08:55:39.318] [Server thread/WARN] [net.minecraft.server.level.ServerLevel/]: Tried to add entity the_anomaly:anomaly_escape but it was marked as removed already
[28Feb2025 08:55:39.318] [Server thread/WARN] [net.minecraft.server.level.ServerLevel/]: Tried to add entity the_anomaly:anomaly_trap but it was marked as removed already
[28Feb2025 08:55:39.368] [Server thread/WARN] [net.minecraft.server.level.ServerLevel/]: Tried to add entity the_anomaly:anomaly_escape but it was marked as removed already
[28Feb2025 08:55:39.389] [Server thread/INFO] [net.minecraft.server.MinecraftServer/]: [Achbar: Teleported Achbar to gamerku]
[28Feb2025 08:55:39.417] [Server thread/WARN] [net.minecraft.server.level.ServerLevel/]: Tried to add entity the_anomaly:anomaly_trap but it was marked as removed already
[28Feb2025 08:55:39.418] [Server thread/WARN] [net.minecraft.server.level.ServerLevel/]: Tried to add entity the_anomaly:anomaly_trap but it was marked as removed already
[28Feb2025 08:55:44.019] [Server thread/WARN] [net.minecraft.server.level.ServerLevel/]: Tried to add entity the_anomaly:anomaly_viewer but it was marked as removed already
[28Feb2025 08:55:44.068] [Server thread/WARN] [net.minecraft.server.level.ServerLevel/]: Tried to add entity the_anomaly:anomaly_trap but it was marked as removed already
[28Feb2025 08:55:44.165] [Server thread/INFO] [net.minecraft.server.MinecraftServer/]: [Achbar: Set own game mode to Survival Mode]
[28Feb2025 08:55:44.386] [Server thread/INFO] [net.minecraft.server.MinecraftServer/]: [Not Secure] <gamerku> a
[28Feb2025 08:55:44.985] [Server thread/INFO] [net.minecraft.server.MinecraftServer/]: [Not Secure] <gamerku> tes
[28Feb2025 08:55:46.467] [Server thread/WARN] [net.minecraft.server.level.ServerLevel/]: Tried to add entity the_anomaly:anomaly_viewer but it was marked as removed already
[28Feb2025 08:55:47.435] [Server thread/INFO] [net.minecraft.server.MinecraftServer/]: [Not Secure] <gamerku> sek madang
[28Feb2025 08:55:49.567] [Server thread/WARN] [net.minecraft.server.level.ServerLevel/]: Tried to add entity the_anomaly:anomaly_escape but it was marked as removed already
[28Feb2025 08:55:49.618] [Server thread/WARN] [net.minecraft.server.level.ServerLevel/]: Tried to add entity the_anomaly:anomaly_trap but it was marked as removed already
[28Feb2025 08:55:49.718] [Server thread/WARN] [net.minecraft.server.level.ServerLevel/]: Tried to add entity the_anomaly:anomaly_trap but it was marked as removed already
[28Feb2025 08:55:49.768] [Server thread/WARN] [net.minecraft.server.level.ServerLevel/]: Tried to add entity the_anomaly:anomaly_viewer but it was marked as removed already
[28Feb2025 08:55:49.967] [Server thread/WARN] [net.minecraft.server.level.ServerLevel/]: Tried to add entity the_anomaly:anomaly_viewer but it was marked as removed already
[28Feb2025 08:55:49.968] [Server thread/WARN] [net.minecraft.server.level.ServerLevel/]: Tried to add entity the_anomaly:anomaly_escape but it was marked as removed already
[28Feb2025 08:55:50.018] [Server thread/WARN] [net.minecraft.server.level.ServerLevel/]: Tried to add entity the_anomaly:anomaly_viewer but it was marked as removed already
[28Feb2025 08:55:50.618] [Server thread/WARN] [net.minecraft.server.level.ServerLevel/]: Tried to add entity the_anomaly:anomaly_escape but it was marked as removed already
[28Feb2025 08:55:51.106] [Server thread/INFO] [net.minecraft.server.MinecraftServer/]: [YAMAPROSIH: Teleported YAMAPROSIH to gamerku]
[28Feb2025 08:55:51.317] [Server thread/WARN] [net.minecraft.server.level.ServerLevel/]: Tried to add entity the_anomaly:anomaly_escape but it was marked as removed already
[28Feb2025 08:55:51.318] [Server thread/WARN] [net.minecraft.server.level.ServerLevel/]: Tried to add entity the_anomaly:anomaly_trap but it was marked as removed already
[28Feb2025 08:55:51.517] [Server thread/WARN] [net.minecraft.server.level.ServerLevel/]: Tried to add entity the_anomaly:anomaly_escape but it was marked as removed already
[28Feb2025 08:55:51.517] [Server thread/WARN] [net.minecraft.server.level.ServerLevel/]: Tried to add entity the_anomaly:anomaly_viewer but it was marked as removed already
[28Feb2025 08:55:51.566] [Server thread/WARN] [net.minecraft.server.level.ServerLevel/]: Tried to add entity the_anomaly:anomaly_viewer but it was marked as removed already
[28Feb2025 08:55:51.567] [Server thread/WARN] [net.minecraft.server.level.ServerLevel/]: Tried to add entity the_anomaly:anomaly_viewer but it was marked as removed already
[28Feb2025 08:55:51.766] [Server thread/WARN] [net.minecraft.server.level.ServerLevel/]: Tried to add entity the_anomaly:anomaly_trap but it was marked as removed already
[28Feb2025 08:55:51.816] [Server thread/WARN] [net.minecraft.server.level.ServerLevel/]: Tried to add entity the_anomaly:anomaly_escape but it was marked as removed already
[28Feb2025 08:55:52.017] [Server thread/WARN] [net.minecraft.server.level.ServerLevel/]: Tried to add entity the_anomaly:anomaly_escape but it was marked as removed already
[28Feb2025 08:55:52.018] [Server thread/WARN] [net.minecraft.server.level.ServerLevel/]: Tried to add entity the_anomaly:anomaly_trap but it was marked as removed already
[28Feb2025 08:55:52.018] [Server thread/WARN] [net.minecraft.server.level.ServerLevel/]: Tried to add entity the_anomaly:anomaly_trap but it was marked as removed already
[28Feb2025 08:55:52.252] [Server thread/WARN] [net.minecraft.server.level.ServerLevel/]: Tried to add entity the_anomaly:anomaly_trap but it was marked as removed already
[28Feb2025 08:55:52.288] [Server thread/WARN] [net.minecraft.server.level.ServerLevel/]: Tried to add entity the_anomaly:anomaly_viewer but it was marked as removed already
[28Feb2025 08:55:52.365] [Server thread/WARN] [net.minecraft.server.level.ServerLevel/]: Tried to add entity the_anomaly:anomaly_escape but it was marked as removed already
[28Feb2025 08:55:52.530] [Server thread/WARN] [net.minecraft.server.level.ServerLevel/]: Tried to add entity the_anomaly:anomaly_trap but it was marked as removed already
[28Feb2025 08:55:52.531] [Server thread/WARN] [net.minecraft.server.level.ServerLevel/]: Tried to add entity the_anomaly:anomaly_viewer but it was marked as removed already
[28Feb2025 08:55:52.839] [Server thread/WARN] [net.minecraft.server.level.ServerLevel/]: Tried to add entity the_anomaly:anomaly_viewer but it was marked as removed already
[28Feb2025 08:55:52.881] [Server thread/WARN] [net.minecraft.server.level.ServerLevel/]: Tried to add entity the_anomaly:anomaly_trap but it was marked as removed already
[28Feb2025 08:55:53.071] [Server thread/WARN] [net.minecraft.server.level.ServerLevel/]: Tried to add entity the_anomaly:anomaly_viewer but it was marked as removed already
[28Feb2025 08:55:53.217] [Server thread/WARN] [net.minecraft.server.level.ServerLevel/]: Tried to add entity the_anomaly:anomaly_trap but it was marked as removed already
[28Feb2025 08:55:53.466] [Server thread/WARN] [net.minecraft.server.level.ServerLevel/]: Tried to add entity the_anomaly:anomaly_viewer but it was marked as removed already
[28Feb2025 08:55:53.467] [Server thread/WARN] [net.minecraft.server.level.ServerLevel/]: Tried to add entity the_anomaly:anomaly_trap but it was marked as removed already
[28Feb2025 08:55:53.467] [Server thread/WARN] [net.minecraft.server.level.ServerLevel/]: Tried to add entity the_anomaly:anomaly_escape but it was marked as removed already
[28Feb2025 08:55:53.669] [Server thread/WARN] [net.minecraft.server.level.ServerLevel/]: Tried to add entity the_anomaly:anomaly_trap but it was marked as removed already
[28Feb2025 08:55:53.717] [Server thread/WARN] [net.minecraft.server.level.ServerLevel/]: Tried to add entity the_anomaly:anomaly_escape but it was marked as removed already
[28Feb2025 08:55:54.666] [Server thread/WARN] [net.minecraft.server.level.ServerLevel/]: Tried to add entity the_anomaly:anomaly_trap but it was marked as removed already
[28Feb2025 08:55:54.767] [Server thread/WARN] [net.minecraft.server.level.ServerLevel/]: Tried to add entity the_anomaly:anomaly_trap but it was marked as removed already
[28Feb2025 08:55:55.217] [Server thread/WARN] [net.minecraft.server.level.ServerLevel/]: Tried to add entity the_anomaly:anomaly_escape but it was marked as removed already
[28Feb2025 08:55:55.566] [Server thread/WARN] [net.minecraft.server.level.ServerLevel/]: Tried to add entity the_anomaly:anomaly_viewer but it was marked as removed already
[28Feb2025 08:55:55.866] [Server thread/WARN] [net.minecraft.server.level.ServerLevel/]: Tried to add entity the_anomaly:anomaly_escape but it was marked as removed already
[28Feb2025 08:55:58.167] [Server thread/WARN] [net.minecraft.server.level.ServerLevel/]: Tried to add entity the_anomaly:anomaly_viewer but it was marked as removed already
[28Feb2025 08:55:58.216] [Server thread/WARN] [net.minecraft.server.level.ServerLevel/]: Tried to add entity the_anomaly:anomaly_viewer but it was marked as removed already
[28Feb2025 08:55:58.316] [Server thread/WARN] [net.minecraft.server.level.ServerLevel/]: Tried to add entity the_anomaly:anomaly_trap but it was marked as removed already
[28Feb2025 08:56:05.768] [Server thread/WARN] [net.minecraft.server.level.ServerLevel/]: Tried to add entity the_anomaly:anomaly_viewer but it was marked as removed already
[28Feb2025 08:56:06.367] [Server thread/WARN] [net.minecraft.server.level.ServerLevel/]: Tried to add entity the_anomaly:anomaly_visitor_2 but it was marked as removed already
[28Feb2025 08:56:07.317] [Server thread/WARN] [net.minecraft.server.level.ServerLevel/]: Tried to add entity the_anomaly:anomaly_viewer but it was marked as removed already
[28Feb2025 08:56:09.594] [Server thread/INFO] [net.minecraft.server.MinecraftServer/]: [YAMAPROSIH: Summoned new Ender Dragon]
[28Feb2025 08:56:12.017] [Server thread/WARN] [net.minecraft.server.level.ServerLevel/]: Tried to add entity the_anomaly:anomaly_viewer but it was marked as removed already
[28Feb2025 08:56:16.016] [Server thread/WARN] [net.minecraft.server.level.ServerLevel/]: Tried to add entity the_anomaly:anomaly_trap but it was marked as removed already
[28Feb2025 08:56:16.166] [Server thread/WARN] [net.minecraft.server.level.ServerLevel/]: Tried to add entity the_anomaly:anomaly_visitor_2 but it was marked as removed already
[28Feb2025 08:56:19.216] [Server thread/WARN] [net.minecraft.server.level.ServerLevel/]: Tried to add entity the_anomaly:anomaly_trap but it was marked as removed already
[28Feb2025 08:56:19.366] [Server thread/WARN] [net.minecraft.server.level.ServerLevel/]: Tried to add entity the_anomaly:anomaly_visitor but it was marked as removed already
[28Feb2025 08:56:19.367] [Server thread/WARN] [net.minecraft.server.level.ServerLevel/]: Tried to add entity the_anomaly:anomaly_trap but it was marked as removed already
[28Feb2025 08:56:19.367] [Server thread/WARN] [net.minecraft.server.level.ServerLevel/]: Tried to add entity the_anomaly:anomaly_viewer but it was marked as removed already
[28Feb2025 08:56:21.171] [Server thread/INFO] [net.minecraft.server.MinecraftServer/]: Achbar was slain by Ender Dragon
[28Feb2025 08:56:21.466] [Server thread/WARN] [net.minecraft.server.level.ServerLevel/]: Tried to add entity the_anomaly:anomaly_viewer but it was marked as removed already
[28Feb2025 08:56:21.566] [Server thread/WARN] [net.minecraft.server.level.ServerLevel/]: Tried to add entity the_anomaly:anomaly_trap but it was marked as removed already
[28Feb2025 08:56:21.668] [Server thread/WARN] [net.minecraft.server.level.ServerLevel/]: Tried to add entity the_anomaly:anomaly_trap but it was marked as removed already
[28Feb2025 08:56:21.717] [Server thread/WARN] [net.minecraft.server.level.ServerLevel/]: Tried to add entity the_anomaly:anomaly_viewer but it was marked as removed already
[28Feb2025 08:56:24.718] [Server thread/WARN] [net.minecraft.server.level.ServerLevel/]: Tried to add entity the_anomaly:anomaly_trap but it was marked as removed already
[28Feb2025 08:56:26.117] [Server thread/WARN] [net.minecraft.server.level.ServerLevel/]: Tried to add entity the_anomaly:anomaly_trap but it was marked as removed already
[28Feb2025 08:56:27.117] [Server thread/WARN] [net.minecraft.server.level.ServerLevel/]: Tried to add entity the_anomaly:anomaly_trap but it was marked as removed already
[28Feb2025 08:56:33.968] [Server thread/WARN] [net.minecraft.server.level.ServerLevel/]: Tried to add entity the_anomaly:anomaly_viewer but it was marked as removed already
[28Feb2025 08:56:34.087] [Server thread/INFO] [net.minecraft.server.MinecraftServer/]: [YAMAPROSIH: Applied effect Strength to 3 targets]
[28Feb2025 08:56:34.217] [Server thread/WARN] [net.minecraft.server.level.ServerLevel/]: Tried to add entity the_anomaly:anomaly_viewer but it was marked as removed already
[28Feb2025 08:56:35.116] [Server thread/WARN] [net.minecraft.server.level.ServerLevel/]: Tried to add entity the_anomaly:anomaly_trap but it was marked as removed already
[28Feb2025 08:56:35.967] [Server thread/WARN] [net.minecraft.server.level.ServerLevel/]: Tried to add entity the_anomaly:anomaly_trap but it was marked as removed already
[28Feb2025 08:56:36.117] [Server thread/WARN] [net.minecraft.server.level.ServerLevel/]: Tried to add entity the_anomaly:anomaly_trap but it was marked as removed already
[28Feb2025 08:56:36.117] [Server thread/WARN] [net.minecraft.server.level.ServerLevel/]: Tried to add entity the_anomaly:anomaly_trap but it was marked as removed already
[28Feb2025 08:56:36.167] [Server thread/WARN] [net.minecraft.server.level.ServerLevel/]: Tried to add entity the_anomaly:anomaly_viewer but it was marked as removed already
[28Feb2025 08:56:36.416] [Server thread/WARN] [net.minecraft.server.level.ServerLevel/]: Tried to add entity the_anomaly:anomaly_trap but it was marked as removed already
[28Feb2025 08:56:36.516] [Server thread/WARN] [net.minecraft.server.level.ServerLevel/]: Tried to add entity the_anomaly:anomaly_trap but it was marked as removed already
[28Feb2025 08:56:36.667] [Server thread/WARN] [net.minecraft.server.level.ServerLevel/]: Tried to add entity the_anomaly:anomaly_trap but it was marked as removed already
[28Feb2025 08:56:36.816] [Server thread/WARN] [net.minecraft.server.level.ServerLevel/]: Tried to add entity the_anomaly:anomaly_trap but it was marked as removed already
[28Feb2025 08:56:37.816] [Server thread/WARN] [net.minecraft.server.level.ServerLevel/]: Tried to add entity the_anomaly:anomaly_viewer but it was marked as removed already
[28Feb2025 08:56:37.867] [Server thread/WARN] [net.minecraft.server.level.ServerLevel/]: Tried to add entity the_anomaly:anomaly_viewer but it was marked as removed already
[28Feb2025 08:56:37.917] [Server thread/WARN] [net.minecraft.server.level.ServerLevel/]: Tried to add entity the_anomaly:anomaly_viewer but it was marked as removed already
[28Feb2025 08:56:37.968] [Server thread/WARN] [net.minecraft.server.level.ServerLevel/]: Tried to add entity the_anomaly:anomaly_viewer but it was marked as removed already
[28Feb2025 08:56:38.017] [Server thread/WARN] [net.minecraft.server.level.ServerLevel/]: Tried to add entity the_anomaly:anomaly_trap but it was marked as removed already
[28Feb2025 08:56:38.039] [Server thread/INFO] [net.minecraft.server.MinecraftServer/]: YAMAPROSIH has made the advancement [Free the End]
[28Feb2025 08:56:38.116] [Server thread/WARN] [net.minecraft.server.level.ServerLevel/]: Tried to add entity the_anomaly:anomaly_viewer but it was marked as removed already
[28Feb2025 08:56:38.316] [Server thread/WARN] [net.minecraft.server.level.ServerLevel/]: Tried to add entity the_anomaly:anomaly_trap but it was marked as removed already
[28Feb2025 08:56:38.416] [Server thread/WARN] [net.minecraft.server.level.ServerLevel/]: Tried to add entity the_anomaly:anomaly_viewer but it was marked as removed already
[28Feb2025 08:56:38.417] [Server thread/WARN] [net.minecraft.server.level.ServerLevel/]: Tried to add entity the_anomaly:anomaly_escape but it was marked as removed already
[28Feb2025 08:56:38.567] [Server thread/WARN] [net.minecraft.server.level.ServerLevel/]: Tried to add entity the_anomaly:anomaly_viewer but it was marked as removed already
[28Feb2025 08:56:38.618] [Server thread/WARN] [net.minecraft.server.level.ServerLevel/]: Tried to add entity the_anomaly:anomaly_viewer but it was marked as removed already
[28Feb2025 08:56:38.667] [Server thread/WARN] [net.minecraft.server.level.ServerLevel/]: Tried to add entity the_anomaly:anomaly_trap but it was marked as removed already
[28Feb2025 08:56:39.867] [Server thread/WARN] [net.minecraft.server.level.ServerLevel/]: Tried to add entity the_anomaly:anomaly_trap but it was marked as removed already
[28Feb2025 08:56:40.167] [Server thread/WARN] [net.minecraft.server.level.ServerLevel/]: Tried to add entity the_anomaly:anomaly_viewer but it was marked as removed already
[28Feb2025 08:56:40.217] [Server thread/WARN] [net.minecraft.server.level.ServerLevel/]: Tried to add entity the_anomaly:anomaly_viewer but it was marked as removed already
[28Feb2025 08:56:40.317] [Server thread/WARN] [net.minecraft.server.level.ServerLevel/]: Tried to add entity the_anomaly:anomaly_trap but it was marked as removed already
[28Feb2025 08:56:48.017] [Server thread/WARN] [net.minecraft.server.level.ServerLevel/]: Tried to add entity the_anomaly:anomaly_viewer but it was marked as removed already
[28Feb2025 08:56:48.067] [Server thread/WARN] [net.minecraft.server.level.ServerLevel/]: Tried to add entity the_anomaly:anomaly_viewer but it was marked as removed already
[28Feb2025 08:56:48.217] [Server thread/WARN] [net.minecraft.server.level.ServerLevel/]: Tried to add entity the_anomaly:anomaly_trap but it was marked as removed already
[28Feb2025 08:56:49.828] [Server thread/INFO] [net.minecraft.server.MinecraftServer/]: Achbar was slain by YAMAPROSIH
[28Feb2025 08:56:52.117] [Server thread/WARN] [net.minecraft.server.level.ServerLevel/]: Tried to add entity the_anomaly:anomaly_viewer but it was marked as removed already
[28Feb2025 08:56:52.916] [Server thread/WARN] [net.minecraft.server.level.ServerLevel/]: Tried to add entity the_anomaly:anomaly_trap but it was marked as removed already
[28Feb2025 08:56:53.016] [Server thread/WARN] [net.minecraft.server.level.ServerLevel/]: Tried to add entity the_anomaly:anomaly_trap but it was marked as removed already
[28Feb2025 08:56:54.618] [Server thread/WARN] [net.minecraft.server.level.ServerLevel/]: Tried to add entity the_anomaly:anomaly_viewer but it was marked as removed already
[28Feb2025 08:56:54.718] [Server thread/WARN] [net.minecraft.server.level.ServerLevel/]: Tried to add entity the_anomaly:anomaly_trap but it was marked as removed already
[28Feb2025 08:56:54.718] [Server thread/WARN] [net.minecraft.server.level.ServerLevel/]: Tried to add entity the_anomaly:anomaly_trap but it was marked as removed already
[28Feb2025 08:56:54.766] [Server thread/WARN] [net.minecraft.server.level.ServerLevel/]: Tried to add entity the_anomaly:anomaly_trap but it was marked as removed already
[28Feb2025 08:56:54.767] [Server thread/WARN] [net.minecraft.server.level.ServerLevel/]: Tried to add entity the_anomaly:anomaly_viewer but it was marked as removed already
[28Feb2025 08:56:55.067] [Server thread/WARN] [net.minecraft.server.level.ServerLevel/]: Tried to add entity the_anomaly:anomaly_viewer but it was marked as removed already
[28Feb2025 08:56:58.066] [Server thread/WARN] [net.minecraft.server.level.ServerLevel/]: Tried to add entity the_anomaly:anomaly_trap but it was marked as removed already
[28Feb2025 08:56:58.117] [Server thread/WARN] [net.minecraft.server.level.ServerLevel/]: Tried to add entity the_anomaly:anomaly_visitor but it was marked as removed already
[28Feb2025 08:56:58.167] [Server thread/WARN] [net.minecraft.server.level.ServerLevel/]: Tried to add entity the_anomaly:anomaly_trap but it was marked as removed already
[28Feb2025 08:56:59.117] [Server thread/WARN] [net.minecraft.server.level.ServerLevel/]: Tried to add entity the_anomaly:anomaly_viewer but it was marked as removed already
[28Feb2025 08:56:59.916] [Server thread/WARN] [net.minecraft.server.level.ServerLevel/]: Tried to add entity the_anomaly:anomaly_trap but it was marked as removed already
[28Feb2025 08:57:00.068] [Server thread/WARN] [net.minecraft.server.level.ServerLevel/]: Tried to add entity the_anomaly:anomaly_escape but it was marked as removed already
[28Feb2025 08:57:00.416] [Server thread/WARN] [net.minecraft.server.level.ServerLevel/]: Tried to add entity the_anomaly:anomaly_viewer but it was marked as removed already
[28Feb2025 08:57:00.517] [Server thread/WARN] [net.minecraft.server.level.ServerLevel/]: Tried to add entity the_anomaly:anomaly_escape but it was marked as removed already
[28Feb2025 08:57:00.567] [Server thread/WARN] [net.minecraft.server.level.ServerLevel/]: Tried to add entity the_anomaly:anomaly_viewer but it was marked as removed already
[28Feb2025 08:57:00.568] [Server thread/WARN] [net.minecraft.server.level.ServerLevel/]: Tried to add entity the_anomaly:anomaly_viewer but it was marked as removed already
[28Feb2025 08:57:04.217] [Server thread/WARN] [net.minecraft.server.level.ServerLevel/]: Tried to add entity the_anomaly:anomaly_visitor_2 but it was marked as removed already
[28Feb2025 08:57:05.018] [Server thread/WARN] [net.minecraft.server.level.ServerLevel/]: Tried to add entity the_anomaly:anomaly_trap but it was marked as removed already
[28Feb2025 08:57:05.117] [Server thread/WARN] [net.minecraft.server.level.ServerLevel/]: Tried to add entity the_anomaly:anomaly_trap but it was marked as removed already
[28Feb2025 08:57:05.167] [Server thread/WARN] [net.minecraft.server.level.ServerLevel/]: Tried to add entity the_anomaly:anomaly_trap but it was marked as removed already
[28Feb2025 08:57:05.394] [Server thread/INFO] [net.minecraft.server.MinecraftServer/]: [YAMAPROSIH: Removed every effect from 3 targets]
[28Feb2025 08:57:09.149] [Server thread/INFO] [net.minecraft.server.MinecraftServer/]: [YAMAPROSIH: Set own game mode to Survival Mode]
[28Feb2025 08:57:10.618] [Server thread/WARN] [net.minecraft.server.level.ServerLevel/]: Tried to add entity the_anomaly:anomaly_viewer but it was marked as removed already
[28Feb2025 08:57:10.667] [Server thread/WARN] [net.minecraft.server.level.ServerLevel/]: Tried to add entity the_anomaly:anomaly_trap but it was marked as removed already
[28Feb2025 08:57:16.385] [Server thread/INFO] [net.minecraft.server.MinecraftServer/]: [YAMAPROSIH: Set own game mode to Creative Mode]
[28Feb2025 08:57:20.868] [Server thread/WARN] [net.minecraft.server.level.ServerLevel/]: Tried to add entity the_anomaly:anomaly_viewer but it was marked as removed already
[28Feb2025 08:57:20.917] [Server thread/WARN] [net.minecraft.server.level.ServerLevel/]: Tried to add entity the_anomaly:anomaly_trap but it was marked as removed already
[28Feb2025 08:57:20.918] [Server thread/WARN] [net.minecraft.server.level.ServerLevel/]: Tried to add entity the_anomaly:anomaly_viewer but it was marked as removed already
[28Feb2025 08:57:20.968] [Server thread/WARN] [net.minecraft.server.level.ServerLevel/]: Tried to add entity the_anomaly:anomaly_visitor but it was marked as removed already
[28Feb2025 08:57:21.067] [Server thread/WARN] [net.minecraft.server.level.ServerLevel/]: Tried to add entity the_anomaly:anomaly_viewer but it was marked as removed already
[28Feb2025 08:57:21.068] [Server thread/WARN] [net.minecraft.server.level.ServerLevel/]: Tried to add entity the_anomaly:anomaly_escape but it was marked as removed already
[28Feb2025 08:57:21.117] [Server thread/WARN] [net.minecraft.server.level.ServerLevel/]: Tried to add entity the_anomaly:anomaly_viewer but it was marked as removed already
[28Feb2025 08:57:21.668] [Server thread/WARN] [net.minecraft.server.level.ServerLevel/]: Tried to add entity the_anomaly:anomaly_trap but it was marked as removed already
[28Feb2025 08:57:25.317] [Server thread/WARN] [net.minecraft.server.level.ServerLevel/]: Tried to add entity the_anomaly:anomaly_escape but it was marked as removed already
[28Feb2025 08:57:27.267] [Server thread/WARN] [net.minecraft.server.level.ServerLevel/]: Tried to add entity the_anomaly:anomaly_escape but it was marked as removed already
[28Feb2025 08:57:27.317] [Server thread/WARN] [net.minecraft.server.level.ServerLevel/]: Tried to add entity the_anomaly:anomaly_trap but it was marked as removed already
[28Feb2025 08:57:27.516] [Server thread/WARN] [net.minecraft.server.level.ServerLevel/]: Tried to add entity the_anomaly:anomaly_escape but it was marked as removed already
[28Feb2025 08:57:27.517] [Server thread/WARN] [net.minecraft.server.level.ServerLevel/]: Tried to add entity the_anomaly:anomaly_trap but it was marked as removed already
[28Feb2025 08:57:27.867] [Server thread/WARN] [net.minecraft.server.level.ServerLevel/]: Tried to add entity the_anomaly:anomaly_trap but it was marked as removed already
[28Feb2025 08:57:28.067] [Server thread/WARN] [net.minecraft.server.level.ServerLevel/]: Tried to add entity the_anomaly:anomaly_escape but it was marked as removed already
[28Feb2025 08:57:28.117] [Server thread/WARN] [net.minecraft.server.level.ServerLevel/]: Tried to add entity the_anomaly:anomaly_escape but it was marked as removed already
[28Feb2025 08:57:28.167] [Server thread/WARN] [net.minecraft.server.level.ServerLevel/]: Tried to add entity the_anomaly:anomaly_trap but it was marked as removed already
[28Feb2025 08:57:28.217] [Server thread/WARN] [net.minecraft.server.level.ServerLevel/]: Tried to add entity the_anomaly:anomaly_viewer but it was marked as removed already
[28Feb2025 08:57:28.467] [Server thread/WARN] [net.minecraft.server.level.ServerLevel/]: Tried to add entity the_anomaly:anomaly_escape but it was marked as removed already
[28Feb2025 08:57:28.517] [Server thread/WARN] [net.minecraft.server.level.ServerLevel/]: Tried to add entity the_anomaly:anomaly_escape but it was marked as removed already
[28Feb2025 08:57:28.716] [Server thread/WARN] [net.minecraft.server.level.ServerLevel/]: Tried to add entity the_anomaly:anomaly_trap but it was marked as removed already
[28Feb2025 08:57:28.767] [Server thread/WARN] [net.minecraft.server.level.ServerLevel/]: Tried to add entity the_anomaly:anomaly_trap but it was marked as removed already
[28Feb2025 08:57:29.116] [Server thread/WARN] [net.minecraft.server.level.ServerLevel/]: Tried to add entity the_anomaly:anomaly_trap but it was marked as removed already
[28Feb2025 08:57:34.817] [Server thread/WARN] [net.minecraft.server.level.ServerLevel/]: Tried to add entity the_anomaly:anomaly_trap but it was marked as removed already
[28Feb2025 08:57:34.867] [Server thread/WARN] [net.minecraft.server.level.ServerLevel/]: Tried to add entity the_anomaly:anomaly_viewer but it was marked as removed already
[28Feb2025 08:57:35.017] [Server thread/WARN] [net.minecraft.server.level.ServerLevel/]: Tried to add entity the_anomaly:anomaly_escape but it was marked as removed already
[28Feb2025 08:57:35.517] [Server thread/WARN] [net.minecraft.server.level.ServerLevel/]: Tried to add entity the_anomaly:anomaly_viewer but it was marked as removed already
[28Feb2025 08:57:37.588] [Server thread/INFO] [net.minecraft.server.MinecraftServer/]: [gamerku: Set own game mode to Creative Mode]
[28Feb2025 08:57:39.569] [Server thread/WARN] [net.minecraft.server.level.ServerLevel/]: Tried to add entity the_anomaly:anomaly_trap but it was marked as removed already
[28Feb2025 08:57:39.669] [Server thread/WARN] [net.minecraft.server.level.ServerLevel/]: Tried to add entity the_anomaly:anomaly_viewer but it was marked as removed already
[28Feb2025 08:57:39.720] [Server thread/WARN] [net.minecraft.server.level.ServerLevel/]: Tried to add entity the_anomaly:anomaly_viewer but it was marked as removed already
[28Feb2025 08:57:39.770] [Server thread/WARN] [net.minecraft.server.level.ServerLevel/]: Tried to add entity the_anomaly:anomaly_trap but it was marked as removed already
[28Feb2025 08:57:39.822] [Server thread/WARN] [net.minecraft.server.level.ServerLevel/]: Tried to add entity the_anomaly:anomaly_trap but it was marked as removed already
[28Feb2025 08:57:39.870] [Server thread/WARN] [net.minecraft.server.level.ServerLevel/]: Tried to add entity the_anomaly:anomaly_escape but it was marked as removed already
[28Feb2025 08:57:40.020] [Server thread/WARN] [net.minecraft.server.level.ServerLevel/]: Tried to add entity the_anomaly:anomaly_escape but it was marked as removed already
[28Feb2025 08:57:40.119] [Server thread/WARN] [net.minecraft.server.level.ServerLevel/]: Tried to add entity the_anomaly:anomaly_trap but it was marked as removed already
[28Feb2025 08:57:40.143] [Server thread/WARN] [net.minecraft.server.level.ServerPlayerGameMode/]: Mismatch in destroy block pos: BlockPos{x=-44, y=72, z=-120} BlockPos{x=-46, y=69, z=-121}
[28Feb2025 08:57:44.421] [Server thread/WARN] [net.minecraft.server.level.ServerLevel/]: Tried to add entity the_anomaly:anomaly_escape but it was marked as removed already
[28Feb2025 08:57:50.919] [Server thread/WARN] [net.minecraft.server.level.ServerLevel/]: Tried to add entity the_anomaly:anomaly_escape but it was marked as removed already
[28Feb2025 08:57:50.969] [Server thread/WARN] [net.minecraft.server.level.ServerLevel/]: Tried to add entity the_anomaly:anomaly_escape but it was marked as removed already
[28Feb2025 08:57:50.969] [Server thread/WARN] [net.minecraft.server.level.ServerLevel/]: Tried to add entity the_anomaly:anomaly_viewer but it was marked as removed already
[28Feb2025 08:57:51.070] [Server thread/WARN] [net.minecraft.server.level.ServerLevel/]: Tried to add entity the_anomaly:anomaly_escape but it was marked as removed already
[28Feb2025 08:57:51.119] [Server thread/WARN] [net.minecraft.server.level.ServerLevel/]: Tried to add entity the_anomaly:anomaly_escape but it was marked as removed already
[28Feb2025 08:57:56.997] [Server thread/INFO] [net.minecraft.server.MinecraftServer/]: [Not Secure] <gamerku> a
[28Feb2025 08:57:58.970] [Server thread/WARN] [net.minecraft.server.level.ServerLevel/]: Tried to add entity the_anomaly:anomaly_viewer but it was marked as removed already
[28Feb2025 08:57:59.070] [Server thread/WARN] [net.minecraft.server.level.ServerLevel/]: Tried to add entity the_anomaly:anomaly_escape but it was marked as removed already
[28Feb2025 08:58:00.620] [Server thread/WARN] [net.minecraft.server.level.ServerLevel/]: Tried to add entity the_anomaly:anomaly_viewer but it was marked as removed already
[28Feb2025 08:58:00.669] [Server thread/WARN] [net.minecraft.server.level.ServerLevel/]: Tried to add entity the_anomaly:anomaly_trap but it was marked as removed already
[28Feb2025 08:58:00.720] [Server thread/WARN] [net.minecraft.server.level.ServerLevel/]: Tried to add entity the_anomaly:anomaly_trap but it was marked as removed already
[28Feb2025 08:58:01.371] [Server thread/WARN] [net.minecraft.server.level.ServerLevel/]: Tried to add entity the_anomaly:anomaly_viewer but it was marked as removed already
[28Feb2025 08:58:06.735] [Server thread/WARN] [cgm/]: literal{gamerku}(25ae1e96-42d5-3549-b750-22fa94fd0321) tried to fire before cooldown finished or server is lagging? Remaining milliseconds: 106
[28Feb2025 08:58:06.767] [Server thread/WARN] [net.minecraft.server.level.ServerLevel/]: Tried to add entity the_anomaly:anomaly_trap but it was marked as removed already
[28Feb2025 08:58:09.248] [Server thread/WARN] [cgm/]: literal{gamerku}(25ae1e96-42d5-3549-b750-22fa94fd0321) tried to fire before cooldown finished or server is lagging? Remaining milliseconds: 149
[28Feb2025 08:58:09.249] [Server thread/WARN] [cgm/]: literal{gamerku}(25ae1e96-42d5-3549-b750-22fa94fd0321) tried to fire before cooldown finished or server is lagging? Remaining milliseconds: 148
[28Feb2025 08:58:09.249] [Server thread/WARN] [cgm/]: literal{gamerku}(25ae1e96-42d5-3549-b750-22fa94fd0321) tried to fire before cooldown finished or server is lagging? Remaining milliseconds: 148
[28Feb2025 08:58:10.333] [Server thread/WARN] [cgm/]: literal{gamerku}(25ae1e96-42d5-3549-b750-22fa94fd0321) tried to fire before cooldown finished or server is lagging? Remaining milliseconds: 150
[28Feb2025 08:58:10.392] [Server thread/WARN] [cgm/]: literal{gamerku}(25ae1e96-42d5-3549-b750-22fa94fd0321) tried to fire before cooldown finished or server is lagging? Remaining milliseconds: 91
[28Feb2025 08:58:11.709] [Server thread/WARN] [cgm/]: literal{gamerku}(25ae1e96-42d5-3549-b750-22fa94fd0321) tried to fire before cooldown finished or server is lagging? Remaining milliseconds: 149
[28Feb2025 08:58:11.709] [Server thread/WARN] [cgm/]: literal{gamerku}(25ae1e96-42d5-3549-b750-22fa94fd0321) tried to fire before cooldown finished or server is lagging? Remaining milliseconds: 149
[28Feb2025 08:58:13.449] [Server thread/INFO] [net.minecraft.server.MinecraftServer/]: [Achbar: Set own game mode to Creative Mode]
[28Feb2025 08:58:13.467] [Server thread/WARN] [net.minecraft.server.level.ServerLevel/]: Tried to add entity the_anomaly:anomaly_viewer but it was marked as removed already
[28Feb2025 08:58:13.567] [Server thread/WARN] [net.minecraft.server.level.ServerLevel/]: Tried to add entity the_anomaly:anomaly_escape but it was marked as removed already
[28Feb2025 08:58:13.758] [Server thread/WARN] [cgm/]: literal{gamerku}(25ae1e96-42d5-3549-b750-22fa94fd0321) tried to fire before cooldown finished or server is lagging? Remaining milliseconds: 125
[28Feb2025 08:58:13.967] [Server thread/WARN] [net.minecraft.server.level.ServerLevel/]: Tried to add entity the_anomaly:anomaly_escape but it was marked as removed already
[28Feb2025 08:58:14.168] [Server thread/WARN] [net.minecraft.server.level.ServerLevel/]: Tried to add entity the_anomaly:anomaly_viewer but it was marked as removed already
[28Feb2025 08:58:14.317] [Server thread/WARN] [net.minecraft.server.level.ServerLevel/]: Tried to add entity the_anomaly:anomaly_viewer but it was marked as removed already
[28Feb2025 08:58:14.417] [Server thread/WARN] [net.minecraft.server.level.ServerLevel/]: Tried to add entity the_anomaly:anomaly_viewer but it was marked as removed already
[28Feb2025 08:58:14.567] [Server thread/WARN] [net.minecraft.server.level.ServerLevel/]: Tried to add entity the_anomaly:anomaly_escape but it was marked as removed already
[28Feb2025 08:58:14.667] [Server thread/WARN] [net.minecraft.server.level.ServerLevel/]: Tried to add entity the_anomaly:anomaly_viewer but it was marked as removed already
[28Feb2025 08:58:14.767] [Server thread/WARN] [net.minecraft.server.level.ServerLevel/]: Tried to add entity the_anomaly:anomaly_trap but it was marked as removed already
[28Feb2025 08:58:14.817] [Server thread/WARN] [net.minecraft.server.level.ServerLevel/]: Tried to add entity the_anomaly:anomaly_trap but it was marked as removed already
[28Feb2025 08:58:15.217] [Server thread/WARN] [net.minecraft.server.level.ServerLevel/]: Tried to add entity the_anomaly:anomaly_trap but it was marked as removed already
[28Feb2025 08:58:15.517] [Server thread/WARN] [net.minecraft.server.level.ServerLevel/]: Tried to add entity the_anomaly:anomaly_viewer but it was marked as removed already
[28Feb2025 08:58:15.617] [Server thread/WARN] [net.minecraft.server.level.ServerLevel/]: Tried to add entity the_anomaly:anomaly_escape but it was marked as removed already
[28Feb2025 08:58:15.767] [Server thread/WARN] [net.minecraft.server.level.ServerLevel/]: Tried to add entity the_anomaly:anomaly_viewer but it was marked as removed already
[28Feb2025 08:58:16.166] [Server thread/WARN] [net.minecraft.server.level.ServerLevel/]: Tried to add entity the_anomaly:anomaly_escape but it was marked as removed already
[28Feb2025 08:58:17.567] [Server thread/WARN] [net.minecraft.server.level.ServerLevel/]: Tried to add entity the_anomaly:anomaly_escape but it was marked as removed already
[28Feb2025 08:58:17.667] [Server thread/WARN] [net.minecraft.server.level.ServerLevel/]: Tried to add entity the_anomaly:anomaly_trap but it was marked as removed already
[28Feb2025 08:58:17.766] [Server thread/WARN] [net.minecraft.server.level.ServerLevel/]: Tried to add entity the_anomaly:anomaly_viewer but it was marked as removed already
[28Feb2025 08:58:17.866] [Server thread/WARN] [net.minecraft.server.level.ServerLevel/]: Tried to add entity the_anomaly:anomaly_trap but it was marked as removed already
[28Feb2025 08:58:17.867] [Server thread/WARN] [net.minecraft.server.level.ServerLevel/]: Tried to add entity the_anomaly:anomaly_viewer but it was marked as removed already
[28Feb2025 08:58:19.000] [Server thread/WARN] [cgm/]: literal{YAMAPROSIH}(1ad916b5-84a4-3575-819b-6f22b6fc212c) tried to fire before cooldown finished or server is lagging? Remaining milliseconds: 80
[28Feb2025 08:58:22.566] [Server thread/WARN] [net.minecraft.server.level.ServerLevel/]: Tried to add entity the_anomaly:anomaly_viewer but it was marked as removed already
[28Feb2025 08:58:26.444] [Server thread/WARN] [cgm/]: literal{YAMAPROSIH}(1ad916b5-84a4-3575-819b-6f22b6fc212c) tried to fire before cooldown finished or server is lagging? Remaining milliseconds: 87
[28Feb2025 08:58:26.467] [Server thread/WARN] [net.minecraft.server.level.ServerLevel/]: Tried to add entity the_anomaly:anomaly_trap but it was marked as removed already
[28Feb2025 08:58:26.567] [Server thread/WARN] [net.minecraft.server.level.ServerLevel/]: Tried to add entity the_anomaly:anomaly_viewer but it was marked as removed already
[28Feb2025 08:58:29.967] [Server thread/WARN] [net.minecraft.server.level.ServerLevel/]: Tried to add entity the_anomaly:anomaly_trap but it was marked as removed already
[28Feb2025 08:58:30.517] [Server thread/WARN] [net.minecraft.server.level.ServerLevel/]: Tried to add entity the_anomaly:anomaly_escape but it was marked as removed already
[28Feb2025 08:58:32.717] [Server thread/WARN] [net.minecraft.server.level.ServerLevel/]: Tried to add entity the_anomaly:anomaly_escape but it was marked as removed already
[28Feb2025 08:58:35.166] [Server thread/WARN] [net.minecraft.server.level.ServerLevel/]: Tried to add entity the_anomaly:anomaly_trap but it was marked as removed already
[28Feb2025 08:58:35.266] [Server thread/WARN] [net.minecraft.server.level.ServerLevel/]: Tried to add entity the_anomaly:anomaly_viewer but it was marked as removed already
[28Feb2025 08:58:35.367] [Server thread/WARN] [net.minecraft.server.level.ServerLevel/]: Tried to add entity the_anomaly:anomaly_escape but it was marked as removed already
[28Feb2025 08:58:35.466] [Server thread/WARN] [net.minecraft.server.level.ServerLevel/]: Tried to add entity the_anomaly:anomaly_trap but it was marked as removed already
[28Feb2025 08:58:35.467] [Server thread/WARN] [net.minecraft.server.level.ServerLevel/]: Tried to add entity the_anomaly:anomaly_trap but it was marked as removed already
[28Feb2025 08:58:35.518] [Server thread/WARN] [net.minecraft.server.level.ServerLevel/]: Tried to add entity the_anomaly:anomaly_viewer but it was marked as removed already
[28Feb2025 08:58:35.518] [Server thread/WARN] [net.minecraft.server.level.ServerLevel/]: Tried to add entity the_anomaly:anomaly_escape but it was marked as removed already
[28Feb2025 08:58:35.617] [Server thread/WARN] [net.minecraft.server.level.ServerLevel/]: Tried to add entity the_anomaly:anomaly_escape but it was marked as removed already
[28Feb2025 08:58:35.618] [Server thread/WARN] [net.minecraft.server.level.ServerLevel/]: Tried to add entity the_anomaly:anomaly_viewer but it was marked as removed already
[28Feb2025 08:58:35.867] [Server thread/WARN] [net.minecraft.server.level.ServerLevel/]: Tried to add entity the_anomaly:anomaly_viewer but it was marked as removed already
[28Feb2025 08:58:35.867] [Server thread/WARN] [net.minecraft.server.level.ServerLevel/]: Tried to add entity the_anomaly:anomaly_viewer but it was marked as removed already
[28Feb2025 08:58:35.917] [Server thread/WARN] [net.minecraft.server.level.ServerLevel/]: Tried to add entity the_anomaly:anomaly_escape but it was marked as removed already
[28Feb2025 08:58:35.917] [Server thread/WARN] [net.minecraft.server.level.ServerLevel/]: Tried to add entity the_anomaly:anomaly_escape but it was marked as removed already
[28Feb2025 08:58:37.167] [Server thread/WARN] [net.minecraft.server.level.ServerLevel/]: Tried to add entity the_anomaly:anomaly_viewer but it was marked as removed already
[28Feb2025 08:58:39.087] [Server thread/WARN] [cgm/]: literal{Achbar}(9437cbb9-5182-3c16-ac53-b7fa2745b1d6) tried to fire before cooldown finished or server is lagging? Remaining milliseconds: 94
[28Feb2025 08:58:39.331] [Server thread/INFO] [net.minecraft.server.MinecraftServer/]: [YAMAPROSIH: Set own game mode to Survival Mode]
[28Feb2025 08:58:43.489] [Server thread/INFO] [net.minecraft.server.MinecraftServer/]: [Achbar: Set own game mode to Survival Mode]
[28Feb2025 08:58:44.597] [Server thread/WARN] [cgm/]: literal{Achbar}(9437cbb9-5182-3c16-ac53-b7fa2745b1d6) tried to fire before cooldown finished or server is lagging? Remaining milliseconds: 83
[28Feb2025 08:58:46.023] [Server thread/INFO] [net.minecraft.server.MinecraftServer/]: YAMAPROSIH was executed by Achbar
[28Feb2025 08:58:48.456] [Server thread/WARN] [net.minecraft.server.level.ServerLevel/]: Tried to add entity the_anomaly:anomaly_trap but it was marked as removed already
[28Feb2025 08:58:53.469] [Server thread/WARN] [net.minecraft.server.level.ServerLevel/]: Tried to add entity the_anomaly:anomaly_escape but it was marked as removed already
[28Feb2025 08:58:53.518] [Server thread/WARN] [net.minecraft.server.level.ServerLevel/]: Tried to add entity the_anomaly:anomaly_trap but it was marked as removed already
[28Feb2025 08:58:54.619] [Server thread/WARN] [net.minecraft.server.level.ServerLevel/]: Tried to add entity the_anomaly:anomaly_viewer but it was marked as removed already
[28Feb2025 08:58:54.667] [Server thread/WARN] [net.minecraft.server.level.ServerLevel/]: Tried to add entity the_anomaly:anomaly_viewer but it was marked as removed already
[28Feb2025 08:58:54.784] [Server thread/INFO] [net.minecraft.server.MinecraftServer/]: Achbar fell out of the world
[28Feb2025 08:58:54.785] [Server thread/INFO] [net.minecraft.server.MinecraftServer/]: [YAMAPROSIH: Killed Achbar]
[28Feb2025 08:58:55.317] [Server thread/WARN] [net.minecraft.server.level.ServerLevel/]: Tried to add entity the_anomaly:anomaly_trap but it was marked as removed already
[28Feb2025 08:58:55.368] [Server thread/WARN] [net.minecraft.server.level.ServerLevel/]: Tried to add entity the_anomaly:anomaly_trap but it was marked as removed already
[28Feb2025 08:58:55.418] [Server thread/WARN] [net.minecraft.server.level.ServerLevel/]: Tried to add entity the_anomaly:anomaly_trap but it was marked as removed already
[28Feb2025 08:58:55.519] [Server thread/WARN] [net.minecraft.server.level.ServerLevel/]: Tried to add entity the_anomaly:anomaly_trap but it was marked as removed already
[28Feb2025 08:58:59.078] [Server thread/INFO] [net.minecraft.server.MinecraftServer/]: [YAMAPROSIH: Teleported YAMAPROSIH to gamerku]
[28Feb2025 08:59:01.288] [Server thread/WARN] [cgm/]: literal{Achbar}(9437cbb9-5182-3c16-ac53-b7fa2745b1d6) tried to fire before cooldown finished or server is lagging? Remaining milliseconds: 90
[28Feb2025 08:59:01.894] [Server thread/WARN] [cgm/]: literal{Achbar}(9437cbb9-5182-3c16-ac53-b7fa2745b1d6) tried to fire before cooldown finished or server is lagging? Remaining milliseconds: 94
[28Feb2025 08:59:03.517] [Server thread/WARN] [net.minecraft.server.level.ServerLevel/]: Tried to add entity the_anomaly:anomaly_viewer but it was marked as removed already
[28Feb2025 08:59:04.217] [Server thread/WARN] [net.minecraft.server.level.ServerLevel/]: Tried to add entity the_anomaly:anomaly_trap but it was marked as removed already
[28Feb2025 08:59:05.289] [Server thread/WARN] [cgm/]: literal{YAMAPROSIH}(1ad916b5-84a4-3575-819b-6f22b6fc212c) tried to fire before cooldown finished or server is lagging? Remaining milliseconds: 88
[28Feb2025 08:59:10.290] [Server thread/INFO] [net.minecraft.server.MinecraftServer/]: [YAMAPROSIH: Set own game mode to Creative Mode]
[28Feb2025 08:59:11.267] [Server thread/WARN] [net.minecraft.server.level.ServerLevel/]: Tried to add entity the_anomaly:anomaly_viewer but it was marked as removed already
[28Feb2025 08:59:12.767] [Server thread/WARN] [net.minecraft.server.level.ServerLevel/]: Tried to add entity the_anomaly:anomaly_visitor_2 but it was marked as removed already
[28Feb2025 08:59:13.074] [Server thread/INFO] [net.minecraft.server.network.ServerGamePacketListenerImpl/]: gamerku lost connection: Disconnected
[28Feb2025 08:59:13.075] [Server thread/INFO] [net.minecraft.server.MinecraftServer/]: gamerku left the game
[28Feb2025 08:59:13.124] [Server thread/WARN] [net.minecraft.network.Connection/]: handleDisconnection() called twice
[28Feb2025 08:59:13.417] [Server thread/WARN] [net.minecraft.server.level.ServerLevel/]: Tried to add entity the_anomaly:anomaly_trap but it was marked as removed already
[28Feb2025 08:59:15.317] [Server thread/WARN] [net.minecraft.server.level.ServerLevel/]: Tried to add entity the_anomaly:anomaly_trap but it was marked as removed already
[28Feb2025 08:59:15.618] [Server thread/WARN] [net.minecraft.server.level.ServerLevel/]: Tried to add entity the_anomaly:anomaly_viewer but it was marked as removed already
[28Feb2025 08:59:15.717] [Server thread/WARN] [net.minecraft.server.level.ServerLevel/]: Tried to add entity the_anomaly:anomaly_trap but it was marked as removed already
[28Feb2025 08:59:17.468] [Server thread/WARN] [net.minecraft.server.level.ServerLevel/]: Tried to add entity the_anomaly:anomaly_trap but it was marked as removed already
[28Feb2025 08:59:19.167] [Server thread/WARN] [net.minecraft.server.level.ServerLevel/]: Tried to add entity the_anomaly:anomaly_trap but it was marked as removed already
[28Feb2025 08:59:19.267] [Server thread/WARN] [net.minecraft.server.level.ServerLevel/]: Tried to add entity the_anomaly:anomaly_escape but it was marked as removed already
[28Feb2025 08:59:19.368] [Server thread/WARN] [net.minecraft.server.level.ServerLevel/]: Tried to add entity the_anomaly:anomaly_visitor but it was marked as removed already
[28Feb2025 08:59:25.518] [Server thread/WARN] [net.minecraft.server.level.ServerLevel/]: Tried to add entity the_anomaly:anomaly_viewer but it was marked as removed already
[28Feb2025 08:59:25.917] [Server thread/WARN] [net.minecraft.server.level.ServerLevel/]: Tried to add entity the_anomaly:anomaly_trap but it was marked as removed already
[28Feb2025 08:59:26.167] [Server thread/WARN] [net.minecraft.server.level.ServerLevel/]: Tried to add entity the_anomaly:anomaly_trap but it was marked as removed already
[28Feb2025 08:59:26.268] [Server thread/WARN] [net.minecraft.server.level.ServerLevel/]: Tried to add entity the_anomaly:anomaly_viewer but it was marked as removed already
[28Feb2025 08:59:26.619] [Server thread/WARN] [net.minecraft.server.level.ServerLevel/]: Tried to add entity the_anomaly:anomaly_viewer but it was marked as removed already
[28Feb2025 08:59:26.767] [Server thread/WARN] [net.minecraft.server.level.ServerLevel/]: Tried to add entity the_anomaly:anomaly_trap but it was marked as removed already
[28Feb2025 08:59:26.918] [Server thread/WARN] [net.minecraft.server.level.ServerLevel/]: Tried to add entity the_anomaly:anomaly_trap but it was marked as removed already
[28Feb2025 08:59:31.367] [Server thread/WARN] [net.minecraft.server.level.ServerLevel/]: Tried to add entity the_anomaly:anomaly_trap but it was marked as removed already
[28Feb2025 08:59:36.318] [Server thread/WARN] [net.minecraft.server.level.ServerLevel/]: Tried to add entity the_anomaly:anomaly_viewer but it was marked as removed already
[28Feb2025 08:59:36.368] [Server thread/WARN] [net.minecraft.server.level.ServerLevel/]: Tried to add entity the_anomaly:anomaly_trap but it was marked as removed already
[28Feb2025 08:59:36.468] [Server thread/WARN] [net.minecraft.server.level.ServerLevel/]: Tried to add entity the_anomaly:anomaly_viewer but it was marked as removed already
[28Feb2025 08:59:36.668] [Server thread/WARN] [net.minecraft.server.level.ServerLevel/]: Tried to add entity the_anomaly:anomaly_trap but it was marked as removed already
[28Feb2025 08:59:38.867] [Server thread/WARN] [net.minecraft.server.level.ServerLevel/]: Tried to add entity the_anomaly:anomaly_viewer but it was marked as removed already
[28Feb2025 08:59:38.967] [Server thread/WARN] [net.minecraft.server.level.ServerLevel/]: Tried to add entity the_anomaly:anomaly_escape but it was marked as removed already
[28Feb2025 08:59:39.168] [Server thread/WARN] [net.minecraft.server.level.ServerLevel/]: Tried to add entity the_anomaly:anomaly_viewer but it was marked as removed already
[28Feb2025 08:59:39.217] [Server thread/WARN] [net.minecraft.server.level.ServerLevel/]: Tried to add entity the_anomaly:anomaly_trap but it was marked as removed already
[28Feb2025 08:59:39.517] [Server thread/WARN] [net.minecraft.server.level.ServerLevel/]: Tried to add entity the_anomaly:anomaly_trap but it was marked as removed already
[28Feb2025 08:59:39.667] [Server thread/WARN] [net.minecraft.server.level.ServerLevel/]: Tried to add entity the_anomaly:anomaly_escape but it was marked as removed already
[28Feb2025 08:59:39.667] [Server thread/WARN] [net.minecraft.server.level.ServerLevel/]: Tried to add entity the_anomaly:anomaly_escape but it was marked as removed already
[28Feb2025 08:59:41.516] [Server thread/WARN] [net.minecraft.server.level.ServerLevel/]: Tried to add entity the_anomaly:anomaly_trap but it was marked as removed already
[28Feb2025 08:59:42.691] [Server thread/INFO] [net.minecraft.server.MinecraftServer/]: Achbar was blown up by YAMAPROSIH
[28Feb2025 08:59:43.017] [Server thread/WARN] [net.minecraft.server.level.ServerLevel/]: Tried to add entity the_anomaly:anomaly_escape but it was marked as removed already
[28Feb2025 08:59:43.267] [Server thread/WARN] [net.minecraft.server.level.ServerLevel/]: Tried to add entity the_anomaly:anomaly_trap but it was marked as removed already
[28Feb2025 08:59:43.367] [Server thread/WARN] [net.minecraft.server.level.ServerLevel/]: Tried to add entity the_anomaly:anomaly_escape but it was marked as removed already
[28Feb2025 08:59:43.466] [Server thread/WARN] [net.minecraft.server.level.ServerLevel/]: Tried to add entity the_anomaly:anomaly_trap but it was marked as removed already
[28Feb2025 08:59:43.717] [Server thread/WARN] [net.minecraft.server.level.ServerLevel/]: Tried to add entity the_anomaly:anomaly_escape but it was marked as removed already
[28Feb2025 08:59:43.717] [Server thread/WARN] [net.minecraft.server.level.ServerLevel/]: Tried to add entity the_anomaly:anomaly_escape but it was marked as removed already
[28Feb2025 08:59:43.916] [Server thread/WARN] [net.minecraft.server.level.ServerLevel/]: Tried to add entity the_anomaly:anomaly_escape but it was marked as removed already
[28Feb2025 08:59:44.117] [Server thread/WARN] [net.minecraft.server.level.ServerLevel/]: Tried to add entity the_anomaly:anomaly_viewer but it was marked as removed already
[28Feb2025 08:59:44.117] [Server thread/WARN] [net.minecraft.server.level.ServerLevel/]: Tried to add entity the_anomaly:anomaly_escape but it was marked as removed already
[28Feb2025 08:59:44.217] [Server thread/WARN] [net.minecraft.server.level.ServerLevel/]: Tried to add entity the_anomaly:anomaly_trap but it was marked as removed already
[28Feb2025 08:59:44.217] [Server thread/WARN] [net.minecraft.server.level.ServerLevel/]: Tried to add entity the_anomaly:anomaly_viewer but it was marked as removed already
[28Feb2025 08:59:44.419] [Server thread/WARN] [net.minecraft.server.level.ServerLevel/]: Tried to add entity the_anomaly:anomaly_viewer but it was marked as removed already
[28Feb2025 08:59:44.466] [Server thread/WARN] [net.minecraft.server.level.ServerLevel/]: Tried to add entity the_anomaly:anomaly_trap but it was marked as removed already
[28Feb2025 08:59:44.467] [Server thread/WARN] [net.minecraft.server.level.ServerLevel/]: Tried to add entity the_anomaly:anomaly_escape but it was marked as removed already
[28Feb2025 08:59:44.567] [Server thread/WARN] [net.minecraft.server.level.ServerLevel/]: Tried to add entity the_anomaly:anomaly_visitor but it was marked as removed already
[28Feb2025 08:59:44.667] [Server thread/WARN] [net.minecraft.server.level.ServerLevel/]: Tried to add entity the_anomaly:anomaly_trap but it was marked as removed already
[28Feb2025 08:59:44.717] [Server thread/WARN] [net.minecraft.server.level.ServerLevel/]: Tried to add entity the_anomaly:anomaly_escape but it was marked as removed already
[28Feb2025 08:59:44.816] [Server thread/WARN] [net.minecraft.server.level.ServerLevel/]: Tried to add entity the_anomaly:anomaly_trap but it was marked as removed already
[28Feb2025 08:59:47.167] [Server thread/WARN] [net.minecraft.server.level.ServerLevel/]: Tried to add entity the_anomaly:anomaly_escape but it was marked as removed already
[28Feb2025 08:59:47.216] [Server thread/WARN] [net.minecraft.server.level.ServerLevel/]: Tried to add entity the_anomaly:anomaly_viewer but it was marked as removed already
[28Feb2025 08:59:47.366] [Server thread/WARN] [net.minecraft.server.level.ServerLevel/]: Tried to add entity the_anomaly:anomaly_trap but it was marked as removed already
[28Feb2025 08:59:48.088] [Server thread/WARN] [cgm/]: literal{Achbar}(9437cbb9-5182-3c16-ac53-b7fa2745b1d6) tried to fire before cooldown finished or server is lagging? Remaining milliseconds: 99
[28Feb2025 08:59:50.866] [Server thread/WARN] [net.minecraft.server.level.ServerLevel/]: Tried to add entity the_anomaly:anomaly_trap but it was marked as removed already
[28Feb2025 08:59:50.867] [Server thread/WARN] [net.minecraft.server.level.ServerLevel/]: Tried to add entity the_anomaly:anomaly_escape but it was marked as removed already
[28Feb2025 08:59:50.967] [Server thread/WARN] [net.minecraft.server.level.ServerLevel/]: Tried to add entity the_anomaly:anomaly_trap but it was marked as removed already
[28Feb2025 08:59:51.067] [Server thread/WARN] [net.minecraft.server.level.ServerLevel/]: Tried to add entity the_anomaly:anomaly_escape but it was marked as removed already
[28Feb2025 08:59:51.466] [Server thread/WARN] [net.minecraft.server.level.ServerLevel/]: Tried to add entity the_anomaly:anomaly_escape but it was marked as removed already
[28Feb2025 08:59:51.467] [Server thread/WARN] [net.minecraft.server.level.ServerLevel/]: Tried to add entity the_anomaly:anomaly_viewer but it was marked as removed already
[28Feb2025 08:59:51.467] [Server thread/WARN] [net.minecraft.server.level.ServerLevel/]: Tried to add entity the_anomaly:anomaly_trap but it was marked as removed already
[28Feb2025 08:59:52.117] [Server thread/WARN] [net.minecraft.server.level.ServerLevel/]: Tried to add entity the_anomaly:anomaly_trap but it was marked as removed already
[28Feb2025 08:59:52.217] [Server thread/WARN] [net.minecraft.server.level.ServerLevel/]: Tried to add entity the_anomaly:anomaly_escape but it was marked as removed already
[28Feb2025 08:59:52.966] [Server thread/WARN] [net.minecraft.server.level.ServerLevel/]: Tried to add entity the_anomaly:anomaly_viewer but it was marked as removed already
[28Feb2025 08:59:53.167] [Server thread/WARN] [net.minecraft.server.level.ServerLevel/]: Tried to add entity the_anomaly:anomaly_escape but it was marked as removed already
[28Feb2025 08:59:53.416] [Server thread/WARN] [net.minecraft.server.level.ServerLevel/]: Tried to add entity the_anomaly:anomaly_escape but it was marked as removed already
[28Feb2025 08:59:53.466] [Server thread/WARN] [net.minecraft.server.level.ServerLevel/]: Tried to add entity the_anomaly:anomaly_viewer but it was marked as removed already
[28Feb2025 08:59:53.617] [Server thread/WARN] [net.minecraft.server.level.ServerLevel/]: Tried to add entity the_anomaly:anomaly_viewer but it was marked as removed already
[28Feb2025 08:59:56.017] [Server thread/WARN] [net.minecraft.server.level.ServerLevel/]: Tried to add entity the_anomaly:anomaly_trap but it was marked as removed already
[28Feb2025 08:59:56.066] [Server thread/WARN] [net.minecraft.server.level.ServerLevel/]: Tried to add entity the_anomaly:anomaly_viewer but it was marked as removed already
[28Feb2025 08:59:56.117] [Server thread/WARN] [net.minecraft.server.level.ServerLevel/]: Tried to add entity the_anomaly:anomaly_trap but it was marked as removed already
[28Feb2025 08:59:56.216] [Server thread/WARN] [net.minecraft.server.level.ServerLevel/]: Tried to add entity the_anomaly:anomaly_escape but it was marked as removed already
[28Feb2025 08:59:56.217] [Server thread/WARN] [net.minecraft.server.level.ServerLevel/]: Tried to add entity the_anomaly:anomaly_viewer but it was marked as removed already
[28Feb2025 08:59:56.266] [Server thread/WARN] [net.minecraft.server.level.ServerLevel/]: Tried to add entity the_anomaly:anomaly_trap but it was marked as removed already
[28Feb2025 08:59:56.267] [Server thread/WARN] [net.minecraft.server.level.ServerLevel/]: Tried to add entity the_anomaly:anomaly_trap but it was marked as removed already
[28Feb2025 08:59:56.317] [Server thread/WARN] [net.minecraft.server.level.ServerLevel/]: Tried to add entity the_anomaly:anomaly_escape but it was marked as removed already
[28Feb2025 08:59:56.317] [Server thread/WARN] [net.minecraft.server.level.ServerLevel/]: Tried to add entity the_anomaly:anomaly_viewer but it was marked as removed already
[28Feb2025 08:59:56.617] [Server thread/WARN] [net.minecraft.server.level.ServerLevel/]: Tried to add entity the_anomaly:anomaly_escape but it was marked as removed already
[28Feb2025 08:59:56.767] [Server thread/WARN] [net.minecraft.server.level.ServerLevel/]: Tried to add entity the_anomaly:anomaly_escape but it was marked as removed already
[28Feb2025 08:59:59.188] [Server thread/WARN] [cgm/]: literal{Achbar}(9437cbb9-5182-3c16-ac53-b7fa2745b1d6) tried to fire before cooldown finished or server is lagging? Remaining milliseconds: 99
[28Feb2025 09:00:00.388] [Server thread/WARN] [cgm/]: literal{Achbar}(9437cbb9-5182-3c16-ac53-b7fa2745b1d6) tried to fire before cooldown finished or server is lagging? Remaining milliseconds: 99
[28Feb2025 09:00:01.117] [Server thread/WARN] [net.minecraft.server.level.ServerLevel/]: Tried to add entity the_anomaly:anomaly_viewer but it was marked as removed already
[28Feb2025 09:00:01.217] [Server thread/WARN] [net.minecraft.server.level.ServerLevel/]: Tried to add entity the_anomaly:anomaly_viewer but it was marked as removed already
[28Feb2025 09:00:01.217] [Server thread/WARN] [net.minecraft.server.level.ServerLevel/]: Tried to add entity the_anomaly:anomaly_viewer but it was marked as removed already
[28Feb2025 09:00:01.368] [Server thread/WARN] [net.minecraft.server.level.ServerLevel/]: Tried to add entity the_anomaly:anomaly_viewer but it was marked as removed already
[28Feb2025 09:00:01.368] [Server thread/WARN] [net.minecraft.server.level.ServerLevel/]: Tried to add entity the_anomaly:anomaly_escape but it was marked as removed already
[28Feb2025 09:00:01.368] [Server thread/WARN] [net.minecraft.server.level.ServerLevel/]: Tried to add entity the_anomaly:anomaly_viewer but it was marked as removed already
[28Feb2025 09:00:01.417] [Server thread/WARN] [net.minecraft.server.level.ServerLevel/]: Tried to add entity the_anomaly:anomaly_trap but it was marked as removed already
[28Feb2025 09:00:01.631] [Server thread/INFO] [net.minecraft.server.MinecraftServer/]: [Achbar: Set own game mode to Creative Mode]
[28Feb2025 09:00:01.767] [Server thread/WARN] [net.minecraft.server.level.ServerLevel/]: Tried to add entity the_anomaly:anomaly_trap but it was marked as removed already
[28Feb2025 09:00:02.967] [Server thread/WARN] [net.minecraft.server.level.ServerLevel/]: Tried to add entity the_anomaly:anomaly_viewer but it was marked as removed already
[28Feb2025 09:00:06.417] [Server thread/WARN] [net.minecraft.server.level.ServerLevel/]: Tried to add entity the_anomaly:anomaly_trap but it was marked as removed already
[28Feb2025 09:00:07.917] [Server thread/WARN] [net.minecraft.server.level.ServerLevel/]: Tried to add entity the_anomaly:anomaly_trap but it was marked as removed already
[28Feb2025 09:00:08.717] [Server thread/WARN] [net.minecraft.server.level.ServerLevel/]: Tried to add entity the_anomaly:anomaly_viewer but it was marked as removed already
[28Feb2025 09:00:08.768] [Server thread/WARN] [net.minecraft.server.level.ServerLevel/]: Tried to add entity the_anomaly:anomaly_viewer but it was marked as removed already
[28Feb2025 09:00:08.867] [Server thread/WARN] [net.minecraft.server.level.ServerLevel/]: Tried to add entity the_anomaly:anomaly_trap but it was marked as removed already
[28Feb2025 09:00:16.617] [Server thread/WARN] [net.minecraft.server.level.ServerLevel/]: Tried to add entity the_anomaly:anomaly_trap but it was marked as removed already
[28Feb2025 09:00:17.417] [Server thread/WARN] [net.minecraft.server.level.ServerLevel/]: Tried to add entity the_anomaly:anomaly_visitor but it was marked as removed already
[28Feb2025 09:00:19.617] [Server thread/WARN] [net.minecraft.server.level.ServerLevel/]: Tried to add entity the_anomaly:anomaly_viewer but it was marked as removed already
[28Feb2025 09:00:21.367] [Server thread/WARN] [net.minecraft.server.level.ServerLevel/]: Tried to add entity the_anomaly:anomaly_escape but it was marked as removed already
[28Feb2025 09:00:21.417] [Server thread/WARN] [net.minecraft.server.level.ServerLevel/]: Tried to add entity the_anomaly:anomaly_escape but it was marked as removed already
[28Feb2025 09:00:21.618] [Server thread/WARN] [net.minecraft.server.level.ServerLevel/]: Tried to add entity the_anomaly:anomaly_viewer but it was marked as removed already
[28Feb2025 09:00:21.619] [Server thread/WARN] [net.minecraft.server.level.ServerLevel/]: Tried to add entity the_anomaly:anomaly_visitor but it was marked as removed already
[28Feb2025 09:00:21.817] [Server thread/WARN] [net.minecraft.server.level.ServerLevel/]: Tried to add entity the_anomaly:anomaly_escape but it was marked as removed already
[28Feb2025 09:00:22.467] [Server thread/WARN] [net.minecraft.server.level.ServerLevel/]: Tried to add entity the_anomaly:anomaly_trap but it was marked as removed already
[28Feb2025 09:00:22.468] [Server thread/WARN] [net.minecraft.server.level.ServerLevel/]: Tried to add entity the_anomaly:anomaly_escape but it was marked as removed already
[28Feb2025 09:00:25.367] [Server thread/WARN] [net.minecraft.server.level.ServerLevel/]: Tried to add entity the_anomaly:anomaly_trap but it was marked as removed already
[28Feb2025 09:00:25.418] [Server thread/WARN] [net.minecraft.server.level.ServerLevel/]: Tried to add entity the_anomaly:anomaly_visitor but it was marked as removed already
[28Feb2025 09:00:26.367] [Server thread/WARN] [net.minecraft.server.level.ServerLevel/]: Tried to add entity the_anomaly:anomaly_viewer but it was marked as removed already
[28Feb2025 09:00:26.417] [Server thread/WARN] [net.minecraft.server.level.ServerLevel/]: Tried to add entity the_anomaly:anomaly_viewer but it was marked as removed already
[28Feb2025 09:00:26.667] [Server thread/WARN] [net.minecraft.server.level.ServerLevel/]: Tried to add entity the_anomaly:anomaly_escape but it was marked as removed already
[28Feb2025 09:00:26.717] [Server thread/WARN] [net.minecraft.server.level.ServerLevel/]: Tried to add entity the_anomaly:anomaly_escape but it was marked as removed already
[28Feb2025 09:00:29.367] [Server thread/WARN] [net.minecraft.server.level.ServerLevel/]: Tried to add entity the_anomaly:anomaly_escape but it was marked as removed already
[28Feb2025 09:00:29.717] [Server thread/WARN] [net.minecraft.server.level.ServerLevel/]: Tried to add entity the_anomaly:anomaly_viewer but it was marked as removed already
[28Feb2025 09:00:29.968] [Server thread/WARN] [net.minecraft.server.level.ServerLevel/]: Tried to add entity the_anomaly:anomaly_escape but it was marked as removed already
[28Feb2025 09:00:30.017] [Server thread/WARN] [net.minecraft.server.level.ServerLevel/]: Tried to add entity the_anomaly:anomaly_trap but it was marked as removed already
[28Feb2025 09:00:31.567] [Server thread/WARN] [net.minecraft.server.level.ServerLevel/]: Tried to add entity the_anomaly:anomaly_viewer but it was marked as removed already
[28Feb2025 09:00:31.568] [Server thread/WARN] [net.minecraft.server.level.ServerLevel/]: Tried to add entity the_anomaly:anomaly_viewer but it was marked as removed already
[28Feb2025 09:00:31.717] [Server thread/WARN] [net.minecraft.server.level.ServerLevel/]: Tried to add entity the_anomaly:anomaly_escape but it was marked as removed already
[28Feb2025 09:00:31.818] [Server thread/WARN] [net.minecraft.server.level.ServerLevel/]: Tried to add entity the_anomaly:anomaly_viewer but it was marked as removed already
[28Feb2025 09:00:31.868] [Server thread/WARN] [net.minecraft.server.level.ServerLevel/]: Tried to add entity the_anomaly:anomaly_escape but it was marked as removed already
[28Feb2025 09:00:31.917] [Server thread/WARN] [net.minecraft.server.level.ServerLevel/]: Tried to add entity the_anomaly:anomaly_viewer but it was marked as removed already
[28Feb2025 09:00:41.717] [Server thread/WARN] [net.minecraft.server.level.ServerLevel/]: Tried to add entity the_anomaly:anomaly_viewer but it was marked as removed already
[28Feb2025 09:00:41.767] [Server thread/WARN] [net.minecraft.server.level.ServerLevel/]: Tried to add entity the_anomaly:anomaly_trap but it was marked as removed already
[28Feb2025 09:00:41.818] [Server thread/WARN] [net.minecraft.server.level.ServerLevel/]: Tried to add entity the_anomaly:anomaly_viewer but it was marked as removed already
[28Feb2025 09:00:41.819] [Server thread/WARN] [net.minecraft.server.level.ServerLevel/]: Tried to add entity the_anomaly:anomaly_escape but it was marked as removed already
[28Feb2025 09:00:43.368] [Server thread/WARN] [net.minecraft.server.level.ServerLevel/]: Tried to add entity the_anomaly:anomaly_viewer but it was marked as removed already
[28Feb2025 09:00:44.093] [Server thread/WARN] [cgm/]: literal{Achbar}(9437cbb9-5182-3c16-ac53-b7fa2745b1d6) tried to fire before cooldown finished or server is lagging? Remaining milliseconds: 82
[28Feb2025 09:00:44.617] [Server thread/WARN] [net.minecraft.server.level.ServerLevel/]: Tried to add entity the_anomaly:anomaly_viewer but it was marked as removed already
[28Feb2025 09:00:44.617] [Server thread/WARN] [net.minecraft.server.level.ServerLevel/]: Tried to add entity the_anomaly:anomaly_escape but it was marked as removed already
[28Feb2025 09:00:44.689] [Server thread/WARN] [cgm/]: literal{Achbar}(9437cbb9-5182-3c16-ac53-b7fa2745b1d6) tried to fire before cooldown finished or server is lagging? Remaining milliseconds: 99
[28Feb2025 09:00:45.666] [Server thread/WARN] [net.minecraft.server.level.ServerLevel/]: Tried to add entity the_anomaly:anomaly_viewer but it was marked as removed already
[28Feb2025 09:00:47.617] [Server thread/WARN] [net.minecraft.server.level.ServerLevel/]: Tried to add entity the_anomaly:anomaly_trap but it was marked as removed already
[28Feb2025 09:00:48.666] [Server thread/WARN] [net.minecraft.server.level.ServerLevel/]: Tried to add entity the_anomaly:anomaly_viewer but it was marked as removed already
[28Feb2025 09:00:48.986] [Server thread/WARN] [cgm/]: literal{Achbar}(9437cbb9-5182-3c16-ac53-b7fa2745b1d6) tried to fire before cooldown finished or server is lagging? Remaining milliseconds: 88
[28Feb2025 09:00:49.516] [Server thread/WARN] [net.minecraft.server.level.ServerLevel/]: Tried to add entity the_anomaly:anomaly_trap but it was marked as removed already
[28Feb2025 09:00:49.517] [Server thread/WARN] [net.minecraft.server.level.ServerLevel/]: Tried to add entity the_anomaly:anomaly_trap but it was marked as removed already
[28Feb2025 09:00:49.567] [Server thread/WARN] [net.minecraft.server.level.ServerLevel/]: Tried to add entity the_anomaly:anomaly_viewer but it was marked as removed already
[28Feb2025 09:00:49.717] [Server thread/WARN] [net.minecraft.server.level.ServerLevel/]: Tried to add entity the_anomaly:anomaly_trap but it was marked as removed already
[28Feb2025 09:00:49.766] [Server thread/WARN] [net.minecraft.server.level.ServerLevel/]: Tried to add entity the_anomaly:anomaly_viewer but it was marked as removed already
[28Feb2025 09:00:49.817] [Server thread/WARN] [net.minecraft.server.level.ServerLevel/]: Tried to add entity the_anomaly:anomaly_escape but it was marked as removed already
[28Feb2025 09:00:49.917] [Server thread/WARN] [net.minecraft.server.level.ServerLevel/]: Tried to add entity the_anomaly:anomaly_escape but it was marked as removed already
[28Feb2025 09:00:50.017] [Server thread/WARN] [net.minecraft.server.level.ServerLevel/]: Tried to add entity the_anomaly:anomaly_escape but it was marked as removed already
[28Feb2025 09:00:50.067] [Server thread/WARN] [net.minecraft.server.level.ServerLevel/]: Tried to add entity the_anomaly:anomaly_viewer but it was marked as removed already
[28Feb2025 09:00:50.117] [Server thread/WARN] [net.minecraft.server.level.ServerLevel/]: Tried to add entity the_anomaly:anomaly_viewer but it was marked as removed already
[28Feb2025 09:00:50.217] [Server thread/WARN] [net.minecraft.server.level.ServerLevel/]: Tried to add entity the_anomaly:anomaly_viewer but it was marked as removed already
[28Feb2025 09:00:50.367] [Server thread/WARN] [net.minecraft.server.level.ServerLevel/]: Tried to add entity the_anomaly:anomaly_viewer but it was marked as removed already
[28Feb2025 09:00:50.917] [Server thread/WARN] [net.minecraft.server.level.ServerLevel/]: Tried to add entity the_anomaly:anomaly_trap but it was marked as removed already
[28Feb2025 09:00:51.117] [Server thread/WARN] [net.minecraft.server.level.ServerLevel/]: Tried to add entity the_anomaly:anomaly_escape but it was marked as removed already
[28Feb2025 09:00:54.766] [Server thread/WARN] [net.minecraft.server.level.ServerLevel/]: Tried to add entity the_anomaly:anomaly_escape but it was marked as removed already
[28Feb2025 09:00:54.767] [Server thread/WARN] [net.minecraft.server.level.ServerLevel/]: Tried to add entity the_anomaly:anomaly_viewer but it was marked as removed already
[28Feb2025 09:00:56.967] [Server thread/WARN] [net.minecraft.server.level.ServerLevel/]: Tried to add entity the_anomaly:anomaly_escape but it was marked as removed already
[28Feb2025 09:00:57.267] [Server thread/WARN] [net.minecraft.server.level.ServerLevel/]: Tried to add entity the_anomaly:anomaly_trap but it was marked as removed already
[28Feb2025 09:00:57.367] [Server thread/WARN] [net.minecraft.server.level.ServerLevel/]: Tried to add entity the_anomaly:anomaly_escape but it was marked as removed already
[28Feb2025 09:00:57.417] [Server thread/WARN] [net.minecraft.server.level.ServerLevel/]: Tried to add entity the_anomaly:anomaly_viewer but it was marked as removed already
[28Feb2025 09:00:57.517] [Server thread/WARN] [net.minecraft.server.level.ServerLevel/]: Tried to add entity the_anomaly:anomaly_escape but it was marked as removed already
[28Feb2025 09:00:57.667] [Server thread/WARN] [net.minecraft.server.level.ServerLevel/]: Tried to add entity the_anomaly:anomaly_visitor_2 but it was marked as removed already
[28Feb2025 09:00:57.917] [Server thread/WARN] [net.minecraft.server.level.ServerLevel/]: Tried to add entity the_anomaly:anomaly_trap but it was marked as removed already
[28Feb2025 09:00:58.067] [Server thread/WARN] [net.minecraft.server.level.ServerLevel/]: Tried to add entity the_anomaly:anomaly_viewer but it was marked as removed already
[28Feb2025 09:00:58.266] [Server thread/WARN] [net.minecraft.server.level.ServerLevel/]: Tried to add entity the_anomaly:anomaly_escape but it was marked as removed already
[28Feb2025 09:00:58.416] [Server thread/WARN] [net.minecraft.server.level.ServerLevel/]: Tried to add entity the_anomaly:anomaly_escape but it was marked as removed already
[28Feb2025 09:00:58.417] [Server thread/WARN] [net.minecraft.server.level.ServerLevel/]: Tried to add entity the_anomaly:anomaly_escape but it was marked as removed already
[28Feb2025 09:00:58.417] [Server thread/WARN] [net.minecraft.server.level.ServerLevel/]: Tried to add entity the_anomaly:anomaly_escape but it was marked as removed already
[28Feb2025 09:00:58.517] [Server thread/WARN] [net.minecraft.server.level.ServerLevel/]: Tried to add entity the_anomaly:anomaly_trap but it was marked as removed already
[28Feb2025 09:00:58.616] [Server thread/WARN] [net.minecraft.server.level.ServerLevel/]: Tried to add entity the_anomaly:anomaly_trap but it was marked as removed already
[28Feb2025 09:00:58.667] [Server thread/WARN] [net.minecraft.server.level.ServerLevel/]: Tried to add entity the_anomaly:anomaly_viewer but it was marked as removed already
[28Feb2025 09:00:58.766] [Server thread/WARN] [net.minecraft.server.level.ServerLevel/]: Tried to add entity the_anomaly:anomaly_trap but it was marked as removed already
[28Feb2025 09:00:59.067] [Server thread/WARN] [net.minecraft.server.level.ServerLevel/]: Tried to add entity the_anomaly:anomaly_viewer but it was marked as removed already
[28Feb2025 09:00:59.167] [Server thread/WARN] [net.minecraft.server.level.ServerLevel/]: Tried to add entity the_anomaly:anomaly_trap but it was marked as removed already
[28Feb2025 09:00:59.168] [Server thread/WARN] [net.minecraft.server.level.ServerLevel/]: Tried to add entity the_anomaly:anomaly_trap but it was marked as removed already
[28Feb2025 09:00:59.168] [Server thread/WARN] [net.minecraft.server.level.ServerLevel/]: Tried to add entity the_anomaly:anomaly_visitor but it was marked as removed already
[28Feb2025 09:01:02.966] [Server thread/WARN] [net.minecraft.server.level.ServerLevel/]: Tried to add entity the_anomaly:anomaly_trap but it was marked as removed already
[28Feb2025 09:01:03.066] [Server thread/WARN] [net.minecraft.server.level.ServerLevel/]: Tried to add entity the_anomaly:anomaly_viewer but it was marked as removed already
[28Feb2025 09:01:03.167] [Server thread/WARN] [net.minecraft.server.level.ServerLevel/]: Tried to add entity the_anomaly:anomaly_trap but it was marked as removed already
[28Feb2025 09:01:03.216] [Server thread/WARN] [net.minecraft.server.level.ServerLevel/]: Tried to add entity the_anomaly:anomaly_trap but it was marked as removed already
[28Feb2025 09:01:06.318] [Server thread/WARN] [net.minecraft.server.level.ServerLevel/]: Tried to add entity the_anomaly:anomaly_escape but it was marked as removed already
[28Feb2025 09:01:09.717] [Server thread/WARN] [net.minecraft.server.level.ServerLevel/]: Tried to add entity the_anomaly:anomaly_viewer but it was marked as removed already
[28Feb2025 09:01:09.867] [Server thread/WARN] [net.minecraft.server.level.ServerLevel/]: Tried to add entity the_anomaly:anomaly_viewer but it was marked as removed already
[28Feb2025 09:01:09.917] [Server thread/WARN] [net.minecraft.server.level.ServerLevel/]: Tried to add entity the_anomaly:anomaly_viewer but it was marked as removed already
[28Feb2025 09:01:10.016] [Server thread/WARN] [net.minecraft.server.level.ServerLevel/]: Tried to add entity the_anomaly:anomaly_escape but it was marked as removed already
[28Feb2025 09:01:11.917] [Server thread/WARN] [net.minecraft.server.level.ServerLevel/]: Tried to add entity the_anomaly:anomaly_trap but it was marked as removed already
[28Feb2025 09:01:12.866] [Server thread/WARN] [net.minecraft.server.level.ServerLevel/]: Tried to add entity the_anomaly:anomaly_viewer but it was marked as removed already
[28Feb2025 09:01:13.016] [Server thread/WARN] [net.minecraft.server.level.ServerLevel/]: Tried to add entity the_anomaly:anomaly_trap but it was marked as removed already
[28Feb2025 09:01:13.017] [Server thread/WARN] [net.minecraft.server.level.ServerLevel/]: Tried to add entity the_anomaly:anomaly_escape but it was marked as removed already
[28Feb2025 09:01:13.117] [Server thread/WARN] [net.minecraft.server.level.ServerLevel/]: Tried to add entity the_anomaly:anomaly_viewer but it was marked as removed already
[28Feb2025 09:01:13.167] [Server thread/WARN] [net.minecraft.server.level.ServerLevel/]: Tried to add entity the_anomaly:anomaly_trap but it was marked as removed already
[28Feb2025 09:01:13.266] [Server thread/WARN] [net.minecraft.server.level.ServerLevel/]: Tried to add entity the_anomaly:anomaly_viewer but it was marked as removed already
[28Feb2025 09:01:13.316] [Server thread/WARN] [net.minecraft.server.level.ServerLevel/]: Tried to add entity the_anomaly:anomaly_trap but it was marked as removed already
[28Feb2025 09:01:17.466] [Server thread/WARN] [net.minecraft.server.level.ServerLevel/]: Tried to add entity the_anomaly:anomaly_escape but it was marked as removed already
[28Feb2025 09:01:18.316] [Server thread/WARN] [net.minecraft.server.level.ServerLevel/]: Tried to add entity the_anomaly:anomaly_trap but it was marked as removed already
[28Feb2025 09:01:18.317] [Server thread/WARN] [net.minecraft.server.level.ServerLevel/]: Tried to add entity the_anomaly:anomaly_escape but it was marked as removed already
[28Feb2025 09:01:18.367] [Server thread/WARN] [net.minecraft.server.level.ServerLevel/]: Tried to add entity the_anomaly:anomaly_trap but it was marked as removed already
[28Feb2025 09:01:18.617] [Server thread/WARN] [net.minecraft.server.level.ServerLevel/]: Tried to add entity the_anomaly:anomaly_viewer but it was marked as removed already
[28Feb2025 09:01:18.666] [Server thread/WARN] [net.minecraft.server.level.ServerLevel/]: Tried to add entity the_anomaly:anomaly_viewer but it was marked as removed already
[28Feb2025 09:01:18.717] [Server thread/WARN] [net.minecraft.server.level.ServerLevel/]: Tried to add entity the_anomaly:anomaly_trap but it was marked as removed already
[28Feb2025 09:01:18.967] [Server thread/WARN] [net.minecraft.server.level.ServerLevel/]: Tried to add entity the_anomaly:anomaly_viewer but it was marked as removed already
[28Feb2025 09:01:18.967] [Server thread/WARN] [net.minecraft.server.level.ServerLevel/]: Tried to add entity the_anomaly:anomaly_trap but it was marked as removed already
[28Feb2025 09:01:19.867] [Server thread/WARN] [net.minecraft.server.level.ServerLevel/]: Tried to add entity the_anomaly:anomaly_escape but it was marked as removed already
[28Feb2025 09:01:20.378] [Server thread/INFO] [net.minecraft.server.MinecraftServer/]: YAMAPROSIH has completed the challenge [Cover Me in Debris]
[28Feb2025 09:01:21.916] [Server thread/WARN] [net.minecraft.server.level.ServerLevel/]: Tried to add entity the_anomaly:anomaly_escape but it was marked as removed already
[28Feb2025 09:01:23.367] [Server thread/WARN] [net.minecraft.server.level.ServerLevel/]: Tried to add entity the_anomaly:anomaly_viewer but it was marked as removed already
[28Feb2025 09:01:23.467] [Server thread/WARN] [net.minecraft.server.level.ServerLevel/]: Tried to add entity the_anomaly:anomaly_trap but it was marked as removed already
[28Feb2025 09:01:23.467] [Server thread/WARN] [net.minecraft.server.level.ServerLevel/]: Tried to add entity the_anomaly:anomaly_escape but it was marked as removed already
[28Feb2025 09:01:23.517] [Server thread/WARN] [net.minecraft.server.level.ServerLevel/]: Tried to add entity the_anomaly:anomaly_escape but it was marked as removed already
[28Feb2025 09:01:23.567] [Server thread/WARN] [net.minecraft.server.level.ServerLevel/]: Tried to add entity the_anomaly:anomaly_trap but it was marked as removed already
[28Feb2025 09:01:25.167] [Server thread/WARN] [net.minecraft.server.level.ServerLevel/]: Tried to add entity the_anomaly:anomaly_trap but it was marked as removed already
[28Feb2025 09:01:29.766] [Server thread/WARN] [net.minecraft.server.level.ServerLevel/]: Tried to add entity the_anomaly:anomaly_escape but it was marked as removed already
[28Feb2025 09:01:29.967] [Server thread/WARN] [net.minecraft.server.level.ServerLevel/]: Tried to add entity the_anomaly:anomaly_trap but it was marked as removed already
[28Feb2025 09:01:30.016] [Server thread/WARN] [net.minecraft.server.level.ServerLevel/]: Tried to add entity the_anomaly:anomaly_trap but it was marked as removed already
[28Feb2025 09:01:30.067] [Server thread/WARN] [net.minecraft.server.level.ServerLevel/]: Tried to add entity the_anomaly:anomaly_escape but it was marked as removed already
[28Feb2025 09:01:30.068] [Server thread/WARN] [net.minecraft.server.level.ServerLevel/]: Tried to add entity the_anomaly:anomaly_trap but it was marked as removed already
[28Feb2025 09:01:30.816] [Server thread/WARN] [net.minecraft.server.level.ServerLevel/]: Tried to add entity the_anomaly:anomaly_escape but it was marked as removed already
[28Feb2025 09:01:31.517] [Server thread/WARN] [net.minecraft.server.level.ServerLevel/]: Tried to add entity the_anomaly:anomaly_trap but it was marked as removed already
[28Feb2025 09:01:31.567] [Server thread/WARN] [net.minecraft.server.level.ServerLevel/]: Tried to add entity the_anomaly:anomaly_trap but it was marked as removed already
[28Feb2025 09:01:32.767] [Server thread/WARN] [net.minecraft.server.level.ServerLevel/]: Tried to add entity the_anomaly:anomaly_viewer but it was marked as removed already
[28Feb2025 09:01:32.816] [Server thread/WARN] [net.minecraft.server.level.ServerLevel/]: Tried to add entity the_anomaly:anomaly_escape but it was marked as removed already
[28Feb2025 09:01:32.866] [Server thread/WARN] [net.minecraft.server.level.ServerLevel/]: Tried to add entity the_anomaly:anomaly_trap but it was marked as removed already
[28Feb2025 09:01:32.916] [Server thread/WARN] [net.minecraft.server.level.ServerLevel/]: Tried to add entity the_anomaly:anomaly_viewer but it was marked as removed already
[28Feb2025 09:01:33.067] [Server thread/WARN] [net.minecraft.server.level.ServerLevel/]: Tried to add entity the_anomaly:anomaly_visitor_2 but it was marked as removed already
[28Feb2025 09:01:34.667] [Server thread/WARN] [net.minecraft.server.level.ServerLevel/]: Tried to add entity the_anomaly:anomaly_trap but it was marked as removed already
[28Feb2025 09:01:35.217] [Server thread/WARN] [net.minecraft.server.level.ServerLevel/]: Tried to add entity the_anomaly:anomaly_visitor but it was marked as removed already
[28Feb2025 09:01:35.266] [Server thread/WARN] [net.minecraft.server.level.ServerLevel/]: Tried to add entity the_anomaly:anomaly_escape but it was marked as removed already
[28Feb2025 09:01:39.067] [Server thread/WARN] [net.minecraft.server.level.ServerLevel/]: Tried to add entity the_anomaly:anomaly_visitor but it was marked as removed already
[28Feb2025 09:01:39.167] [Server thread/WARN] [net.minecraft.server.level.ServerLevel/]: Tried to add entity the_anomaly:anomaly_trap but it was marked as removed already
[28Feb2025 09:01:41.168] [Server thread/WARN] [net.minecraft.server.level.ServerLevel/]: Tried to add entity the_anomaly:anomaly_trap but it was marked as removed already
[28Feb2025 09:01:41.418] [Server thread/WARN] [net.minecraft.server.level.ServerLevel/]: Tried to add entity the_anomaly:anomaly_viewer but it was marked as removed already
[28Feb2025 09:01:41.466] [Server thread/WARN] [net.minecraft.server.level.ServerLevel/]: Tried to add entity the_anomaly:anomaly_escape but it was marked as removed already
[28Feb2025 09:01:41.717] [Server thread/WARN] [net.minecraft.server.level.ServerLevel/]: Tried to add entity the_anomaly:anomaly_viewer but it was marked as removed already
[28Feb2025 09:01:41.818] [Server thread/WARN] [net.minecraft.server.level.ServerLevel/]: Tried to add entity the_anomaly:anomaly_trap but it was marked as removed already
[28Feb2025 09:01:42.617] [Server thread/WARN] [net.minecraft.server.level.ServerLevel/]: Tried to add entity the_anomaly:anomaly_escape but it was marked as removed already
[28Feb2025 09:01:43.116] [Server thread/WARN] [net.minecraft.server.level.ServerLevel/]: Tried to add entity the_anomaly:anomaly_viewer but it was marked as removed already
[28Feb2025 09:01:43.316] [Server thread/WARN] [net.minecraft.server.level.ServerLevel/]: Tried to add entity the_anomaly:anomaly_escape but it was marked as removed already
[28Feb2025 09:01:43.317] [Server thread/WARN] [net.minecraft.server.level.ServerLevel/]: Tried to add entity the_anomaly:anomaly_visitor_2 but it was marked as removed already
[28Feb2025 09:01:44.716] [Server thread/WARN] [net.minecraft.server.level.ServerLevel/]: Tried to add entity the_anomaly:anomaly_viewer but it was marked as removed already
[28Feb2025 09:01:44.967] [Server thread/WARN] [net.minecraft.server.level.ServerLevel/]: Tried to add entity the_anomaly:anomaly_trap but it was marked as removed already
[28Feb2025 09:01:47.117] [Server thread/WARN] [net.minecraft.server.level.ServerLevel/]: Tried to add entity the_anomaly:anomaly_viewer but it was marked as removed already
[28Feb2025 09:01:47.166] [Server thread/WARN] [net.minecraft.server.level.ServerLevel/]: Tried to add entity the_anomaly:anomaly_trap but it was marked as removed already
[28Feb2025 09:01:47.267] [Server thread/WARN] [net.minecraft.server.level.ServerLevel/]: Tried to add entity the_anomaly:anomaly_escape but it was marked as removed already
[28Feb2025 09:01:47.416] [Server thread/WARN] [net.minecraft.server.level.ServerLevel/]: Tried to add entity the_anomaly:anomaly_escape but it was marked as removed already
[28Feb2025 09:01:52.668] [Server thread/WARN] [net.minecraft.server.level.ServerLevel/]: Tried to add entity the_anomaly:anomaly_trap but it was marked as removed already
[28Feb2025 09:01:52.867] [Server thread/WARN] [net.minecraft.server.level.ServerLevel/]: Tried to add entity the_anomaly:anomaly_trap but it was marked as removed already
[28Feb2025 09:01:52.916] [Server thread/WARN] [net.minecraft.server.level.ServerLevel/]: Tried to add entity the_anomaly:anomaly_trap but it was marked as removed already
[28Feb2025 09:01:55.517] [Server thread/WARN] [net.minecraft.server.level.ServerLevel/]: Tried to add entity the_anomaly:anomaly_visitor_2 but it was marked as removed already
[28Feb2025 09:01:55.567] [Server thread/WARN] [net.minecraft.server.level.ServerLevel/]: Tried to add entity the_anomaly:anomaly_trap but it was marked as removed already
[28Feb2025 09:01:56.967] [Server thread/WARN] [net.minecraft.server.level.ServerLevel/]: Tried to add entity the_anomaly:anomaly_escape but it was marked as removed already
[28Feb2025 09:02:00.216] [Server thread/WARN] [net.minecraft.server.level.ServerLevel/]: Tried to add entity the_anomaly:anomaly_trap but it was marked as removed already
[28Feb2025 09:02:00.267] [Server thread/WARN] [net.minecraft.server.level.ServerLevel/]: Tried to add entity the_anomaly:anomaly_escape but it was marked as removed already
[28Feb2025 09:02:00.317] [Server thread/WARN] [net.minecraft.server.level.ServerLevel/]: Tried to add entity the_anomaly:anomaly_trap but it was marked as removed already
[28Feb2025 09:02:03.866] [Server thread/WARN] [net.minecraft.server.level.ServerLevel/]: Tried to add entity the_anomaly:anomaly_escape but it was marked as removed already
[28Feb2025 09:02:08.067] [Server thread/WARN] [net.minecraft.server.level.ServerLevel/]: Tried to add entity the_anomaly:anomaly_viewer but it was marked as removed already
[28Feb2025 09:02:08.166] [Server thread/WARN] [net.minecraft.server.level.ServerLevel/]: Tried to add entity the_anomaly:anomaly_escape but it was marked as removed already
[28Feb2025 09:02:08.317] [Server thread/WARN] [net.minecraft.server.level.ServerLevel/]: Tried to add entity the_anomaly:anomaly_viewer but it was marked as removed already
[28Feb2025 09:02:17.316] [Server thread/WARN] [net.minecraft.server.level.ServerLevel/]: Tried to add entity the_anomaly:anomaly_viewer but it was marked as removed already
[28Feb2025 09:02:19.217] [Server thread/WARN] [net.minecraft.server.level.ServerLevel/]: Tried to add entity the_anomaly:anomaly_trap but it was marked as removed already
[28Feb2025 09:02:19.317] [Server thread/WARN] [net.minecraft.server.level.ServerLevel/]: Tried to add entity the_anomaly:anomaly_trap but it was marked as removed already
[28Feb2025 09:02:19.367] [Server thread/WARN] [net.minecraft.server.level.ServerLevel/]: Tried to add entity the_anomaly:anomaly_trap but it was marked as removed already
[28Feb2025 09:02:19.516] [Server thread/WARN] [net.minecraft.server.level.ServerLevel/]: Tried to add entity the_anomaly:anomaly_trap but it was marked as removed already
[28Feb2025 09:02:19.517] [Server thread/WARN] [net.minecraft.server.level.ServerLevel/]: Tried to add entity the_anomaly:anomaly_trap but it was marked as removed already
[28Feb2025 09:02:19.766] [Server thread/WARN] [net.minecraft.server.level.ServerLevel/]: Tried to add entity the_anomaly:anomaly_viewer but it was marked as removed already
[28Feb2025 09:02:19.818] [Server thread/WARN] [net.minecraft.server.level.ServerLevel/]: Tried to add entity the_anomaly:anomaly_escape but it was marked as removed already
[28Feb2025 09:02:19.967] [Server thread/WARN] [net.minecraft.server.level.ServerLevel/]: Tried to add entity the_anomaly:anomaly_escape but it was marked as removed already
[28Feb2025 09:02:20.066] [Server thread/WARN] [net.minecraft.server.level.ServerLevel/]: Tried to add entity the_anomaly:anomaly_trap but it was marked as removed already
[28Feb2025 09:02:20.067] [Server thread/WARN] [net.minecraft.server.level.ServerLevel/]: Tried to add entity the_anomaly:anomaly_trap but it was marked as removed already
[28Feb2025 09:02:20.068] [Server thread/WARN] [net.minecraft.server.level.ServerLevel/]: Tried to add entity the_anomaly:anomaly_viewer but it was marked as removed already
[28Feb2025 09:02:20.167] [Server thread/WARN] [net.minecraft.server.level.ServerLevel/]: Tried to add entity the_anomaly:anomaly_trap but it was marked as removed already
[28Feb2025 09:02:20.167] [Server thread/WARN] [net.minecraft.server.level.ServerLevel/]: Tried to add entity the_anomaly:anomaly_escape but it was marked as removed already
[28Feb2025 09:02:20.518] [Server thread/WARN] [net.minecraft.server.level.ServerLevel/]: Tried to add entity the_anomaly:anomaly_viewer but it was marked as removed already
[28Feb2025 09:02:20.667] [Server thread/WARN] [net.minecraft.server.level.ServerLevel/]: Tried to add entity the_anomaly:anomaly_viewer but it was marked as removed already
[28Feb2025 09:02:20.717] [Server thread/WARN] [net.minecraft.server.level.ServerLevel/]: Tried to add entity the_anomaly:anomaly_trap but it was marked as removed already
[28Feb2025 09:02:20.866] [Server thread/WARN] [net.minecraft.server.level.ServerLevel/]: Tried to add entity the_anomaly:anomaly_viewer but it was marked as removed already
[28Feb2025 09:02:20.966] [Server thread/WARN] [net.minecraft.server.level.ServerLevel/]: Tried to add entity the_anomaly:anomaly_trap but it was marked as removed already
[28Feb2025 09:02:21.168] [Server thread/WARN] [net.minecraft.server.level.ServerLevel/]: Tried to add entity the_anomaly:anomaly_trap but it was marked as removed already
[28Feb2025 09:02:21.217] [Server thread/WARN] [net.minecraft.server.level.ServerLevel/]: Tried to add entity the_anomaly:anomaly_viewer but it was marked as removed already
[28Feb2025 09:02:21.716] [Server thread/WARN] [net.minecraft.server.level.ServerLevel/]: Tried to add entity the_anomaly:anomaly_viewer but it was marked as removed already
[28Feb2025 09:02:21.968] [Server thread/WARN] [net.minecraft.server.level.ServerLevel/]: Tried to add entity the_anomaly:anomaly_viewer but it was marked as removed already
[28Feb2025 09:02:22.017] [Server thread/WARN] [net.minecraft.server.level.ServerLevel/]: Tried to add entity the_anomaly:anomaly_trap but it was marked as removed already
[28Feb2025 09:02:22.067] [Server thread/WARN] [net.minecraft.server.level.ServerLevel/]: Tried to add entity the_anomaly:anomaly_trap but it was marked as removed already
[28Feb2025 09:02:22.068] [Server thread/WARN] [net.minecraft.server.level.ServerLevel/]: Tried to add entity the_anomaly:anomaly_escape but it was marked as removed already
[28Feb2025 09:02:22.217] [Server thread/WARN] [net.minecraft.server.level.ServerLevel/]: Tried to add entity the_anomaly:anomaly_trap but it was marked as removed already
[28Feb2025 09:02:22.317] [Server thread/WARN] [net.minecraft.server.level.ServerLevel/]: Tried to add entity the_anomaly:anomaly_viewer but it was marked as removed already
[28Feb2025 09:02:24.867] [Server thread/WARN] [net.minecraft.server.level.ServerLevel/]: Tried to add entity the_anomaly:anomaly_escape but it was marked as removed already
[28Feb2025 09:02:24.916] [Server thread/WARN] [net.minecraft.server.level.ServerLevel/]: Tried to add entity the_anomaly:anomaly_viewer but it was marked as removed already
[28Feb2025 09:02:24.966] [Server thread/WARN] [net.minecraft.server.level.ServerLevel/]: Tried to add entity the_anomaly:anomaly_escape but it was marked as removed already
[28Feb2025 09:02:25.118] [Server thread/WARN] [net.minecraft.server.level.ServerLevel/]: Tried to add entity the_anomaly:anomaly_escape but it was marked as removed already
[28Feb2025 09:02:25.118] [Server thread/WARN] [net.minecraft.server.level.ServerLevel/]: Tried to add entity the_anomaly:anomaly_escape but it was marked as removed already
[28Feb2025 09:02:25.167] [Server thread/WARN] [net.minecraft.server.level.ServerLevel/]: Tried to add entity the_anomaly:anomaly_trap but it was marked as removed already
[28Feb2025 09:02:25.217] [Server thread/WARN] [net.minecraft.server.level.ServerLevel/]: Tried to add entity the_anomaly:anomaly_escape but it was marked as removed already
[28Feb2025 09:02:25.217] [Server thread/WARN] [net.minecraft.server.level.ServerLevel/]: Tried to add entity the_anomaly:anomaly_trap but it was marked as removed already
[28Feb2025 09:02:25.617] [Server thread/WARN] [net.minecraft.server.level.ServerLevel/]: Tried to add entity the_anomaly:anomaly_visitor_2 but it was marked as removed already
[28Feb2025 09:02:28.517] [Server thread/WARN] [net.minecraft.server.level.ServerLevel/]: Tried to add entity the_anomaly:anomaly_trap but it was marked as removed already
[28Feb2025 09:02:28.518] [Server thread/WARN] [net.minecraft.server.level.ServerLevel/]: Tried to add entity the_anomaly:anomaly_escape but it was marked as removed already
[28Feb2025 09:02:29.618] [Server thread/WARN] [net.minecraft.server.level.ServerLevel/]: Tried to add entity the_anomaly:anomaly_trap but it was marked as removed already
[28Feb2025 09:02:30.317] [Server thread/WARN] [net.minecraft.server.level.ServerLevel/]: Tried to add entity the_anomaly:anomaly_trap but it was marked as removed already
[28Feb2025 09:02:30.368] [Server thread/WARN] [net.minecraft.server.level.ServerLevel/]: Tried to add entity the_anomaly:anomaly_escape but it was marked as removed already
[28Feb2025 09:02:30.517] [Server thread/WARN] [net.minecraft.server.level.ServerLevel/]: Tried to add entity the_anomaly:anomaly_viewer but it was marked as removed already
[28Feb2025 09:02:30.617] [Server thread/WARN] [net.minecraft.server.level.ServerLevel/]: Tried to add entity the_anomaly:anomaly_trap but it was marked as removed already
[28Feb2025 09:02:30.817] [Server thread/WARN] [net.minecraft.server.level.ServerLevel/]: Tried to add entity the_anomaly:anomaly_viewer but it was marked as removed already
[28Feb2025 09:02:31.067] [Server thread/WARN] [net.minecraft.server.level.ServerLevel/]: Tried to add entity the_anomaly:anomaly_escape but it was marked as removed already
[28Feb2025 09:02:31.767] [Server thread/WARN] [net.minecraft.server.level.ServerLevel/]: Tried to add entity the_anomaly:anomaly_escape but it was marked as removed already
[28Feb2025 09:02:31.767] [Server thread/WARN] [net.minecraft.server.level.ServerLevel/]: Tried to add entity the_anomaly:anomaly_escape but it was marked as removed already
[28Feb2025 09:02:31.818] [Server thread/WARN] [net.minecraft.server.level.ServerLevel/]: Tried to add entity the_anomaly:anomaly_trap but it was marked as removed already
[28Feb2025 09:02:38.917] [Server thread/WARN] [net.minecraft.server.level.ServerLevel/]: Tried to add entity the_anomaly:anomaly_trap but it was marked as removed already
[28Feb2025 09:02:41.318] [Server thread/WARN] [net.minecraft.server.level.ServerLevel/]: Tried to add entity the_anomaly:anomaly_viewer but it was marked as removed already
[28Feb2025 09:02:41.467] [Server thread/WARN] [net.minecraft.server.level.ServerLevel/]: Tried to add entity the_anomaly:anomaly_escape but it was marked as removed already
[28Feb2025 09:02:42.867] [Server thread/WARN] [net.minecraft.server.level.ServerLevel/]: Tried to add entity the_anomaly:anomaly_trap but it was marked as removed already
[28Feb2025 09:02:45.968] [Server thread/WARN] [net.minecraft.server.level.ServerLevel/]: Tried to add entity the_anomaly:anomaly_viewer but it was marked as removed already
[28Feb2025 09:02:46.067] [Server thread/WARN] [net.minecraft.server.level.ServerLevel/]: Tried to add entity the_anomaly:anomaly_trap but it was marked as removed already
[28Feb2025 09:02:46.067] [Server thread/WARN] [net.minecraft.server.level.ServerLevel/]: Tried to add entity the_anomaly:anomaly_escape but it was marked as removed already
[28Feb2025 09:02:49.967] [Server thread/WARN] [net.minecraft.server.level.ServerLevel/]: Tried to add entity the_anomaly:anomaly_viewer but it was marked as removed already
[28Feb2025 09:02:50.167] [Server thread/WARN] [net.minecraft.server.level.ServerLevel/]: Tried to add entity the_anomaly:anomaly_trap but it was marked as removed already
[28Feb2025 09:02:50.317] [Server thread/WARN] [net.minecraft.server.level.ServerLevel/]: Tried to add entity the_anomaly:anomaly_viewer but it was marked as removed already
[28Feb2025 09:02:50.567] [Server thread/WARN] [net.minecraft.server.level.ServerLevel/]: Tried to add entity the_anomaly:anomaly_viewer but it was marked as removed already
[28Feb2025 09:02:50.567] [Server thread/WARN] [net.minecraft.server.level.ServerLevel/]: Tried to add entity the_anomaly:anomaly_viewer but it was marked as removed already
[28Feb2025 09:02:50.716] [Server thread/WARN] [net.minecraft.server.level.ServerLevel/]: Tried to add entity the_anomaly:anomaly_trap but it was marked as removed already
[28Feb2025 09:02:51.017] [Server thread/WARN] [net.minecraft.server.level.ServerLevel/]: Tried to add entity the_anomaly:anomaly_trap but it was marked as removed already
[28Feb2025 09:02:51.017] [Server thread/WARN] [net.minecraft.server.level.ServerLevel/]: Tried to add entity the_anomaly:anomaly_viewer but it was marked as removed already
[28Feb2025 09:02:51.067] [Server thread/WARN] [net.minecraft.server.level.ServerLevel/]: Tried to add entity the_anomaly:anomaly_trap but it was marked as removed already
[28Feb2025 09:02:51.067] [Server thread/WARN] [net.minecraft.server.level.ServerLevel/]: Tried to add entity the_anomaly:anomaly_escape but it was marked as removed already
[28Feb2025 09:02:51.116] [Server thread/WARN] [net.minecraft.server.level.ServerLevel/]: Tried to add entity the_anomaly:anomaly_trap but it was marked as removed already
[28Feb2025 09:02:52.967] [Server thread/WARN] [net.minecraft.server.level.ServerLevel/]: Tried to add entity the_anomaly:anomaly_trap but it was marked as removed already
[28Feb2025 09:02:53.767] [Server thread/WARN] [net.minecraft.server.level.ServerLevel/]: Tried to add entity the_anomaly:anomaly_viewer but it was marked as removed already
[28Feb2025 09:02:56.267] [Server thread/WARN] [net.minecraft.server.level.ServerLevel/]: Tried to add entity the_anomaly:anomaly_escape but it was marked as removed already
[28Feb2025 09:02:56.516] [Server thread/WARN] [net.minecraft.server.level.ServerLevel/]: Tried to add entity the_anomaly:anomaly_viewer but it was marked as removed already
[28Feb2025 09:02:56.567] [Server thread/WARN] [net.minecraft.server.level.ServerLevel/]: Tried to add entity the_anomaly:anomaly_escape but it was marked as removed already
[28Feb2025 09:02:57.217] [Server thread/WARN] [net.minecraft.server.level.ServerLevel/]: Tried to add entity the_anomaly:anomaly_trap but it was marked as removed already
[28Feb2025 09:02:57.317] [Server thread/WARN] [net.minecraft.server.level.ServerLevel/]: Tried to add entity the_anomaly:anomaly_escape but it was marked as removed already
[28Feb2025 09:02:57.417] [Server thread/WARN] [net.minecraft.server.level.ServerLevel/]: Tried to add entity the_anomaly:anomaly_viewer but it was marked as removed already
[28Feb2025 09:02:57.418] [Server thread/WARN] [net.minecraft.server.level.ServerLevel/]: Tried to add entity the_anomaly:anomaly_escape but it was marked as removed already
[28Feb2025 09:02:57.718] [Server thread/WARN] [net.minecraft.server.level.ServerLevel/]: Tried to add entity the_anomaly:anomaly_trap but it was marked as removed already
[28Feb2025 09:02:57.767] [Server thread/WARN] [net.minecraft.server.level.ServerLevel/]: Tried to add entity the_anomaly:anomaly_trap but it was marked as removed already
[28Feb2025 09:03:01.317] [Server thread/WARN] [net.minecraft.server.level.ServerLevel/]: Tried to add entity the_anomaly:anomaly_escape but it was marked as removed already
[28Feb2025 09:03:01.367] [Server thread/WARN] [net.minecraft.server.level.ServerLevel/]: Tried to add entity the_anomaly:anomaly_viewer but it was marked as removed already
[28Feb2025 09:03:01.417] [Server thread/WARN] [net.minecraft.server.level.ServerLevel/]: Tried to add entity the_anomaly:anomaly_trap but it was marked as removed already
[28Feb2025 09:03:01.417] [Server thread/WARN] [net.minecraft.server.level.ServerLevel/]: Tried to add entity the_anomaly:anomaly_viewer but it was marked as removed already
[28Feb2025 09:03:01.418] [Server thread/WARN] [net.minecraft.server.level.ServerLevel/]: Tried to add entity the_anomaly:anomaly_viewer but it was marked as removed already
[28Feb2025 09:03:01.516] [Server thread/WARN] [net.minecraft.server.level.ServerLevel/]: Tried to add entity the_anomaly:anomaly_visitor_2 but it was marked as removed already
[28Feb2025 09:03:01.567] [Server thread/WARN] [net.minecraft.server.level.ServerLevel/]: Tried to add entity the_anomaly:anomaly_trap but it was marked as removed already
[28Feb2025 09:03:01.568] [Server thread/WARN] [net.minecraft.server.level.ServerLevel/]: Tried to add entity the_anomaly:anomaly_trap but it was marked as removed already
[28Feb2025 09:03:02.017] [Server thread/WARN] [net.minecraft.server.level.ServerLevel/]: Tried to add entity the_anomaly:anomaly_trap but it was marked as removed already
[28Feb2025 09:03:02.317] [Server thread/WARN] [net.minecraft.server.level.ServerLevel/]: Tried to add entity the_anomaly:anomaly_viewer but it was marked as removed already
[28Feb2025 09:03:02.367] [Server thread/WARN] [net.minecraft.server.level.ServerLevel/]: Tried to add entity the_anomaly:anomaly_viewer but it was marked as removed already
[28Feb2025 09:03:02.416] [Server thread/WARN] [net.minecraft.server.level.ServerLevel/]: Tried to add entity the_anomaly:anomaly_escape but it was marked as removed already
[28Feb2025 09:03:02.517] [Server thread/WARN] [net.minecraft.server.level.ServerLevel/]: Tried to add entity the_anomaly:anomaly_viewer but it was marked as removed already
[28Feb2025 09:03:02.568] [Server thread/WARN] [net.minecraft.server.level.ServerLevel/]: Tried to add entity the_anomaly:anomaly_escape but it was marked as removed already
[28Feb2025 09:03:02.716] [Server thread/WARN] [net.minecraft.server.level.ServerLevel/]: Tried to add entity the_anomaly:anomaly_trap but it was marked as removed already
[28Feb2025 09:03:02.817] [Server thread/WARN] [net.minecraft.server.level.ServerLevel/]: Tried to add entity the_anomaly:anomaly_escape but it was marked as removed already
[28Feb2025 09:03:02.916] [Server thread/WARN] [net.minecraft.server.level.ServerLevel/]: Tried to add entity the_anomaly:anomaly_escape but it was marked as removed already
[28Feb2025 09:03:03.167] [Server thread/WARN] [net.minecraft.server.level.ServerLevel/]: Tried to add entity the_anomaly:anomaly_escape but it was marked as removed already
[28Feb2025 09:03:03.516] [Server thread/WARN] [net.minecraft.server.level.ServerLevel/]: Tried to add entity the_anomaly:anomaly_viewer but it was marked as removed already
[28Feb2025 09:03:04.366] [Server thread/WARN] [net.minecraft.server.level.ServerLevel/]: Tried to add entity the_anomaly:anomaly_escape but it was marked as removed already
[28Feb2025 09:03:04.467] [Server thread/WARN] [net.minecraft.server.level.ServerLevel/]: Tried to add entity the_anomaly:anomaly_escape but it was marked as removed already
[28Feb2025 09:03:07.717] [Server thread/WARN] [net.minecraft.server.level.ServerLevel/]: Tried to add entity the_anomaly:anomaly_trap but it was marked as removed already
[28Feb2025 09:03:07.718] [Server thread/WARN] [net.minecraft.server.level.ServerLevel/]: Tried to add entity the_anomaly:anomaly_escape but it was marked as removed already
[28Feb2025 09:03:07.767] [Server thread/WARN] [net.minecraft.server.level.ServerLevel/]: Tried to add entity the_anomaly:anomaly_escape but it was marked as removed already
[28Feb2025 09:03:11.267] [Server thread/WARN] [net.minecraft.server.level.ServerLevel/]: Tried to add entity the_anomaly:anomaly_viewer but it was marked as removed already
[28Feb2025 09:03:11.317] [Server thread/WARN] [net.minecraft.server.level.ServerLevel/]: Tried to add entity the_anomaly:anomaly_viewer but it was marked as removed already
[28Feb2025 09:03:11.368] [Server thread/WARN] [net.minecraft.server.level.ServerLevel/]: Tried to add entity the_anomaly:anomaly_trap but it was marked as removed already
[28Feb2025 09:03:11.517] [Server thread/WARN] [net.minecraft.server.level.ServerLevel/]: Tried to add entity the_anomaly:anomaly_escape but it was marked as removed already
[28Feb2025 09:03:14.366] [Server thread/WARN] [net.minecraft.server.level.ServerLevel/]: Tried to add entity the_anomaly:anomaly_escape but it was marked as removed already
[28Feb2025 09:03:14.417] [Server thread/WARN] [net.minecraft.server.level.ServerLevel/]: Tried to add entity the_anomaly:anomaly_trap but it was marked as removed already
[28Feb2025 09:03:14.466] [Server thread/WARN] [net.minecraft.server.level.ServerLevel/]: Tried to add entity the_anomaly:anomaly_trap but it was marked as removed already
[28Feb2025 09:03:14.617] [Server thread/WARN] [net.minecraft.server.level.ServerLevel/]: Tried to add entity the_anomaly:anomaly_trap but it was marked as removed already
[28Feb2025 09:03:14.617] [Server thread/WARN] [net.minecraft.server.level.ServerLevel/]: Tried to add entity the_anomaly:anomaly_escape but it was marked as removed already
[28Feb2025 09:03:14.667] [Server thread/WARN] [net.minecraft.server.level.ServerLevel/]: Tried to add entity the_anomaly:anomaly_escape but it was marked as removed already
[28Feb2025 09:03:14.717] [Server thread/WARN] [net.minecraft.server.level.ServerLevel/]: Tried to add entity the_anomaly:anomaly_viewer but it was marked as removed already
[28Feb2025 09:03:14.718] [Server thread/WARN] [net.minecraft.server.level.ServerLevel/]: Tried to add entity the_anomaly:anomaly_trap but it was marked as removed already
[28Feb2025 09:03:16.867] [Server thread/WARN] [net.minecraft.server.level.ServerLevel/]: Tried to add entity the_anomaly:anomaly_escape but it was marked as removed already
[28Feb2025 09:03:16.867] [Server thread/WARN] [net.minecraft.server.level.ServerLevel/]: Tried to add entity the_anomaly:anomaly_trap but it was marked as removed already
[28Feb2025 09:03:16.967] [Server thread/WARN] [net.minecraft.server.level.ServerLevel/]: Tried to add entity the_anomaly:anomaly_viewer but it was marked as removed already
[28Feb2025 09:03:19.567] [Server thread/WARN] [net.minecraft.server.level.ServerLevel/]: Tried to add entity the_anomaly:anomaly_viewer but it was marked as removed already
[28Feb2025 09:03:20.217] [Server thread/WARN] [net.minecraft.server.level.ServerLevel/]: Tried to add entity the_anomaly:anomaly_escape but it was marked as removed already
[28Feb2025 09:03:20.366] [Server thread/WARN] [net.minecraft.server.level.ServerLevel/]: Tried to add entity the_anomaly:anomaly_trap but it was marked as removed already
[28Feb2025 09:03:20.467] [Server thread/WARN] [net.minecraft.server.level.ServerLevel/]: Tried to add entity the_anomaly:anomaly_viewer but it was marked as removed already
[28Feb2025 09:03:24.567] [Server thread/WARN] [net.minecraft.server.level.ServerLevel/]: Tried to add entity the_anomaly:anomaly_escape but it was marked as removed already
[28Feb2025 09:03:24.967] [Server thread/WARN] [net.minecraft.server.level.ServerLevel/]: Tried to add entity the_anomaly:anomaly_visitor_2 but it was marked as removed already
[28Feb2025 09:03:25.166] [Server thread/WARN] [net.minecraft.server.level.ServerLevel/]: Tried to add entity the_anomaly:anomaly_viewer but it was marked as removed already
[28Feb2025 09:03:25.417] [Server thread/WARN] [net.minecraft.server.level.ServerLevel/]: Tried to add entity the_anomaly:anomaly_trap but it was marked as removed already
[28Feb2025 09:03:25.418] [Server thread/WARN] [net.minecraft.server.level.ServerLevel/]: Tried to add entity the_anomaly:anomaly_trap but it was marked as removed already
[28Feb2025 09:03:25.418] [Server thread/WARN] [net.minecraft.server.level.ServerLevel/]: Tried to add entity the_anomaly:anomaly_trap but it was marked as removed already
[28Feb2025 09:03:25.767] [Server thread/WARN] [net.minecraft.server.level.ServerLevel/]: Tried to add entity the_anomaly:anomaly_escape but it was marked as removed already
[28Feb2025 09:03:25.967] [Server thread/WARN] [net.minecraft.server.level.ServerLevel/]: Tried to add entity the_anomaly:anomaly_trap but it was marked as removed already
[28Feb2025 09:03:26.116] [Server thread/WARN] [net.minecraft.server.level.ServerLevel/]: Tried to add entity the_anomaly:anomaly_escape but it was marked as removed already
[28Feb2025 09:03:26.266] [Server thread/WARN] [net.minecraft.server.level.ServerLevel/]: Tried to add entity the_anomaly:anomaly_viewer but it was marked as removed already
[28Feb2025 09:03:26.367] [Server thread/WARN] [net.minecraft.server.level.ServerLevel/]: Tried to add entity the_anomaly:anomaly_trap but it was marked as removed already
[28Feb2025 09:03:27.016] [Server thread/WARN] [net.minecraft.server.level.ServerLevel/]: Tried to add entity the_anomaly:anomaly_viewer but it was marked as removed already
[28Feb2025 09:03:31.217] [Server thread/WARN] [net.minecraft.server.level.ServerLevel/]: Tried to add entity the_anomaly:anomaly_viewer but it was marked as removed already
[28Feb2025 09:03:32.667] [Server thread/WARN] [net.minecraft.server.level.ServerLevel/]: Tried to add entity the_anomaly:anomaly_trap but it was marked as removed already
[28Feb2025 09:03:32.817] [Server thread/WARN] [net.minecraft.server.level.ServerLevel/]: Tried to add entity the_anomaly:anomaly_trap but it was marked as removed already
[28Feb2025 09:03:33.567] [Server thread/WARN] [net.minecraft.server.level.ServerLevel/]: Tried to add entity the_anomaly:anomaly_trap but it was marked as removed already
[28Feb2025 09:03:33.667] [Server thread/WARN] [net.minecraft.server.level.ServerLevel/]: Tried to add entity the_anomaly:anomaly_viewer but it was marked as removed already
[28Feb2025 09:03:35.267] [Server thread/WARN] [net.minecraft.server.level.ServerLevel/]: Tried to add entity the_anomaly:anomaly_trap but it was marked as removed already
[28Feb2025 09:03:35.417] [Server thread/WARN] [net.minecraft.server.level.ServerLevel/]: Tried to add entity the_anomaly:anomaly_trap but it was marked as removed already
[28Feb2025 09:03:35.467] [Server thread/WARN] [net.minecraft.server.level.ServerLevel/]: Tried to add entity the_anomaly:anomaly_trap but it was marked as removed already
[28Feb2025 09:03:35.767] [Server thread/WARN] [net.minecraft.server.level.ServerLevel/]: Tried to add entity the_anomaly:anomaly_trap but it was marked as removed already
[28Feb2025 09:03:36.417] [Server thread/WARN] [net.minecraft.server.level.ServerLevel/]: Tried to add entity the_anomaly:anomaly_viewer but it was marked as removed already
[28Feb2025 09:03:36.417] [Server thread/WARN] [net.minecraft.server.level.ServerLevel/]: Tried to add entity the_anomaly:anomaly_viewer but it was marked as removed already
[28Feb2025 09:03:36.518] [Server thread/WARN] [net.minecraft.server.level.ServerLevel/]: Tried to add entity the_anomaly:anomaly_viewer but it was marked as removed already
[28Feb2025 09:03:36.667] [Server thread/WARN] [net.minecraft.server.level.ServerLevel/]: Tried to add entity the_anomaly:anomaly_viewer but it was marked as removed already
[28Feb2025 09:03:36.817] [Server thread/WARN] [net.minecraft.server.level.ServerLevel/]: Tried to add entity the_anomaly:anomaly_trap but it was marked as removed already
[28Feb2025 09:03:36.867] [Server thread/WARN] [net.minecraft.server.level.ServerLevel/]: Tried to add entity the_anomaly:anomaly_trap but it was marked as removed already
[28Feb2025 09:03:37.768] [Server thread/WARN] [net.minecraft.server.level.ServerLevel/]: Tried to add entity the_anomaly:anomaly_viewer but it was marked as removed already
[28Feb2025 09:03:38.017] [Server thread/WARN] [net.minecraft.server.level.ServerLevel/]: Tried to add entity the_anomaly:anomaly_viewer but it was marked as removed already
[28Feb2025 09:03:38.067] [Server thread/WARN] [net.minecraft.server.level.ServerLevel/]: Tried to add entity the_anomaly:anomaly_viewer but it was marked as removed already
[28Feb2025 09:03:39.467] [Server thread/WARN] [net.minecraft.server.level.ServerLevel/]: Tried to add entity the_anomaly:anomaly_escape but it was marked as removed already
[28Feb2025 09:03:40.217] [Server thread/WARN] [net.minecraft.server.level.ServerLevel/]: Tried to add entity the_anomaly:anomaly_escape but it was marked as removed already
[28Feb2025 09:03:40.467] [Server thread/WARN] [net.minecraft.server.level.ServerLevel/]: Tried to add entity the_anomaly:anomaly_trap but it was marked as removed already
[28Feb2025 09:03:40.867] [Server thread/WARN] [net.minecraft.server.level.ServerLevel/]: Tried to add entity the_anomaly:anomaly_viewer but it was marked as removed already
[28Feb2025 09:03:42.416] [Server thread/WARN] [net.minecraft.server.level.ServerLevel/]: Tried to add entity the_anomaly:anomaly_viewer but it was marked as removed already
[28Feb2025 09:03:42.417] [Server thread/WARN] [net.minecraft.server.level.ServerLevel/]: Tried to add entity the_anomaly:anomaly_trap but it was marked as removed already
[28Feb2025 09:03:42.667] [Server thread/WARN] [net.minecraft.server.level.ServerLevel/]: Tried to add entity the_anomaly:anomaly_trap but it was marked as removed already
[28Feb2025 09:03:42.766] [Server thread/WARN] [net.minecraft.server.level.ServerLevel/]: Tried to add entity the_anomaly:anomaly_escape but it was marked as removed already
[28Feb2025 09:03:42.867] [Server thread/WARN] [net.minecraft.server.level.ServerLevel/]: Tried to add entity the_anomaly:anomaly_trap but it was marked as removed already
[28Feb2025 09:03:43.016] [Server thread/WARN] [net.minecraft.server.level.ServerLevel/]: Tried to add entity the_anomaly:anomaly_escape but it was marked as removed already
[28Feb2025 09:03:43.366] [Server thread/WARN] [net.minecraft.server.level.ServerLevel/]: Tried to add entity the_anomaly:anomaly_trap but it was marked as removed already
[28Feb2025 09:03:43.517] [Server thread/WARN] [net.minecraft.server.level.ServerLevel/]: Tried to add entity the_anomaly:anomaly_trap but it was marked as removed already
[28Feb2025 09:03:43.617] [Server thread/WARN] [net.minecraft.server.level.ServerLevel/]: Tried to add entity the_anomaly:anomaly_trap but it was marked as removed already
[28Feb2025 09:03:43.617] [Server thread/WARN] [net.minecraft.server.level.ServerLevel/]: Tried to add entity the_anomaly:anomaly_escape but it was marked as removed already
[28Feb2025 09:03:43.667] [Server thread/WARN] [net.minecraft.server.level.ServerLevel/]: Tried to add entity the_anomaly:anomaly_viewer but it was marked as removed already
[28Feb2025 09:03:45.618] [Server thread/WARN] [net.minecraft.server.level.ServerLevel/]: Tried to add entity the_anomaly:anomaly_escape but it was marked as removed already
[28Feb2025 09:03:45.717] [Server thread/WARN] [net.minecraft.server.level.ServerLevel/]: Tried to add entity the_anomaly:anomaly_escape but it was marked as removed already
[28Feb2025 09:03:45.867] [Server thread/WARN] [net.minecraft.server.level.ServerLevel/]: Tried to add entity the_anomaly:anomaly_escape but it was marked as removed already
[28Feb2025 09:03:45.917] [Server thread/WARN] [net.minecraft.server.level.ServerLevel/]: Tried to add entity the_anomaly:anomaly_escape but it was marked as removed already
[28Feb2025 09:03:46.468] [Server thread/WARN] [net.minecraft.server.level.ServerLevel/]: Tried to add entity the_anomaly:anomaly_viewer but it was marked as removed already
[28Feb2025 09:03:46.567] [Server thread/WARN] [net.minecraft.server.level.ServerLevel/]: Tried to add entity the_anomaly:anomaly_trap but it was marked as removed already
[28Feb2025 09:03:46.967] [Server thread/WARN] [net.minecraft.server.level.ServerLevel/]: Tried to add entity the_anomaly:anomaly_escape but it was marked as removed already
[28Feb2025 09:03:47.067] [Server thread/WARN] [net.minecraft.server.level.ServerLevel/]: Tried to add entity the_anomaly:anomaly_viewer but it was marked as removed already
[28Feb2025 09:03:47.117] [Server thread/WARN] [net.minecraft.server.level.ServerLevel/]: Tried to add entity the_anomaly:anomaly_escape but it was marked as removed already
[28Feb2025 09:03:47.167] [Server thread/WARN] [net.minecraft.server.level.ServerLevel/]: Tried to add entity the_anomaly:anomaly_escape but it was marked as removed already
[28Feb2025 09:03:47.267] [Server thread/WARN] [net.minecraft.server.level.ServerLevel/]: Tried to add entity the_anomaly:anomaly_escape but it was marked as removed already
[28Feb2025 09:03:47.317] [Server thread/WARN] [net.minecraft.server.level.ServerLevel/]: Tried to add entity the_anomaly:anomaly_trap but it was marked as removed already
[28Feb2025 09:03:47.417] [Server thread/WARN] [net.minecraft.server.level.ServerLevel/]: Tried to add entity the_anomaly:anomaly_trap but it was marked as removed already
[28Feb2025 09:03:47.517] [Server thread/WARN] [net.minecraft.server.level.ServerLevel/]: Tried to add entity the_anomaly:anomaly_viewer but it was marked as removed already
[28Feb2025 09:03:47.617] [Server thread/WARN] [net.minecraft.server.level.ServerLevel/]: Tried to add entity the_anomaly:anomaly_trap but it was marked as removed already
[28Feb2025 09:03:47.666] [Server thread/WARN] [net.minecraft.server.level.ServerLevel/]: Tried to add entity the_anomaly:anomaly_viewer but it was marked as removed already
[28Feb2025 09:03:47.867] [Server thread/WARN] [net.minecraft.server.level.ServerLevel/]: Tried to add entity the_anomaly:anomaly_viewer but it was marked as removed already
[28Feb2025 09:03:47.867] [Server thread/WARN] [net.minecraft.server.level.ServerLevel/]: Tried to add entity the_anomaly:anomaly_trap but it was marked as removed already
[28Feb2025 09:03:48.067] [Server thread/WARN] [net.minecraft.server.level.ServerLevel/]: Tried to add entity the_anomaly:anomaly_viewer but it was marked as removed already
[28Feb2025 09:03:48.366] [Server thread/WARN] [net.minecraft.server.level.ServerLevel/]: Tried to add entity the_anomaly:anomaly_trap but it was marked as removed already
[28Feb2025 09:03:48.416] [Server thread/WARN] [net.minecraft.server.level.ServerLevel/]: Tried to add entity the_anomaly:anomaly_viewer but it was marked as removed already
[28Feb2025 09:03:48.567] [Server thread/WARN] [net.minecraft.server.level.ServerLevel/]: Tried to add entity the_anomaly:anomaly_trap but it was marked as removed already
[28Feb2025 09:03:51.618] [Server thread/WARN] [net.minecraft.server.level.ServerLevel/]: Tried to add entity the_anomaly:anomaly_escape but it was marked as removed already
[28Feb2025 09:03:52.667] [Server thread/WARN] [net.minecraft.server.level.ServerLevel/]: Tried to add entity the_anomaly:anomaly_viewer but it was marked as removed already
[28Feb2025 09:03:52.816] [Server thread/WARN] [net.minecraft.server.level.ServerLevel/]: Tried to add entity the_anomaly:anomaly_trap but it was marked as removed already
[28Feb2025 09:03:55.466] [Server thread/WARN] [net.minecraft.server.level.ServerLevel/]: Tried to add entity the_anomaly:anomaly_escape but it was marked as removed already
[28Feb2025 09:03:55.917] [Server thread/WARN] [net.minecraft.server.level.ServerLevel/]: Tried to add entity the_anomaly:anomaly_trap but it was marked as removed already
[28Feb2025 09:03:56.016] [Server thread/WARN] [net.minecraft.server.level.ServerLevel/]: Tried to add entity the_anomaly:anomaly_viewer but it was marked as removed already
[28Feb2025 09:03:56.167] [Server thread/WARN] [net.minecraft.server.level.ServerLevel/]: Tried to add entity the_anomaly:anomaly_viewer but it was marked as removed already
[28Feb2025 09:03:58.566] [Server thread/WARN] [net.minecraft.server.level.ServerLevel/]: Tried to add entity the_anomaly:anomaly_viewer but it was marked as removed already
[28Feb2025 09:04:03.479] [Server thread/INFO] [net.minecraft.server.MinecraftServer/]: [Not Secure] [Server] kawin kawin
[28Feb2025 09:04:07.916] [Server thread/WARN] [net.minecraft.server.level.ServerLevel/]: Tried to add entity the_anomaly:anomaly_viewer but it was marked as removed already
[28Feb2025 09:04:08.018] [Server thread/WARN] [net.minecraft.server.level.ServerLevel/]: Tried to add entity the_anomaly:anomaly_viewer but it was marked as removed already
[28Feb2025 09:04:08.068] [Server thread/WARN] [net.minecraft.server.level.ServerLevel/]: Tried to add entity the_anomaly:anomaly_trap but it was marked as removed already
[28Feb2025 09:04:08.068] [Server thread/WARN] [net.minecraft.server.level.ServerLevel/]: Tried to add entity the_anomaly:anomaly_trap but it was marked as removed already
[28Feb2025 09:04:09.917] [Server thread/WARN] [net.minecraft.server.level.ServerLevel/]: Tried to add entity the_anomaly:anomaly_escape but it was marked as removed already
[28Feb2025 09:04:10.017] [Server thread/WARN] [net.minecraft.server.level.ServerLevel/]: Tried to add entity the_anomaly:anomaly_viewer but it was marked as removed already
[28Feb2025 09:04:10.216] [Server thread/WARN] [net.minecraft.server.level.ServerLevel/]: Tried to add entity the_anomaly:anomaly_escape but it was marked as removed already
[28Feb2025 09:04:12.336] [Server thread/INFO] [net.minecraft.server.MinecraftServer/]: [Not Secure] <YAMAPROSIH> KIKINTOLS
[28Feb2025 09:04:13.367] [Server thread/WARN] [net.minecraft.server.level.ServerLevel/]: Tried to add entity the_anomaly:anomaly_trap but it was marked as removed already
[28Feb2025 09:04:13.468] [Server thread/WARN] [net.minecraft.server.level.ServerLevel/]: Tried to add entity the_anomaly:anomaly_viewer but it was marked as removed already
[28Feb2025 09:04:13.469] [Server thread/WARN] [net.minecraft.server.level.ServerLevel/]: Tried to add entity the_anomaly:anomaly_trap but it was marked as removed already
[28Feb2025 09:04:13.517] [Server thread/WARN] [net.minecraft.server.level.ServerLevel/]: Tried to add entity the_anomaly:anomaly_escape but it was marked as removed already
[28Feb2025 09:04:13.518] [Server thread/WARN] [net.minecraft.server.level.ServerLevel/]: Tried to add entity the_anomaly:anomaly_escape but it was marked as removed already
[28Feb2025 09:04:14.867] [Server thread/WARN] [net.minecraft.server.level.ServerLevel/]: Tried to add entity the_anomaly:anomaly_escape but it was marked as removed already
[28Feb2025 09:04:15.017] [Server thread/WARN] [net.minecraft.server.level.ServerLevel/]: Tried to add entity the_anomaly:anomaly_escape but it was marked as removed already
[28Feb2025 09:04:15.017] [Server thread/WARN] [net.minecraft.server.level.ServerLevel/]: Tried to add entity the_anomaly:anomaly_viewer but it was marked as removed already
[28Feb2025 09:04:16.017] [Server thread/WARN] [net.minecraft.server.level.ServerLevel/]: Tried to add entity the_anomaly:anomaly_viewer but it was marked as removed already
[28Feb2025 09:04:16.117] [Server thread/WARN] [net.minecraft.server.level.ServerLevel/]: Tried to add entity the_anomaly:anomaly_escape but it was marked as removed already
[28Feb2025 09:04:18.018] [Server thread/WARN] [net.minecraft.server.level.ServerLevel/]: Tried to add entity the_anomaly:anomaly_viewer but it was marked as removed already
[28Feb2025 09:04:22.217] [Server thread/WARN] [net.minecraft.server.level.ServerLevel/]: Tried to add entity the_anomaly:anomaly_trap but it was marked as removed already
[28Feb2025 09:04:22.567] [Server thread/WARN] [net.minecraft.server.level.ServerLevel/]: Tried to add entity the_anomaly:anomaly_escape but it was marked as removed already
[28Feb2025 09:04:22.667] [Server thread/WARN] [net.minecraft.server.level.ServerLevel/]: Tried to add entity the_anomaly:anomaly_trap but it was marked as removed already
[28Feb2025 09:04:22.767] [Server thread/WARN] [net.minecraft.server.level.ServerLevel/]: Tried to add entity the_anomaly:anomaly_trap but it was marked as removed already
[28Feb2025 09:04:23.167] [Server thread/WARN] [net.minecraft.server.level.ServerLevel/]: Tried to add entity the_anomaly:anomaly_escape but it was marked as removed already
[28Feb2025 09:04:23.267] [Server thread/WARN] [net.minecraft.server.level.ServerLevel/]: Tried to add entity the_anomaly:anomaly_trap but it was marked as removed already
[28Feb2025 09:04:23.417] [Server thread/WARN] [net.minecraft.server.level.ServerLevel/]: Tried to add entity the_anomaly:anomaly_trap but it was marked as removed already
[28Feb2025 09:04:23.467] [Server thread/WARN] [net.minecraft.server.level.ServerLevel/]: Tried to add entity the_anomaly:anomaly_escape but it was marked as removed already
[28Feb2025 09:04:25.767] [Server thread/WARN] [net.minecraft.server.level.ServerLevel/]: Tried to add entity the_anomaly:anomaly_viewer but it was marked as removed already
[28Feb2025 09:04:25.816] [Server thread/WARN] [net.minecraft.server.level.ServerLevel/]: Tried to add entity the_anomaly:anomaly_escape but it was marked as removed already
[28Feb2025 09:04:28.217] [Server thread/WARN] [net.minecraft.server.level.ServerLevel/]: Tried to add entity the_anomaly:anomaly_viewer but it was marked as removed already
[28Feb2025 09:04:30.366] [Server thread/WARN] [net.minecraft.server.level.ServerLevel/]: Tried to add entity the_anomaly:anomaly_viewer but it was marked as removed already
[28Feb2025 09:04:30.566] [Server thread/WARN] [net.minecraft.server.level.ServerLevel/]: Tried to add entity the_anomaly:anomaly_trap but it was marked as removed already
[28Feb2025 09:04:30.567] [Server thread/WARN] [net.minecraft.server.level.ServerLevel/]: Tried to add entity the_anomaly:anomaly_escape but it was marked as removed already
[28Feb2025 09:04:31.017] [Server thread/WARN] [net.minecraft.server.level.ServerLevel/]: Tried to add entity the_anomaly:anomaly_viewer but it was marked as removed already
[28Feb2025 09:04:31.066] [Server thread/WARN] [net.minecraft.server.level.ServerLevel/]: Tried to add entity the_anomaly:anomaly_escape but it was marked as removed already
[28Feb2025 09:04:32.567] [Server thread/WARN] [net.minecraft.server.level.ServerLevel/]: Tried to add entity the_anomaly:anomaly_escape but it was marked as removed already
[28Feb2025 09:04:32.917] [Server thread/WARN] [net.minecraft.server.level.ServerLevel/]: Tried to add entity the_anomaly:anomaly_viewer but it was marked as removed already
[28Feb2025 09:04:33.066] [Server thread/WARN] [net.minecraft.server.level.ServerLevel/]: Tried to add entity the_anomaly:anomaly_escape but it was marked as removed already
[28Feb2025 09:04:33.067] [Server thread/WARN] [net.minecraft.server.level.ServerLevel/]: Tried to add entity the_anomaly:anomaly_trap but it was marked as removed already
[28Feb2025 09:04:34.417] [Server thread/WARN] [net.minecraft.server.level.ServerLevel/]: Tried to add entity the_anomaly:anomaly_viewer but it was marked as removed already
[28Feb2025 09:04:34.916] [Server thread/WARN] [net.minecraft.server.level.ServerLevel/]: Tried to add entity the_anomaly:anomaly_viewer but it was marked as removed already
[28Feb2025 09:04:37.116] [Server thread/WARN] [net.minecraft.server.level.ServerLevel/]: Tried to add entity the_anomaly:anomaly_trap but it was marked as removed already
[28Feb2025 09:04:37.317] [Server thread/WARN] [net.minecraft.server.level.ServerLevel/]: Tried to add entity the_anomaly:anomaly_viewer but it was marked as removed already
[28Feb2025 09:04:38.917] [Server thread/WARN] [net.minecraft.server.level.ServerLevel/]: Tried to add entity the_anomaly:anomaly_trap but it was marked as removed already
[28Feb2025 09:04:39.017] [Server thread/WARN] [net.minecraft.server.level.ServerLevel/]: Tried to add entity the_anomaly:anomaly_viewer but it was marked as removed already
[28Feb2025 09:04:41.916] [Server thread/WARN] [net.minecraft.server.level.ServerLevel/]: Tried to add entity the_anomaly:anomaly_trap but it was marked as removed already
[28Feb2025 09:04:42.068] [Server thread/WARN] [net.minecraft.server.level.ServerLevel/]: Tried to add entity the_anomaly:anomaly_trap but it was marked as removed already
[28Feb2025 09:04:42.167] [Server thread/WARN] [net.minecraft.server.level.ServerLevel/]: Tried to add entity the_anomaly:anomaly_trap but it was marked as removed already
[28Feb2025 09:04:42.217] [Server thread/WARN] [net.minecraft.server.level.ServerLevel/]: Tried to add entity the_anomaly:anomaly_escape but it was marked as removed already
[28Feb2025 09:04:42.367] [Server thread/WARN] [net.minecraft.server.level.ServerLevel/]: Tried to add entity the_anomaly:anomaly_escape but it was marked as removed already
[28Feb2025 09:04:46.567] [Server thread/WARN] [net.minecraft.server.level.ServerLevel/]: Tried to add entity the_anomaly:anomaly_escape but it was marked as removed already
[28Feb2025 09:04:47.567] [Server thread/WARN] [net.minecraft.server.level.ServerLevel/]: Tried to add entity the_anomaly:anomaly_trap but it was marked as removed already
[28Feb2025 09:04:47.668] [Server thread/WARN] [net.minecraft.server.level.ServerLevel/]: Tried to add entity the_anomaly:anomaly_escape but it was marked as removed already
[28Feb2025 09:04:47.716] [Server thread/WARN] [net.minecraft.server.level.ServerLevel/]: Tried to add entity the_anomaly:anomaly_viewer but it was marked as removed already
[28Feb2025 09:04:47.716] [Server thread/WARN] [net.minecraft.server.level.ServerLevel/]: Tried to add entity the_anomaly:anomaly_viewer but it was marked as removed already
[28Feb2025 09:04:47.817] [Server thread/WARN] [net.minecraft.server.level.ServerLevel/]: Tried to add entity the_anomaly:anomaly_escape but it was marked as removed already
[28Feb2025 09:04:48.268] [Server thread/WARN] [net.minecraft.server.level.ServerLevel/]: Tried to add entity the_anomaly:anomaly_trap but it was marked as removed already
[28Feb2025 09:04:48.468] [Server thread/WARN] [net.minecraft.server.level.ServerLevel/]: Tried to add entity the_anomaly:anomaly_viewer but it was marked as removed already
[28Feb2025 09:04:48.668] [Server thread/WARN] [net.minecraft.server.level.ServerLevel/]: Tried to add entity the_anomaly:anomaly_trap but it was marked as removed already
[28Feb2025 09:04:48.717] [Server thread/WARN] [net.minecraft.server.level.ServerLevel/]: Tried to add entity the_anomaly:anomaly_trap but it was marked as removed already
[28Feb2025 09:04:49.317] [Server thread/WARN] [net.minecraft.server.level.ServerLevel/]: Tried to add entity the_anomaly:anomaly_viewer but it was marked as removed already
[28Feb2025 09:04:50.967] [Server thread/WARN] [net.minecraft.server.level.ServerLevel/]: Tried to add entity the_anomaly:anomaly_trap but it was marked as removed already
[28Feb2025 09:04:51.017] [Server thread/WARN] [net.minecraft.server.level.ServerLevel/]: Tried to add entity the_anomaly:anomaly_trap but it was marked as removed already
[28Feb2025 09:04:51.017] [Server thread/WARN] [net.minecraft.server.level.ServerLevel/]: Tried to add entity the_anomaly:anomaly_viewer but it was marked as removed already
[28Feb2025 09:04:51.018] [Server thread/WARN] [net.minecraft.server.level.ServerLevel/]: Tried to add entity the_anomaly:anomaly_trap but it was marked as removed already
[28Feb2025 09:04:51.568] [Server thread/WARN] [net.minecraft.server.level.ServerLevel/]: Tried to add entity the_anomaly:anomaly_escape but it was marked as removed already
[28Feb2025 09:04:51.617] [Server thread/WARN] [net.minecraft.server.level.ServerLevel/]: Tried to add entity the_anomaly:anomaly_escape but it was marked as removed already
[28Feb2025 09:04:51.767] [Server thread/WARN] [net.minecraft.server.level.ServerLevel/]: Tried to add entity the_anomaly:anomaly_viewer but it was marked as removed already
[28Feb2025 09:04:51.868] [Server thread/WARN] [net.minecraft.server.level.ServerLevel/]: Tried to add entity the_anomaly:anomaly_trap but it was marked as removed already
[28Feb2025 09:04:52.116] [Server thread/WARN] [net.minecraft.server.level.ServerLevel/]: Tried to add entity the_anomaly:anomaly_trap but it was marked as removed already
[28Feb2025 09:04:52.168] [Server thread/WARN] [net.minecraft.server.level.ServerLevel/]: Tried to add entity the_anomaly:anomaly_viewer but it was marked as removed already
[28Feb2025 09:04:52.168] [Server thread/WARN] [net.minecraft.server.level.ServerLevel/]: Tried to add entity the_anomaly:anomaly_trap but it was marked as removed already
[28Feb2025 09:04:54.716] [Server thread/WARN] [net.minecraft.server.level.ServerLevel/]: Tried to add entity the_anomaly:anomaly_viewer but it was marked as removed already
[28Feb2025 09:04:57.417] [Server thread/WARN] [net.minecraft.server.level.ServerLevel/]: Tried to add entity the_anomaly:anomaly_viewer but it was marked as removed already
[28Feb2025 09:04:57.470] [Server thread/WARN] [net.minecraft.server.level.ServerLevel/]: Tried to add entity the_anomaly:anomaly_viewer but it was marked as removed already
[28Feb2025 09:04:57.617] [Server thread/WARN] [net.minecraft.server.level.ServerLevel/]: Tried to add entity the_anomaly:anomaly_trap but it was marked as removed already
[28Feb2025 09:04:57.667] [Server thread/WARN] [net.minecraft.server.level.ServerLevel/]: Tried to add entity the_anomaly:anomaly_trap but it was marked as removed already
[28Feb2025 09:05:03.117] [Server thread/WARN] [net.minecraft.server.level.ServerLevel/]: Tried to add entity the_anomaly:anomaly_viewer but it was marked as removed already
[28Feb2025 09:05:03.167] [Server thread/WARN] [net.minecraft.server.level.ServerLevel/]: Tried to add entity the_anomaly:anomaly_viewer but it was marked as removed already
[28Feb2025 09:05:03.367] [Server thread/WARN] [net.minecraft.server.level.ServerLevel/]: Tried to add entity the_anomaly:anomaly_viewer but it was marked as removed already
[28Feb2025 09:05:03.417] [Server thread/WARN] [net.minecraft.server.level.ServerLevel/]: Tried to add entity the_anomaly:anomaly_viewer but it was marked as removed already
[28Feb2025 09:05:03.618] [Server thread/WARN] [net.minecraft.server.level.ServerLevel/]: Tried to add entity the_anomaly:anomaly_escape but it was marked as removed already
[28Feb2025 09:05:03.667] [Server thread/WARN] [net.minecraft.server.level.ServerLevel/]: Tried to add entity the_anomaly:anomaly_escape but it was marked as removed already
[28Feb2025 09:05:03.667] [Server thread/WARN] [net.minecraft.server.level.ServerLevel/]: Tried to add entity the_anomaly:anomaly_trap but it was marked as removed already
[28Feb2025 09:05:03.717] [Server thread/WARN] [net.minecraft.server.level.ServerLevel/]: Tried to add entity the_anomaly:anomaly_escape but it was marked as removed already
[28Feb2025 09:05:03.867] [Server thread/WARN] [net.minecraft.server.level.ServerLevel/]: Tried to add entity the_anomaly:anomaly_escape but it was marked as removed already
[28Feb2025 09:05:03.868] [Server thread/WARN] [net.minecraft.server.level.ServerLevel/]: Tried to add entity the_anomaly:anomaly_viewer but it was marked as removed already
[28Feb2025 09:05:03.916] [Server thread/WARN] [net.minecraft.server.level.ServerLevel/]: Tried to add entity the_anomaly:anomaly_trap but it was marked as removed already
[28Feb2025 09:05:04.017] [Server thread/WARN] [net.minecraft.server.level.ServerLevel/]: Tried to add entity the_anomaly:anomaly_viewer but it was marked as removed already
[28Feb2025 09:05:04.218] [Server thread/WARN] [net.minecraft.server.level.ServerLevel/]: Tried to add entity the_anomaly:anomaly_escape but it was marked as removed already
[28Feb2025 09:05:04.268] [Server thread/WARN] [net.minecraft.server.level.ServerLevel/]: Tried to add entity the_anomaly:anomaly_trap but it was marked as removed already
[28Feb2025 09:05:04.367] [Server thread/WARN] [net.minecraft.server.level.ServerLevel/]: Tried to add entity the_anomaly:anomaly_escape but it was marked as removed already
[28Feb2025 09:05:04.367] [Server thread/WARN] [net.minecraft.server.level.ServerLevel/]: Tried to add entity the_anomaly:anomaly_escape but it was marked as removed already
[28Feb2025 09:05:04.667] [Server thread/WARN] [net.minecraft.server.level.ServerLevel/]: Tried to add entity the_anomaly:anomaly_escape but it was marked as removed already
[28Feb2025 09:05:04.968] [Server thread/WARN] [net.minecraft.server.level.ServerLevel/]: Tried to add entity the_anomaly:anomaly_viewer but it was marked as removed already
[28Feb2025 09:05:05.168] [Server thread/WARN] [net.minecraft.server.level.ServerLevel/]: Tried to add entity the_anomaly:anomaly_trap but it was marked as removed already
[28Feb2025 09:05:05.217] [Server thread/WARN] [net.minecraft.server.level.ServerLevel/]: Tried to add entity the_anomaly:anomaly_escape but it was marked as removed already
[28Feb2025 09:05:05.318] [Server thread/WARN] [net.minecraft.server.level.ServerLevel/]: Tried to add entity the_anomaly:anomaly_escape but it was marked as removed already
[28Feb2025 09:05:05.467] [Server thread/WARN] [net.minecraft.server.level.ServerLevel/]: Tried to add entity the_anomaly:anomaly_trap but it was marked as removed already
[28Feb2025 09:05:05.518] [Server thread/WARN] [net.minecraft.server.level.ServerLevel/]: Tried to add entity the_anomaly:anomaly_escape but it was marked as removed already
[28Feb2025 09:05:05.518] [Server thread/WARN] [net.minecraft.server.level.ServerLevel/]: Tried to add entity the_anomaly:anomaly_viewer but it was marked as removed already
[28Feb2025 09:05:06.217] [Server thread/WARN] [net.minecraft.server.level.ServerLevel/]: Tried to add entity the_anomaly:anomaly_escape but it was marked as removed already
[28Feb2025 09:05:06.618] [Server thread/WARN] [net.minecraft.server.level.ServerLevel/]: Tried to add entity the_anomaly:anomaly_trap but it was marked as removed already
[28Feb2025 09:05:06.618] [Server thread/WARN] [net.minecraft.server.level.ServerLevel/]: Tried to add entity the_anomaly:anomaly_viewer but it was marked as removed already
[28Feb2025 09:05:06.717] [Server thread/WARN] [net.minecraft.server.level.ServerLevel/]: Tried to add entity the_anomaly:anomaly_viewer but it was marked as removed already
[28Feb2025 09:05:14.317] [Server thread/WARN] [net.minecraft.server.level.ServerLevel/]: Tried to add entity the_anomaly:anomaly_escape but it was marked as removed already
[28Feb2025 09:05:14.468] [Server thread/WARN] [net.minecraft.server.level.ServerLevel/]: Tried to add entity the_anomaly:anomaly_viewer but it was marked as removed already
[28Feb2025 09:05:18.366] [Server thread/WARN] [net.minecraft.server.level.ServerLevel/]: Tried to add entity the_anomaly:anomaly_trap but it was marked as removed already
[28Feb2025 09:05:18.417] [Server thread/WARN] [net.minecraft.server.level.ServerLevel/]: Tried to add entity the_anomaly:anomaly_escape but it was marked as removed already
[28Feb2025 09:05:18.418] [Server thread/WARN] [net.minecraft.server.level.ServerLevel/]: Tried to add entity the_anomaly:anomaly_viewer but it was marked as removed already
[28Feb2025 09:05:18.467] [Server thread/WARN] [net.minecraft.server.level.ServerLevel/]: Tried to add entity the_anomaly:anomaly_trap but it was marked as removed already
[28Feb2025 09:05:25.567] [Server thread/WARN] [net.minecraft.server.level.ServerLevel/]: Tried to add entity the_anomaly:anomaly_viewer but it was marked as removed already
[28Feb2025 09:05:26.468] [Server thread/WARN] [net.minecraft.server.level.ServerLevel/]: Tried to add entity the_anomaly:anomaly_escape but it was marked as removed already
[28Feb2025 09:05:26.617] [Server thread/WARN] [net.minecraft.server.level.ServerLevel/]: Tried to add entity the_anomaly:anomaly_viewer but it was marked as removed already
[28Feb2025 09:05:26.667] [Server thread/WARN] [net.minecraft.server.level.ServerLevel/]: Tried to add entity the_anomaly:anomaly_escape but it was marked as removed already
[28Feb2025 09:05:26.767] [Server thread/WARN] [net.minecraft.server.level.ServerLevel/]: Tried to add entity the_anomaly:anomaly_trap but it was marked as removed already
[28Feb2025 09:05:26.818] [Server thread/WARN] [net.minecraft.server.level.ServerLevel/]: Tried to add entity the_anomaly:anomaly_escape but it was marked as removed already
[28Feb2025 09:05:26.868] [Server thread/WARN] [net.minecraft.server.level.ServerLevel/]: Tried to add entity the_anomaly:anomaly_trap but it was marked as removed already
[28Feb2025 09:05:26.918] [Server thread/WARN] [net.minecraft.server.level.ServerLevel/]: Tried to add entity the_anomaly:anomaly_trap but it was marked as removed already
[28Feb2025 09:05:27.017] [Server thread/WARN] [net.minecraft.server.level.ServerLevel/]: Tried to add entity the_anomaly:anomaly_visitor but it was marked as removed already
[28Feb2025 09:05:27.017] [Server thread/WARN] [net.minecraft.server.level.ServerLevel/]: Tried to add entity the_anomaly:anomaly_visitor but it was marked as removed already
[28Feb2025 09:05:27.068] [Server thread/WARN] [net.minecraft.server.level.ServerLevel/]: Tried to add entity the_anomaly:anomaly_viewer but it was marked as removed already
[28Feb2025 09:05:27.167] [Server thread/WARN] [net.minecraft.server.level.ServerLevel/]: Tried to add entity the_anomaly:anomaly_trap but it was marked as removed already
[28Feb2025 09:05:27.167] [Server thread/WARN] [net.minecraft.server.level.ServerLevel/]: Tried to add entity the_anomaly:anomaly_viewer but it was marked as removed already
[28Feb2025 09:05:27.267] [Server thread/WARN] [net.minecraft.server.level.ServerLevel/]: Tried to add entity the_anomaly:anomaly_viewer but it was marked as removed already
[28Feb2025 09:05:27.317] [Server thread/WARN] [net.minecraft.server.level.ServerLevel/]: Tried to add entity the_anomaly:anomaly_viewer but it was marked as removed already
[28Feb2025 09:05:27.517] [Server thread/WARN] [net.minecraft.server.level.ServerLevel/]: Tried to add entity the_anomaly:anomaly_escape but it was marked as removed already
[28Feb2025 09:05:27.517] [Server thread/WARN] [net.minecraft.server.level.ServerLevel/]: Tried to add entity the_anomaly:anomaly_escape but it was marked as removed already
[28Feb2025 09:05:28.699] [Server thread/INFO] [net.minecraft.server.MinecraftServer/]: [YAMAPROSIH: Gave 6400 [TNT] to YAMAPROSIH]
[28Feb2025 09:05:31.316] [Server thread/WARN] [net.minecraft.server.level.ServerLevel/]: Tried to add entity the_anomaly:anomaly_trap but it was marked as removed already
[28Feb2025 09:05:31.316] [Server thread/WARN] [net.minecraft.server.level.ServerLevel/]: Tried to add entity the_anomaly:anomaly_trap but it was marked as removed already
[28Feb2025 09:05:31.367] [Server thread/WARN] [net.minecraft.server.level.ServerLevel/]: Tried to add entity the_anomaly:anomaly_escape but it was marked as removed already
[28Feb2025 09:05:31.416] [Server thread/WARN] [net.minecraft.server.level.ServerLevel/]: Tried to add entity the_anomaly:anomaly_escape but it was marked as removed already
[28Feb2025 09:05:36.117] [Server thread/WARN] [net.minecraft.server.level.ServerLevel/]: Tried to add entity the_anomaly:anomaly_escape but it was marked as removed already
[28Feb2025 09:05:39.883] [Server thread/WARN] [net.minecraft.server.network.ServerGamePacketListenerImpl/]: Achbar moved too quickly! -6.8826453526817915,-0.504799122994072,-7.51203695446884
[28Feb2025 09:05:39.917] [Server thread/WARN] [net.minecraft.server.level.ServerLevel/]: Tried to add entity the_anomaly:anomaly_escape but it was marked as removed already
[28Feb2025 09:05:40.017] [Server thread/WARN] [net.minecraft.server.level.ServerLevel/]: Tried to add entity the_anomaly:anomaly_escape but it was marked as removed already
[28Feb2025 09:05:40.018] [Server thread/WARN] [net.minecraft.server.level.ServerLevel/]: Tried to add entity the_anomaly:anomaly_viewer but it was marked as removed already
[28Feb2025 09:05:40.018] [Server thread/WARN] [net.minecraft.server.level.ServerLevel/]: Tried to add entity the_anomaly:anomaly_viewer but it was marked as removed already
[28Feb2025 09:05:40.118] [Server thread/WARN] [net.minecraft.server.level.ServerLevel/]: Tried to add entity the_anomaly:anomaly_trap but it was marked as removed already
[28Feb2025 09:05:40.368] [Server thread/WARN] [net.minecraft.server.level.ServerLevel/]: Tried to add entity the_anomaly:anomaly_escape but it was marked as removed already
[28Feb2025 09:05:40.417] [Server thread/WARN] [net.minecraft.server.level.ServerLevel/]: Tried to add entity the_anomaly:anomaly_trap but it was marked as removed already
[28Feb2025 09:05:40.467] [Server thread/WARN] [net.minecraft.server.level.ServerLevel/]: Tried to add entity the_anomaly:anomaly_trap but it was marked as removed already
[28Feb2025 09:05:40.467] [Server thread/WARN] [net.minecraft.server.level.ServerLevel/]: Tried to add entity the_anomaly:anomaly_trap but it was marked as removed already
[28Feb2025 09:05:40.567] [Server thread/WARN] [net.minecraft.server.level.ServerLevel/]: Tried to add entity the_anomaly:anomaly_trap but it was marked as removed already
[28Feb2025 09:05:44.617] [Server thread/WARN] [net.minecraft.server.level.ServerLevel/]: Tried to add entity the_anomaly:anomaly_viewer but it was marked as removed already
[28Feb2025 09:05:45.767] [Server thread/WARN] [net.minecraft.server.level.ServerLevel/]: Tried to add entity the_anomaly:anomaly_trap but it was marked as removed already
[28Feb2025 09:05:48.018] [Server thread/WARN] [net.minecraft.server.level.ServerLevel/]: Tried to add entity the_anomaly:anomaly_viewer but it was marked as removed already
[28Feb2025 09:05:48.068] [Server thread/WARN] [net.minecraft.server.level.ServerLevel/]: Tried to add entity the_anomaly:anomaly_escape but it was marked as removed already
[28Feb2025 09:05:48.069] [Server thread/WARN] [net.minecraft.server.level.ServerLevel/]: Tried to add entity the_anomaly:anomaly_viewer but it was marked as removed already
[28Feb2025 09:05:48.118] [Server thread/WARN] [net.minecraft.server.level.ServerLevel/]: Tried to add entity the_anomaly:anomaly_escape but it was marked as removed already
[28Feb2025 09:05:48.118] [Server thread/WARN] [net.minecraft.server.level.ServerLevel/]: Tried to add entity the_anomaly:anomaly_escape but it was marked as removed already
[28Feb2025 09:05:48.168] [Server thread/WARN] [net.minecraft.server.level.ServerLevel/]: Tried to add entity the_anomaly:anomaly_viewer but it was marked as removed already
[28Feb2025 09:05:48.268] [Server thread/WARN] [net.minecraft.server.level.ServerLevel/]: Tried to add entity the_anomaly:anomaly_viewer but it was marked as removed already
[28Feb2025 09:05:48.317] [Server thread/WARN] [net.minecraft.server.level.ServerLevel/]: Tried to add entity the_anomaly:anomaly_trap but it was marked as removed already
[28Feb2025 09:05:48.317] [Server thread/WARN] [net.minecraft.server.level.ServerLevel/]: Tried to add entity the_anomaly:anomaly_viewer but it was marked as removed already
[28Feb2025 09:05:48.467] [Server thread/WARN] [net.minecraft.server.level.ServerLevel/]: Tried to add entity the_anomaly:anomaly_escape but it was marked as removed already
[28Feb2025 09:05:48.517] [Server thread/WARN] [net.minecraft.server.level.ServerLevel/]: Tried to add entity the_anomaly:anomaly_escape but it was marked as removed already
[28Feb2025 09:05:48.518] [Server thread/WARN] [net.minecraft.server.level.ServerLevel/]: Tried to add entity the_anomaly:anomaly_trap but it was marked as removed already
[28Feb2025 09:05:48.667] [Server thread/WARN] [net.minecraft.server.level.ServerLevel/]: Tried to add entity the_anomaly:anomaly_viewer but it was marked as removed already
[28Feb2025 09:05:48.668] [Server thread/WARN] [net.minecraft.server.level.ServerLevel/]: Tried to add entity the_anomaly:anomaly_escape but it was marked as removed already
[28Feb2025 09:05:48.918] [Server thread/WARN] [net.minecraft.server.level.ServerLevel/]: Tried to add entity the_anomaly:anomaly_escape but it was marked as removed already
[28Feb2025 09:05:49.067] [Server thread/WARN] [net.minecraft.server.level.ServerLevel/]: Tried to add entity the_anomaly:anomaly_escape but it was marked as removed already
[28Feb2025 09:05:49.067] [Server thread/WARN] [net.minecraft.server.level.ServerLevel/]: Tried to add entity the_anomaly:anomaly_escape but it was marked as removed already
[28Feb2025 09:05:49.117] [Server thread/WARN] [net.minecraft.server.level.ServerLevel/]: Tried to add entity the_anomaly:anomaly_viewer but it was marked as removed already
[28Feb2025 09:05:49.367] [Server thread/WARN] [net.minecraft.server.level.ServerLevel/]: Tried to add entity the_anomaly:anomaly_escape but it was marked as removed already
[28Feb2025 09:05:49.467] [Server thread/WARN] [net.minecraft.server.level.ServerLevel/]: Tried to add entity the_anomaly:anomaly_escape but it was marked as removed already
[28Feb2025 09:05:49.468] [Server thread/WARN] [net.minecraft.server.level.ServerLevel/]: Tried to add entity the_anomaly:anomaly_escape but it was marked as removed already
[28Feb2025 09:05:49.468] [Server thread/WARN] [net.minecraft.server.level.ServerLevel/]: Tried to add entity the_anomaly:anomaly_viewer but it was marked as removed already
[28Feb2025 09:05:49.517] [Server thread/WARN] [net.minecraft.server.level.ServerLevel/]: Tried to add entity the_anomaly:anomaly_viewer but it was marked as removed already
[28Feb2025 09:05:49.617] [Server thread/WARN] [net.minecraft.server.level.ServerLevel/]: Tried to add entity the_anomaly:anomaly_escape but it was marked as removed already
[28Feb2025 09:05:49.716] [Server thread/WARN] [net.minecraft.server.level.ServerLevel/]: Tried to add entity the_anomaly:anomaly_viewer but it was marked as removed already
[28Feb2025 09:05:49.717] [Server thread/WARN] [net.minecraft.server.level.ServerLevel/]: Tried to add entity the_anomaly:anomaly_trap but it was marked as removed already
[28Feb2025 09:05:49.867] [Server thread/WARN] [net.minecraft.server.level.ServerLevel/]: Tried to add entity the_anomaly:anomaly_trap but it was marked as removed already
[28Feb2025 09:05:49.917] [Server thread/WARN] [net.minecraft.server.level.ServerLevel/]: Tried to add entity the_anomaly:anomaly_trap but it was marked as removed already
[28Feb2025 09:05:49.917] [Server thread/WARN] [net.minecraft.server.level.ServerLevel/]: Tried to add entity the_anomaly:anomaly_trap but it was marked as removed already
[28Feb2025 09:05:50.167] [Server thread/WARN] [net.minecraft.server.level.ServerLevel/]: Tried to add entity the_anomaly:anomaly_viewer but it was marked as removed already
[28Feb2025 09:05:52.417] [Server thread/WARN] [net.minecraft.server.level.ServerLevel/]: Tried to add entity the_anomaly:anomaly_viewer but it was marked as removed already
[28Feb2025 09:05:54.367] [Server thread/WARN] [net.minecraft.server.level.ServerLevel/]: Tried to add entity the_anomaly:anomaly_viewer but it was marked as removed already
[28Feb2025 09:05:54.617] [Server thread/WARN] [net.minecraft.server.level.ServerLevel/]: Tried to add entity the_anomaly:anomaly_viewer but it was marked as removed already
[28Feb2025 09:05:54.667] [Server thread/WARN] [net.minecraft.server.level.ServerLevel/]: Tried to add entity the_anomaly:anomaly_trap but it was marked as removed already
[28Feb2025 09:05:54.767] [Server thread/WARN] [net.minecraft.server.level.ServerLevel/]: Tried to add entity the_anomaly:anomaly_trap but it was marked as removed already
[28Feb2025 09:05:54.818] [Server thread/WARN] [net.minecraft.server.level.ServerLevel/]: Tried to add entity the_anomaly:anomaly_trap but it was marked as removed already
[28Feb2025 09:06:00.316] [Server thread/WARN] [net.minecraft.server.level.ServerLevel/]: Tried to add entity the_anomaly:anomaly_trap but it was marked as removed already
[28Feb2025 09:06:00.416] [Server thread/WARN] [net.minecraft.server.level.ServerLevel/]: Tried to add entity the_anomaly:anomaly_trap but it was marked as removed already
[28Feb2025 09:06:03.766] [Server thread/WARN] [net.minecraft.server.level.ServerLevel/]: Tried to add entity the_anomaly:anomaly_trap but it was marked as removed already
[28Feb2025 09:06:03.866] [Server thread/WARN] [net.minecraft.server.level.ServerLevel/]: Tried to add entity the_anomaly:anomaly_trap but it was marked as removed already
[28Feb2025 09:06:06.217] [Server thread/WARN] [net.minecraft.server.level.ServerLevel/]: Tried to add entity the_anomaly:anomaly_viewer but it was marked as removed already
[28Feb2025 09:06:06.416] [Server thread/WARN] [net.minecraft.server.level.ServerLevel/]: Tried to add entity the_anomaly:anomaly_viewer but it was marked as removed already
[28Feb2025 09:06:06.416] [Server thread/WARN] [net.minecraft.server.level.ServerLevel/]: Tried to add entity the_anomaly:anomaly_trap but it was marked as removed already
[28Feb2025 09:06:06.567] [Server thread/WARN] [net.minecraft.server.level.ServerLevel/]: Tried to add entity the_anomaly:anomaly_trap but it was marked as removed already
[28Feb2025 09:06:08.464] [Server thread/INFO] [net.minecraft.server.MinecraftServer/]: [YAMAPROSIH: Gave 6400 [TNT] to YAMAPROSIH]
[28Feb2025 09:06:11.167] [Server thread/WARN] [net.minecraft.server.level.ServerLevel/]: Tried to add entity the_anomaly:anomaly_trap but it was marked as removed already
[28Feb2025 09:06:11.217] [Server thread/WARN] [net.minecraft.server.level.ServerLevel/]: Tried to add entity the_anomaly:anomaly_trap but it was marked as removed already
[28Feb2025 09:06:11.318] [Server thread/WARN] [net.minecraft.server.level.ServerLevel/]: Tried to add entity the_anomaly:anomaly_trap but it was marked as removed already
[28Feb2025 09:06:11.417] [Server thread/WARN] [net.minecraft.server.level.ServerLevel/]: Tried to add entity the_anomaly:anomaly_viewer but it was marked as removed already
[28Feb2025 09:06:11.716] [Server thread/WARN] [net.minecraft.server.level.ServerLevel/]: Tried to add entity the_anomaly:anomaly_viewer but it was marked as removed already
[28Feb2025 09:06:15.618] [Server thread/WARN] [net.minecraft.server.level.ServerLevel/]: Tried to add entity the_anomaly:anomaly_viewer but it was marked as removed already
[28Feb2025 09:06:20.917] [Server thread/WARN] [net.minecraft.server.level.ServerLevel/]: Tried to add entity the_anomaly:anomaly_viewer but it was marked as removed already
[28Feb2025 09:06:21.016] [Server thread/WARN] [net.minecraft.server.level.ServerLevel/]: Tried to add entity the_anomaly:anomaly_viewer but it was marked as removed already
[28Feb2025 09:06:21.067] [Server thread/WARN] [net.minecraft.server.level.ServerLevel/]: Tried to add entity the_anomaly:anomaly_viewer but it was marked as removed already
[28Feb2025 09:06:21.166] [Server thread/WARN] [net.minecraft.server.level.ServerLevel/]: Tried to add entity the_anomaly:anomaly_viewer but it was marked as removed already
[28Feb2025 09:06:21.317] [Server thread/WARN] [net.minecraft.server.level.ServerLevel/]: Tried to add entity the_anomaly:anomaly_trap but it was marked as removed already
[28Feb2025 09:06:21.317] [Server thread/WARN] [net.minecraft.server.level.ServerLevel/]: Tried to add entity the_anomaly:anomaly_escape but it was marked as removed already
[28Feb2025 09:06:21.367] [Server thread/WARN] [net.minecraft.server.level.ServerLevel/]: Tried to add entity the_anomaly:anomaly_trap but it was marked as removed already
[28Feb2025 09:06:21.368] [Server thread/WARN] [net.minecraft.server.level.ServerLevel/]: Tried to add entity the_anomaly:anomaly_escape but it was marked as removed already
[28Feb2025 09:06:21.417] [Server thread/WARN] [net.minecraft.server.level.ServerLevel/]: Tried to add entity the_anomaly:anomaly_escape but it was marked as removed already
[28Feb2025 09:06:21.466] [Server thread/WARN] [net.minecraft.server.level.ServerLevel/]: Tried to add entity the_anomaly:anomaly_escape but it was marked as removed already
[28Feb2025 09:06:21.517] [Server thread/WARN] [net.minecraft.server.level.ServerLevel/]: Tried to add entity the_anomaly:anomaly_escape but it was marked as removed already
[28Feb2025 09:06:21.567] [Server thread/WARN] [net.minecraft.server.level.ServerLevel/]: Tried to add entity the_anomaly:anomaly_trap but it was marked as removed already
[28Feb2025 09:06:27.116] [Server thread/WARN] [net.minecraft.server.level.ServerLevel/]: Tried to add entity the_anomaly:anomaly_escape but it was marked as removed already
[28Feb2025 09:06:27.217] [Server thread/WARN] [net.minecraft.server.level.ServerLevel/]: Tried to add entity the_anomaly:anomaly_viewer but it was marked as removed already
[28Feb2025 09:06:29.917] [Server thread/WARN] [net.minecraft.server.level.ServerLevel/]: Tried to add entity the_anomaly:anomaly_viewer but it was marked as removed already
[28Feb2025 09:06:30.917] [Server thread/WARN] [net.minecraft.server.level.ServerLevel/]: Tried to add entity the_anomaly:anomaly_trap but it was marked as removed already
[28Feb2025 09:06:30.967] [Server thread/WARN] [net.minecraft.server.level.ServerLevel/]: Tried to add entity the_anomaly:anomaly_escape but it was marked as removed already
[28Feb2025 09:06:31.017] [Server thread/WARN] [net.minecraft.server.level.ServerLevel/]: Tried to add entity the_anomaly:anomaly_escape but it was marked as removed already
[28Feb2025 09:06:31.067] [Server thread/WARN] [net.minecraft.server.level.ServerLevel/]: Tried to add entity the_anomaly:anomaly_viewer but it was marked as removed already
[28Feb2025 09:06:31.068] [Server thread/WARN] [net.minecraft.server.level.ServerLevel/]: Tried to add entity the_anomaly:anomaly_escape but it was marked as removed already
[28Feb2025 09:06:31.217] [Server thread/WARN] [net.minecraft.server.level.ServerLevel/]: Tried to add entity the_anomaly:anomaly_escape but it was marked as removed already
[28Feb2025 09:06:31.367] [Server thread/WARN] [net.minecraft.server.level.ServerLevel/]: Tried to add entity the_anomaly:anomaly_escape but it was marked as removed already
[28Feb2025 09:06:31.517] [Server thread/WARN] [net.minecraft.server.level.ServerLevel/]: Tried to add entity the_anomaly:anomaly_viewer but it was marked as removed already
[28Feb2025 09:06:31.767] [Server thread/WARN] [net.minecraft.server.level.ServerLevel/]: Tried to add entity the_anomaly:anomaly_escape but it was marked as removed already
[28Feb2025 09:06:31.917] [Server thread/WARN] [net.minecraft.server.level.ServerLevel/]: Tried to add entity the_anomaly:anomaly_escape but it was marked as removed already
[28Feb2025 09:06:32.017] [Server thread/WARN] [net.minecraft.server.level.ServerLevel/]: Tried to add entity the_anomaly:anomaly_trap but it was marked as removed already
[28Feb2025 09:06:32.167] [Server thread/WARN] [net.minecraft.server.level.ServerLevel/]: Tried to add entity the_anomaly:anomaly_escape but it was marked as removed already
[28Feb2025 09:06:32.267] [Server thread/WARN] [net.minecraft.server.level.ServerLevel/]: Tried to add entity the_anomaly:anomaly_escape but it was marked as removed already
[28Feb2025 09:06:36.367] [Server thread/WARN] [net.minecraft.server.level.ServerLevel/]: Tried to add entity the_anomaly:anomaly_trap but it was marked as removed already
[28Feb2025 09:06:36.667] [Server thread/WARN] [net.minecraft.server.level.ServerLevel/]: Tried to add entity the_anomaly:anomaly_trap but it was marked as removed already
[28Feb2025 09:06:36.967] [Server thread/WARN] [net.minecraft.server.level.ServerLevel/]: Tried to add entity the_anomaly:anomaly_viewer but it was marked as removed already
[28Feb2025 09:06:37.067] [Server thread/WARN] [net.minecraft.server.level.ServerLevel/]: Tried to add entity the_anomaly:anomaly_trap but it was marked as removed already
[28Feb2025 09:06:37.167] [Server thread/WARN] [net.minecraft.server.level.ServerLevel/]: Tried to add entity the_anomaly:anomaly_trap but it was marked as removed already
[28Feb2025 09:06:37.217] [Server thread/WARN] [net.minecraft.server.level.ServerLevel/]: Tried to add entity the_anomaly:anomaly_trap but it was marked as removed already
[28Feb2025 09:06:37.316] [Server thread/WARN] [net.minecraft.server.level.ServerLevel/]: Tried to add entity the_anomaly:anomaly_trap but it was marked as removed already
[28Feb2025 09:06:37.416] [Server thread/WARN] [net.minecraft.server.level.ServerLevel/]: Tried to add entity the_anomaly:anomaly_viewer but it was marked as removed already
[28Feb2025 09:06:37.466] [Server thread/WARN] [net.minecraft.server.level.ServerLevel/]: Tried to add entity the_anomaly:anomaly_escape but it was marked as removed already
[28Feb2025 09:06:38.068] [Server thread/WARN] [net.minecraft.server.level.ServerLevel/]: Tried to add entity the_anomaly:anomaly_trap but it was marked as removed already
[28Feb2025 09:06:40.717] [Server thread/WARN] [net.minecraft.server.level.ServerLevel/]: Tried to add entity the_anomaly:anomaly_escape but it was marked as removed already
[28Feb2025 09:06:43.466] [Server thread/WARN] [net.minecraft.server.level.ServerLevel/]: Tried to add entity the_anomaly:anomaly_trap but it was marked as removed already
[28Feb2025 09:06:43.467] [Server thread/WARN] [net.minecraft.server.level.ServerLevel/]: Tried to add entity the_anomaly:anomaly_viewer but it was marked as removed already
[28Feb2025 09:06:44.717] [Server thread/WARN] [net.minecraft.server.level.ServerLevel/]: Tried to add entity the_anomaly:anomaly_escape but it was marked as removed already
[28Feb2025 09:06:44.767] [Server thread/WARN] [net.minecraft.server.level.ServerLevel/]: Tried to add entity the_anomaly:anomaly_escape but it was marked as removed already
[28Feb2025 09:06:44.767] [Server thread/WARN] [net.minecraft.server.level.ServerLevel/]: Tried to add entity the_anomaly:anomaly_viewer but it was marked as removed already
[28Feb2025 09:06:44.816] [Server thread/WARN] [net.minecraft.server.level.ServerLevel/]: Tried to add entity the_anomaly:anomaly_trap but it was marked as removed already
[28Feb2025 09:06:44.867] [Server thread/WARN] [net.minecraft.server.level.ServerLevel/]: Tried to add entity the_anomaly:anomaly_viewer but it was marked as removed already
[28Feb2025 09:06:45.816] [Server thread/WARN] [net.minecraft.server.level.ServerLevel/]: Tried to add entity the_anomaly:anomaly_viewer but it was marked as removed already
[28Feb2025 09:06:45.967] [Server thread/WARN] [net.minecraft.server.level.ServerLevel/]: Tried to add entity the_anomaly:anomaly_trap but it was marked as removed already
[28Feb2025 09:06:46.268] [Server thread/WARN] [net.minecraft.server.level.ServerLevel/]: Tried to add entity the_anomaly:anomaly_viewer but it was marked as removed already
[28Feb2025 09:06:46.317] [Server thread/WARN] [net.minecraft.server.level.ServerLevel/]: Tried to add entity the_anomaly:anomaly_trap but it was marked as removed already
[28Feb2025 09:06:46.318] [Server thread/WARN] [net.minecraft.server.level.ServerLevel/]: Tried to add entity the_anomaly:anomaly_viewer but it was marked as removed already
[28Feb2025 09:06:52.467] [Server thread/WARN] [net.minecraft.server.level.ServerLevel/]: Tried to add entity the_anomaly:anomaly_escape but it was marked as removed already
[28Feb2025 09:06:52.934] [Server thread/INFO] [net.minecraft.server.MinecraftServer/]: [YAMAPROSIH: Applied effect Glowing to Achbar]
[28Feb2025 09:06:53.767] [Server thread/WARN] [net.minecraft.server.level.ServerLevel/]: Tried to add entity the_anomaly:anomaly_viewer but it was marked as removed already
[28Feb2025 09:06:53.816] [Server thread/WARN] [net.minecraft.server.level.ServerLevel/]: Tried to add entity the_anomaly:anomaly_escape but it was marked as removed already
[28Feb2025 09:06:54.017] [Server thread/WARN] [net.minecraft.server.level.ServerLevel/]: Tried to add entity the_anomaly:anomaly_escape but it was marked as removed already
[28Feb2025 09:06:54.416] [Server thread/WARN] [net.minecraft.server.level.ServerLevel/]: Tried to add entity the_anomaly:anomaly_viewer but it was marked as removed already
[28Feb2025 09:06:54.417] [Server thread/WARN] [net.minecraft.server.level.ServerLevel/]: Tried to add entity the_anomaly:anomaly_escape but it was marked as removed already
[28Feb2025 09:06:54.516] [Server thread/WARN] [net.minecraft.server.level.ServerLevel/]: Tried to add entity the_anomaly:anomaly_viewer but it was marked as removed already
[28Feb2025 09:06:54.516] [Server thread/WARN] [net.minecraft.server.level.ServerLevel/]: Tried to add entity the_anomaly:anomaly_trap but it was marked as removed already
[28Feb2025 09:06:55.766] [Server thread/WARN] [net.minecraft.server.level.ServerLevel/]: Tried to add entity the_anomaly:anomaly_escape but it was marked as removed already
[28Feb2025 09:06:55.817] [Server thread/WARN] [net.minecraft.server.level.ServerLevel/]: Tried to add entity the_anomaly:anomaly_viewer but it was marked as removed already
[28Feb2025 09:06:55.917] [Server thread/WARN] [net.minecraft.server.level.ServerLevel/]: Tried to add entity the_anomaly:anomaly_escape but it was marked as removed already
[28Feb2025 09:06:55.967] [Server thread/WARN] [net.minecraft.server.level.ServerLevel/]: Tried to add entity the_anomaly:anomaly_viewer but it was marked as removed already
[28Feb2025 09:06:56.317] [Server thread/WARN] [net.minecraft.server.level.ServerLevel/]: Tried to add entity the_anomaly:anomaly_visitor_2 but it was marked as removed already
[28Feb2025 09:06:56.617] [Server thread/WARN] [net.minecraft.server.level.ServerLevel/]: Tried to add entity the_anomaly:anomaly_trap but it was marked as removed already
[28Feb2025 09:06:56.667] [Server thread/WARN] [net.minecraft.server.level.ServerLevel/]: Tried to add entity the_anomaly:anomaly_viewer but it was marked as removed already
[28Feb2025 09:06:56.766] [Server thread/WARN] [net.minecraft.server.level.ServerLevel/]: Tried to add entity the_anomaly:anomaly_escape but it was marked as removed already
[28Feb2025 09:06:56.767] [Server thread/WARN] [net.minecraft.server.level.ServerLevel/]: Tried to add entity the_anomaly:anomaly_trap but it was marked as removed already
[28Feb2025 09:06:57.067] [Server thread/WARN] [net.minecraft.server.level.ServerLevel/]: Tried to add entity the_anomaly:anomaly_trap but it was marked as removed already
[28Feb2025 09:06:58.116] [Server thread/WARN] [net.minecraft.server.level.ServerLevel/]: Tried to add entity the_anomaly:anomaly_trap but it was marked as removed already
[28Feb2025 09:06:58.217] [Server thread/WARN] [net.minecraft.server.level.ServerLevel/]: Tried to add entity the_anomaly:anomaly_viewer but it was marked as removed already
[28Feb2025 09:06:58.217] [Server thread/WARN] [net.minecraft.server.level.ServerLevel/]: Tried to add entity the_anomaly:anomaly_trap but it was marked as removed already
[28Feb2025 09:07:02.417] [Server thread/WARN] [net.minecraft.server.level.ServerLevel/]: Tried to add entity the_anomaly:anomaly_trap but it was marked as removed already
[28Feb2025 09:07:02.767] [Server thread/WARN] [net.minecraft.server.level.ServerLevel/]: Tried to add entity the_anomaly:anomaly_trap but it was marked as removed already
[28Feb2025 09:07:03.717] [Server thread/WARN] [net.minecraft.server.level.ServerLevel/]: Tried to add entity the_anomaly:anomaly_escape but it was marked as removed already
[28Feb2025 09:07:03.967] [Server thread/WARN] [net.minecraft.server.level.ServerLevel/]: Tried to add entity the_anomaly:anomaly_trap but it was marked as removed already
[28Feb2025 09:07:03.967] [Server thread/WARN] [net.minecraft.server.level.ServerLevel/]: Tried to add entity the_anomaly:anomaly_viewer but it was marked as removed already
[28Feb2025 09:07:04.016] [Server thread/WARN] [net.minecraft.server.level.ServerLevel/]: Tried to add entity the_anomaly:anomaly_visitor_2 but it was marked as removed already
[28Feb2025 09:07:06.368] [Server thread/WARN] [net.minecraft.server.level.ServerLevel/]: Tried to add entity the_anomaly:anomaly_viewer but it was marked as removed already
[28Feb2025 09:07:06.967] [Server thread/WARN] [net.minecraft.server.level.ServerLevel/]: Tried to add entity the_anomaly:anomaly_viewer but it was marked as removed already
[28Feb2025 09:07:06.967] [Server thread/WARN] [net.minecraft.server.level.ServerLevel/]: Tried to add entity the_anomaly:anomaly_viewer but it was marked as removed already
[28Feb2025 09:07:07.016] [Server thread/WARN] [net.minecraft.server.level.ServerLevel/]: Tried to add entity the_anomaly:anomaly_trap but it was marked as removed already
[28Feb2025 09:07:07.067] [Server thread/WARN] [net.minecraft.server.level.ServerLevel/]: Tried to add entity the_anomaly:anomaly_viewer but it was marked as removed already
[28Feb2025 09:07:07.167] [Server thread/WARN] [net.minecraft.server.level.ServerLevel/]: Tried to add entity the_anomaly:anomaly_viewer but it was marked as removed already
[28Feb2025 09:07:07.167] [Server thread/WARN] [net.minecraft.server.level.ServerLevel/]: Tried to add entity the_anomaly:anomaly_trap but it was marked as removed already
[28Feb2025 09:07:07.217] [Server thread/WARN] [net.minecraft.server.level.ServerLevel/]: Tried to add entity the_anomaly:anomaly_trap but it was marked as removed already
[28Feb2025 09:07:07.467] [Server thread/WARN] [net.minecraft.server.level.ServerLevel/]: Tried to add entity the_anomaly:anomaly_escape but it was marked as removed already
[28Feb2025 09:07:07.566] [Server thread/WARN] [net.minecraft.server.level.ServerLevel/]: Tried to add entity the_anomaly:anomaly_viewer but it was marked as removed already
[28Feb2025 09:07:07.717] [Server thread/WARN] [net.minecraft.server.level.ServerLevel/]: Tried to add entity the_anomaly:anomaly_trap but it was marked as removed already
[28Feb2025 09:07:07.767] [Server thread/WARN] [net.minecraft.server.level.ServerLevel/]: Tried to add entity the_anomaly:anomaly_viewer but it was marked as removed already
[28Feb2025 09:07:07.867] [Server thread/WARN] [net.minecraft.server.level.ServerLevel/]: Tried to add entity the_anomaly:anomaly_escape but it was marked as removed already
[28Feb2025 09:07:09.316] [Server thread/WARN] [net.minecraft.server.level.ServerLevel/]: Tried to add entity the_anomaly:anomaly_escape but it was marked as removed already
[28Feb2025 09:07:09.468] [Server thread/WARN] [net.minecraft.server.level.ServerLevel/]: Tried to add entity the_anomaly:anomaly_viewer but it was marked as removed already
[28Feb2025 09:07:10.119] [Server thread/WARN] [net.minecraft.server.level.ServerLevel/]: Tried to add entity the_anomaly:anomaly_trap but it was marked as removed already
[28Feb2025 09:07:12.968] [Server thread/WARN] [net.minecraft.server.level.ServerLevel/]: Tried to add entity the_anomaly:anomaly_viewer but it was marked as removed already
[28Feb2025 09:07:13.117] [Server thread/WARN] [net.minecraft.server.level.ServerLevel/]: Tried to add entity the_anomaly:anomaly_escape but it was marked as removed already
[28Feb2025 09:07:13.168] [Server thread/WARN] [net.minecraft.server.level.ServerLevel/]: Tried to add entity the_anomaly:anomaly_escape but it was marked as removed already
[28Feb2025 09:07:13.669] [Server thread/WARN] [net.minecraft.server.level.ServerLevel/]: Tried to add entity the_anomaly:anomaly_viewer but it was marked as removed already
[28Feb2025 09:07:13.816] [Server thread/WARN] [net.minecraft.server.level.ServerLevel/]: Tried to add entity the_anomaly:anomaly_trap but it was marked as removed already
[28Feb2025 09:07:13.817] [Server thread/WARN] [net.minecraft.server.level.ServerLevel/]: Tried to add entity the_anomaly:anomaly_viewer but it was marked as removed already
[28Feb2025 09:07:14.068] [Server thread/WARN] [net.minecraft.server.level.ServerLevel/]: Tried to add entity the_anomaly:anomaly_viewer but it was marked as removed already
[28Feb2025 09:07:14.216] [Server thread/WARN] [net.minecraft.server.level.ServerLevel/]: Tried to add entity the_anomaly:anomaly_escape but it was marked as removed already
[28Feb2025 09:07:18.868] [Server thread/WARN] [net.minecraft.server.level.ServerLevel/]: Tried to add entity the_anomaly:anomaly_escape but it was marked as removed already
[28Feb2025 09:07:18.917] [Server thread/WARN] [net.minecraft.server.level.ServerLevel/]: Tried to add entity the_anomaly:anomaly_trap but it was marked as removed already
[28Feb2025 09:07:18.917] [Server thread/WARN] [net.minecraft.server.level.ServerLevel/]: Tried to add entity the_anomaly:anomaly_escape but it was marked as removed already
[28Feb2025 09:07:18.968] [Server thread/WARN] [net.minecraft.server.level.ServerLevel/]: Tried to add entity the_anomaly:anomaly_trap but it was marked as removed already
[28Feb2025 09:07:19.217] [Server thread/WARN] [net.minecraft.server.level.ServerLevel/]: Tried to add entity the_anomaly:anomaly_escape but it was marked as removed already
[28Feb2025 09:07:24.469] [Server thread/WARN] [net.minecraft.server.level.ServerLevel/]: Tried to add entity the_anomaly:anomaly_viewer but it was marked as removed already
[28Feb2025 09:07:24.469] [Server thread/WARN] [net.minecraft.server.level.ServerLevel/]: Tried to add entity the_anomaly:anomaly_viewer but it was marked as removed already
[28Feb2025 09:07:26.717] [Server thread/WARN] [net.minecraft.server.level.ServerLevel/]: Tried to add entity the_anomaly:anomaly_trap but it was marked as removed already
[28Feb2025 09:07:26.767] [Server thread/WARN] [net.minecraft.server.level.ServerLevel/]: Tried to add entity the_anomaly:anomaly_viewer but it was marked as removed already
[28Feb2025 09:07:29.168] [Server thread/WARN] [net.minecraft.server.level.ServerLevel/]: Tried to add entity the_anomaly:anomaly_viewer but it was marked as removed already
[28Feb2025 09:07:29.218] [Server thread/WARN] [net.minecraft.server.level.ServerLevel/]: Tried to add entity the_anomaly:anomaly_escape but it was marked as removed already
[28Feb2025 09:07:29.669] [Server thread/WARN] [net.minecraft.server.level.ServerLevel/]: Tried to add entity the_anomaly:anomaly_viewer but it was marked as removed already
[28Feb2025 09:07:36.768] [Server thread/WARN] [net.minecraft.server.level.ServerLevel/]: Tried to add entity the_anomaly:anomaly_viewer but it was marked as removed already
[28Feb2025 09:07:36.868] [Server thread/WARN] [net.minecraft.server.level.ServerLevel/]: Tried to add entity the_anomaly:anomaly_viewer but it was marked as removed already
[28Feb2025 09:07:37.968] [Server thread/WARN] [net.minecraft.server.level.ServerLevel/]: Tried to add entity the_anomaly:anomaly_viewer but it was marked as removed already
[28Feb2025 09:07:40.368] [Server thread/WARN] [net.minecraft.server.level.ServerLevel/]: Tried to add entity the_anomaly:anomaly_escape but it was marked as removed already
[28Feb2025 09:07:40.469] [Server thread/WARN] [net.minecraft.server.level.ServerLevel/]: Tried to add entity the_anomaly:anomaly_viewer but it was marked as removed already
[28Feb2025 09:07:40.517] [Server thread/WARN] [net.minecraft.server.level.ServerLevel/]: Tried to add entity the_anomaly:anomaly_trap but it was marked as removed already
[28Feb2025 09:07:40.568] [Server thread/WARN] [net.minecraft.server.level.ServerLevel/]: Tried to add entity the_anomaly:anomaly_trap but it was marked as removed already
[28Feb2025 09:07:40.717] [Server thread/WARN] [net.minecraft.server.level.ServerLevel/]: Tried to add entity the_anomaly:anomaly_escape but it was marked as removed already
[28Feb2025 09:07:43.917] [Server thread/WARN] [net.minecraft.server.level.ServerLevel/]: Tried to add entity the_anomaly:anomaly_viewer but it was marked as removed already
[28Feb2025 09:07:44.417] [Server thread/WARN] [net.minecraft.server.level.ServerLevel/]: Tried to add entity the_anomaly:anomaly_viewer but it was marked as removed already
[28Feb2025 09:07:44.517] [Server thread/WARN] [net.minecraft.server.level.ServerLevel/]: Tried to add entity the_anomaly:anomaly_trap but it was marked as removed already
[28Feb2025 09:07:51.917] [Server thread/WARN] [net.minecraft.server.level.ServerLevel/]: Tried to add entity the_anomaly:anomaly_viewer but it was marked as removed already
[28Feb2025 09:07:52.368] [Server thread/WARN] [net.minecraft.server.level.ServerLevel/]: Tried to add entity the_anomaly:anomaly_viewer but it was marked as removed already
[28Feb2025 09:07:52.668] [Server thread/WARN] [net.minecraft.server.level.ServerLevel/]: Tried to add entity the_anomaly:anomaly_trap but it was marked as removed already
[28Feb2025 09:07:52.767] [Server thread/WARN] [net.minecraft.server.level.ServerLevel/]: Tried to add entity the_anomaly:anomaly_trap but it was marked as removed already
[28Feb2025 09:07:52.817] [Server thread/WARN] [net.minecraft.server.level.ServerLevel/]: Tried to add entity the_anomaly:anomaly_viewer but it was marked as removed already
[28Feb2025 09:07:52.868] [Server thread/WARN] [net.minecraft.server.level.ServerLevel/]: Tried to add entity the_anomaly:anomaly_viewer but it was marked as removed already
[28Feb2025 09:07:52.918] [Server thread/WARN] [net.minecraft.server.level.ServerLevel/]: Tried to add entity the_anomaly:anomaly_viewer but it was marked as removed already
[28Feb2025 09:07:53.368] [Server thread/WARN] [net.minecraft.server.level.ServerLevel/]: Tried to add entity the_anomaly:anomaly_viewer but it was marked as removed already
[28Feb2025 09:07:54.767] [Server thread/WARN] [net.minecraft.server.level.ServerLevel/]: Tried to add entity the_anomaly:anomaly_viewer but it was marked as removed already
[28Feb2025 09:07:55.917] [Server thread/WARN] [net.minecraft.server.level.ServerLevel/]: Tried to add entity the_anomaly:anomaly_viewer but it was marked as removed already
[28Feb2025 09:07:56.116] [Server thread/WARN] [net.minecraft.server.level.ServerLevel/]: Tried to add entity the_anomaly:anomaly_viewer but it was marked as removed already
[28Feb2025 09:07:57.167] [Server thread/WARN] [net.minecraft.server.level.ServerLevel/]: Tried to add entity the_anomaly:anomaly_viewer but it was marked as removed already
[28Feb2025 09:07:57.317] [Server thread/WARN] [net.minecraft.server.level.ServerLevel/]: Tried to add entity the_anomaly:anomaly_trap but it was marked as removed already
[28Feb2025 09:07:57.317] [Server thread/WARN] [net.minecraft.server.level.ServerLevel/]: Tried to add entity the_anomaly:anomaly_trap but it was marked as removed already
[28Feb2025 09:07:57.367] [Server thread/WARN] [net.minecraft.server.level.ServerLevel/]: Tried to add entity the_anomaly:anomaly_trap but it was marked as removed already
[28Feb2025 09:07:57.368] [Server thread/WARN] [net.minecraft.server.level.ServerLevel/]: Tried to add entity the_anomaly:anomaly_trap but it was marked as removed already
[28Feb2025 09:07:57.368] [Server thread/WARN] [net.minecraft.server.level.ServerLevel/]: Tried to add entity the_anomaly:anomaly_trap but it was marked as removed already
[28Feb2025 09:07:57.417] [Server thread/WARN] [net.minecraft.server.level.ServerLevel/]: Tried to add entity the_anomaly:anomaly_viewer but it was marked as removed already
[28Feb2025 09:07:57.569] [Server thread/WARN] [net.minecraft.server.level.ServerLevel/]: Tried to add entity the_anomaly:anomaly_trap but it was marked as removed already
[28Feb2025 09:08:01.367] [Server thread/WARN] [net.minecraft.server.level.ServerLevel/]: Tried to add entity the_anomaly:anomaly_trap but it was marked as removed already
[28Feb2025 09:08:01.618] [Server thread/WARN] [net.minecraft.server.level.ServerLevel/]: Tried to add entity the_anomaly:anomaly_viewer but it was marked as removed already
[28Feb2025 09:08:01.717] [Server thread/WARN] [net.minecraft.server.level.ServerLevel/]: Tried to add entity the_anomaly:anomaly_viewer but it was marked as removed already
[28Feb2025 09:08:01.768] [Server thread/WARN] [net.minecraft.server.level.ServerLevel/]: Tried to add entity the_anomaly:anomaly_viewer but it was marked as removed already
[28Feb2025 09:08:01.917] [Server thread/WARN] [net.minecraft.server.level.ServerLevel/]: Tried to add entity the_anomaly:anomaly_viewer but it was marked as removed already
[28Feb2025 09:08:02.417] [Server thread/WARN] [net.minecraft.server.level.ServerLevel/]: Tried to add entity the_anomaly:anomaly_trap but it was marked as removed already
[28Feb2025 09:08:02.968] [Server thread/WARN] [net.minecraft.server.level.ServerLevel/]: Tried to add entity the_anomaly:anomaly_viewer but it was marked as removed already
[28Feb2025 09:08:03.568] [Server thread/WARN] [net.minecraft.server.level.ServerLevel/]: Tried to add entity the_anomaly:anomaly_trap but it was marked as removed already
[28Feb2025 09:08:19.617] [Server thread/WARN] [net.minecraft.server.level.ServerLevel/]: Tried to add entity the_anomaly:anomaly_viewer but it was marked as removed already
[28Feb2025 09:08:19.717] [Server thread/WARN] [net.minecraft.server.level.ServerLevel/]: Tried to add entity the_anomaly:anomaly_escape but it was marked as removed already
[28Feb2025 09:08:19.767] [Server thread/WARN] [net.minecraft.server.level.ServerLevel/]: Tried to add entity the_anomaly:anomaly_trap but it was marked as removed already
[28Feb2025 09:08:19.917] [Server thread/WARN] [net.minecraft.server.level.ServerLevel/]: Tried to add entity the_anomaly:anomaly_escape but it was marked as removed already
[28Feb2025 09:08:20.017] [Server thread/WARN] [net.minecraft.server.level.ServerLevel/]: Tried to add entity the_anomaly:anomaly_trap but it was marked as removed already
[28Feb2025 09:08:20.067] [Server thread/WARN] [net.minecraft.server.level.ServerLevel/]: Tried to add entity the_anomaly:anomaly_viewer but it was marked as removed already
[28Feb2025 09:08:20.067] [Server thread/WARN] [net.minecraft.server.level.ServerLevel/]: Tried to add entity the_anomaly:anomaly_viewer but it was marked as removed already
[28Feb2025 09:08:20.116] [Server thread/WARN] [net.minecraft.server.level.ServerLevel/]: Tried to add entity the_anomaly:anomaly_viewer but it was marked as removed already
[28Feb2025 09:08:20.117] [Server thread/WARN] [net.minecraft.server.level.ServerLevel/]: Tried to add entity the_anomaly:anomaly_viewer but it was marked as removed already
[28Feb2025 09:08:20.218] [Server thread/WARN] [net.minecraft.server.level.ServerLevel/]: Tried to add entity the_anomaly:anomaly_escape but it was marked as removed already
[28Feb2025 09:08:20.366] [Server thread/WARN] [net.minecraft.server.level.ServerLevel/]: Tried to add entity the_anomaly:anomaly_viewer but it was marked as removed already
[28Feb2025 09:08:22.617] [Server thread/WARN] [net.minecraft.server.level.ServerLevel/]: Tried to add entity the_anomaly:anomaly_viewer but it was marked as removed already
[28Feb2025 09:08:22.617] [Server thread/WARN] [net.minecraft.server.level.ServerLevel/]: Tried to add entity the_anomaly:anomaly_viewer but it was marked as removed already
[28Feb2025 09:08:22.617] [Server thread/WARN] [net.minecraft.server.level.ServerLevel/]: Tried to add entity the_anomaly:anomaly_viewer but it was marked as removed already
[28Feb2025 09:08:22.767] [Server thread/WARN] [net.minecraft.server.level.ServerLevel/]: Tried to add entity the_anomaly:anomaly_viewer but it was marked as removed already
[28Feb2025 09:08:22.817] [Server thread/WARN] [net.minecraft.server.level.ServerLevel/]: Tried to add entity the_anomaly:anomaly_viewer but it was marked as removed already
[28Feb2025 09:08:22.966] [Server thread/WARN] [net.minecraft.server.level.ServerLevel/]: Tried to add entity the_anomaly:anomaly_viewer but it was marked as removed already
[28Feb2025 09:08:27.417] [Server thread/WARN] [net.minecraft.server.level.ServerLevel/]: Tried to add entity the_anomaly:anomaly_trap but it was marked as removed already
[28Feb2025 09:08:27.817] [Server thread/WARN] [net.minecraft.server.level.ServerLevel/]: Tried to add entity the_anomaly:anomaly_viewer but it was marked as removed already
[28Feb2025 09:08:28.017] [Server thread/WARN] [net.minecraft.server.level.ServerLevel/]: Tried to add entity the_anomaly:anomaly_trap but it was marked as removed already
[28Feb2025 09:08:28.117] [Server thread/WARN] [net.minecraft.server.level.ServerLevel/]: Tried to add entity the_anomaly:anomaly_viewer but it was marked as removed already
[28Feb2025 09:08:28.168] [Server thread/WARN] [net.minecraft.server.level.ServerLevel/]: Tried to add entity the_anomaly:anomaly_escape but it was marked as removed already
[28Feb2025 09:08:30.618] [Server thread/WARN] [net.minecraft.server.level.ServerLevel/]: Tried to add entity the_anomaly:anomaly_trap but it was marked as removed already
[28Feb2025 09:08:30.667] [Server thread/WARN] [net.minecraft.server.level.ServerLevel/]: Tried to add entity the_anomaly:anomaly_escape but it was marked as removed already
[28Feb2025 09:08:32.117] [Server thread/WARN] [net.minecraft.server.level.ServerLevel/]: Tried to add entity the_anomaly:anomaly_escape but it was marked as removed already
[28Feb2025 09:08:34.017] [Server thread/WARN] [net.minecraft.server.level.ServerLevel/]: Tried to add entity the_anomaly:anomaly_trap but it was marked as removed already
[28Feb2025 09:08:34.017] [Server thread/WARN] [net.minecraft.server.level.ServerLevel/]: Tried to add entity the_anomaly:anomaly_trap but it was marked as removed already
[28Feb2025 09:08:34.667] [Server thread/WARN] [net.minecraft.server.level.ServerLevel/]: Tried to add entity the_anomaly:anomaly_escape but it was marked as removed already
[28Feb2025 09:08:35.267] [Server thread/WARN] [net.minecraft.server.level.ServerLevel/]: Tried to add entity the_anomaly:anomaly_viewer but it was marked as removed already
[28Feb2025 09:08:35.417] [Server thread/WARN] [net.minecraft.server.level.ServerLevel/]: Tried to add entity the_anomaly:anomaly_trap but it was marked as removed already
[28Feb2025 09:08:36.217] [Server thread/WARN] [net.minecraft.server.level.ServerLevel/]: Tried to add entity the_anomaly:anomaly_trap but it was marked as removed already
[28Feb2025 09:08:36.266] [Server thread/WARN] [net.minecraft.server.level.ServerLevel/]: Tried to add entity the_anomaly:anomaly_viewer but it was marked as removed already
[28Feb2025 09:08:36.317] [Server thread/WARN] [net.minecraft.server.level.ServerLevel/]: Tried to add entity the_anomaly:anomaly_escape but it was marked as removed already
[28Feb2025 09:08:36.317] [Server thread/WARN] [net.minecraft.server.level.ServerLevel/]: Tried to add entity the_anomaly:anomaly_trap but it was marked as removed already
[28Feb2025 09:08:36.367] [Server thread/WARN] [net.minecraft.server.level.ServerLevel/]: Tried to add entity the_anomaly:anomaly_trap but it was marked as removed already
[28Feb2025 09:08:36.467] [Server thread/WARN] [net.minecraft.server.level.ServerLevel/]: Tried to add entity the_anomaly:anomaly_trap but it was marked as removed already
[28Feb2025 09:08:36.467] [Server thread/WARN] [net.minecraft.server.level.ServerLevel/]: Tried to add entity the_anomaly:anomaly_escape but it was marked as removed already
[28Feb2025 09:08:36.517] [Server thread/WARN] [net.minecraft.server.level.ServerLevel/]: Tried to add entity the_anomaly:anomaly_viewer but it was marked as removed already
[28Feb2025 09:08:36.617] [Server thread/WARN] [net.minecraft.server.level.ServerLevel/]: Tried to add entity the_anomaly:anomaly_trap but it was marked as removed already
[28Feb2025 09:08:36.618] [Server thread/WARN] [net.minecraft.server.level.ServerLevel/]: Tried to add entity the_anomaly:anomaly_trap but it was marked as removed already
[28Feb2025 09:08:36.816] [Server thread/WARN] [net.minecraft.server.level.ServerLevel/]: Tried to add entity the_anomaly:anomaly_viewer but it was marked as removed already
[28Feb2025 09:08:36.967] [Server thread/WARN] [net.minecraft.server.level.ServerLevel/]: Tried to add entity the_anomaly:anomaly_trap but it was marked as removed already
[28Feb2025 09:08:37.017] [Server thread/WARN] [net.minecraft.server.level.ServerLevel/]: Tried to add entity the_anomaly:anomaly_viewer but it was marked as removed already
[28Feb2025 09:08:37.217] [Server thread/WARN] [net.minecraft.server.level.ServerLevel/]: Tried to add entity the_anomaly:anomaly_viewer but it was marked as removed already
[28Feb2025 09:08:37.217] [Server thread/WARN] [net.minecraft.server.level.ServerLevel/]: Tried to add entity the_anomaly:anomaly_trap but it was marked as removed already
[28Feb2025 09:08:37.267] [Server thread/WARN] [net.minecraft.server.level.ServerLevel/]: Tried to add entity the_anomaly:anomaly_trap but it was marked as removed already
[28Feb2025 09:08:37.268] [Server thread/WARN] [net.minecraft.server.level.ServerLevel/]: Tried to add entity the_anomaly:anomaly_escape but it was marked as removed already
[28Feb2025 09:08:37.366] [Server thread/WARN] [net.minecraft.server.level.ServerLevel/]: Tried to add entity the_anomaly:anomaly_viewer but it was marked as removed already
[28Feb2025 09:08:37.417] [Server thread/WARN] [net.minecraft.server.level.ServerLevel/]: Tried to add entity the_anomaly:anomaly_escape but it was marked as removed already
[28Feb2025 09:08:37.467] [Server thread/WARN] [net.minecraft.server.level.ServerLevel/]: Tried to add entity the_anomaly:anomaly_viewer but it was marked as removed already
[28Feb2025 09:08:42.267] [Server thread/WARN] [net.minecraft.server.level.ServerLevel/]: Tried to add entity the_anomaly:anomaly_trap but it was marked as removed already
[28Feb2025 09:08:42.268] [Server thread/WARN] [net.minecraft.server.level.ServerLevel/]: Tried to add entity the_anomaly:anomaly_escape but it was marked as removed already
[28Feb2025 09:08:53.142] [Server thread/INFO] [net.minecraft.server.MinecraftServer/]: [YAMAPROSIH: Gave 6400 [TNT] to Achbar]
[28Feb2025 09:08:53.867] [Server thread/WARN] [net.minecraft.server.level.ServerLevel/]: Tried to add entity the_anomaly:anomaly_escape but it was marked as removed already
[28Feb2025 09:08:53.967] [Server thread/WARN] [net.minecraft.server.level.ServerLevel/]: Tried to add entity the_anomaly:anomaly_viewer but it was marked as removed already
[28Feb2025 09:08:55.867] [Server thread/WARN] [net.minecraft.server.level.ServerLevel/]: Tried to add entity the_anomaly:anomaly_viewer but it was marked as removed already
[28Feb2025 09:08:55.967] [Server thread/WARN] [net.minecraft.server.level.ServerLevel/]: Tried to add entity the_anomaly:anomaly_trap but it was marked as removed already
[28Feb2025 09:08:57.266] [Server thread/WARN] [net.minecraft.server.level.ServerLevel/]: Tried to add entity the_anomaly:anomaly_viewer but it was marked as removed already
[28Feb2025 09:08:58.131] [Server thread/INFO] [net.minecraft.server.MinecraftServer/]: [Not Secure] <Achbar> e
[28Feb2025 09:09:03.366] [Server thread/WARN] [net.minecraft.server.level.ServerLevel/]: Tried to add entity the_anomaly:anomaly_trap but it was marked as removed already
[28Feb2025 09:09:03.367] [Server thread/WARN] [net.minecraft.server.level.ServerLevel/]: Tried to add entity the_anomaly:anomaly_escape but it was marked as removed already
[28Feb2025 09:09:03.467] [Server thread/WARN] [net.minecraft.server.level.ServerLevel/]: Tried to add entity the_anomaly:anomaly_viewer but it was marked as removed already
[28Feb2025 09:09:03.517] [Server thread/WARN] [net.minecraft.server.level.ServerLevel/]: Tried to add entity the_anomaly:anomaly_trap but it was marked as removed already
[28Feb2025 09:09:03.566] [Server thread/WARN] [net.minecraft.server.level.ServerLevel/]: Tried to add entity the_anomaly:anomaly_escape but it was marked as removed already
[28Feb2025 09:09:03.567] [Server thread/WARN] [net.minecraft.server.level.ServerLevel/]: Tried to add entity the_anomaly:anomaly_viewer but it was marked as removed already
[28Feb2025 09:09:05.117] [Server thread/WARN] [net.minecraft.server.level.ServerLevel/]: Tried to add entity the_anomaly:anomaly_viewer but it was marked as removed already
[28Feb2025 09:09:05.218] [Server thread/WARN] [net.minecraft.server.level.ServerLevel/]: Tried to add entity the_anomaly:anomaly_escape but it was marked as removed already
[28Feb2025 09:09:05.219] [Server thread/WARN] [net.minecraft.server.level.ServerLevel/]: Tried to add entity the_anomaly:anomaly_trap but it was marked as removed already
[28Feb2025 09:09:05.367] [Server thread/WARN] [net.minecraft.server.level.ServerLevel/]: Tried to add entity the_anomaly:anomaly_trap but it was marked as removed already
[28Feb2025 09:09:05.368] [Server thread/WARN] [net.minecraft.server.level.ServerLevel/]: Tried to add entity the_anomaly:anomaly_trap but it was marked as removed already
[28Feb2025 09:09:05.419] [Server thread/WARN] [net.minecraft.server.level.ServerLevel/]: Tried to add entity the_anomaly:anomaly_visitor but it was marked as removed already
[28Feb2025 09:09:05.467] [Server thread/WARN] [net.minecraft.server.level.ServerLevel/]: Tried to add entity the_anomaly:anomaly_trap but it was marked as removed already
[28Feb2025 09:09:05.619] [Server thread/WARN] [net.minecraft.server.level.ServerLevel/]: Tried to add entity the_anomaly:anomaly_trap but it was marked as removed already
[28Feb2025 09:09:05.668] [Server thread/WARN] [net.minecraft.server.level.ServerLevel/]: Tried to add entity the_anomaly:anomaly_trap but it was marked as removed already
[28Feb2025 09:09:05.668] [Server thread/WARN] [net.minecraft.server.level.ServerLevel/]: Tried to add entity the_anomaly:anomaly_trap but it was marked as removed already
[28Feb2025 09:09:09.219] [Server thread/WARN] [net.minecraft.server.level.ServerLevel/]: Tried to add entity the_anomaly:anomaly_escape but it was marked as removed already
[28Feb2025 09:09:09.268] [Server thread/WARN] [net.minecraft.server.level.ServerLevel/]: Tried to add entity the_anomaly:anomaly_trap but it was marked as removed already
[28Feb2025 09:09:11.468] [Server thread/WARN] [net.minecraft.server.level.ServerLevel/]: Tried to add entity the_anomaly:anomaly_escape but it was marked as removed already
[28Feb2025 09:09:11.567] [Server thread/WARN] [net.minecraft.server.level.ServerLevel/]: Tried to add entity the_anomaly:anomaly_trap but it was marked as removed already
[28Feb2025 09:09:11.718] [Server thread/WARN] [net.minecraft.server.level.ServerLevel/]: Tried to add entity the_anomaly:anomaly_trap but it was marked as removed already
[28Feb2025 09:09:16.418] [Server thread/WARN] [net.minecraft.server.level.ServerLevel/]: Tried to add entity the_anomaly:anomaly_trap but it was marked as removed already
[28Feb2025 09:09:16.567] [Server thread/WARN] [net.minecraft.server.level.ServerLevel/]: Tried to add entity the_anomaly:anomaly_escape but it was marked as removed already
[28Feb2025 09:09:16.619] [Server thread/WARN] [net.minecraft.server.level.ServerLevel/]: Tried to add entity the_anomaly:anomaly_escape but it was marked as removed already
[28Feb2025 09:09:16.767] [Server thread/WARN] [net.minecraft.server.level.ServerLevel/]: Tried to add entity the_anomaly:anomaly_viewer but it was marked as removed already
[28Feb2025 09:09:16.818] [Server thread/WARN] [net.minecraft.server.level.ServerLevel/]: Tried to add entity the_anomaly:anomaly_viewer but it was marked as removed already
[28Feb2025 09:09:16.866] [Server thread/WARN] [net.minecraft.server.level.ServerLevel/]: Tried to add entity the_anomaly:anomaly_viewer but it was marked as removed already
[28Feb2025 09:09:16.867] [Server thread/WARN] [net.minecraft.server.level.ServerLevel/]: Tried to add entity the_anomaly:anomaly_escape but it was marked as removed already
[28Feb2025 09:09:17.018] [Server thread/WARN] [net.minecraft.server.level.ServerLevel/]: Tried to add entity the_anomaly:anomaly_viewer but it was marked as removed already
[28Feb2025 09:09:17.067] [Server thread/WARN] [net.minecraft.server.level.ServerLevel/]: Tried to add entity the_anomaly:anomaly_viewer but it was marked as removed already
[28Feb2025 09:09:17.117] [Server thread/WARN] [net.minecraft.server.level.ServerLevel/]: Tried to add entity the_anomaly:anomaly_trap but it was marked as removed already
[28Feb2025 09:09:17.167] [Server thread/WARN] [net.minecraft.server.level.ServerLevel/]: Tried to add entity the_anomaly:anomaly_escape but it was marked as removed already
[28Feb2025 09:09:18.466] [Server thread/WARN] [net.minecraft.server.level.ServerLevel/]: Tried to add entity the_anomaly:anomaly_viewer but it was marked as removed already
[28Feb2025 09:09:18.567] [Server thread/WARN] [net.minecraft.server.level.ServerLevel/]: Tried to add entity the_anomaly:anomaly_viewer but it was marked as removed already
[28Feb2025 09:09:18.619] [Server thread/WARN] [net.minecraft.server.level.ServerLevel/]: Tried to add entity the_anomaly:anomaly_trap but it was marked as removed already
[28Feb2025 09:09:18.767] [Server thread/WARN] [net.minecraft.server.level.ServerLevel/]: Tried to add entity the_anomaly:anomaly_trap but it was marked as removed already
[28Feb2025 09:09:20.317] [Server thread/WARN] [net.minecraft.server.level.ServerLevel/]: Tried to add entity the_anomaly:anomaly_viewer but it was marked as removed already
[28Feb2025 09:09:20.366] [Server thread/WARN] [net.minecraft.server.level.ServerLevel/]: Tried to add entity the_anomaly:anomaly_trap but it was marked as removed already
[28Feb2025 09:09:20.567] [Server thread/WARN] [net.minecraft.server.level.ServerLevel/]: Tried to add entity the_anomaly:anomaly_viewer but it was marked as removed already
[28Feb2025 09:09:21.820] [Server thread/WARN] [net.minecraft.server.level.ServerLevel/]: Tried to add entity the_anomaly:anomaly_escape but it was marked as removed already
[28Feb2025 09:09:21.918] [Server thread/WARN] [net.minecraft.server.level.ServerLevel/]: Tried to add entity the_anomaly:anomaly_escape but it was marked as removed already
[28Feb2025 09:09:23.166] [Server thread/WARN] [net.minecraft.server.level.ServerLevel/]: Tried to add entity the_anomaly:anomaly_viewer but it was marked as removed already
[28Feb2025 09:09:23.219] [Server thread/WARN] [net.minecraft.server.level.ServerLevel/]: Tried to add entity the_anomaly:anomaly_viewer but it was marked as removed already
[28Feb2025 09:09:24.267] [Server thread/WARN] [net.minecraft.server.level.ServerLevel/]: Tried to add entity the_anomaly:anomaly_trap but it was marked as removed already
[28Feb2025 09:09:24.267] [Server thread/WARN] [net.minecraft.server.level.ServerLevel/]: Tried to add entity the_anomaly:anomaly_escape but it was marked as removed already
[28Feb2025 09:09:24.267] [Server thread/WARN] [net.minecraft.server.level.ServerLevel/]: Tried to add entity the_anomaly:anomaly_viewer but it was marked as removed already
[28Feb2025 09:09:24.418] [Server thread/WARN] [net.minecraft.server.level.ServerLevel/]: Tried to add entity the_anomaly:anomaly_viewer but it was marked as removed already
[28Feb2025 09:09:24.619] [Server thread/WARN] [net.minecraft.server.level.ServerLevel/]: Tried to add entity the_anomaly:anomaly_escape but it was marked as removed already
[28Feb2025 09:09:24.717] [Server thread/WARN] [net.minecraft.server.level.ServerLevel/]: Tried to add entity the_anomaly:anomaly_trap but it was marked as removed already
[28Feb2025 09:09:24.818] [Server thread/WARN] [net.minecraft.server.level.ServerLevel/]: Tried to add entity the_anomaly:anomaly_viewer but it was marked as removed already
[28Feb2025 09:09:24.819] [Server thread/WARN] [net.minecraft.server.level.ServerLevel/]: Tried to add entity the_anomaly:anomaly_viewer but it was marked as removed already
[28Feb2025 09:09:24.819] [Server thread/WARN] [net.minecraft.server.level.ServerLevel/]: Tried to add entity the_anomaly:anomaly_trap but it was marked as removed already
[28Feb2025 09:09:24.867] [Server thread/WARN] [net.minecraft.server.level.ServerLevel/]: Tried to add entity the_anomaly:anomaly_escape but it was marked as removed already
[28Feb2025 09:09:24.867] [Server thread/WARN] [net.minecraft.server.level.ServerLevel/]: Tried to add entity the_anomaly:anomaly_escape but it was marked as removed already
[28Feb2025 09:09:24.918] [Server thread/WARN] [net.minecraft.server.level.ServerLevel/]: Tried to add entity the_anomaly:anomaly_viewer but it was marked as removed already
[28Feb2025 09:09:24.966] [Server thread/WARN] [net.minecraft.server.level.ServerLevel/]: Tried to add entity the_anomaly:anomaly_viewer but it was marked as removed already
[28Feb2025 09:09:25.118] [Server thread/WARN] [net.minecraft.server.level.ServerLevel/]: Tried to add entity the_anomaly:anomaly_trap but it was marked as removed already
[28Feb2025 09:09:25.466] [Server thread/WARN] [net.minecraft.server.level.ServerLevel/]: Tried to add entity the_anomaly:anomaly_trap but it was marked as removed already
[28Feb2025 09:09:25.667] [Server thread/WARN] [net.minecraft.server.level.ServerLevel/]: Tried to add entity the_anomaly:anomaly_escape but it was marked as removed already
[28Feb2025 09:09:28.666] [Server thread/WARN] [net.minecraft.server.level.ServerLevel/]: Tried to add entity the_anomaly:anomaly_trap but it was marked as removed already
[28Feb2025 09:09:28.867] [Server thread/WARN] [net.minecraft.server.level.ServerLevel/]: Tried to add entity the_anomaly:anomaly_viewer but it was marked as removed already
[28Feb2025 09:09:29.019] [Server thread/WARN] [net.minecraft.server.level.ServerLevel/]: Tried to add entity the_anomaly:anomaly_escape but it was marked as removed already
[28Feb2025 09:09:29.117] [Server thread/WARN] [net.minecraft.server.level.ServerLevel/]: Tried to add entity the_anomaly:anomaly_trap but it was marked as removed already
[28Feb2025 09:09:29.218] [Server thread/WARN] [net.minecraft.server.level.ServerLevel/]: Tried to add entity the_anomaly:anomaly_trap but it was marked as removed already
[28Feb2025 09:09:29.266] [Server thread/WARN] [net.minecraft.server.level.ServerLevel/]: Tried to add entity the_anomaly:anomaly_escape but it was marked as removed already
[28Feb2025 09:09:29.318] [Server thread/WARN] [net.minecraft.server.level.ServerLevel/]: Tried to add entity the_anomaly:anomaly_escape but it was marked as removed already
[28Feb2025 09:09:29.517] [Server thread/WARN] [net.minecraft.server.level.ServerLevel/]: Tried to add entity the_anomaly:anomaly_viewer but it was marked as removed already
[28Feb2025 09:09:29.566] [Server thread/WARN] [net.minecraft.server.level.ServerLevel/]: Tried to add entity the_anomaly:anomaly_viewer but it was marked as removed already
[28Feb2025 09:09:29.917] [Server thread/WARN] [net.minecraft.server.level.ServerLevel/]: Tried to add entity the_anomaly:anomaly_viewer but it was marked as removed already
[28Feb2025 09:09:42.620] [Server thread/WARN] [net.minecraft.server.level.ServerLevel/]: Tried to add entity the_anomaly:anomaly_escape but it was marked as removed already
[28Feb2025 09:09:44.819] [Server thread/WARN] [net.minecraft.server.level.ServerLevel/]: Tried to add entity the_anomaly:anomaly_trap but it was marked as removed already
[28Feb2025 09:09:47.917] [Server thread/WARN] [net.minecraft.server.level.ServerLevel/]: Tried to add entity the_anomaly:anomaly_viewer but it was marked as removed already
[28Feb2025 09:09:49.467] [Server thread/WARN] [net.minecraft.server.level.ServerLevel/]: Tried to add entity the_anomaly:anomaly_escape but it was marked as removed already
[28Feb2025 09:09:49.620] [Server thread/WARN] [net.minecraft.server.level.ServerLevel/]: Tried to add entity the_anomaly:anomaly_viewer but it was marked as removed already
[28Feb2025 09:09:54.619] [Server thread/WARN] [net.minecraft.server.level.ServerLevel/]: Tried to add entity the_anomaly:anomaly_escape but it was marked as removed already
[28Feb2025 09:09:58.418] [Server thread/WARN] [net.minecraft.server.level.ServerLevel/]: Tried to add entity the_anomaly:anomaly_viewer but it was marked as removed already
[28Feb2025 09:09:58.566] [Server thread/WARN] [net.minecraft.server.level.ServerLevel/]: Tried to add entity the_anomaly:anomaly_viewer but it was marked as removed already
[28Feb2025 09:09:59.018] [Server thread/WARN] [net.minecraft.server.level.ServerLevel/]: Tried to add entity the_anomaly:anomaly_viewer but it was marked as removed already
[28Feb2025 09:09:59.218] [Server thread/WARN] [net.minecraft.server.level.ServerLevel/]: Tried to add entity the_anomaly:anomaly_escape but it was marked as removed already
[28Feb2025 09:09:59.317] [Server thread/WARN] [net.minecraft.server.level.ServerLevel/]: Tried to add entity the_anomaly:anomaly_escape but it was marked as removed already
[28Feb2025 09:09:59.367] [Server thread/WARN] [net.minecraft.server.level.ServerLevel/]: Tried to add entity the_anomaly:anomaly_escape but it was marked as removed already
[28Feb2025 09:10:01.622] [Server thread/WARN] [net.minecraft.server.level.ServerLevel/]: Tried to add entity the_anomaly:anomaly_viewer but it was marked as removed already
[28Feb2025 09:10:01.668] [Server thread/WARN] [net.minecraft.server.level.ServerLevel/]: Tried to add entity the_anomaly:anomaly_viewer but it was marked as removed already
[28Feb2025 09:10:01.668] [Server thread/WARN] [net.minecraft.server.level.ServerLevel/]: Tried to add entity the_anomaly:anomaly_trap but it was marked as removed already
[28Feb2025 09:10:03.767] [Server thread/WARN] [net.minecraft.server.level.ServerLevel/]: Tried to add entity the_anomaly:anomaly_trap but it was marked as removed already
[28Feb2025 09:10:03.918] [Server thread/WARN] [net.minecraft.server.level.ServerLevel/]: Tried to add entity the_anomaly:anomaly_escape but it was marked as removed already
[28Feb2025 09:10:05.318] [Server thread/WARN] [net.minecraft.server.level.ServerLevel/]: Tried to add entity the_anomaly:anomaly_escape but it was marked as removed already
[28Feb2025 09:10:08.568] [Server thread/WARN] [net.minecraft.server.level.ServerLevel/]: Tried to add entity the_anomaly:anomaly_trap but it was marked as removed already
[28Feb2025 09:10:09.421] [Server thread/WARN] [net.minecraft.server.level.ServerLevel/]: Tried to add entity the_anomaly:anomaly_viewer but it was marked as removed already
[28Feb2025 09:10:09.468] [Server thread/WARN] [net.minecraft.server.level.ServerLevel/]: Tried to add entity the_anomaly:anomaly_escape but it was marked as removed already
[28Feb2025 09:10:10.268] [Server thread/WARN] [net.minecraft.server.level.ServerLevel/]: Tried to add entity the_anomaly:anomaly_viewer but it was marked as removed already
[28Feb2025 09:10:10.318] [Server thread/WARN] [net.minecraft.server.level.ServerLevel/]: Tried to add entity the_anomaly:anomaly_viewer but it was marked as removed already
[28Feb2025 09:10:10.367] [Server thread/WARN] [net.minecraft.server.level.ServerLevel/]: Tried to add entity the_anomaly:anomaly_viewer but it was marked as removed already
[28Feb2025 09:10:10.419] [Server thread/WARN] [net.minecraft.server.level.ServerLevel/]: Tried to add entity the_anomaly:anomaly_viewer but it was marked as removed already
[28Feb2025 09:10:10.767] [Server thread/WARN] [net.minecraft.server.level.ServerLevel/]: Tried to add entity the_anomaly:anomaly_escape but it was marked as removed already
[28Feb2025 09:10:10.767] [Server thread/WARN] [net.minecraft.server.level.ServerLevel/]: Tried to add entity the_anomaly:anomaly_viewer but it was marked as removed already
[28Feb2025 09:10:10.867] [Server thread/WARN] [net.minecraft.server.level.ServerLevel/]: Tried to add entity the_anomaly:anomaly_escape but it was marked as removed already
[28Feb2025 09:10:11.119] [Server thread/WARN] [net.minecraft.server.level.ServerLevel/]: Tried to add entity the_anomaly:anomaly_trap but it was marked as removed already
[28Feb2025 09:10:11.667] [Server thread/WARN] [net.minecraft.server.level.ServerLevel/]: Tried to add entity the_anomaly:anomaly_viewer but it was marked as removed already
[28Feb2025 09:10:11.667] [Server thread/WARN] [net.minecraft.server.level.ServerLevel/]: Tried to add entity the_anomaly:anomaly_trap but it was marked as removed already
[28Feb2025 09:10:11.718] [Server thread/WARN] [net.minecraft.server.level.ServerLevel/]: Tried to add entity the_anomaly:anomaly_trap but it was marked as removed already
[28Feb2025 09:10:11.867] [Server thread/WARN] [net.minecraft.server.level.ServerLevel/]: Tried to add entity the_anomaly:anomaly_viewer but it was marked as removed already
[28Feb2025 09:10:12.067] [Server thread/WARN] [net.minecraft.server.level.ServerLevel/]: Tried to add entity the_anomaly:anomaly_trap but it was marked as removed already
[28Feb2025 09:10:12.218] [Server thread/WARN] [net.minecraft.server.level.ServerLevel/]: Tried to add entity the_anomaly:anomaly_viewer but it was marked as removed already
[28Feb2025 09:10:14.718] [Server thread/WARN] [net.minecraft.server.level.ServerLevel/]: Tried to add entity the_anomaly:anomaly_trap but it was marked as removed already
[28Feb2025 09:10:15.167] [Server thread/WARN] [net.minecraft.server.level.ServerLevel/]: Tried to add entity the_anomaly:anomaly_trap but it was marked as removed already
[28Feb2025 09:10:15.269] [Server thread/WARN] [net.minecraft.server.level.ServerLevel/]: Tried to add entity the_anomaly:anomaly_trap but it was marked as removed already
[28Feb2025 09:10:16.667] [Server thread/WARN] [net.minecraft.server.level.ServerLevel/]: Tried to add entity the_anomaly:anomaly_viewer but it was marked as removed already
[28Feb2025 09:10:16.717] [Server thread/WARN] [net.minecraft.server.level.ServerLevel/]: Tried to add entity the_anomaly:anomaly_viewer but it was marked as removed already
[28Feb2025 09:10:16.768] [Server thread/WARN] [net.minecraft.server.level.ServerLevel/]: Tried to add entity the_anomaly:anomaly_trap but it was marked as removed already
[28Feb2025 09:10:17.567] [Server thread/WARN] [net.minecraft.server.level.ServerLevel/]: Tried to add entity the_anomaly:anomaly_trap but it was marked as removed already
[28Feb2025 09:10:18.867] [Server thread/WARN] [net.minecraft.server.level.ServerLevel/]: Tried to add entity the_anomaly:anomaly_trap but it was marked as removed already
[28Feb2025 09:10:19.867] [Server thread/WARN] [net.minecraft.server.level.ServerLevel/]: Tried to add entity the_anomaly:anomaly_trap but it was marked as removed already
[28Feb2025 09:10:20.071] [Server thread/WARN] [net.minecraft.server.level.ServerLevel/]: Tried to add entity the_anomaly:anomaly_trap but it was marked as removed already
[28Feb2025 09:10:20.117] [Server thread/WARN] [net.minecraft.server.level.ServerLevel/]: Tried to add entity the_anomaly:anomaly_trap but it was marked as removed already
[28Feb2025 09:10:20.118] [Server thread/WARN] [net.minecraft.server.level.ServerLevel/]: Tried to add entity the_anomaly:anomaly_viewer but it was marked as removed already
[28Feb2025 09:10:20.268] [Server thread/WARN] [net.minecraft.server.level.ServerLevel/]: Tried to add entity the_anomaly:anomaly_trap but it was marked as removed already
[28Feb2025 09:10:20.319] [Server thread/WARN] [net.minecraft.server.level.ServerLevel/]: Tried to add entity the_anomaly:anomaly_trap but it was marked as removed already
[28Feb2025 09:10:20.319] [Server thread/WARN] [net.minecraft.server.level.ServerLevel/]: Tried to add entity the_anomaly:anomaly_trap but it was marked as removed already
[28Feb2025 09:10:20.520] [Server thread/WARN] [net.minecraft.server.level.ServerLevel/]: Tried to add entity the_anomaly:anomaly_escape but it was marked as removed already
[28Feb2025 09:10:22.466] [Server thread/WARN] [net.minecraft.server.level.ServerLevel/]: Tried to add entity the_anomaly:anomaly_viewer but it was marked as removed already
[28Feb2025 09:10:22.766] [Server thread/WARN] [net.minecraft.server.level.ServerLevel/]: Tried to add entity the_anomaly:anomaly_trap but it was marked as removed already
[28Feb2025 09:10:23.668] [Server thread/WARN] [net.minecraft.server.level.ServerLevel/]: Tried to add entity the_anomaly:anomaly_trap but it was marked as removed already
[28Feb2025 09:10:23.769] [Server thread/WARN] [net.minecraft.server.level.ServerLevel/]: Tried to add entity the_anomaly:anomaly_trap but it was marked as removed already
[28Feb2025 09:10:23.975] [Server thread/WARN] [net.minecraft.server.level.ServerLevel/]: Tried to add entity the_anomaly:anomaly_trap but it was marked as removed already
[28Feb2025 09:10:24.069] [Server thread/WARN] [net.minecraft.server.level.ServerLevel/]: Tried to add entity the_anomaly:anomaly_trap but it was marked as removed already
[28Feb2025 09:10:24.819] [Server thread/WARN] [net.minecraft.server.level.ServerLevel/]: Tried to add entity the_anomaly:anomaly_viewer but it was marked as removed already
[28Feb2025 09:10:25.167] [Server thread/WARN] [net.minecraft.server.level.ServerLevel/]: Tried to add entity the_anomaly:anomaly_viewer but it was marked as removed already
[28Feb2025 09:10:25.966] [Server thread/WARN] [net.minecraft.server.level.ServerLevel/]: Tried to add entity the_anomaly:anomaly_trap but it was marked as removed already
[28Feb2025 09:10:26.268] [Server thread/WARN] [net.minecraft.server.level.ServerLevel/]: Tried to add entity the_anomaly:anomaly_viewer but it was marked as removed already
[28Feb2025 09:10:26.317] [Server thread/WARN] [net.minecraft.server.level.ServerLevel/]: Tried to add entity the_anomaly:anomaly_trap but it was marked as removed already
[28Feb2025 09:10:26.317] [Server thread/WARN] [net.minecraft.server.level.ServerLevel/]: Tried to add entity the_anomaly:anomaly_viewer but it was marked as removed already
[28Feb2025 09:10:26.317] [Server thread/WARN] [net.minecraft.server.level.ServerLevel/]: Tried to add entity the_anomaly:anomaly_trap but it was marked as removed already
[28Feb2025 09:10:26.367] [Server thread/WARN] [net.minecraft.server.level.ServerLevel/]: Tried to add entity the_anomaly:anomaly_trap but it was marked as removed already
[28Feb2025 09:10:26.668] [Server thread/WARN] [net.minecraft.server.level.ServerLevel/]: Tried to add entity the_anomaly:anomaly_viewer but it was marked as removed already
[28Feb2025 09:10:26.668] [Server thread/WARN] [net.minecraft.server.level.ServerLevel/]: Tried to add entity the_anomaly:anomaly_viewer but it was marked as removed already
[28Feb2025 09:10:26.918] [Server thread/WARN] [net.minecraft.server.level.ServerLevel/]: Tried to add entity the_anomaly:anomaly_viewer but it was marked as removed already
[28Feb2025 09:10:28.220] [Server thread/WARN] [net.minecraft.server.level.ServerLevel/]: Tried to add entity the_anomaly:anomaly_viewer but it was marked as removed already
[28Feb2025 09:10:28.718] [Server thread/WARN] [net.minecraft.server.level.ServerLevel/]: Tried to add entity the_anomaly:anomaly_escape but it was marked as removed already
[28Feb2025 09:10:28.767] [Server thread/WARN] [net.minecraft.server.level.ServerLevel/]: Tried to add entity the_anomaly:anomaly_viewer but it was marked as removed already
[28Feb2025 09:10:36.467] [Server thread/WARN] [net.minecraft.server.level.ServerLevel/]: Tried to add entity the_anomaly:anomaly_viewer but it was marked as removed already
[28Feb2025 09:10:36.619] [Server thread/WARN] [net.minecraft.server.level.ServerLevel/]: Tried to add entity the_anomaly:anomaly_trap but it was marked as removed already
[28Feb2025 09:10:52.766] [Server thread/WARN] [net.minecraft.server.level.ServerLevel/]: Tried to add entity the_anomaly:anomaly_viewer but it was marked as removed already
[28Feb2025 09:10:53.515] [Server thread/INFO] [net.minecraft.server.MinecraftServer/]: [YAMAPROSIH: Removed 405 items from player YAMAPROSIH]
[28Feb2025 09:10:55.167] [Server thread/WARN] [net.minecraft.server.level.ServerLevel/]: Tried to add entity the_anomaly:anomaly_trap but it was marked as removed already
[28Feb2025 09:10:55.220] [Server thread/WARN] [net.minecraft.server.level.ServerLevel/]: Tried to add entity the_anomaly:anomaly_escape but it was marked as removed already
[28Feb2025 09:10:55.818] [Server thread/WARN] [net.minecraft.server.level.ServerLevel/]: Tried to add entity the_anomaly:anomaly_escape but it was marked as removed already
[28Feb2025 09:10:55.967] [Server thread/WARN] [net.minecraft.server.level.ServerLevel/]: Tried to add entity the_anomaly:anomaly_escape but it was marked as removed already
[28Feb2025 09:10:56.018] [Server thread/WARN] [net.minecraft.server.level.ServerLevel/]: Tried to add entity the_anomaly:anomaly_trap but it was marked as removed already
[28Feb2025 09:10:56.067] [Server thread/WARN] [net.minecraft.server.level.ServerLevel/]: Tried to add entity the_anomaly:anomaly_escape but it was marked as removed already
[28Feb2025 09:10:56.218] [Server thread/WARN] [net.minecraft.server.level.ServerLevel/]: Tried to add entity the_anomaly:anomaly_viewer but it was marked as removed already
[28Feb2025 09:10:56.218] [Server thread/WARN] [net.minecraft.server.level.ServerLevel/]: Tried to add entity the_anomaly:anomaly_escape but it was marked as removed already
[28Feb2025 09:10:56.267] [Server thread/WARN] [net.minecraft.server.level.ServerLevel/]: Tried to add entity the_anomaly:anomaly_viewer but it was marked as removed already
[28Feb2025 09:10:56.567] [Server thread/WARN] [net.minecraft.server.level.ServerLevel/]: Tried to add entity the_anomaly:anomaly_escape but it was marked as removed already
[28Feb2025 09:10:56.718] [Server thread/WARN] [net.minecraft.server.level.ServerLevel/]: Tried to add entity the_anomaly:anomaly_escape but it was marked as removed already
[28Feb2025 09:10:56.766] [Server thread/WARN] [net.minecraft.server.level.ServerLevel/]: Tried to add entity the_anomaly:anomaly_trap but it was marked as removed already
[28Feb2025 09:10:56.767] [Server thread/WARN] [net.minecraft.server.level.ServerLevel/]: Tried to add entity the_anomaly:anomaly_escape but it was marked as removed already
[28Feb2025 09:10:56.819] [Server thread/WARN] [net.minecraft.server.level.ServerLevel/]: Tried to add entity the_anomaly:anomaly_escape but it was marked as removed already
[28Feb2025 09:10:56.820] [Server thread/WARN] [net.minecraft.server.level.ServerLevel/]: Tried to add entity the_anomaly:anomaly_escape but it was marked as removed already
[28Feb2025 09:11:01.622] [Server thread/WARN] [net.minecraft.server.level.ServerLevel/]: Tried to add entity the_anomaly:anomaly_viewer but it was marked as removed already
[28Feb2025 09:11:01.718] [Server thread/WARN] [net.minecraft.server.level.ServerLevel/]: Tried to add entity the_anomaly:anomaly_trap but it was marked as removed already
[28Feb2025 09:11:01.767] [Server thread/WARN] [net.minecraft.server.level.ServerLevel/]: Tried to add entity the_anomaly:anomaly_trap but it was marked as removed already
[28Feb2025 09:11:01.818] [Server thread/WARN] [net.minecraft.server.level.ServerLevel/]: Tried to add entity the_anomaly:anomaly_trap but it was marked as removed already
[28Feb2025 09:11:01.867] [Server thread/WARN] [net.minecraft.server.level.ServerLevel/]: Tried to add entity the_anomaly:anomaly_trap but it was marked as removed already
[28Feb2025 09:11:02.419] [Server thread/WARN] [net.minecraft.server.level.ServerLevel/]: Tried to add entity the_anomaly:anomaly_escape but it was marked as removed already
[28Feb2025 09:11:03.067] [Server thread/WARN] [net.minecraft.server.level.ServerLevel/]: Tried to add entity the_anomaly:anomaly_trap but it was marked as removed already
[28Feb2025 09:11:03.967] [Server thread/WARN] [net.minecraft.server.level.ServerLevel/]: Tried to add entity the_anomaly:anomaly_escape but it was marked as removed already
[28Feb2025 09:11:05.618] [Server thread/WARN] [net.minecraft.server.level.ServerLevel/]: Tried to add entity the_anomaly:anomaly_trap but it was marked as removed already
[28Feb2025 09:11:05.667] [Server thread/WARN] [net.minecraft.server.level.ServerLevel/]: Tried to add entity the_anomaly:anomaly_viewer but it was marked as removed already
[28Feb2025 09:11:05.867] [Server thread/WARN] [net.minecraft.server.level.ServerLevel/]: Tried to add entity the_anomaly:anomaly_escape but it was marked as removed already
[28Feb2025 09:11:06.019] [Server thread/WARN] [net.minecraft.server.level.ServerLevel/]: Tried to add entity the_anomaly:anomaly_viewer but it was marked as removed already
[28Feb2025 09:11:06.068] [Server thread/WARN] [net.minecraft.server.level.ServerLevel/]: Tried to add entity the_anomaly:anomaly_escape but it was marked as removed already
[28Feb2025 09:11:12.517] [Server thread/WARN] [net.minecraft.server.level.ServerLevel/]: Tried to add entity the_anomaly:anomaly_trap but it was marked as removed already
[28Feb2025 09:11:12.619] [Server thread/WARN] [net.minecraft.server.level.ServerLevel/]: Tried to add entity the_anomaly:anomaly_escape but it was marked as removed already
[28Feb2025 09:11:12.717] [Server thread/WARN] [net.minecraft.server.level.ServerLevel/]: Tried to add entity the_anomaly:anomaly_escape but it was marked as removed already
[28Feb2025 09:11:14.718] [Server thread/WARN] [net.minecraft.server.level.ServerLevel/]: Tried to add entity the_anomaly:anomaly_escape but it was marked as removed already
[28Feb2025 09:11:15.418] [Server thread/WARN] [net.minecraft.server.level.ServerLevel/]: Tried to add entity the_anomaly:anomaly_viewer but it was marked as removed already
[28Feb2025 09:11:21.667] [Server thread/WARN] [net.minecraft.server.level.ServerLevel/]: Tried to add entity the_anomaly:anomaly_viewer but it was marked as removed already
[28Feb2025 09:11:21.867] [Server thread/WARN] [net.minecraft.server.level.ServerLevel/]: Tried to add entity the_anomaly:anomaly_escape but it was marked as removed already
[28Feb2025 09:11:30.218] [Server thread/WARN] [net.minecraft.server.level.ServerLevel/]: Tried to add entity the_anomaly:anomaly_visitor_2 but it was marked as removed already
[28Feb2025 09:11:30.317] [Server thread/WARN] [net.minecraft.server.level.ServerLevel/]: Tried to add entity the_anomaly:anomaly_trap but it was marked as removed already
[28Feb2025 09:11:30.517] [Server thread/WARN] [net.minecraft.server.level.ServerLevel/]: Tried to add entity the_anomaly:anomaly_viewer but it was marked as removed already
[28Feb2025 09:11:30.717] [Server thread/WARN] [net.minecraft.server.level.ServerLevel/]: Tried to add entity the_anomaly:anomaly_viewer but it was marked as removed already
[28Feb2025 09:11:30.917] [Server thread/WARN] [net.minecraft.server.level.ServerLevel/]: Tried to add entity the_anomaly:anomaly_viewer but it was marked as removed already
[28Feb2025 09:11:31.117] [Server thread/WARN] [net.minecraft.server.level.ServerLevel/]: Tried to add entity the_anomaly:anomaly_trap but it was marked as removed already
[28Feb2025 09:11:31.167] [Server thread/WARN] [net.minecraft.server.level.ServerLevel/]: Tried to add entity the_anomaly:anomaly_trap but it was marked as removed already
[28Feb2025 09:11:31.218] [Server thread/WARN] [net.minecraft.server.level.ServerLevel/]: Tried to add entity the_anomaly:anomaly_escape but it was marked as removed already
[28Feb2025 09:11:31.467] [Server thread/WARN] [net.minecraft.server.level.ServerLevel/]: Tried to add entity the_anomaly:anomaly_viewer but it was marked as removed already
[28Feb2025 09:11:31.517] [Server thread/WARN] [net.minecraft.server.level.ServerLevel/]: Tried to add entity the_anomaly:anomaly_trap but it was marked as removed already
[28Feb2025 09:11:31.568] [Server thread/WARN] [net.minecraft.server.level.ServerLevel/]: Tried to add entity the_anomaly:anomaly_viewer but it was marked as removed already
[28Feb2025 09:11:34.567] [Server thread/WARN] [net.minecraft.server.level.ServerLevel/]: Tried to add entity the_anomaly:anomaly_escape but it was marked as removed already
[28Feb2025 09:11:34.667] [Server thread/WARN] [net.minecraft.server.level.ServerLevel/]: Tried to add entity the_anomaly:anomaly_trap but it was marked as removed already
[28Feb2025 09:11:38.418] [Server thread/WARN] [net.minecraft.server.level.ServerLevel/]: Tried to add entity the_anomaly:anomaly_trap but it was marked as removed already
[28Feb2025 09:11:38.566] [Server thread/WARN] [net.minecraft.server.level.ServerLevel/]: Tried to add entity the_anomaly:anomaly_trap but it was marked as removed already
[28Feb2025 09:11:38.717] [Server thread/WARN] [net.minecraft.server.level.ServerLevel/]: Tried to add entity the_anomaly:anomaly_trap but it was marked as removed already
[28Feb2025 09:11:38.767] [Server thread/WARN] [net.minecraft.server.level.ServerLevel/]: Tried to add entity the_anomaly:anomaly_viewer but it was marked as removed already
[28Feb2025 09:11:39.917] [Server thread/WARN] [net.minecraft.server.level.ServerLevel/]: Tried to add entity the_anomaly:anomaly_viewer but it was marked as removed already
[28Feb2025 09:11:40.018] [Server thread/WARN] [net.minecraft.server.level.ServerLevel/]: Tried to add entity the_anomaly:anomaly_viewer but it was marked as removed already
[28Feb2025 09:11:44.517] [Server thread/WARN] [net.minecraft.server.level.ServerLevel/]: Tried to add entity the_anomaly:anomaly_viewer but it was marked as removed already
[28Feb2025 09:11:44.767] [Server thread/WARN] [net.minecraft.server.level.ServerLevel/]: Tried to add entity the_anomaly:anomaly_trap but it was marked as removed already
[28Feb2025 09:11:44.917] [Server thread/WARN] [net.minecraft.server.level.ServerLevel/]: Tried to add entity the_anomaly:anomaly_trap but it was marked as removed already
[28Feb2025 09:11:45.467] [Server thread/WARN] [net.minecraft.server.level.ServerLevel/]: Tried to add entity the_anomaly:anomaly_escape but it was marked as removed already
[28Feb2025 09:11:45.518] [Server thread/WARN] [net.minecraft.server.level.ServerLevel/]: Tried to add entity the_anomaly:anomaly_escape but it was marked as removed already
[28Feb2025 09:11:45.666] [Server thread/WARN] [net.minecraft.server.level.ServerLevel/]: Tried to add entity the_anomaly:anomaly_trap but it was marked as removed already
[28Feb2025 09:11:46.218] [Server thread/WARN] [net.minecraft.server.level.ServerLevel/]: Tried to add entity the_anomaly:anomaly_escape but it was marked as removed already
[28Feb2025 09:11:46.219] [Server thread/WARN] [net.minecraft.server.level.ServerLevel/]: Tried to add entity the_anomaly:anomaly_viewer but it was marked as removed already
[28Feb2025 09:11:49.867] [Server thread/WARN] [net.minecraft.server.level.ServerLevel/]: Tried to add entity the_anomaly:anomaly_viewer but it was marked as removed already
[28Feb2025 09:11:50.266] [Server thread/WARN] [net.minecraft.server.level.ServerLevel/]: Tried to add entity the_anomaly:anomaly_escape but it was marked as removed already
[28Feb2025 09:11:50.317] [Server thread/WARN] [net.minecraft.server.level.ServerLevel/]: Tried to add entity the_anomaly:anomaly_trap but it was marked as removed already
[28Feb2025 09:11:50.667] [Server thread/WARN] [net.minecraft.server.level.ServerLevel/]: Tried to add entity the_anomaly:anomaly_escape but it was marked as removed already
[28Feb2025 09:11:50.767] [Server thread/WARN] [net.minecraft.server.level.ServerLevel/]: Tried to add entity the_anomaly:anomaly_trap but it was marked as removed already
[28Feb2025 09:11:50.768] [Server thread/WARN] [net.minecraft.server.level.ServerLevel/]: Tried to add entity the_anomaly:anomaly_trap but it was marked as removed already
[28Feb2025 09:11:50.819] [Server thread/WARN] [net.minecraft.server.level.ServerLevel/]: Tried to add entity the_anomaly:anomaly_viewer but it was marked as removed already
[28Feb2025 09:11:50.868] [Server thread/WARN] [net.minecraft.server.level.ServerLevel/]: Tried to add entity the_anomaly:anomaly_trap but it was marked as removed already
[28Feb2025 09:11:51.018] [Server thread/WARN] [net.minecraft.server.level.ServerLevel/]: Tried to add entity the_anomaly:anomaly_viewer but it was marked as removed already
[28Feb2025 09:11:51.218] [Server thread/WARN] [net.minecraft.server.level.ServerLevel/]: Tried to add entity the_anomaly:anomaly_escape but it was marked as removed already
[28Feb2025 09:11:51.267] [Server thread/WARN] [net.minecraft.server.level.ServerLevel/]: Tried to add entity the_anomaly:anomaly_trap but it was marked as removed already
[28Feb2025 09:11:51.317] [Server thread/WARN] [net.minecraft.server.level.ServerLevel/]: Tried to add entity the_anomaly:anomaly_viewer but it was marked as removed already
[28Feb2025 09:11:54.168] [Server thread/WARN] [net.minecraft.server.level.ServerLevel/]: Tried to add entity the_anomaly:anomaly_viewer but it was marked as removed already
[28Feb2025 09:11:54.718] [Server thread/WARN] [net.minecraft.server.level.ServerLevel/]: Tried to add entity the_anomaly:anomaly_escape but it was marked as removed already
[28Feb2025 09:11:54.967] [Server thread/WARN] [net.minecraft.server.level.ServerLevel/]: Tried to add entity the_anomaly:anomaly_trap but it was marked as removed already
[28Feb2025 09:11:54.967] [Server thread/WARN] [net.minecraft.server.level.ServerLevel/]: Tried to add entity the_anomaly:anomaly_trap but it was marked as removed already
[28Feb2025 09:11:55.219] [Server thread/WARN] [net.minecraft.server.level.ServerLevel/]: Tried to add entity the_anomaly:anomaly_escape but it was marked as removed already
[28Feb2025 09:11:55.367] [Server thread/WARN] [net.minecraft.server.level.ServerLevel/]: Tried to add entity the_anomaly:anomaly_escape but it was marked as removed already
[28Feb2025 09:11:55.419] [Server thread/WARN] [net.minecraft.server.level.ServerLevel/]: Tried to add entity the_anomaly:anomaly_viewer but it was marked as removed already
[28Feb2025 09:11:55.467] [Server thread/WARN] [net.minecraft.server.level.ServerLevel/]: Tried to add entity the_anomaly:anomaly_viewer but it was marked as removed already
[28Feb2025 09:11:55.467] [Server thread/WARN] [net.minecraft.server.level.ServerLevel/]: Tried to add entity the_anomaly:anomaly_trap but it was marked as removed already
[28Feb2025 09:11:55.518] [Server thread/WARN] [net.minecraft.server.level.ServerLevel/]: Tried to add entity the_anomaly:anomaly_trap but it was marked as removed already
[28Feb2025 09:11:55.867] [Server thread/WARN] [net.minecraft.server.level.ServerLevel/]: Tried to add entity the_anomaly:anomaly_escape but it was marked as removed already
[28Feb2025 09:11:56.167] [Server thread/WARN] [net.minecraft.server.level.ServerLevel/]: Tried to add entity the_anomaly:anomaly_viewer but it was marked as removed already
[28Feb2025 09:11:56.516] [Server thread/WARN] [net.minecraft.server.level.ServerLevel/]: Tried to add entity the_anomaly:anomaly_viewer but it was marked as removed already
[28Feb2025 09:12:06.867] [Server thread/WARN] [net.minecraft.server.level.ServerLevel/]: Tried to add entity the_anomaly:anomaly_viewer but it was marked as removed already
[28Feb2025 09:12:06.967] [Server thread/WARN] [net.minecraft.server.level.ServerLevel/]: Tried to add entity the_anomaly:anomaly_trap but it was marked as removed already
[28Feb2025 09:12:10.417] [Server thread/WARN] [net.minecraft.server.level.ServerLevel/]: Tried to add entity the_anomaly:anomaly_viewer but it was marked as removed already
[28Feb2025 09:12:10.417] [Server thread/WARN] [net.minecraft.server.level.ServerLevel/]: Tried to add entity the_anomaly:anomaly_viewer but it was marked as removed already
[28Feb2025 09:12:10.467] [Server thread/WARN] [net.minecraft.server.level.ServerLevel/]: Tried to add entity the_anomaly:anomaly_trap but it was marked as removed already
[28Feb2025 09:12:13.317] [Server thread/WARN] [net.minecraft.server.level.ServerLevel/]: Tried to add entity the_anomaly:anomaly_trap but it was marked as removed already
[28Feb2025 09:12:19.441] [Server thread/INFO] [net.minecraft.server.MinecraftServer/]: [YAMAPROSIH: Gave 6400 [TNT] to YAMAPROSIH]
[28Feb2025 09:12:20.331] [Server thread/INFO] [net.minecraft.server.MinecraftServer/]: [Not Secure] [Server] HIDE NOW
[28Feb2025 09:12:22.067] [Server thread/WARN] [net.minecraft.server.level.ServerLevel/]: Tried to add entity the_anomaly:anomaly_viewer but it was marked as removed already
[28Feb2025 09:12:22.117] [Server thread/WARN] [net.minecraft.server.level.ServerLevel/]: Tried to add entity the_anomaly:anomaly_viewer but it was marked as removed already
[28Feb2025 09:12:22.168] [Server thread/WARN] [net.minecraft.server.level.ServerLevel/]: Tried to add entity the_anomaly:anomaly_trap but it was marked as removed already
[28Feb2025 09:12:22.417] [Server thread/WARN] [net.minecraft.server.level.ServerLevel/]: Tried to add entity the_anomaly:anomaly_trap but it was marked as removed already
[28Feb2025 09:12:22.467] [Server thread/WARN] [net.minecraft.server.level.ServerLevel/]: Tried to add entity the_anomaly:anomaly_viewer but it was marked as removed already
[28Feb2025 09:12:22.467] [Server thread/WARN] [net.minecraft.server.level.ServerLevel/]: Tried to add entity the_anomaly:anomaly_viewer but it was marked as removed already
[28Feb2025 09:12:22.467] [Server thread/WARN] [net.minecraft.server.level.ServerLevel/]: Tried to add entity the_anomaly:anomaly_trap but it was marked as removed already
[28Feb2025 09:12:22.667] [Server thread/WARN] [net.minecraft.server.level.ServerLevel/]: Tried to add entity the_anomaly:anomaly_trap but it was marked as removed already
[28Feb2025 09:12:22.767] [Server thread/WARN] [net.minecraft.server.level.ServerLevel/]: Tried to add entity the_anomaly:anomaly_trap but it was marked as removed already
[28Feb2025 09:12:24.666] [Server thread/WARN] [net.minecraft.server.level.ServerLevel/]: Tried to add entity the_anomaly:anomaly_trap but it was marked as removed already
[28Feb2025 09:12:24.818] [Server thread/WARN] [net.minecraft.server.level.ServerLevel/]: Tried to add entity the_anomaly:anomaly_escape but it was marked as removed already
[28Feb2025 09:12:25.067] [Server thread/WARN] [net.minecraft.server.level.ServerLevel/]: Tried to add entity the_anomaly:anomaly_viewer but it was marked as removed already
[28Feb2025 09:12:27.418] [Server thread/WARN] [net.minecraft.server.level.ServerLevel/]: Tried to add entity the_anomaly:anomaly_viewer but it was marked as removed already
[28Feb2025 09:12:35.517] [Server thread/WARN] [net.minecraft.server.level.ServerLevel/]: Tried to add entity the_anomaly:anomaly_viewer but it was marked as removed already
[28Feb2025 09:12:35.517] [Server thread/WARN] [net.minecraft.server.level.ServerLevel/]: Tried to add entity the_anomaly:anomaly_escape but it was marked as removed already
[28Feb2025 09:12:39.618] [Server thread/WARN] [net.minecraft.server.level.ServerLevel/]: Tried to add entity the_anomaly:anomaly_trap but it was marked as removed already
[28Feb2025 09:12:39.767] [Server thread/WARN] [net.minecraft.server.level.ServerLevel/]: Tried to add entity the_anomaly:anomaly_viewer but it was marked as removed already
[28Feb2025 09:12:39.767] [Server thread/WARN] [net.minecraft.server.level.ServerLevel/]: Tried to add entity the_anomaly:anomaly_viewer but it was marked as removed already
[28Feb2025 09:12:41.418] [Server thread/WARN] [net.minecraft.server.level.ServerLevel/]: Tried to add entity the_anomaly:anomaly_viewer but it was marked as removed already
[28Feb2025 09:12:41.618] [Server thread/WARN] [net.minecraft.server.level.ServerLevel/]: Tried to add entity the_anomaly:anomaly_escape but it was marked as removed already
[28Feb2025 09:12:41.917] [Server thread/WARN] [net.minecraft.server.level.ServerLevel/]: Tried to add entity the_anomaly:anomaly_trap but it was marked as removed already
[28Feb2025 09:12:42.067] [Server thread/WARN] [net.minecraft.server.level.ServerLevel/]: Tried to add entity the_anomaly:anomaly_trap but it was marked as removed already
[28Feb2025 09:12:42.118] [Server thread/WARN] [net.minecraft.server.level.ServerLevel/]: Tried to add entity the_anomaly:anomaly_viewer but it was marked as removed already
[28Feb2025 09:12:44.769] [Server thread/WARN] [net.minecraft.server.level.ServerLevel/]: Tried to add entity the_anomaly:anomaly_viewer but it was marked as removed already
[28Feb2025 09:12:51.917] [Server thread/WARN] [net.minecraft.server.level.ServerLevel/]: Tried to add entity the_anomaly:anomaly_viewer but it was marked as removed already
[28Feb2025 09:12:51.967] [Server thread/WARN] [net.minecraft.server.level.ServerLevel/]: Tried to add entity the_anomaly:anomaly_trap but it was marked as removed already
[28Feb2025 09:12:52.516] [Server thread/WARN] [net.minecraft.server.level.ServerLevel/]: Tried to add entity the_anomaly:anomaly_trap but it was marked as removed already
[28Feb2025 09:12:57.018] [Server thread/WARN] [net.minecraft.server.level.ServerLevel/]: Tried to add entity the_anomaly:anomaly_trap but it was marked as removed already
[28Feb2025 09:12:57.117] [Server thread/WARN] [net.minecraft.server.level.ServerLevel/]: Tried to add entity the_anomaly:anomaly_viewer but it was marked as removed already
[28Feb2025 09:12:57.367] [Server thread/WARN] [net.minecraft.server.level.ServerLevel/]: Tried to add entity the_anomaly:anomaly_viewer but it was marked as removed already
[28Feb2025 09:12:57.418] [Server thread/WARN] [net.minecraft.server.level.ServerLevel/]: Tried to add entity the_anomaly:anomaly_viewer but it was marked as removed already
[28Feb2025 09:12:58.067] [Server thread/WARN] [net.minecraft.server.level.ServerLevel/]: Tried to add entity the_anomaly:anomaly_visitor but it was marked as removed already
[28Feb2025 09:12:58.267] [Server thread/WARN] [net.minecraft.server.level.ServerLevel/]: Tried to add entity the_anomaly:anomaly_viewer but it was marked as removed already
[28Feb2025 09:12:59.266] [Server thread/WARN] [net.minecraft.server.level.ServerLevel/]: Tried to add entity the_anomaly:anomaly_viewer but it was marked as removed already
[28Feb2025 09:12:59.818] [Server thread/WARN] [net.minecraft.server.level.ServerLevel/]: Tried to add entity the_anomaly:anomaly_viewer but it was marked as removed already
[28Feb2025 09:13:01.018] [Server thread/WARN] [net.minecraft.server.level.ServerLevel/]: Tried to add entity the_anomaly:anomaly_viewer but it was marked as removed already
[28Feb2025 09:13:03.117] [Server thread/WARN] [net.minecraft.server.level.ServerLevel/]: Tried to add entity the_anomaly:anomaly_viewer but it was marked as removed already
[28Feb2025 09:13:03.217] [Server thread/WARN] [net.minecraft.server.level.ServerLevel/]: Tried to add entity the_anomaly:anomaly_viewer but it was marked as removed already
[28Feb2025 09:13:03.317] [Server thread/WARN] [net.minecraft.server.level.ServerLevel/]: Tried to add entity the_anomaly:anomaly_viewer but it was marked as removed already
[28Feb2025 09:13:03.367] [Server thread/WARN] [net.minecraft.server.level.ServerLevel/]: Tried to add entity the_anomaly:anomaly_viewer but it was marked as removed already
[28Feb2025 09:13:03.367] [Server thread/WARN] [net.minecraft.server.level.ServerLevel/]: Tried to add entity the_anomaly:anomaly_trap but it was marked as removed already
[28Feb2025 09:13:03.467] [Server thread/WARN] [net.minecraft.server.level.ServerLevel/]: Tried to add entity the_anomaly:anomaly_trap but it was marked as removed already
[28Feb2025 09:13:03.967] [Server thread/WARN] [net.minecraft.server.level.ServerLevel/]: Tried to add entity the_anomaly:anomaly_trap but it was marked as removed already
[28Feb2025 09:13:08.517] [Server thread/WARN] [net.minecraft.server.level.ServerLevel/]: Tried to add entity the_anomaly:anomaly_trap but it was marked as removed already
[28Feb2025 09:13:08.517] [Server thread/WARN] [net.minecraft.server.level.ServerLevel/]: Tried to add entity the_anomaly:anomaly_viewer but it was marked as removed already
[28Feb2025 09:13:08.818] [Server thread/WARN] [net.minecraft.server.level.ServerLevel/]: Tried to add entity the_anomaly:anomaly_trap but it was marked as removed already
[28Feb2025 09:13:10.767] [Server thread/WARN] [net.minecraft.server.level.ServerLevel/]: Tried to add entity the_anomaly:anomaly_viewer but it was marked as removed already
[28Feb2025 09:13:10.867] [Server thread/WARN] [net.minecraft.server.level.ServerLevel/]: Tried to add entity the_anomaly:anomaly_trap but it was marked as removed already
[28Feb2025 09:13:10.966] [Server thread/WARN] [net.minecraft.server.level.ServerLevel/]: Tried to add entity the_anomaly:anomaly_viewer but it was marked as removed already
[28Feb2025 09:13:11.019] [Server thread/WARN] [net.minecraft.server.level.ServerLevel/]: Tried to add entity the_anomaly:anomaly_escape but it was marked as removed already
[28Feb2025 09:13:11.317] [Server thread/WARN] [net.minecraft.server.level.ServerLevel/]: Tried to add entity the_anomaly:anomaly_trap but it was marked as removed already
[28Feb2025 09:13:14.619] [Server thread/WARN] [net.minecraft.server.level.ServerLevel/]: Tried to add entity the_anomaly:anomaly_viewer but it was marked as removed already
[28Feb2025 09:13:15.167] [Server thread/WARN] [net.minecraft.server.level.ServerLevel/]: Tried to add entity the_anomaly:anomaly_viewer but it was marked as removed already
[28Feb2025 09:13:15.619] [Server thread/WARN] [net.minecraft.server.level.ServerLevel/]: Tried to add entity the_anomaly:anomaly_trap but it was marked as removed already
[28Feb2025 09:13:16.620] [Server thread/WARN] [net.minecraft.server.level.ServerLevel/]: Tried to add entity the_anomaly:anomaly_escape but it was marked as removed already
[28Feb2025 09:13:18.968] [Server thread/WARN] [net.minecraft.server.level.ServerLevel/]: Tried to add entity the_anomaly:anomaly_viewer but it was marked as removed already
[28Feb2025 09:13:18.968] [Server thread/WARN] [net.minecraft.server.level.ServerLevel/]: Tried to add entity the_anomaly:anomaly_trap but it was marked as removed already
[28Feb2025 09:13:19.267] [Server thread/WARN] [net.minecraft.server.level.ServerLevel/]: Tried to add entity the_anomaly:anomaly_trap but it was marked as removed already
[28Feb2025 09:13:19.317] [Server thread/WARN] [net.minecraft.server.level.ServerLevel/]: Tried to add entity the_anomaly:anomaly_escape but it was marked as removed already
[28Feb2025 09:13:20.466] [Server thread/WARN] [net.minecraft.server.level.ServerLevel/]: Tried to add entity the_anomaly:anomaly_trap but it was marked as removed already
[28Feb2025 09:13:20.619] [Server thread/WARN] [net.minecraft.server.level.ServerLevel/]: Tried to add entity the_anomaly:anomaly_trap but it was marked as removed already
[28Feb2025 09:13:20.667] [Server thread/WARN] [net.minecraft.server.level.ServerLevel/]: Tried to add entity the_anomaly:anomaly_escape but it was marked as removed already
[28Feb2025 09:13:20.717] [Server thread/WARN] [net.minecraft.server.level.ServerLevel/]: Tried to add entity the_anomaly:anomaly_viewer but it was marked as removed already
[28Feb2025 09:13:20.919] [Server thread/WARN] [net.minecraft.server.level.ServerLevel/]: Tried to add entity the_anomaly:anomaly_trap but it was marked as removed already
[28Feb2025 09:13:21.020] [Server thread/WARN] [net.minecraft.server.level.ServerLevel/]: Tried to add entity the_anomaly:anomaly_viewer but it was marked as removed already
[28Feb2025 09:13:21.067] [Server thread/WARN] [net.minecraft.server.level.ServerLevel/]: Tried to add entity the_anomaly:anomaly_viewer but it was marked as removed already
[28Feb2025 09:13:21.318] [Server thread/WARN] [net.minecraft.server.level.ServerLevel/]: Tried to add entity the_anomaly:anomaly_escape but it was marked as removed already
[28Feb2025 09:13:21.366] [Server thread/WARN] [net.minecraft.server.level.ServerLevel/]: Tried to add entity the_anomaly:anomaly_viewer but it was marked as removed already
[28Feb2025 09:13:21.567] [Server thread/WARN] [net.minecraft.server.level.ServerLevel/]: Tried to add entity the_anomaly:anomaly_escape but it was marked as removed already
[28Feb2025 09:13:21.621] [Server thread/WARN] [net.minecraft.server.level.ServerLevel/]: Tried to add entity the_anomaly:anomaly_visitor_2 but it was marked as removed already
[28Feb2025 09:13:21.621] [Server thread/WARN] [net.minecraft.server.level.ServerLevel/]: Tried to add entity the_anomaly:anomaly_viewer but it was marked as removed already
[28Feb2025 09:13:21.621] [Server thread/WARN] [net.minecraft.server.level.ServerLevel/]: Tried to add entity the_anomaly:anomaly_escape but it was marked as removed already
[28Feb2025 09:13:21.667] [Server thread/WARN] [net.minecraft.server.level.ServerLevel/]: Tried to add entity the_anomaly:anomaly_viewer but it was marked as removed already
[28Feb2025 09:13:21.866] [Server thread/WARN] [net.minecraft.server.level.ServerLevel/]: Tried to add entity the_anomaly:anomaly_trap but it was marked as removed already
[28Feb2025 09:13:21.867] [Server thread/WARN] [net.minecraft.server.level.ServerLevel/]: Tried to add entity the_anomaly:anomaly_viewer but it was marked as removed already
[28Feb2025 09:13:21.967] [Server thread/WARN] [net.minecraft.server.level.ServerLevel/]: Tried to add entity the_anomaly:anomaly_trap but it was marked as removed already
[28Feb2025 09:13:23.020] [Server thread/WARN] [net.minecraft.server.level.ServerLevel/]: Tried to add entity the_anomaly:anomaly_visitor but it was marked as removed already
[28Feb2025 09:13:23.067] [Server thread/WARN] [net.minecraft.server.level.ServerLevel/]: Tried to add entity the_anomaly:anomaly_escape but it was marked as removed already
[28Feb2025 09:13:23.067] [Server thread/WARN] [net.minecraft.server.level.ServerLevel/]: Tried to add entity the_anomaly:anomaly_escape but it was marked as removed already
[28Feb2025 09:13:23.118] [Server thread/WARN] [net.minecraft.server.level.ServerLevel/]: Tried to add entity the_anomaly:anomaly_viewer but it was marked as removed already
[28Feb2025 09:13:23.467] [Server thread/WARN] [net.minecraft.server.level.ServerLevel/]: Tried to add entity the_anomaly:anomaly_escape but it was marked as removed already
[28Feb2025 09:13:23.467] [Server thread/WARN] [net.minecraft.server.level.ServerLevel/]: Tried to add entity the_anomaly:anomaly_escape but it was marked as removed already
[28Feb2025 09:13:23.621] [Server thread/WARN] [net.minecraft.server.level.ServerLevel/]: Tried to add entity the_anomaly:anomaly_trap but it was marked as removed already
[28Feb2025 09:13:23.866] [Server thread/WARN] [net.minecraft.server.level.ServerLevel/]: Tried to add entity the_anomaly:anomaly_escape but it was marked as removed already
[28Feb2025 09:13:23.867] [Server thread/WARN] [net.minecraft.server.level.ServerLevel/]: Tried to add entity the_anomaly:anomaly_trap but it was marked as removed already
[28Feb2025 09:13:23.967] [Server thread/WARN] [net.minecraft.server.level.ServerLevel/]: Tried to add entity the_anomaly:anomaly_trap but it was marked as removed already
[28Feb2025 09:13:24.118] [Server thread/WARN] [net.minecraft.server.level.ServerLevel/]: Tried to add entity the_anomaly:anomaly_escape but it was marked as removed already
[28Feb2025 09:13:24.220] [Server thread/WARN] [net.minecraft.server.level.ServerLevel/]: Tried to add entity the_anomaly:anomaly_viewer but it was marked as removed already
[28Feb2025 09:13:24.220] [Server thread/WARN] [net.minecraft.server.level.ServerLevel/]: Tried to add entity the_anomaly:anomaly_viewer but it was marked as removed already
[28Feb2025 09:13:24.767] [Server thread/WARN] [net.minecraft.server.level.ServerLevel/]: Tried to add entity the_anomaly:anomaly_trap but it was marked as removed already
[28Feb2025 09:13:24.917] [Server thread/WARN] [net.minecraft.server.level.ServerLevel/]: Tried to add entity the_anomaly:anomaly_viewer but it was marked as removed already
[28Feb2025 09:13:26.021] [Server thread/WARN] [net.minecraft.server.level.ServerLevel/]: Tried to add entity the_anomaly:anomaly_escape but it was marked as removed already
[28Feb2025 09:13:26.219] [Server thread/WARN] [net.minecraft.server.level.ServerLevel/]: Tried to add entity the_anomaly:anomaly_escape but it was marked as removed already
[28Feb2025 09:13:26.667] [Server thread/WARN] [net.minecraft.server.level.ServerLevel/]: Tried to add entity the_anomaly:anomaly_escape but it was marked as removed already
[28Feb2025 09:13:26.767] [Server thread/WARN] [net.minecraft.server.level.ServerLevel/]: Tried to add entity the_anomaly:anomaly_trap but it was marked as removed already
[28Feb2025 09:13:27.167] [Server thread/WARN] [net.minecraft.server.level.ServerLevel/]: Tried to add entity the_anomaly:anomaly_viewer but it was marked as removed already
[28Feb2025 09:13:27.220] [Server thread/WARN] [net.minecraft.server.level.ServerLevel/]: Tried to add entity the_anomaly:anomaly_trap but it was marked as removed already
[28Feb2025 09:13:27.717] [Server thread/WARN] [net.minecraft.server.level.ServerLevel/]: Tried to add entity the_anomaly:anomaly_escape but it was marked as removed already
[28Feb2025 09:13:27.718] [Server thread/WARN] [net.minecraft.server.level.ServerLevel/]: Tried to add entity the_anomaly:anomaly_trap but it was marked as removed already
[28Feb2025 09:13:27.718] [Server thread/WARN] [net.minecraft.server.level.ServerLevel/]: Tried to add entity the_anomaly:anomaly_viewer but it was marked as removed already
[28Feb2025 09:13:27.821] [Server thread/WARN] [net.minecraft.server.level.ServerLevel/]: Tried to add entity the_anomaly:anomaly_trap but it was marked as removed already
[28Feb2025 09:13:27.821] [Server thread/WARN] [net.minecraft.server.level.ServerLevel/]: Tried to add entity the_anomaly:anomaly_viewer but it was marked as removed already
[28Feb2025 09:13:27.867] [Server thread/WARN] [net.minecraft.server.level.ServerLevel/]: Tried to add entity the_anomaly:anomaly_trap but it was marked as removed already
[28Feb2025 09:13:27.917] [Server thread/WARN] [net.minecraft.server.level.ServerLevel/]: Tried to add entity the_anomaly:anomaly_trap but it was marked as removed already
[28Feb2025 09:13:28.068] [Server thread/WARN] [net.minecraft.server.level.ServerLevel/]: Tried to add entity the_anomaly:anomaly_escape but it was marked as removed already
[28Feb2025 09:13:28.167] [Server thread/WARN] [net.minecraft.server.level.ServerLevel/]: Tried to add entity the_anomaly:anomaly_escape but it was marked as removed already
[28Feb2025 09:13:28.367] [Server thread/WARN] [net.minecraft.server.level.ServerLevel/]: Tried to add entity the_anomaly:anomaly_viewer but it was marked as removed already
[28Feb2025 09:13:28.467] [Server thread/WARN] [net.minecraft.server.level.ServerLevel/]: Tried to add entity the_anomaly:anomaly_viewer but it was marked as removed already
[28Feb2025 09:13:28.467] [Server thread/WARN] [net.minecraft.server.level.ServerLevel/]: Tried to add entity the_anomaly:anomaly_viewer but it was marked as removed already
[28Feb2025 09:13:28.568] [Server thread/WARN] [net.minecraft.server.level.ServerLevel/]: Tried to add entity the_anomaly:anomaly_viewer but it was marked as removed already
[28Feb2025 09:13:28.667] [Server thread/WARN] [net.minecraft.server.level.ServerLevel/]: Tried to add entity the_anomaly:anomaly_trap but it was marked as removed already
[28Feb2025 09:13:28.718] [Server thread/WARN] [net.minecraft.server.level.ServerLevel/]: Tried to add entity the_anomaly:anomaly_trap but it was marked as removed already
[28Feb2025 09:13:29.020] [Server thread/WARN] [net.minecraft.server.level.ServerLevel/]: Tried to add entity the_anomaly:anomaly_viewer but it was marked as removed already
[28Feb2025 09:13:29.067] [Server thread/WARN] [net.minecraft.server.level.ServerLevel/]: Tried to add entity the_anomaly:anomaly_viewer but it was marked as removed already
[28Feb2025 09:13:29.167] [Server thread/WARN] [net.minecraft.server.level.ServerLevel/]: Tried to add entity the_anomaly:anomaly_viewer but it was marked as removed already
[28Feb2025 09:13:29.568] [Server thread/WARN] [net.minecraft.server.level.ServerLevel/]: Tried to add entity the_anomaly:anomaly_trap but it was marked as removed already
[28Feb2025 09:13:29.918] [Server thread/WARN] [net.minecraft.server.level.ServerLevel/]: Tried to add entity the_anomaly:anomaly_trap but it was marked as removed already
[28Feb2025 09:13:29.968] [Server thread/WARN] [net.minecraft.server.level.ServerLevel/]: Tried to add entity the_anomaly:anomaly_trap but it was marked as removed already
[28Feb2025 09:13:30.219] [Server thread/WARN] [net.minecraft.server.level.ServerLevel/]: Tried to add entity the_anomaly:anomaly_viewer but it was marked as removed already
[28Feb2025 09:13:30.220] [Server thread/WARN] [net.minecraft.server.level.ServerLevel/]: Tried to add entity the_anomaly:anomaly_viewer but it was marked as removed already
[28Feb2025 09:13:30.317] [Server thread/WARN] [net.minecraft.server.level.ServerLevel/]: Tried to add entity the_anomaly:anomaly_trap but it was marked as removed already
[28Feb2025 09:13:30.319] [Server thread/WARN] [net.minecraft.server.level.ServerLevel/]: Tried to add entity the_anomaly:anomaly_trap but it was marked as removed already
[28Feb2025 09:13:30.319] [Server thread/WARN] [net.minecraft.server.level.ServerLevel/]: Tried to add entity the_anomaly:anomaly_viewer but it was marked as removed already
[28Feb2025 09:13:30.419] [Server thread/WARN] [net.minecraft.server.level.ServerLevel/]: Tried to add entity the_anomaly:anomaly_trap but it was marked as removed already
[28Feb2025 09:13:30.819] [Server thread/WARN] [net.minecraft.server.level.ServerLevel/]: Tried to add entity the_anomaly:anomaly_trap but it was marked as removed already
[28Feb2025 09:13:30.918] [Server thread/WARN] [net.minecraft.server.level.ServerLevel/]: Tried to add entity the_anomaly:anomaly_escape but it was marked as removed already
[28Feb2025 09:13:31.118] [Server thread/WARN] [net.minecraft.server.level.ServerLevel/]: Tried to add entity the_anomaly:anomaly_trap but it was marked as removed already
[28Feb2025 09:13:33.536] [Server thread/INFO] [net.minecraftforge.common.AdvancementLoadFix/]: Using new advancement loading for net.minecraft.server.PlayerAdvancements@2054144c
[28Feb2025 09:13:33.542] [Server thread/INFO] [net.minecraft.server.players.PlayerList/]: gamerku[/127.163.95.26:48741] logged in with entity id 26885 at (-53.07754019849068, 70.0, -119.68238345475035)
[28Feb2025 09:13:33.549] [Server thread/INFO] [net.minecraft.server.MinecraftServer/]: gamerku joined the game
[28Feb2025 09:13:37.167] [Server thread/WARN] [net.minecraft.server.level.ServerLevel/]: Tried to add entity the_anomaly:anomaly_trap but it was marked as removed already
[28Feb2025 09:13:37.220] [Server thread/WARN] [net.minecraft.server.level.ServerLevel/]: Tried to add entity the_anomaly:anomaly_viewer but it was marked as removed already
[28Feb2025 09:13:37.318] [Server thread/WARN] [net.minecraft.server.level.ServerLevel/]: Tried to add entity the_anomaly:anomaly_viewer but it was marked as removed already
[28Feb2025 09:13:37.519] [Server thread/WARN] [net.minecraft.server.level.ServerLevel/]: Tried to add entity the_anomaly:anomaly_trap but it was marked as removed already
[28Feb2025 09:13:38.020] [Server thread/WARN] [net.minecraft.server.level.ServerLevel/]: Tried to add entity the_anomaly:anomaly_viewer but it was marked as removed already
[28Feb2025 09:13:38.118] [Server thread/WARN] [net.minecraft.server.level.ServerLevel/]: Tried to add entity the_anomaly:anomaly_viewer but it was marked as removed already
[28Feb2025 09:13:38.166] [Server thread/WARN] [net.minecraft.server.level.ServerLevel/]: Tried to add entity the_anomaly:anomaly_viewer but it was marked as removed already
[28Feb2025 09:13:40.086] [Server thread/INFO] [net.minecraft.server.MinecraftServer/]: [YAMAPROSIH: Teleported YAMAPROSIH to Achbar]
[28Feb2025 09:13:51.918] [Server thread/INFO] [net.minecraft.server.MinecraftServer/]: [YAMAPROSIH: Gave 6400 [TNT] to YAMAPROSIH]
[28Feb2025 09:14:03.631] [Server thread/INFO] [net.minecraft.server.network.ServerGamePacketListenerImpl/]: gamerku lost connection: Timed out
[28Feb2025 09:14:03.631] [Server thread/INFO] [net.minecraft.server.MinecraftServer/]: gamerku left the game
[28Feb2025 09:14:03.918] [Server thread/WARN] [net.minecraft.server.level.ServerLevel/]: Tried to add entity the_anomaly:anomaly_visitor but it was marked as removed already
[28Feb2025 09:14:04.620] [Server thread/WARN] [net.minecraft.server.level.ServerLevel/]: Tried to add entity the_anomaly:anomaly_trap but it was marked as removed already
[28Feb2025 09:14:04.622] [Server thread/WARN] [net.minecraft.server.level.ServerLevel/]: Tried to add entity the_anomaly:anomaly_viewer but it was marked as removed already
[28Feb2025 09:14:04.718] [Server thread/WARN] [net.minecraft.server.level.ServerLevel/]: Tried to add entity the_anomaly:anomaly_trap but it was marked as removed already
[28Feb2025 09:14:07.619] [Server thread/WARN] [net.minecraft.server.level.ServerLevel/]: Tried to add entity the_anomaly:anomaly_trap but it was marked as removed already
[28Feb2025 09:14:10.267] [Server thread/WARN] [net.minecraft.server.level.ServerLevel/]: Tried to add entity the_anomaly:anomaly_viewer but it was marked as removed already
[28Feb2025 09:14:10.517] [Server thread/WARN] [net.minecraft.server.level.ServerLevel/]: Tried to add entity the_anomaly:anomaly_trap but it was marked as removed already
[28Feb2025 09:14:11.166] [Server thread/WARN] [net.minecraft.server.level.ServerLevel/]: Tried to add entity the_anomaly:anomaly_trap but it was marked as removed already
[28Feb2025 09:14:11.317] [Server thread/WARN] [net.minecraft.server.level.ServerLevel/]: Tried to add entity the_anomaly:anomaly_trap but it was marked as removed already
[28Feb2025 09:14:11.318] [Server thread/WARN] [net.minecraft.server.level.ServerLevel/]: Tried to add entity the_anomaly:anomaly_trap but it was marked as removed already
[28Feb2025 09:14:11.467] [Server thread/WARN] [net.minecraft.server.level.ServerLevel/]: Tried to add entity the_anomaly:anomaly_escape but it was marked as removed already
[28Feb2025 09:14:11.566] [Server thread/WARN] [net.minecraft.server.level.ServerLevel/]: Tried to add entity the_anomaly:anomaly_escape but it was marked as removed already
[28Feb2025 09:14:11.819] [Server thread/WARN] [net.minecraft.server.level.ServerLevel/]: Tried to add entity the_anomaly:anomaly_trap but it was marked as removed already
[28Feb2025 09:14:11.866] [Server thread/WARN] [net.minecraft.server.level.ServerLevel/]: Tried to add entity the_anomaly:anomaly_escape but it was marked as removed already
[28Feb2025 09:14:12.620] [Server thread/WARN] [net.minecraft.server.level.ServerLevel/]: Tried to add entity the_anomaly:anomaly_viewer but it was marked as removed already
[28Feb2025 09:14:12.620] [Server thread/WARN] [net.minecraft.server.level.ServerLevel/]: Tried to add entity the_anomaly:anomaly_trap but it was marked as removed already
[28Feb2025 09:14:12.767] [Server thread/WARN] [net.minecraft.server.level.ServerLevel/]: Tried to add entity the_anomaly:anomaly_escape but it was marked as removed already
[28Feb2025 09:14:13.067] [Server thread/WARN] [net.minecraft.server.level.ServerLevel/]: Tried to add entity the_anomaly:anomaly_escape but it was marked as removed already
[28Feb2025 09:14:13.219] [Server thread/WARN] [net.minecraft.server.level.ServerLevel/]: Tried to add entity the_anomaly:anomaly_escape but it was marked as removed already
[28Feb2025 09:14:13.220] [Server thread/WARN] [net.minecraft.server.level.ServerLevel/]: Tried to add entity the_anomaly:anomaly_trap but it was marked as removed already
[28Feb2025 09:14:13.467] [Server thread/WARN] [net.minecraft.server.level.ServerLevel/]: Tried to add entity the_anomaly:anomaly_trap but it was marked as removed already
[28Feb2025 09:14:13.667] [Server thread/WARN] [net.minecraft.server.level.ServerLevel/]: Tried to add entity the_anomaly:anomaly_escape but it was marked as removed already
[28Feb2025 09:14:13.767] [Server thread/WARN] [net.minecraft.server.level.ServerLevel/]: Tried to add entity the_anomaly:anomaly_trap but it was marked as removed already
[28Feb2025 09:14:13.767] [Server thread/WARN] [net.minecraft.server.level.ServerLevel/]: Tried to add entity the_anomaly:anomaly_escape but it was marked as removed already
[28Feb2025 09:14:13.767] [Server thread/WARN] [net.minecraft.server.level.ServerLevel/]: Tried to add entity the_anomaly:anomaly_viewer but it was marked as removed already
[28Feb2025 09:14:13.819] [Server thread/WARN] [net.minecraft.server.level.ServerLevel/]: Tried to add entity the_anomaly:anomaly_viewer but it was marked as removed already
[28Feb2025 09:14:13.966] [Server thread/WARN] [net.minecraft.server.level.ServerLevel/]: Tried to add entity the_anomaly:anomaly_viewer but it was marked as removed already
[28Feb2025 09:14:14.220] [Server thread/WARN] [net.minecraft.server.level.ServerLevel/]: Tried to add entity the_anomaly:anomaly_trap but it was marked as removed already
[28Feb2025 09:14:14.221] [Server thread/WARN] [net.minecraft.server.level.ServerLevel/]: Tried to add entity the_anomaly:anomaly_escape but it was marked as removed already
[28Feb2025 09:14:14.267] [Server thread/WARN] [net.minecraft.server.level.ServerLevel/]: Tried to add entity the_anomaly:anomaly_escape but it was marked as removed already
[28Feb2025 09:14:14.518] [Server thread/WARN] [net.minecraft.server.level.ServerLevel/]: Tried to add entity the_anomaly:anomaly_viewer but it was marked as removed already
[28Feb2025 09:14:14.867] [Server thread/WARN] [net.minecraft.server.level.ServerLevel/]: Tried to add entity the_anomaly:anomaly_viewer but it was marked as removed already
[28Feb2025 09:14:14.867] [Server thread/WARN] [net.minecraft.server.level.ServerLevel/]: Tried to add entity the_anomaly:anomaly_trap but it was marked as removed already
[28Feb2025 09:14:15.219] [Server thread/WARN] [net.minecraft.server.level.ServerLevel/]: Tried to add entity the_anomaly:anomaly_viewer but it was marked as removed already
[28Feb2025 09:14:15.220] [Server thread/WARN] [net.minecraft.server.level.ServerLevel/]: Tried to add entity the_anomaly:anomaly_escape but it was marked as removed already
[28Feb2025 09:14:15.267] [Server thread/WARN] [net.minecraft.server.level.ServerLevel/]: Tried to add entity the_anomaly:anomaly_escape but it was marked as removed already
[28Feb2025 09:14:15.767] [Server thread/WARN] [net.minecraft.server.level.ServerLevel/]: Tried to add entity the_anomaly:anomaly_escape but it was marked as removed already
[28Feb2025 09:14:16.066] [Server thread/WARN] [net.minecraft.server.level.ServerLevel/]: Tried to add entity the_anomaly:anomaly_trap but it was marked as removed already
[28Feb2025 09:14:16.118] [Server thread/WARN] [net.minecraft.server.level.ServerLevel/]: Tried to add entity the_anomaly:anomaly_trap but it was marked as removed already
[28Feb2025 09:14:16.167] [Server thread/WARN] [net.minecraft.server.level.ServerLevel/]: Tried to add entity the_anomaly:anomaly_escape but it was marked as removed already
[28Feb2025 09:14:16.467] [Server thread/WARN] [net.minecraft.server.level.ServerLevel/]: Tried to add entity the_anomaly:anomaly_viewer but it was marked as removed already
[28Feb2025 09:14:16.620] [Server thread/WARN] [net.minecraft.server.level.ServerLevel/]: Tried to add entity the_anomaly:anomaly_trap but it was marked as removed already
[28Feb2025 09:14:16.766] [Server thread/WARN] [net.minecraft.server.level.ServerLevel/]: Tried to add entity the_anomaly:anomaly_escape but it was marked as removed already
[28Feb2025 09:14:17.166] [Server thread/WARN] [net.minecraft.server.level.ServerLevel/]: Tried to add entity the_anomaly:anomaly_escape but it was marked as removed already
[28Feb2025 09:14:17.667] [Server thread/WARN] [net.minecraft.server.level.ServerLevel/]: Tried to add entity the_anomaly:anomaly_viewer but it was marked as removed already
[28Feb2025 09:14:18.420] [Server thread/WARN] [net.minecraft.server.level.ServerLevel/]: Tried to add entity the_anomaly:anomaly_escape but it was marked as removed already
[28Feb2025 09:14:18.467] [Server thread/WARN] [net.minecraft.server.level.ServerLevel/]: Tried to add entity the_anomaly:anomaly_viewer but it was marked as removed already
[28Feb2025 09:14:18.567] [Server thread/WARN] [net.minecraft.server.level.ServerLevel/]: Tried to add entity the_anomaly:anomaly_trap but it was marked as removed already
[28Feb2025 09:14:18.819] [Server thread/WARN] [net.minecraft.server.level.ServerLevel/]: Tried to add entity the_anomaly:anomaly_escape but it was marked as removed already
[28Feb2025 09:14:20.567] [Server thread/WARN] [net.minecraft.server.level.ServerLevel/]: Tried to add entity the_anomaly:anomaly_escape but it was marked as removed already
[28Feb2025 09:14:21.167] [Server thread/WARN] [net.minecraft.server.level.ServerLevel/]: Tried to add entity the_anomaly:anomaly_escape but it was marked as removed already
[28Feb2025 09:14:22.766] [Server thread/WARN] [net.minecraft.server.level.ServerLevel/]: Tried to add entity the_anomaly:anomaly_trap but it was marked as removed already
[28Feb2025 09:14:22.966] [Server thread/WARN] [net.minecraft.server.level.ServerLevel/]: Tried to add entity the_anomaly:anomaly_trap but it was marked as removed already
[28Feb2025 09:14:23.166] [Server thread/WARN] [net.minecraft.server.level.ServerLevel/]: Tried to add entity the_anomaly:anomaly_trap but it was marked as removed already
[28Feb2025 09:14:26.167] [Server thread/WARN] [net.minecraft.server.level.ServerLevel/]: Tried to add entity the_anomaly:anomaly_trap but it was marked as removed already
[28Feb2025 09:14:27.367] [Server thread/WARN] [net.minecraft.server.level.ServerLevel/]: Tried to add entity the_anomaly:anomaly_viewer but it was marked as removed already
[28Feb2025 09:14:27.733] [Server thread/INFO] [net.minecraftforge.common.AdvancementLoadFix/]: Using new advancement loading for net.minecraft.server.PlayerAdvancements@419b75a9
[28Feb2025 09:14:27.737] [Server thread/INFO] [net.minecraft.server.players.PlayerList/]: gamerku[/127.163.95.26:55467] logged in with entity id 28080 at (-58.84361672870673, 70.0, -120.42557642015724)
[28Feb2025 09:14:27.745] [Server thread/INFO] [net.minecraft.server.MinecraftServer/]: gamerku joined the game
[28Feb2025 09:14:27.821] [Server thread/WARN] [net.minecraft.server.level.ServerLevel/]: Tried to add entity the_anomaly:anomaly_viewer but it was marked as removed already
[28Feb2025 09:14:27.821] [Server thread/WARN] [net.minecraft.server.level.ServerLevel/]: Tried to add entity the_anomaly:anomaly_escape but it was marked as removed already
[28Feb2025 09:14:27.822] [Server thread/WARN] [net.minecraft.server.level.ServerLevel/]: Tried to add entity the_anomaly:anomaly_trap but it was marked as removed already
[28Feb2025 09:14:28.066] [Server thread/WARN] [net.minecraft.server.level.ServerLevel/]: Tried to add entity the_anomaly:anomaly_trap but it was marked as removed already
[28Feb2025 09:14:28.167] [Server thread/WARN] [net.minecraft.server.level.ServerLevel/]: Tried to add entity the_anomaly:anomaly_trap but it was marked as removed already
[28Feb2025 09:14:38.768] [Server thread/WARN] [net.minecraft.server.level.ServerLevel/]: Tried to add entity the_anomaly:anomaly_viewer but it was marked as removed already
[28Feb2025 09:14:38.918] [Server thread/WARN] [net.minecraft.server.level.ServerLevel/]: Tried to add entity the_anomaly:anomaly_viewer but it was marked as removed already
[28Feb2025 09:14:39.318] [Server thread/WARN] [net.minecraft.server.level.ServerLevel/]: Tried to add entity the_anomaly:anomaly_escape but it was marked as removed already
[28Feb2025 09:14:39.419] [Server thread/WARN] [net.minecraft.server.level.ServerLevel/]: Tried to add entity the_anomaly:anomaly_viewer but it was marked as removed already
[28Feb2025 09:14:39.468] [Server thread/WARN] [net.minecraft.server.level.ServerLevel/]: Tried to add entity the_anomaly:anomaly_trap but it was marked as removed already
[28Feb2025 09:14:39.621] [Server thread/WARN] [net.minecraft.server.level.ServerLevel/]: Tried to add entity the_anomaly:anomaly_viewer but it was marked as removed already
[28Feb2025 09:14:41.518] [Server thread/WARN] [net.minecraft.server.level.ServerLevel/]: Tried to add entity the_anomaly:anomaly_escape but it was marked as removed already
[28Feb2025 09:14:41.667] [Server thread/WARN] [net.minecraft.server.level.ServerLevel/]: Tried to add entity the_anomaly:anomaly_viewer but it was marked as removed already
[28Feb2025 09:14:41.717] [Server thread/WARN] [net.minecraft.server.level.ServerLevel/]: Tried to add entity the_anomaly:anomaly_viewer but it was marked as removed already
[28Feb2025 09:14:41.768] [Server thread/WARN] [net.minecraft.server.level.ServerLevel/]: Tried to add entity the_anomaly:anomaly_viewer but it was marked as removed already
[28Feb2025 09:14:48.782] [Server thread/INFO] [net.minecraft.server.network.ServerGamePacketListenerImpl/]: gamerku lost connection: Disconnected
[28Feb2025 09:14:48.783] [Server thread/INFO] [net.minecraft.server.MinecraftServer/]: gamerku left the game
[28Feb2025 09:14:51.220] [Server thread/WARN] [net.minecraft.server.level.ServerLevel/]: Tried to add entity the_anomaly:anomaly_viewer but it was marked as removed already
[28Feb2025 09:14:52.419] [Server thread/WARN] [net.minecraft.server.level.ServerLevel/]: Tried to add entity the_anomaly:anomaly_trap but it was marked as removed already
[28Feb2025 09:14:52.517] [Server thread/WARN] [net.minecraft.server.level.ServerLevel/]: Tried to add entity the_anomaly:anomaly_trap but it was marked as removed already
[28Feb2025 09:14:52.620] [Server thread/WARN] [net.minecraft.server.level.ServerLevel/]: Tried to add entity the_anomaly:anomaly_viewer but it was marked as removed already
[28Feb2025 09:14:54.867] [Server thread/WARN] [net.minecraft.server.level.ServerLevel/]: Tried to add entity the_anomaly:anomaly_viewer but it was marked as removed already
[28Feb2025 09:14:54.968] [Server thread/WARN] [net.minecraft.server.level.ServerLevel/]: Tried to add entity the_anomaly:anomaly_visitor_2 but it was marked as removed already
[28Feb2025 09:14:57.567] [Server thread/WARN] [net.minecraft.server.level.ServerLevel/]: Tried to add entity the_anomaly:anomaly_escape but it was marked as removed already
[28Feb2025 09:14:57.718] [Server thread/WARN] [net.minecraft.server.level.ServerLevel/]: Tried to add entity the_anomaly:anomaly_viewer but it was marked as removed already
[28Feb2025 09:14:57.867] [Server thread/WARN] [net.minecraft.server.level.ServerLevel/]: Tried to add entity the_anomaly:anomaly_viewer but it was marked as removed already
[28Feb2025 09:14:57.867] [Server thread/WARN] [net.minecraft.server.level.ServerLevel/]: Tried to add entity the_anomaly:anomaly_viewer but it was marked as removed already
[28Feb2025 09:14:57.917] [Server thread/WARN] [net.minecraft.server.level.ServerLevel/]: Tried to add entity the_anomaly:anomaly_trap but it was marked as removed already
[28Feb2025 09:14:58.019] [Server thread/WARN] [net.minecraft.server.level.ServerLevel/]: Tried to add entity the_anomaly:anomaly_escape but it was marked as removed already
[28Feb2025 09:14:58.166] [Server thread/WARN] [net.minecraft.server.level.ServerLevel/]: Tried to add entity the_anomaly:anomaly_viewer but it was marked as removed already
[28Feb2025 09:14:58.666] [Server thread/WARN] [net.minecraft.server.level.ServerLevel/]: Tried to add entity the_anomaly:anomaly_viewer but it was marked as removed already
[28Feb2025 09:14:58.820] [Server thread/WARN] [net.minecraft.server.level.ServerLevel/]: Tried to add entity the_anomaly:anomaly_trap but it was marked as removed already
[28Feb2025 09:14:58.820] [Server thread/WARN] [net.minecraft.server.level.ServerLevel/]: Tried to add entity the_anomaly:anomaly_escape but it was marked as removed already
[28Feb2025 09:14:58.967] [Server thread/WARN] [net.minecraft.server.level.ServerLevel/]: Tried to add entity the_anomaly:anomaly_visitor_2 but it was marked as removed already
[28Feb2025 09:14:59.068] [Server thread/WARN] [net.minecraft.server.level.ServerLevel/]: Tried to add entity the_anomaly:anomaly_trap but it was marked as removed already
[28Feb2025 09:14:59.267] [Server thread/WARN] [net.minecraft.server.level.ServerLevel/]: Tried to add entity the_anomaly:anomaly_trap but it was marked as removed already
[28Feb2025 09:14:59.717] [Server thread/WARN] [net.minecraft.server.level.ServerLevel/]: Tried to add entity the_anomaly:anomaly_trap but it was marked as removed already
[28Feb2025 09:14:59.768] [Server thread/WARN] [net.minecraft.server.level.ServerLevel/]: Tried to add entity the_anomaly:anomaly_visitor_2 but it was marked as removed already
[28Feb2025 09:14:59.768] [Server thread/WARN] [net.minecraft.server.level.ServerLevel/]: Tried to add entity the_anomaly:anomaly_trap but it was marked as removed already
[28Feb2025 09:15:00.067] [Server thread/WARN] [net.minecraft.server.level.ServerLevel/]: Tried to add entity the_anomaly:anomaly_trap but it was marked as removed already
[28Feb2025 09:15:00.218] [Server thread/WARN] [net.minecraft.server.level.ServerLevel/]: Tried to add entity the_anomaly:anomaly_escape but it was marked as removed already
[28Feb2025 09:15:00.219] [Server thread/WARN] [net.minecraft.server.level.ServerLevel/]: Tried to add entity the_anomaly:anomaly_escape but it was marked as removed already
[28Feb2025 09:15:00.219] [Server thread/WARN] [net.minecraft.server.level.ServerLevel/]: Tried to add entity the_anomaly:anomaly_viewer but it was marked as removed already
[28Feb2025 09:15:00.467] [Server thread/WARN] [net.minecraft.server.level.ServerLevel/]: Tried to add entity the_anomaly:anomaly_trap but it was marked as removed already
[28Feb2025 09:15:00.688] [Server thread/INFO] [net.minecraft.server.MinecraftServer/]: [Not Secure] [Server] telek
[28Feb2025 09:15:00.819] [Server thread/WARN] [net.minecraft.server.level.ServerLevel/]: Tried to add entity the_anomaly:anomaly_escape but it was marked as removed already
[28Feb2025 09:15:00.867] [Server thread/WARN] [net.minecraft.server.level.ServerLevel/]: Tried to add entity the_anomaly:anomaly_trap but it was marked as removed already
[28Feb2025 09:15:01.067] [Server thread/WARN] [net.minecraft.server.level.ServerLevel/]: Tried to add entity the_anomaly:anomaly_viewer but it was marked as removed already
[28Feb2025 09:15:01.468] [Server thread/WARN] [net.minecraft.server.level.ServerLevel/]: Tried to add entity the_anomaly:anomaly_viewer but it was marked as removed already
[28Feb2025 09:15:02.067] [Server thread/WARN] [net.minecraft.server.level.ServerLevel/]: Tried to add entity the_anomaly:anomaly_trap but it was marked as removed already
[28Feb2025 09:15:02.268] [Server thread/WARN] [net.minecraft.server.level.ServerLevel/]: Tried to add entity the_anomaly:anomaly_trap but it was marked as removed already
[28Feb2025 09:15:02.317] [Server thread/WARN] [net.minecraft.server.level.ServerLevel/]: Tried to add entity the_anomaly:anomaly_trap but it was marked as removed already
[28Feb2025 09:15:02.918] [Server thread/WARN] [net.minecraft.server.level.ServerLevel/]: Tried to add entity the_anomaly:anomaly_viewer but it was marked as removed already
[28Feb2025 09:15:02.918] [Server thread/WARN] [net.minecraft.server.level.ServerLevel/]: Tried to add entity the_anomaly:anomaly_trap but it was marked as removed already
[28Feb2025 09:15:03.018] [Server thread/WARN] [net.minecraft.server.level.ServerLevel/]: Tried to add entity the_anomaly:anomaly_trap but it was marked as removed already
[28Feb2025 09:15:03.267] [Server thread/WARN] [net.minecraft.server.level.ServerLevel/]: Tried to add entity the_anomaly:anomaly_trap but it was marked as removed already
[28Feb2025 09:15:03.268] [Server thread/WARN] [net.minecraft.server.level.ServerLevel/]: Tried to add entity the_anomaly:anomaly_viewer but it was marked as removed already
[28Feb2025 09:15:03.418] [Server thread/WARN] [net.minecraft.server.level.ServerLevel/]: Tried to add entity the_anomaly:anomaly_trap but it was marked as removed already
[28Feb2025 09:15:03.718] [Server thread/WARN] [net.minecraft.server.level.ServerLevel/]: Tried to add entity the_anomaly:anomaly_viewer but it was marked as removed already
[28Feb2025 09:15:09.567] [Server thread/WARN] [net.minecraft.server.level.ServerLevel/]: Tried to add entity the_anomaly:anomaly_viewer but it was marked as removed already
[28Feb2025 09:15:09.567] [Server thread/WARN] [net.minecraft.server.level.ServerLevel/]: Tried to add entity the_anomaly:anomaly_viewer but it was marked as removed already
[28Feb2025 09:15:12.166] [Server thread/WARN] [net.minecraft.server.level.ServerLevel/]: Tried to add entity the_anomaly:anomaly_viewer but it was marked as removed already
[28Feb2025 09:15:22.677] [Server thread/INFO] [net.minecraftforge.common.AdvancementLoadFix/]: Using new advancement loading for net.minecraft.server.PlayerAdvancements@7e15821f
[28Feb2025 09:15:22.681] [Server thread/INFO] [net.minecraft.server.players.PlayerList/]: gamerku[/127.163.95.26:58221] logged in with entity id 29454 at (-58.84361672870673, 70.0, -120.42557642015724)
[28Feb2025 09:15:22.689] [Server thread/INFO] [net.minecraft.server.MinecraftServer/]: gamerku joined the game
[28Feb2025 09:15:23.468] [Server thread/WARN] [net.minecraft.server.level.ServerLevel/]: Tried to add entity the_anomaly:anomaly_trap but it was marked as removed already
[28Feb2025 09:15:23.568] [Server thread/WARN] [net.minecraft.server.level.ServerLevel/]: Tried to add entity the_anomaly:anomaly_viewer but it was marked as removed already
[28Feb2025 09:15:27.918] [Server thread/WARN] [net.minecraft.server.level.ServerLevel/]: Tried to add entity the_anomaly:anomaly_trap but it was marked as removed already
[28Feb2025 09:15:28.018] [Server thread/WARN] [net.minecraft.server.level.ServerLevel/]: Tried to add entity the_anomaly:anomaly_trap but it was marked as removed already
[28Feb2025 09:15:28.168] [Server thread/WARN] [net.minecraft.server.level.ServerLevel/]: Tried to add entity the_anomaly:anomaly_viewer but it was marked as removed already
[28Feb2025 09:15:29.367] [Server thread/WARN] [net.minecraft.server.level.ServerLevel/]: Tried to add entity the_anomaly:anomaly_viewer but it was marked as removed already
[28Feb2025 09:15:30.067] [Server thread/WARN] [net.minecraft.server.level.ServerLevel/]: Tried to add entity the_anomaly:anomaly_trap but it was marked as removed already
[28Feb2025 09:15:30.619] [Server thread/WARN] [net.minecraft.server.level.ServerLevel/]: Tried to add entity the_anomaly:anomaly_viewer but it was marked as removed already
[28Feb2025 09:15:31.318] [Server thread/WARN] [net.minecraft.server.level.ServerLevel/]: Tried to add entity the_anomaly:anomaly_viewer but it was marked as removed already
[28Feb2025 09:15:31.620] [Server thread/WARN] [net.minecraft.server.level.ServerLevel/]: Tried to add entity the_anomaly:anomaly_trap but it was marked as removed already
[28Feb2025 09:15:31.819] [Server thread/WARN] [net.minecraft.server.level.ServerLevel/]: Tried to add entity the_anomaly:anomaly_trap but it was marked as removed already
[28Feb2025 09:15:32.167] [Server thread/WARN] [net.minecraft.server.level.ServerLevel/]: Tried to add entity the_anomaly:anomaly_trap but it was marked as removed already
[28Feb2025 09:15:32.266] [Server thread/WARN] [net.minecraft.server.level.ServerLevel/]: Tried to add entity the_anomaly:anomaly_trap but it was marked as removed already
[28Feb2025 09:15:32.567] [Server thread/WARN] [net.minecraft.server.level.ServerLevel/]: Tried to add entity the_anomaly:anomaly_viewer but it was marked as removed already
[28Feb2025 09:15:32.667] [Server thread/WARN] [net.minecraft.server.level.ServerLevel/]: Tried to add entity the_anomaly:anomaly_viewer but it was marked as removed already
[28Feb2025 09:15:32.766] [Server thread/WARN] [net.minecraft.server.level.ServerLevel/]: Tried to add entity the_anomaly:anomaly_viewer but it was marked as removed already
[28Feb2025 09:15:33.019] [Server thread/WARN] [net.minecraft.server.level.ServerLevel/]: Tried to add entity the_anomaly:anomaly_trap but it was marked as removed already
[28Feb2025 09:15:36.218] [Server thread/WARN] [net.minecraft.server.level.ServerLevel/]: Tried to add entity the_anomaly:anomaly_trap but it was marked as removed already
[28Feb2025 09:15:37.267] [Server thread/WARN] [net.minecraft.server.level.ServerLevel/]: Tried to add entity the_anomaly:anomaly_trap but it was marked as removed already
[28Feb2025 09:15:37.366] [Server thread/WARN] [net.minecraft.server.level.ServerLevel/]: Tried to add entity the_anomaly:anomaly_viewer but it was marked as removed already
[28Feb2025 09:15:37.517] [Server thread/WARN] [net.minecraft.server.level.ServerLevel/]: Tried to add entity the_anomaly:anomaly_viewer but it was marked as removed already
[28Feb2025 09:15:38.619] [Server thread/WARN] [net.minecraft.server.level.ServerLevel/]: Tried to add entity the_anomaly:anomaly_trap but it was marked as removed already
[28Feb2025 09:15:38.819] [Server thread/WARN] [net.minecraft.server.level.ServerLevel/]: Tried to add entity the_anomaly:anomaly_escape but it was marked as removed already
[28Feb2025 09:15:42.018] [Server thread/WARN] [net.minecraft.server.level.ServerLevel/]: Tried to add entity the_anomaly:anomaly_viewer but it was marked as removed already
[28Feb2025 09:15:42.117] [Server thread/WARN] [net.minecraft.server.level.ServerLevel/]: Tried to add entity the_anomaly:anomaly_viewer but it was marked as removed already
[28Feb2025 09:15:42.218] [Server thread/WARN] [net.minecraft.server.level.ServerLevel/]: Tried to add entity the_anomaly:anomaly_trap but it was marked as removed already
[28Feb2025 09:15:42.266] [Server thread/WARN] [net.minecraft.server.level.ServerLevel/]: Tried to add entity the_anomaly:anomaly_trap but it was marked as removed already
[28Feb2025 09:15:42.717] [Server thread/WARN] [net.minecraft.server.level.ServerLevel/]: Tried to add entity the_anomaly:anomaly_trap but it was marked as removed already
[28Feb2025 09:15:42.818] [Server thread/WARN] [net.minecraft.server.level.ServerLevel/]: Tried to add entity the_anomaly:anomaly_trap but it was marked as removed already
[28Feb2025 09:15:42.867] [Server thread/WARN] [net.minecraft.server.level.ServerLevel/]: Tried to add entity the_anomaly:anomaly_viewer but it was marked as removed already
[28Feb2025 09:15:43.018] [Server thread/WARN] [net.minecraft.server.level.ServerLevel/]: Tried to add entity the_anomaly:anomaly_trap but it was marked as removed already
[28Feb2025 09:15:43.218] [Server thread/WARN] [net.minecraft.server.level.ServerLevel/]: Tried to add entity the_anomaly:anomaly_trap but it was marked as removed already
[28Feb2025 09:15:43.466] [Server thread/WARN] [net.minecraft.server.level.ServerLevel/]: Tried to add entity the_anomaly:anomaly_viewer but it was marked as removed already
[28Feb2025 09:15:44.418] [Server thread/WARN] [net.minecraft.server.level.ServerLevel/]: Tried to add entity the_anomaly:anomaly_trap but it was marked as removed already
[28Feb2025 09:15:45.518] [Server thread/WARN] [net.minecraft.server.level.ServerLevel/]: Tried to add entity the_anomaly:anomaly_viewer but it was marked as removed already
[28Feb2025 09:15:45.522] [Server thread/WARN] [net.minecraft.server.level.ServerLevel/]: Tried to add entity the_anomaly:anomaly_viewer but it was marked as removed already
[28Feb2025 09:15:45.866] [Server thread/WARN] [net.minecraft.server.level.ServerLevel/]: Tried to add entity the_anomaly:anomaly_trap but it was marked as removed already
[28Feb2025 09:15:45.918] [Server thread/WARN] [net.minecraft.server.level.ServerLevel/]: Tried to add entity the_anomaly:anomaly_viewer but it was marked as removed already
[28Feb2025 09:15:46.066] [Server thread/WARN] [net.minecraft.server.level.ServerLevel/]: Tried to add entity the_anomaly:anomaly_viewer but it was marked as removed already
[28Feb2025 09:15:46.146] [Server thread/INFO] [net.minecraft.server.MinecraftServer/]: YAMAPROSIH fell out of the world
[28Feb2025 09:15:46.147] [Server thread/INFO] [net.minecraft.server.MinecraftServer/]: Achbar fell out of the world
[28Feb2025 09:15:46.162] [Server thread/INFO] [net.minecraft.server.MinecraftServer/]: gamerku fell out of the world
[28Feb2025 09:15:46.165] [Server thread/INFO] [net.minecraft.server.MinecraftServer/]: [gamerku: Killed 544 entities]
[28Feb2025 09:15:46.219] [Server thread/WARN] [net.minecraft.server.level.ServerLevel/]: Tried to add entity the_anomaly:anomaly_trap but it was marked as removed already
[28Feb2025 09:15:46.466] [Server thread/WARN] [net.minecraft.server.level.ServerLevel/]: Tried to add entity the_anomaly:anomaly_viewer but it was marked as removed already
[28Feb2025 09:15:46.717] [Server thread/WARN] [net.minecraft.server.level.ServerLevel/]: Tried to add entity the_anomaly:anomaly_viewer but it was marked as removed already
[28Feb2025 09:15:46.818] [Server thread/WARN] [net.minecraft.server.level.ServerLevel/]: Tried to add entity the_anomaly:anomaly_viewer but it was marked as removed already
[28Feb2025 09:15:47.769] [Server thread/WARN] [net.minecraft.server.level.ServerLevel/]: Tried to add entity the_anomaly:anomaly_visitor but it was marked as removed already
[28Feb2025 09:15:47.918] [Server thread/WARN] [net.minecraft.server.level.ServerLevel/]: Tried to add entity the_anomaly:anomaly_viewer but it was marked as removed already
[28Feb2025 09:15:48.018] [Server thread/WARN] [net.minecraft.server.level.ServerLevel/]: Tried to add entity the_anomaly:anomaly_trap but it was marked as removed already
[28Feb2025 09:15:48.219] [Server thread/WARN] [net.minecraft.server.level.ServerLevel/]: Tried to add entity the_anomaly:anomaly_viewer but it was marked as removed already
[28Feb2025 09:15:48.267] [Server thread/WARN] [net.minecraft.server.level.ServerLevel/]: Tried to add entity the_anomaly:anomaly_viewer but it was marked as removed already
[28Feb2025 09:15:48.268] [Server thread/WARN] [net.minecraft.server.level.ServerLevel/]: Tried to add entity the_anomaly:anomaly_trap but it was marked as removed already
[28Feb2025 09:15:48.618] [Server thread/WARN] [net.minecraft.server.level.ServerLevel/]: Tried to add entity the_anomaly:anomaly_trap but it was marked as removed already
[28Feb2025 09:15:49.223] [Server thread/WARN] [net.minecraft.server.level.ServerLevel/]: Tried to add entity the_anomaly:anomaly_trap but it was marked as removed already
[28Feb2025 09:15:49.568] [Server thread/WARN] [net.minecraft.server.level.ServerLevel/]: Tried to add entity the_anomaly:anomaly_viewer but it was marked as removed already
[28Feb2025 09:15:49.768] [Server thread/WARN] [net.minecraft.server.level.ServerLevel/]: Tried to add entity the_anomaly:anomaly_trap but it was marked as removed already
[28Feb2025 09:15:49.817] [Server thread/WARN] [net.minecraft.server.level.ServerLevel/]: Tried to add entity the_anomaly:anomaly_viewer but it was marked as removed already
[28Feb2025 09:15:49.867] [Server thread/WARN] [net.minecraft.server.level.ServerLevel/]: Tried to add entity the_anomaly:anomaly_visitor_2 but it was marked as removed already
[28Feb2025 09:15:50.019] [Server thread/WARN] [net.minecraft.server.level.ServerLevel/]: Tried to add entity the_anomaly:anomaly_escape but it was marked as removed already
[28Feb2025 09:15:50.567] [Server thread/WARN] [net.minecraft.server.level.ServerLevel/]: Tried to add entity the_anomaly:anomaly_viewer but it was marked as removed already
[28Feb2025 09:15:50.818] [Server thread/WARN] [net.minecraft.server.level.ServerLevel/]: Tried to add entity the_anomaly:anomaly_viewer but it was marked as removed already
[28Feb2025 09:15:50.867] [Server thread/WARN] [net.minecraft.server.level.ServerLevel/]: Tried to add entity the_anomaly:anomaly_trap but it was marked as removed already
[28Feb2025 09:15:51.018] [Server thread/WARN] [net.minecraft.server.level.ServerLevel/]: Tried to add entity the_anomaly:anomaly_trap but it was marked as removed already
[28Feb2025 09:15:51.066] [Server thread/WARN] [net.minecraft.server.level.ServerLevel/]: Tried to add entity the_anomaly:anomaly_viewer but it was marked as removed already
[28Feb2025 09:15:51.067] [Server thread/WARN] [net.minecraft.server.level.ServerLevel/]: Tried to add entity the_anomaly:anomaly_trap but it was marked as removed already
[28Feb2025 09:15:51.919] [Server thread/WARN] [net.minecraft.server.level.ServerLevel/]: Tried to add entity the_anomaly:anomaly_visitor_2 but it was marked as removed already
[28Feb2025 09:15:52.068] [Server thread/WARN] [net.minecraft.server.level.ServerLevel/]: Tried to add entity the_anomaly:anomaly_trap but it was marked as removed already
[28Feb2025 09:15:52.619] [Server thread/WARN] [net.minecraft.server.level.ServerLevel/]: Tried to add entity the_anomaly:anomaly_visitor_2 but it was marked as removed already
[28Feb2025 09:15:52.619] [Server thread/WARN] [net.minecraft.server.level.ServerLevel/]: Tried to add entity the_anomaly:anomaly_trap but it was marked as removed already
[28Feb2025 09:15:52.667] [Server thread/WARN] [net.minecraft.server.level.ServerLevel/]: Tried to add entity the_anomaly:anomaly_viewer but it was marked as removed already
[28Feb2025 09:15:52.717] [Server thread/WARN] [net.minecraft.server.level.ServerLevel/]: Tried to add entity the_anomaly:anomaly_trap but it was marked as removed already
[28Feb2025 09:15:52.918] [Server thread/WARN] [net.minecraft.server.level.ServerLevel/]: Tried to add entity the_anomaly:anomaly_trap but it was marked as removed already
[28Feb2025 09:15:53.019] [Server thread/WARN] [net.minecraft.server.level.ServerLevel/]: Tried to add entity the_anomaly:anomaly_trap but it was marked as removed already
[28Feb2025 09:15:53.168] [Server thread/WARN] [net.minecraft.server.level.ServerLevel/]: Tried to add entity the_anomaly:anomaly_trap but it was marked as removed already
[28Feb2025 09:15:53.168] [Server thread/WARN] [net.minecraft.server.level.ServerLevel/]: Tried to add entity the_anomaly:anomaly_viewer but it was marked as removed already
[28Feb2025 09:15:53.367] [Server thread/WARN] [net.minecraft.server.level.ServerLevel/]: Tried to add entity the_anomaly:anomaly_trap but it was marked as removed already
[28Feb2025 09:15:53.818] [Server thread/WARN] [net.minecraft.server.level.ServerLevel/]: Tried to add entity the_anomaly:anomaly_viewer but it was marked as removed already
[28Feb2025 09:15:53.917] [Server thread/WARN] [net.minecraft.server.level.ServerLevel/]: Tried to add entity the_anomaly:anomaly_viewer but it was marked as removed already
[28Feb2025 09:15:53.967] [Server thread/WARN] [net.minecraft.server.level.ServerLevel/]: Tried to add entity the_anomaly:anomaly_trap but it was marked as removed already
[28Feb2025 09:15:54.317] [Server thread/WARN] [net.minecraft.server.level.ServerLevel/]: Tried to add entity the_anomaly:anomaly_viewer but it was marked as removed already
[28Feb2025 09:15:55.117] [Server thread/WARN] [net.minecraft.server.level.ServerLevel/]: Tried to add entity the_anomaly:anomaly_trap but it was marked as removed already
[28Feb2025 09:15:55.218] [Server thread/WARN] [net.minecraft.server.level.ServerLevel/]: Tried to add entity the_anomaly:anomaly_escape but it was marked as removed already
[28Feb2025 09:15:55.618] [Server thread/WARN] [net.minecraft.server.level.ServerLevel/]: Tried to add entity the_anomaly:anomaly_viewer but it was marked as removed already
[28Feb2025 09:15:56.218] [Server thread/WARN] [net.minecraft.server.level.ServerLevel/]: Tried to add entity the_anomaly:anomaly_trap but it was marked as removed already
[28Feb2025 09:15:56.418] [Server thread/WARN] [net.minecraft.server.level.ServerLevel/]: Tried to add entity the_anomaly:anomaly_viewer but it was marked as removed already
[28Feb2025 09:15:56.566] [Server thread/WARN] [net.minecraft.server.level.ServerLevel/]: Tried to add entity the_anomaly:anomaly_viewer but it was marked as removed already
[28Feb2025 09:15:56.618] [Server thread/WARN] [net.minecraft.server.level.ServerLevel/]: Tried to add entity the_anomaly:anomaly_trap but it was marked as removed already
[28Feb2025 09:15:56.619] [Server thread/WARN] [net.minecraft.server.level.ServerLevel/]: Tried to add entity the_anomaly:anomaly_viewer but it was marked as removed already
[28Feb2025 09:15:56.818] [Server thread/WARN] [net.minecraft.server.level.ServerLevel/]: Tried to add entity the_anomaly:anomaly_viewer but it was marked as removed already
[28Feb2025 09:15:56.917] [Server thread/WARN] [net.minecraft.server.level.ServerLevel/]: Tried to add entity the_anomaly:anomaly_trap but it was marked as removed already
[28Feb2025 09:15:57.219] [Server thread/WARN] [net.minecraft.server.level.ServerLevel/]: Tried to add entity the_anomaly:anomaly_trap but it was marked as removed already
[28Feb2025 09:15:57.267] [Server thread/WARN] [net.minecraft.server.level.ServerLevel/]: Tried to add entity the_anomaly:anomaly_viewer but it was marked as removed already
[28Feb2025 09:15:57.267] [Server thread/WARN] [net.minecraft.server.level.ServerLevel/]: Tried to add entity the_anomaly:anomaly_trap but it was marked as removed already
[28Feb2025 09:15:57.268] [Server thread/WARN] [net.minecraft.server.level.ServerLevel/]: Tried to add entity the_anomaly:anomaly_viewer but it was marked as removed already
[28Feb2025 09:15:57.418] [Server thread/WARN] [net.minecraft.server.level.ServerLevel/]: Tried to add entity the_anomaly:anomaly_viewer but it was marked as removed already
[28Feb2025 09:15:57.917] [Server thread/WARN] [net.minecraft.server.level.ServerLevel/]: Tried to add entity the_anomaly:anomaly_viewer but it was marked as removed already
[28Feb2025 09:15:57.967] [Server thread/WARN] [net.minecraft.server.level.ServerLevel/]: Tried to add entity the_anomaly:anomaly_viewer but it was marked as removed already
[28Feb2025 09:15:58.018] [Server thread/WARN] [net.minecraft.server.level.ServerLevel/]: Tried to add entity the_anomaly:anomaly_viewer but it was marked as removed already
[28Feb2025 09:15:58.620] [Server thread/WARN] [net.minecraft.server.level.ServerLevel/]: Tried to add entity the_anomaly:anomaly_viewer but it was marked as removed already
[28Feb2025 09:15:58.967] [Server thread/WARN] [net.minecraft.server.level.ServerLevel/]: Tried to add entity the_anomaly:anomaly_trap but it was marked as removed already
[28Feb2025 09:15:59.167] [Server thread/WARN] [net.minecraft.server.level.ServerLevel/]: Tried to add entity the_anomaly:anomaly_trap but it was marked as removed already
[28Feb2025 09:15:59.167] [Server thread/WARN] [net.minecraft.server.level.ServerLevel/]: Tried to add entity the_anomaly:anomaly_viewer but it was marked as removed already
[28Feb2025 09:15:59.618] [Server thread/WARN] [net.minecraft.server.level.ServerLevel/]: Tried to add entity the_anomaly:anomaly_trap but it was marked as removed already
[28Feb2025 09:15:59.717] [Server thread/WARN] [net.minecraft.server.level.ServerLevel/]: Tried to add entity the_anomaly:anomaly_trap but it was marked as removed already
[28Feb2025 09:15:59.767] [Server thread/WARN] [net.minecraft.server.level.ServerLevel/]: Tried to add entity the_anomaly:anomaly_escape but it was marked as removed already
[28Feb2025 09:15:59.967] [Server thread/WARN] [net.minecraft.server.level.ServerLevel/]: Tried to add entity the_anomaly:anomaly_trap but it was marked as removed already
[28Feb2025 09:16:00.168] [Server thread/WARN] [net.minecraft.server.level.ServerLevel/]: Tried to add entity the_anomaly:anomaly_viewer but it was marked as removed already
[28Feb2025 09:16:00.168] [Server thread/WARN] [net.minecraft.server.level.ServerLevel/]: Tried to add entity the_anomaly:anomaly_escape but it was marked as removed already
[28Feb2025 09:16:00.267] [Server thread/WARN] [net.minecraft.server.level.ServerLevel/]: Tried to add entity the_anomaly:anomaly_viewer but it was marked as removed already
[28Feb2025 09:16:00.317] [Server thread/WARN] [net.minecraft.server.level.ServerLevel/]: Tried to add entity the_anomaly:anomaly_viewer but it was marked as removed already
[28Feb2025 09:16:00.418] [Server thread/WARN] [net.minecraft.server.level.ServerLevel/]: Tried to add entity the_anomaly:anomaly_viewer but it was marked as removed already
[28Feb2025 09:16:00.716] [Server thread/WARN] [net.minecraft.server.level.ServerLevel/]: Tried to add entity the_anomaly:anomaly_trap but it was marked as removed already
[28Feb2025 09:16:00.716] [Server thread/WARN] [net.minecraft.server.level.ServerLevel/]: Tried to add entity the_anomaly:anomaly_viewer but it was marked as removed already
[28Feb2025 09:16:00.766] [Server thread/WARN] [net.minecraft.server.level.ServerLevel/]: Tried to add entity the_anomaly:anomaly_viewer but it was marked as removed already
[28Feb2025 09:16:00.767] [Server thread/WARN] [net.minecraft.server.level.ServerLevel/]: Tried to add entity the_anomaly:anomaly_trap but it was marked as removed already
[28Feb2025 09:16:00.818] [Server thread/WARN] [net.minecraft.server.level.ServerLevel/]: Tried to add entity the_anomaly:anomaly_trap but it was marked as removed already
[28Feb2025 09:16:02.418] [Server thread/WARN] [net.minecraft.server.level.ServerLevel/]: Tried to add entity the_anomaly:anomaly_trap but it was marked as removed already
[28Feb2025 09:16:02.517] [Server thread/WARN] [net.minecraft.server.level.ServerLevel/]: Tried to add entity the_anomaly:anomaly_viewer but it was marked as removed already
[28Feb2025 09:16:18.418] [Server thread/WARN] [net.minecraft.server.level.ServerLevel/]: Tried to add entity the_anomaly:anomaly_viewer but it was marked as removed already
[28Feb2025 09:16:25.718] [Server thread/WARN] [net.minecraft.server.level.ServerLevel/]: Tried to add entity the_anomaly:anomaly_escape but it was marked as removed already
[28Feb2025 09:16:25.819] [Server thread/WARN] [net.minecraft.server.level.ServerLevel/]: Tried to add entity the_anomaly:anomaly_trap but it was marked as removed already
[28Feb2025 09:16:25.967] [Server thread/WARN] [net.minecraft.server.level.ServerLevel/]: Tried to add entity the_anomaly:anomaly_trap but it was marked as removed already
[28Feb2025 09:16:27.666] [Server thread/WARN] [net.minecraft.server.level.ServerLevel/]: Tried to add entity the_anomaly:anomaly_viewer but it was marked as removed already
[28Feb2025 09:16:28.367] [Server thread/WARN] [net.minecraft.server.level.ServerLevel/]: Tried to add entity the_anomaly:anomaly_viewer but it was marked as removed already
[28Feb2025 09:16:28.567] [Server thread/WARN] [net.minecraft.server.level.ServerLevel/]: Tried to add entity the_anomaly:anomaly_trap but it was marked as removed already
[28Feb2025 09:16:28.619] [Server thread/WARN] [net.minecraft.server.level.ServerLevel/]: Tried to add entity the_anomaly:anomaly_trap but it was marked as removed already
[28Feb2025 09:16:28.667] [Server thread/WARN] [net.minecraft.server.level.ServerLevel/]: Tried to add entity the_anomaly:anomaly_viewer but it was marked as removed already
[28Feb2025 09:16:28.717] [Server thread/WARN] [net.minecraft.server.level.ServerLevel/]: Tried to add entity the_anomaly:anomaly_viewer but it was marked as removed already
[28Feb2025 09:16:29.018] [Server thread/WARN] [net.minecraft.server.level.ServerLevel/]: Tried to add entity the_anomaly:anomaly_trap but it was marked as removed already
[28Feb2025 09:16:29.067] [Server thread/WARN] [net.minecraft.server.level.ServerLevel/]: Tried to add entity the_anomaly:anomaly_escape but it was marked as removed already
[28Feb2025 09:16:29.317] [Server thread/WARN] [net.minecraft.server.level.ServerLevel/]: Tried to add entity the_anomaly:anomaly_viewer but it was marked as removed already
[28Feb2025 09:16:29.618] [Server thread/WARN] [net.minecraft.server.level.ServerLevel/]: Tried to add entity the_anomaly:anomaly_trap but it was marked as removed already
[28Feb2025 09:16:30.117] [Server thread/WARN] [net.minecraft.server.level.ServerLevel/]: Tried to add entity the_anomaly:anomaly_trap but it was marked as removed already
[28Feb2025 09:16:30.818] [Server thread/WARN] [net.minecraft.server.level.ServerLevel/]: Tried to add entity the_anomaly:anomaly_viewer but it was marked as removed already
[28Feb2025 09:16:30.968] [Server thread/WARN] [net.minecraft.server.level.ServerLevel/]: Tried to add entity the_anomaly:anomaly_trap but it was marked as removed already
[28Feb2025 09:16:31.019] [Server thread/WARN] [net.minecraft.server.level.ServerLevel/]: Tried to add entity the_anomaly:anomaly_trap but it was marked as removed already
[28Feb2025 09:16:32.517] [Server thread/WARN] [net.minecraft.server.level.ServerLevel/]: Tried to add entity the_anomaly:anomaly_trap but it was marked as removed already
[28Feb2025 09:16:32.566] [Server thread/WARN] [net.minecraft.server.level.ServerLevel/]: Tried to add entity the_anomaly:anomaly_viewer but it was marked as removed already
[28Feb2025 09:16:32.666] [Server thread/WARN] [net.minecraft.server.level.ServerLevel/]: Tried to add entity the_anomaly:anomaly_viewer but it was marked as removed already
[28Feb2025 09:16:32.966] [Server thread/WARN] [net.minecraft.server.level.ServerLevel/]: Tried to add entity the_anomaly:anomaly_viewer but it was marked as removed already
[28Feb2025 09:16:32.968] [Server thread/WARN] [net.minecraft.server.level.ServerLevel/]: Tried to add entity the_anomaly:anomaly_trap but it was marked as removed already
[28Feb2025 09:16:33.467] [Server thread/WARN] [net.minecraft.server.level.ServerLevel/]: Tried to add entity the_anomaly:anomaly_viewer but it was marked as removed already
[28Feb2025 09:16:33.468] [Server thread/WARN] [net.minecraft.server.level.ServerLevel/]: Tried to add entity the_anomaly:anomaly_visitor_2 but it was marked as removed already
[28Feb2025 09:16:34.467] [Server thread/WARN] [net.minecraft.server.level.ServerLevel/]: Tried to add entity the_anomaly:anomaly_trap but it was marked as removed already
[28Feb2025 09:16:35.117] [Server thread/WARN] [net.minecraft.server.level.ServerLevel/]: Tried to add entity the_anomaly:anomaly_trap but it was marked as removed already
[28Feb2025 09:16:35.166] [Server thread/WARN] [net.minecraft.server.level.ServerLevel/]: Tried to add entity the_anomaly:anomaly_viewer but it was marked as removed already
[28Feb2025 09:16:35.218] [Server thread/WARN] [net.minecraft.server.level.ServerLevel/]: Tried to add entity the_anomaly:anomaly_viewer but it was marked as removed already
[28Feb2025 09:16:35.418] [Server thread/WARN] [net.minecraft.server.level.ServerLevel/]: Tried to add entity the_anomaly:anomaly_viewer but it was marked as removed already
[28Feb2025 09:16:35.568] [Server thread/WARN] [net.minecraft.server.level.ServerLevel/]: Tried to add entity the_anomaly:anomaly_trap but it was marked as removed already
[28Feb2025 09:16:50.717] [Server thread/WARN] [net.minecraft.server.level.ServerLevel/]: Tried to add entity the_anomaly:anomaly_trap but it was marked as removed already
[28Feb2025 09:16:51.174] [Server thread/INFO] [net.minecraft.server.MinecraftServer/]: gamerku has made the advancement [Monster Hunter]
[28Feb2025 09:16:58.267] [Server thread/WARN] [net.minecraft.server.level.ServerLevel/]: Tried to add entity the_anomaly:anomaly_viewer but it was marked as removed already
[28Feb2025 09:16:59.817] [Server thread/WARN] [net.minecraft.server.level.ServerLevel/]: Tried to add entity the_anomaly:anomaly_viewer but it was marked as removed already
[28Feb2025 09:16:59.918] [Server thread/WARN] [net.minecraft.server.level.ServerLevel/]: Tried to add entity the_anomaly:anomaly_trap but it was marked as removed already
[28Feb2025 09:17:00.517] [Server thread/WARN] [net.minecraft.server.level.ServerLevel/]: Tried to add entity the_anomaly:anomaly_trap but it was marked as removed already
[28Feb2025 09:17:00.566] [Server thread/WARN] [net.minecraft.server.level.ServerLevel/]: Tried to add entity the_anomaly:anomaly_trap but it was marked as removed already
[28Feb2025 09:17:00.618] [Server thread/WARN] [net.minecraft.server.level.ServerLevel/]: Tried to add entity the_anomaly:anomaly_viewer but it was marked as removed already
[28Feb2025 09:17:01.417] [Server thread/WARN] [net.minecraft.server.level.ServerLevel/]: Tried to add entity the_anomaly:anomaly_viewer but it was marked as removed already
[28Feb2025 09:17:01.517] [Server thread/WARN] [net.minecraft.server.level.ServerLevel/]: Tried to add entity the_anomaly:anomaly_trap but it was marked as removed already
[28Feb2025 09:17:01.617] [Server thread/WARN] [net.minecraft.server.level.ServerLevel/]: Tried to add entity the_anomaly:anomaly_viewer but it was marked as removed already
[28Feb2025 09:17:04.517] [Server thread/WARN] [net.minecraft.server.level.ServerLevel/]: Tried to add entity the_anomaly:anomaly_viewer but it was marked as removed already
[28Feb2025 09:17:07.816] [Server thread/WARN] [net.minecraft.server.level.ServerLevel/]: Tried to add entity the_anomaly:anomaly_viewer but it was marked as removed already
[28Feb2025 09:17:07.867] [Server thread/WARN] [net.minecraft.server.level.ServerLevel/]: Tried to add entity the_anomaly:anomaly_trap but it was marked as removed already
[28Feb2025 09:17:10.067] [Server thread/WARN] [net.minecraft.server.level.ServerLevel/]: Tried to add entity the_anomaly:anomaly_trap but it was marked as removed already
[28Feb2025 09:17:10.067] [Server thread/WARN] [net.minecraft.server.level.ServerLevel/]: Tried to add entity the_anomaly:anomaly_trap but it was marked as removed already
[28Feb2025 09:17:10.117] [Server thread/WARN] [net.minecraft.server.level.ServerLevel/]: Tried to add entity the_anomaly:anomaly_viewer but it was marked as removed already
[28Feb2025 09:17:10.917] [Server thread/WARN] [net.minecraft.server.level.ServerLevel/]: Tried to add entity the_anomaly:anomaly_viewer but it was marked as removed already
[28Feb2025 09:17:12.067] [Server thread/WARN] [net.minecraft.server.level.ServerLevel/]: Tried to add entity the_anomaly:anomaly_viewer but it was marked as removed already
[28Feb2025 09:17:12.267] [Server thread/WARN] [net.minecraft.server.level.ServerLevel/]: Tried to add entity the_anomaly:anomaly_escape but it was marked as removed already
[28Feb2025 09:17:12.667] [Server thread/WARN] [net.minecraft.server.level.ServerLevel/]: Tried to add entity the_anomaly:anomaly_trap but it was marked as removed already
[28Feb2025 09:17:12.867] [Server thread/WARN] [net.minecraft.server.level.ServerLevel/]: Tried to add entity the_anomaly:anomaly_trap but it was marked as removed already
[28Feb2025 09:17:13.017] [Server thread/WARN] [net.minecraft.server.level.ServerLevel/]: Tried to add entity the_anomaly:anomaly_viewer but it was marked as removed already
[28Feb2025 09:17:15.217] [Server thread/WARN] [net.minecraft.server.level.ServerLevel/]: Tried to add entity the_anomaly:anomaly_viewer but it was marked as removed already
[28Feb2025 09:17:15.416] [Server thread/WARN] [net.minecraft.server.level.ServerLevel/]: Tried to add entity the_anomaly:anomaly_viewer but it was marked as removed already
[28Feb2025 09:17:15.567] [Server thread/WARN] [net.minecraft.server.level.ServerLevel/]: Tried to add entity the_anomaly:anomaly_viewer but it was marked as removed already
[28Feb2025 09:17:15.617] [Server thread/WARN] [net.minecraft.server.level.ServerLevel/]: Tried to add entity the_anomaly:anomaly_trap but it was marked as removed already
[28Feb2025 09:17:15.966] [Server thread/WARN] [net.minecraft.server.level.ServerLevel/]: Tried to add entity the_anomaly:anomaly_viewer but it was marked as removed already
[28Feb2025 09:17:18.267] [Server thread/WARN] [net.minecraft.server.level.ServerLevel/]: Tried to add entity the_anomaly:anomaly_viewer but it was marked as removed already
[28Feb2025 09:17:19.316] [Server thread/WARN] [net.minecraft.server.level.ServerLevel/]: Tried to add entity the_anomaly:anomaly_viewer but it was marked as removed already
[28Feb2025 09:17:19.366] [Server thread/WARN] [net.minecraft.server.level.ServerLevel/]: Tried to add entity the_anomaly:anomaly_trap but it was marked as removed already
[28Feb2025 09:17:19.417] [Server thread/WARN] [net.minecraft.server.level.ServerLevel/]: Tried to add entity the_anomaly:anomaly_viewer but it was marked as removed already
[28Feb2025 09:17:20.167] [Server thread/WARN] [net.minecraft.server.level.ServerLevel/]: Tried to add entity the_anomaly:anomaly_viewer but it was marked as removed already
[28Feb2025 09:17:21.367] [Server thread/WARN] [net.minecraft.server.level.ServerLevel/]: Tried to add entity the_anomaly:anomaly_trap but it was marked as removed already
[28Feb2025 09:17:21.517] [Server thread/WARN] [net.minecraft.server.level.ServerLevel/]: Tried to add entity the_anomaly:anomaly_trap but it was marked as removed already
[28Feb2025 09:17:21.717] [Server thread/WARN] [net.minecraft.server.level.ServerLevel/]: Tried to add entity the_anomaly:anomaly_trap but it was marked as removed already
[28Feb2025 09:17:21.816] [Server thread/WARN] [net.minecraft.server.level.ServerLevel/]: Tried to add entity the_anomaly:anomaly_trap but it was marked as removed already
[28Feb2025 09:17:21.867] [Server thread/WARN] [net.minecraft.server.level.ServerLevel/]: Tried to add entity the_anomaly:anomaly_trap but it was marked as removed already
[28Feb2025 09:17:23.467] [Server thread/WARN] [net.minecraft.server.level.ServerLevel/]: Tried to add entity the_anomaly:anomaly_trap but it was marked as removed already
[28Feb2025 09:17:24.117] [Server thread/WARN] [net.minecraft.server.level.ServerLevel/]: Tried to add entity the_anomaly:anomaly_viewer but it was marked as removed already
[28Feb2025 09:17:24.217] [Server thread/WARN] [net.minecraft.server.level.ServerLevel/]: Tried to add entity the_anomaly:anomaly_trap but it was marked as removed already
[28Feb2025 09:17:24.417] [Server thread/WARN] [net.minecraft.server.level.ServerLevel/]: Tried to add entity the_anomaly:anomaly_viewer but it was marked as removed already
[28Feb2025 09:17:24.467] [Server thread/WARN] [net.minecraft.server.level.ServerLevel/]: Tried to add entity the_anomaly:anomaly_viewer but it was marked as removed already
[28Feb2025 09:17:29.667] [Server thread/WARN] [net.minecraft.server.level.ServerLevel/]: Tried to add entity the_anomaly:anomaly_trap but it was marked as removed already
[28Feb2025 09:17:31.516] [Server thread/WARN] [net.minecraft.server.level.ServerLevel/]: Tried to add entity the_anomaly:anomaly_viewer but it was marked as removed already
[28Feb2025 09:17:31.566] [Server thread/WARN] [net.minecraft.server.level.ServerLevel/]: Tried to add entity the_anomaly:anomaly_trap but it was marked as removed already
[28Feb2025 09:17:31.867] [Server thread/WARN] [net.minecraft.server.level.ServerLevel/]: Tried to add entity the_anomaly:anomaly_visitor but it was marked as removed already
[28Feb2025 09:17:32.017] [Server thread/WARN] [net.minecraft.server.level.ServerLevel/]: Tried to add entity the_anomaly:anomaly_trap but it was marked as removed already
[28Feb2025 09:17:34.317] [Server thread/WARN] [net.minecraft.server.level.ServerLevel/]: Tried to add entity the_anomaly:anomaly_escape but it was marked as removed already
[28Feb2025 09:17:34.367] [Server thread/WARN] [net.minecraft.server.level.ServerLevel/]: Tried to add entity the_anomaly:anomaly_viewer but it was marked as removed already
[28Feb2025 09:17:36.169] [Server thread/WARN] [net.minecraft.server.level.ServerLevel/]: Tried to add entity the_anomaly:anomaly_escape but it was marked as removed already
[28Feb2025 09:17:42.517] [Server thread/WARN] [net.minecraft.server.level.ServerLevel/]: Tried to add entity the_anomaly:anomaly_escape but it was marked as removed already
[28Feb2025 09:17:42.566] [Server thread/WARN] [net.minecraft.server.level.ServerLevel/]: Tried to add entity the_anomaly:anomaly_trap but it was marked as removed already
[28Feb2025 09:17:42.818] [Server thread/WARN] [net.minecraft.server.level.ServerLevel/]: Tried to add entity the_anomaly:anomaly_trap but it was marked as removed already
[28Feb2025 09:17:42.917] [Server thread/WARN] [net.minecraft.server.level.ServerLevel/]: Tried to add entity the_anomaly:anomaly_trap but it was marked as removed already
[28Feb2025 09:17:45.816] [Server thread/WARN] [net.minecraft.server.level.ServerLevel/]: Tried to add entity the_anomaly:anomaly_viewer but it was marked as removed already
[28Feb2025 09:17:45.917] [Server thread/WARN] [net.minecraft.server.level.ServerLevel/]: Tried to add entity the_anomaly:anomaly_escape but it was marked as removed already
[28Feb2025 09:17:47.717] [Server thread/WARN] [net.minecraft.server.level.ServerLevel/]: Tried to add entity the_anomaly:anomaly_trap but it was marked as removed already
[28Feb2025 09:17:47.767] [Server thread/WARN] [net.minecraft.server.level.ServerLevel/]: Tried to add entity the_anomaly:anomaly_trap but it was marked as removed already
[28Feb2025 09:17:47.817] [Server thread/WARN] [net.minecraft.server.level.ServerLevel/]: Tried to add entity the_anomaly:anomaly_trap but it was marked as removed already
[28Feb2025 09:17:47.867] [Server thread/WARN] [net.minecraft.server.level.ServerLevel/]: Tried to add entity the_anomaly:anomaly_escape but it was marked as removed already
[28Feb2025 09:17:47.917] [Server thread/WARN] [net.minecraft.server.level.ServerLevel/]: Tried to add entity the_anomaly:anomaly_visitor but it was marked as removed already
[28Feb2025 09:17:48.017] [Server thread/WARN] [net.minecraft.server.level.ServerLevel/]: Tried to add entity the_anomaly:anomaly_escape but it was marked as removed already
[28Feb2025 09:17:52.417] [Server thread/WARN] [net.minecraft.server.level.ServerLevel/]: Tried to add entity the_anomaly:anomaly_escape but it was marked as removed already
[28Feb2025 09:17:52.467] [Server thread/WARN] [net.minecraft.server.level.ServerLevel/]: Tried to add entity the_anomaly:anomaly_viewer but it was marked as removed already
[28Feb2025 09:17:52.516] [Server thread/WARN] [net.minecraft.server.level.ServerLevel/]: Tried to add entity the_anomaly:anomaly_trap but it was marked as removed already
[28Feb2025 09:17:52.666] [Server thread/WARN] [net.minecraft.server.level.ServerLevel/]: Tried to add entity the_anomaly:anomaly_viewer but it was marked as removed already
[28Feb2025 09:17:53.367] [Server thread/WARN] [net.minecraft.server.level.ServerLevel/]: Tried to add entity the_anomaly:anomaly_viewer but it was marked as removed already
[28Feb2025 09:17:54.017] [Server thread/WARN] [net.minecraft.server.level.ServerLevel/]: Tried to add entity the_anomaly:anomaly_escape but it was marked as removed already
[28Feb2025 09:17:54.217] [Server thread/WARN] [net.minecraft.server.level.ServerLevel/]: Tried to add entity the_anomaly:anomaly_trap but it was marked as removed already
[28Feb2025 09:17:54.917] [Server thread/WARN] [net.minecraft.server.level.ServerLevel/]: Tried to add entity the_anomaly:anomaly_trap but it was marked as removed already
[28Feb2025 09:17:54.917] [Server thread/WARN] [net.minecraft.server.level.ServerLevel/]: Tried to add entity the_anomaly:anomaly_trap but it was marked as removed already
[28Feb2025 09:17:54.966] [Server thread/WARN] [net.minecraft.server.level.ServerLevel/]: Tried to add entity the_anomaly:anomaly_trap but it was marked as removed already
[28Feb2025 09:17:58.916] [Server thread/WARN] [net.minecraft.server.level.ServerLevel/]: Tried to add entity the_anomaly:anomaly_trap but it was marked as removed already
[28Feb2025 09:17:59.016] [Server thread/WARN] [net.minecraft.server.level.ServerLevel/]: Tried to add entity the_anomaly:anomaly_escape but it was marked as removed already
[28Feb2025 09:17:59.067] [Server thread/WARN] [net.minecraft.server.level.ServerLevel/]: Tried to add entity the_anomaly:anomaly_viewer but it was marked as removed already
[28Feb2025 09:17:59.116] [Server thread/WARN] [net.minecraft.server.level.ServerLevel/]: Tried to add entity the_anomaly:anomaly_trap but it was marked as removed already
[28Feb2025 09:17:59.217] [Server thread/WARN] [net.minecraft.server.level.ServerLevel/]: Tried to add entity the_anomaly:anomaly_viewer but it was marked as removed already
[28Feb2025 09:17:59.317] [Server thread/WARN] [net.minecraft.server.level.ServerLevel/]: Tried to add entity the_anomaly:anomaly_viewer but it was marked as removed already
[28Feb2025 09:17:59.416] [Server thread/WARN] [net.minecraft.server.level.ServerLevel/]: Tried to add entity the_anomaly:anomaly_escape but it was marked as removed already
[28Feb2025 09:17:59.468] [Server thread/WARN] [net.minecraft.server.level.ServerLevel/]: Tried to add entity the_anomaly:anomaly_trap but it was marked as removed already
[28Feb2025 09:18:00.717] [Server thread/WARN] [net.minecraft.server.level.ServerLevel/]: Tried to add entity the_anomaly:anomaly_viewer but it was marked as removed already
[28Feb2025 09:18:00.817] [Server thread/WARN] [net.minecraft.server.level.ServerLevel/]: Tried to add entity the_anomaly:anomaly_trap but it was marked as removed already
[28Feb2025 09:18:00.967] [Server thread/WARN] [net.minecraft.server.level.ServerLevel/]: Tried to add entity the_anomaly:anomaly_viewer but it was marked as removed already
[28Feb2025 09:18:01.067] [Server thread/WARN] [net.minecraft.server.level.ServerLevel/]: Tried to add entity the_anomaly:anomaly_viewer but it was marked as removed already
[28Feb2025 09:18:05.617] [Server thread/WARN] [net.minecraft.server.level.ServerLevel/]: Tried to add entity the_anomaly:anomaly_escape but it was marked as removed already
[28Feb2025 09:18:05.667] [Server thread/WARN] [net.minecraft.server.level.ServerLevel/]: Tried to add entity the_anomaly:anomaly_escape but it was marked as removed already
[28Feb2025 09:18:05.817] [Server thread/WARN] [net.minecraft.server.level.ServerLevel/]: Tried to add entity the_anomaly:anomaly_viewer but it was marked as removed already
[28Feb2025 09:18:06.117] [Server thread/WARN] [net.minecraft.server.level.ServerLevel/]: Tried to add entity the_anomaly:anomaly_escape but it was marked as removed already
[28Feb2025 09:18:06.167] [Server thread/WARN] [net.minecraft.server.level.ServerLevel/]: Tried to add entity the_anomaly:anomaly_escape but it was marked as removed already
[28Feb2025 09:18:06.217] [Server thread/WARN] [net.minecraft.server.level.ServerLevel/]: Tried to add entity the_anomaly:anomaly_escape but it was marked as removed already
[28Feb2025 09:18:07.816] [Server thread/WARN] [net.minecraft.server.level.ServerLevel/]: Tried to add entity the_anomaly:anomaly_viewer but it was marked as removed already
[28Feb2025 09:18:08.067] [Server thread/WARN] [net.minecraft.server.level.ServerLevel/]: Tried to add entity the_anomaly:anomaly_trap but it was marked as removed already
[28Feb2025 09:18:08.067] [Server thread/WARN] [net.minecraft.server.level.ServerLevel/]: Tried to add entity the_anomaly:anomaly_viewer but it was marked as removed already
[28Feb2025 09:18:08.641] [Server thread/INFO] [net.minecraft.server.MinecraftServer/]: gamerku fell out of the world
[28Feb2025 09:18:08.641] [Server thread/INFO] [net.minecraft.server.MinecraftServer/]: [YAMAPROSIH: Killed gamerku]
[28Feb2025 09:18:12.267] [Server thread/WARN] [net.minecraft.server.level.ServerLevel/]: Tried to add entity the_anomaly:anomaly_escape but it was marked as removed already
[28Feb2025 09:18:14.417] [Server thread/WARN] [net.minecraft.server.level.ServerLevel/]: Tried to add entity the_anomaly:anomaly_viewer but it was marked as removed already
[28Feb2025 09:18:15.217] [Server thread/WARN] [net.minecraft.server.level.ServerLevel/]: Tried to add entity the_anomaly:anomaly_trap but it was marked as removed already
[28Feb2025 09:18:15.267] [Server thread/WARN] [net.minecraft.server.level.ServerLevel/]: Tried to add entity the_anomaly:anomaly_viewer but it was marked as removed already
[28Feb2025 09:18:15.367] [Server thread/WARN] [net.minecraft.server.level.ServerLevel/]: Tried to add entity the_anomaly:anomaly_escape but it was marked as removed already
[28Feb2025 09:18:15.617] [Server thread/WARN] [net.minecraft.server.level.ServerLevel/]: Tried to add entity the_anomaly:anomaly_viewer but it was marked as removed already
[28Feb2025 09:18:15.617] [Server thread/WARN] [net.minecraft.server.level.ServerLevel/]: Tried to add entity the_anomaly:anomaly_escape but it was marked as removed already
[28Feb2025 09:18:15.618] [Server thread/WARN] [net.minecraft.server.level.ServerLevel/]: Tried to add entity the_anomaly:anomaly_escape but it was marked as removed already
[28Feb2025 09:18:15.666] [Server thread/WARN] [net.minecraft.server.level.ServerLevel/]: Tried to add entity the_anomaly:anomaly_trap but it was marked as removed already
[28Feb2025 09:18:15.716] [Server thread/WARN] [net.minecraft.server.level.ServerLevel/]: Tried to add entity the_anomaly:anomaly_trap but it was marked as removed already
[28Feb2025 09:18:15.716] [Server thread/WARN] [net.minecraft.server.level.ServerLevel/]: Tried to add entity the_anomaly:anomaly_trap but it was marked as removed already
[28Feb2025 09:18:15.717] [Server thread/WARN] [net.minecraft.server.level.ServerLevel/]: Tried to add entity the_anomaly:anomaly_trap but it was marked as removed already
[28Feb2025 09:18:16.016] [Server thread/WARN] [net.minecraft.server.level.ServerLevel/]: Tried to add entity the_anomaly:anomaly_escape but it was marked as removed already
[28Feb2025 09:18:16.016] [Server thread/WARN] [net.minecraft.server.level.ServerLevel/]: Tried to add entity the_anomaly:anomaly_viewer but it was marked as removed already
[28Feb2025 09:18:16.167] [Server thread/WARN] [net.minecraft.server.level.ServerLevel/]: Tried to add entity the_anomaly:anomaly_viewer but it was marked as removed already
[28Feb2025 09:18:16.216] [Server thread/WARN] [net.minecraft.server.level.ServerLevel/]: Tried to add entity the_anomaly:anomaly_viewer but it was marked as removed already
[28Feb2025 09:18:16.266] [Server thread/WARN] [net.minecraft.server.level.ServerLevel/]: Tried to add entity the_anomaly:anomaly_viewer but it was marked as removed already
[28Feb2025 09:18:16.267] [Server thread/WARN] [net.minecraft.server.level.ServerLevel/]: Tried to add entity the_anomaly:anomaly_viewer but it was marked as removed already
[28Feb2025 09:18:16.267] [Server thread/WARN] [net.minecraft.server.level.ServerLevel/]: Tried to add entity the_anomaly:anomaly_escape but it was marked as removed already
[28Feb2025 09:18:16.317] [Server thread/WARN] [net.minecraft.server.level.ServerLevel/]: Tried to add entity the_anomaly:anomaly_viewer but it was marked as removed already
[28Feb2025 09:18:16.468] [Server thread/WARN] [net.minecraft.server.level.ServerLevel/]: Tried to add entity the_anomaly:anomaly_trap but it was marked as removed already
[28Feb2025 09:18:16.567] [Server thread/WARN] [net.minecraft.server.level.ServerLevel/]: Tried to add entity the_anomaly:anomaly_escape but it was marked as removed already
[28Feb2025 09:18:16.817] [Server thread/WARN] [net.minecraft.server.level.ServerLevel/]: Tried to add entity the_anomaly:anomaly_trap but it was marked as removed already
[28Feb2025 09:18:17.016] [Server thread/WARN] [net.minecraft.server.level.ServerLevel/]: Tried to add entity the_anomaly:anomaly_viewer but it was marked as removed already
[28Feb2025 09:18:17.167] [Server thread/WARN] [net.minecraft.server.level.ServerLevel/]: Tried to add entity the_anomaly:anomaly_escape but it was marked as removed already
[28Feb2025 09:18:17.267] [Server thread/WARN] [net.minecraft.server.level.ServerLevel/]: Tried to add entity the_anomaly:anomaly_escape but it was marked as removed already
[28Feb2025 09:18:17.267] [Server thread/WARN] [net.minecraft.server.level.ServerLevel/]: Tried to add entity the_anomaly:anomaly_escape but it was marked as removed already
[28Feb2025 09:18:17.717] [Server thread/WARN] [net.minecraft.server.level.ServerLevel/]: Tried to add entity the_anomaly:anomaly_viewer but it was marked as removed already
[28Feb2025 09:18:17.867] [Server thread/WARN] [net.minecraft.server.level.ServerLevel/]: Tried to add entity the_anomaly:anomaly_viewer but it was marked as removed already
[28Feb2025 09:18:17.867] [Server thread/WARN] [net.minecraft.server.level.ServerLevel/]: Tried to add entity the_anomaly:anomaly_escape but it was marked as removed already
[28Feb2025 09:18:18.066] [Server thread/WARN] [net.minecraft.server.level.ServerLevel/]: Tried to add entity the_anomaly:anomaly_viewer but it was marked as removed already
[28Feb2025 09:18:18.217] [Server thread/WARN] [net.minecraft.server.level.ServerLevel/]: Tried to add entity the_anomaly:anomaly_viewer but it was marked as removed already
[28Feb2025 09:18:18.217] [Server thread/WARN] [net.minecraft.server.level.ServerLevel/]: Tried to add entity the_anomaly:anomaly_escape but it was marked as removed already
[28Feb2025 09:18:20.767] [Server thread/WARN] [net.minecraft.server.level.ServerLevel/]: Tried to add entity the_anomaly:anomaly_viewer but it was marked as removed already
[28Feb2025 09:18:20.917] [Server thread/WARN] [net.minecraft.server.level.ServerLevel/]: Tried to add entity the_anomaly:anomaly_escape but it was marked as removed already
[28Feb2025 09:18:21.117] [Server thread/WARN] [net.minecraft.server.level.ServerLevel/]: Tried to add entity the_anomaly:anomaly_escape but it was marked as removed already
[28Feb2025 09:18:21.117] [Server thread/WARN] [net.minecraft.server.level.ServerLevel/]: Tried to add entity the_anomaly:anomaly_escape but it was marked as removed already
[28Feb2025 09:18:21.216] [Server thread/WARN] [net.minecraft.server.level.ServerLevel/]: Tried to add entity the_anomaly:anomaly_viewer but it was marked as removed already
[28Feb2025 09:18:21.367] [Server thread/WARN] [net.minecraft.server.level.ServerLevel/]: Tried to add entity the_anomaly:anomaly_trap but it was marked as removed already
[28Feb2025 09:18:21.517] [Server thread/WARN] [net.minecraft.server.level.ServerLevel/]: Tried to add entity the_anomaly:anomaly_viewer but it was marked as removed already
[28Feb2025 09:18:21.867] [Server thread/WARN] [net.minecraft.server.level.ServerLevel/]: Tried to add entity the_anomaly:anomaly_trap but it was marked as removed already
[28Feb2025 09:18:22.116] [Server thread/WARN] [net.minecraft.server.level.ServerLevel/]: Tried to add entity the_anomaly:anomaly_escape but it was marked as removed already
[28Feb2025 09:18:22.517] [Server thread/WARN] [net.minecraft.server.level.ServerLevel/]: Tried to add entity the_anomaly:anomaly_escape but it was marked as removed already
[28Feb2025 09:18:23.267] [Server thread/WARN] [net.minecraft.server.level.ServerLevel/]: Tried to add entity the_anomaly:anomaly_trap but it was marked as removed already
[28Feb2025 09:18:23.267] [Server thread/WARN] [net.minecraft.server.level.ServerLevel/]: Tried to add entity the_anomaly:anomaly_escape but it was marked as removed already
[28Feb2025 09:18:23.866] [Server thread/WARN] [net.minecraft.server.level.ServerLevel/]: Tried to add entity the_anomaly:anomaly_escape but it was marked as removed already
[28Feb2025 09:18:24.868] [Server thread/WARN] [net.minecraft.server.level.ServerLevel/]: Tried to add entity the_anomaly:anomaly_trap but it was marked as removed already
[28Feb2025 09:18:25.617] [Server thread/WARN] [net.minecraft.server.level.ServerLevel/]: Tried to add entity the_anomaly:anomaly_escape but it was marked as removed already
[28Feb2025 09:18:25.767] [Server thread/WARN] [net.minecraft.server.level.ServerLevel/]: Tried to add entity the_anomaly:anomaly_escape but it was marked as removed already
[28Feb2025 09:18:25.916] [Server thread/WARN] [net.minecraft.server.level.ServerLevel/]: Tried to add entity the_anomaly:anomaly_escape but it was marked as removed already
[28Feb2025 09:18:27.617] [Server thread/WARN] [net.minecraft.server.level.ServerLevel/]: Tried to add entity the_anomaly:anomaly_viewer but it was marked as removed already
[28Feb2025 09:18:27.818] [Server thread/WARN] [net.minecraft.server.level.ServerLevel/]: Tried to add entity the_anomaly:anomaly_viewer but it was marked as removed already
[28Feb2025 09:18:27.917] [Server thread/WARN] [net.minecraft.server.level.ServerLevel/]: Tried to add entity the_anomaly:anomaly_trap but it was marked as removed already
[28Feb2025 09:18:27.967] [Server thread/WARN] [net.minecraft.server.level.ServerLevel/]: Tried to add entity the_anomaly:anomaly_escape but it was marked as removed already
[28Feb2025 09:18:28.067] [Server thread/WARN] [net.minecraft.server.level.ServerLevel/]: Tried to add entity the_anomaly:anomaly_trap but it was marked as removed already
[28Feb2025 09:18:28.167] [Server thread/WARN] [net.minecraft.server.level.ServerLevel/]: Tried to add entity the_anomaly:anomaly_escape but it was marked as removed already
[28Feb2025 09:18:28.766] [Server thread/WARN] [net.minecraft.server.level.ServerLevel/]: Tried to add entity the_anomaly:anomaly_viewer but it was marked as removed already
[28Feb2025 09:18:28.867] [Server thread/WARN] [net.minecraft.server.level.ServerLevel/]: Tried to add entity the_anomaly:anomaly_viewer but it was marked as removed already
[28Feb2025 09:18:28.868] [Server thread/WARN] [net.minecraft.server.level.ServerLevel/]: Tried to add entity the_anomaly:anomaly_viewer but it was marked as removed already
[28Feb2025 09:18:28.917] [Server thread/WARN] [net.minecraft.server.level.ServerLevel/]: Tried to add entity the_anomaly:anomaly_viewer but it was marked as removed already
[28Feb2025 09:18:29.067] [Server thread/WARN] [net.minecraft.server.level.ServerLevel/]: Tried to add entity the_anomaly:anomaly_escape but it was marked as removed already
[28Feb2025 09:18:29.067] [Server thread/WARN] [net.minecraft.server.level.ServerLevel/]: Tried to add entity the_anomaly:anomaly_trap but it was marked as removed already
[28Feb2025 09:18:29.167] [Server thread/WARN] [net.minecraft.server.level.ServerLevel/]: Tried to add entity the_anomaly:anomaly_escape but it was marked as removed already
[28Feb2025 09:18:29.517] [Server thread/WARN] [net.minecraft.server.level.ServerLevel/]: Tried to add entity the_anomaly:anomaly_viewer but it was marked as removed already
[28Feb2025 09:18:29.517] [Server thread/WARN] [net.minecraft.server.level.ServerLevel/]: Tried to add entity the_anomaly:anomaly_viewer but it was marked as removed already
[28Feb2025 09:18:29.767] [Server thread/WARN] [net.minecraft.server.level.ServerLevel/]: Tried to add entity the_anomaly:anomaly_trap but it was marked as removed already
[28Feb2025 09:18:29.767] [Server thread/WARN] [net.minecraft.server.level.ServerLevel/]: Tried to add entity the_anomaly:anomaly_escape but it was marked as removed already
[28Feb2025 09:18:29.767] [Server thread/WARN] [net.minecraft.server.level.ServerLevel/]: Tried to add entity the_anomaly:anomaly_viewer but it was marked as removed already
[28Feb2025 09:18:31.667] [Server thread/WARN] [net.minecraft.server.level.ServerLevel/]: Tried to add entity the_anomaly:anomaly_viewer but it was marked as removed already
[28Feb2025 09:18:31.716] [Server thread/WARN] [net.minecraft.server.level.ServerLevel/]: Tried to add entity the_anomaly:anomaly_escape but it was marked as removed already
[28Feb2025 09:18:31.717] [Server thread/WARN] [net.minecraft.server.level.ServerLevel/]: Tried to add entity the_anomaly:anomaly_viewer but it was marked as removed already
[28Feb2025 09:18:31.867] [Server thread/WARN] [net.minecraft.server.level.ServerLevel/]: Tried to add entity the_anomaly:anomaly_viewer but it was marked as removed already
[28Feb2025 09:18:32.167] [Server thread/WARN] [net.minecraft.server.level.ServerLevel/]: Tried to add entity the_anomaly:anomaly_escape but it was marked as removed already
[28Feb2025 09:18:32.366] [Server thread/WARN] [net.minecraft.server.level.ServerLevel/]: Tried to add entity the_anomaly:anomaly_trap but it was marked as removed already
[28Feb2025 09:18:32.367] [Server thread/WARN] [net.minecraft.server.level.ServerLevel/]: Tried to add entity the_anomaly:anomaly_viewer but it was marked as removed already
[28Feb2025 09:18:32.466] [Server thread/WARN] [net.minecraft.server.level.ServerLevel/]: Tried to add entity the_anomaly:anomaly_escape but it was marked as removed already
[28Feb2025 09:18:34.667] [Server thread/WARN] [net.minecraft.server.level.ServerLevel/]: Tried to add entity the_anomaly:anomaly_trap but it was marked as removed already
[28Feb2025 09:18:34.767] [Server thread/WARN] [net.minecraft.server.level.ServerLevel/]: Tried to add entity the_anomaly:anomaly_escape but it was marked as removed already
[28Feb2025 09:18:34.917] [Server thread/WARN] [net.minecraft.server.level.ServerLevel/]: Tried to add entity the_anomaly:anomaly_escape but it was marked as removed already
[28Feb2025 09:18:35.117] [Server thread/WARN] [net.minecraft.server.level.ServerLevel/]: Tried to add entity the_anomaly:anomaly_trap but it was marked as removed already
[28Feb2025 09:18:39.016] [Server thread/WARN] [net.minecraft.server.level.ServerLevel/]: Tried to add entity the_anomaly:anomaly_viewer but it was marked as removed already
[28Feb2025 09:18:39.817] [Server thread/WARN] [net.minecraft.server.level.ServerLevel/]: Tried to add entity the_anomaly:anomaly_trap but it was marked as removed already
[28Feb2025 09:18:39.867] [Server thread/WARN] [net.minecraft.server.level.ServerLevel/]: Tried to add entity the_anomaly:anomaly_escape but it was marked as removed already
[28Feb2025 09:18:39.867] [Server thread/WARN] [net.minecraft.server.level.ServerLevel/]: Tried to add entity the_anomaly:anomaly_trap but it was marked as removed already
[28Feb2025 09:18:39.967] [Server thread/WARN] [net.minecraft.server.level.ServerLevel/]: Tried to add entity the_anomaly:anomaly_trap but it was marked as removed already
[28Feb2025 09:18:39.967] [Server thread/WARN] [net.minecraft.server.level.ServerLevel/]: Tried to add entity the_anomaly:anomaly_trap but it was marked as removed already
[28Feb2025 09:18:40.117] [Server thread/WARN] [net.minecraft.server.level.ServerLevel/]: Tried to add entity the_anomaly:anomaly_viewer but it was marked as removed already
[28Feb2025 09:18:40.467] [Server thread/WARN] [net.minecraft.server.level.ServerLevel/]: Tried to add entity the_anomaly:anomaly_escape but it was marked as removed already
[28Feb2025 09:18:40.517] [Server thread/WARN] [net.minecraft.server.level.ServerLevel/]: Tried to add entity the_anomaly:anomaly_viewer but it was marked as removed already
[28Feb2025 09:18:51.925] [Server thread/INFO] [net.minecraft.server.network.ServerGamePacketListenerImpl/]: YAMAPROSIH lost connection: Timed out
[28Feb2025 09:18:51.926] [Server thread/INFO] [net.minecraft.server.MinecraftServer/]: YAMAPROSIH left the game
[28Feb2025 09:18:54.616] [Server thread/WARN] [net.minecraft.server.level.ServerLevel/]: Tried to add entity the_anomaly:anomaly_trap but it was marked as removed already
[28Feb2025 09:18:54.917] [Server thread/WARN] [net.minecraft.server.level.ServerLevel/]: Tried to add entity the_anomaly:anomaly_trap but it was marked as removed already
[28Feb2025 09:18:55.017] [Server thread/WARN] [net.minecraft.server.level.ServerLevel/]: Tried to add entity the_anomaly:anomaly_viewer but it was marked as removed already
[28Feb2025 09:18:55.067] [Server thread/WARN] [net.minecraft.server.level.ServerLevel/]: Tried to add entity the_anomaly:anomaly_escape but it was marked as removed already
[28Feb2025 09:18:55.067] [Server thread/WARN] [net.minecraft.server.level.ServerLevel/]: Tried to add entity the_anomaly:anomaly_viewer but it was marked as removed already
[28Feb2025 09:18:55.166] [Server thread/WARN] [net.minecraft.server.level.ServerLevel/]: Tried to add entity the_anomaly:anomaly_escape but it was marked as removed already
[28Feb2025 09:18:55.266] [Server thread/WARN] [net.minecraft.server.level.ServerLevel/]: Tried to add entity the_anomaly:anomaly_viewer but it was marked as removed already
[28Feb2025 09:18:55.317] [Server thread/WARN] [net.minecraft.server.level.ServerLevel/]: Tried to add entity the_anomaly:anomaly_trap but it was marked as removed already
[28Feb2025 09:18:56.467] [Server thread/WARN] [net.minecraft.server.level.ServerLevel/]: Tried to add entity the_anomaly:anomaly_escape but it was marked as removed already
[28Feb2025 09:18:56.517] [Server thread/WARN] [net.minecraft.server.level.ServerLevel/]: Tried to add entity the_anomaly:anomaly_trap but it was marked as removed already
[28Feb2025 09:18:56.716] [Server thread/WARN] [net.minecraft.server.level.ServerLevel/]: Tried to add entity the_anomaly:anomaly_trap but it was marked as removed already
[28Feb2025 09:18:57.367] [Server thread/WARN] [net.minecraft.server.level.ServerLevel/]: Tried to add entity the_anomaly:anomaly_trap but it was marked as removed already
[28Feb2025 09:18:57.467] [Server thread/WARN] [net.minecraft.server.level.ServerLevel/]: Tried to add entity the_anomaly:anomaly_escape but it was marked as removed already
[28Feb2025 09:18:57.567] [Server thread/WARN] [net.minecraft.server.level.ServerLevel/]: Tried to add entity the_anomaly:anomaly_viewer but it was marked as removed already
[28Feb2025 09:18:58.217] [Server thread/WARN] [net.minecraft.server.level.ServerLevel/]: Tried to add entity the_anomaly:anomaly_trap but it was marked as removed already
[28Feb2025 09:18:59.367] [Server thread/WARN] [net.minecraft.server.level.ServerLevel/]: Tried to add entity the_anomaly:anomaly_escape but it was marked as removed already
[28Feb2025 09:18:59.466] [Server thread/WARN] [net.minecraft.server.level.ServerLevel/]: Tried to add entity the_anomaly:anomaly_trap but it was marked as removed already
[28Feb2025 09:18:59.567] [Server thread/WARN] [net.minecraft.server.level.ServerLevel/]: Tried to add entity the_anomaly:anomaly_viewer but it was marked as removed already
[28Feb2025 09:18:59.716] [Server thread/WARN] [net.minecraft.server.level.ServerLevel/]: Tried to add entity the_anomaly:anomaly_escape but it was marked as removed already
[28Feb2025 09:18:59.767] [Server thread/WARN] [net.minecraft.server.level.ServerLevel/]: Tried to add entity the_anomaly:anomaly_viewer but it was marked as removed already
[28Feb2025 09:18:59.867] [Server thread/WARN] [net.minecraft.server.level.ServerLevel/]: Tried to add entity the_anomaly:anomaly_viewer but it was marked as removed already
[28Feb2025 09:19:07.618] [Server thread/WARN] [net.minecraft.server.level.ServerLevel/]: Tried to add entity the_anomaly:anomaly_viewer but it was marked as removed already
[28Feb2025 09:19:07.666] [Server thread/WARN] [net.minecraft.server.level.ServerLevel/]: Tried to add entity the_anomaly:anomaly_viewer but it was marked as removed already
[28Feb2025 09:19:07.817] [Server thread/WARN] [net.minecraft.server.level.ServerLevel/]: Tried to add entity the_anomaly:anomaly_escape but it was marked as removed already
[28Feb2025 09:19:07.866] [Server thread/WARN] [net.minecraft.server.level.ServerLevel/]: Tried to add entity the_anomaly:anomaly_escape but it was marked as removed already
[28Feb2025 09:19:07.967] [Server thread/WARN] [net.minecraft.server.level.ServerLevel/]: Tried to add entity the_anomaly:anomaly_viewer but it was marked as removed already
[28Feb2025 09:19:08.018] [Server thread/WARN] [net.minecraft.server.level.ServerLevel/]: Tried to add entity the_anomaly:anomaly_trap but it was marked as removed already
[28Feb2025 09:19:08.067] [Server thread/WARN] [net.minecraft.server.level.ServerLevel/]: Tried to add entity the_anomaly:anomaly_viewer but it was marked as removed already
[28Feb2025 09:19:08.067] [Server thread/WARN] [net.minecraft.server.level.ServerLevel/]: Tried to add entity the_anomaly:anomaly_viewer but it was marked as removed already
[28Feb2025 09:19:08.317] [Server thread/WARN] [net.minecraft.server.level.ServerLevel/]: Tried to add entity the_anomaly:anomaly_escape but it was marked as removed already
[28Feb2025 09:19:11.167] [Server thread/WARN] [net.minecraft.server.level.ServerLevel/]: Tried to add entity the_anomaly:anomaly_trap but it was marked as removed already
[28Feb2025 09:19:11.516] [Server thread/WARN] [net.minecraft.server.level.ServerLevel/]: Tried to add entity the_anomaly:anomaly_escape but it was marked as removed already
[28Feb2025 09:19:11.667] [Server thread/WARN] [net.minecraft.server.level.ServerLevel/]: Tried to add entity the_anomaly:anomaly_escape but it was marked as removed already
[28Feb2025 09:19:11.716] [Server thread/WARN] [net.minecraft.server.level.ServerLevel/]: Tried to add entity the_anomaly:anomaly_trap but it was marked as removed already
[28Feb2025 09:19:11.716] [Server thread/WARN] [net.minecraft.server.level.ServerLevel/]: Tried to add entity the_anomaly:anomaly_escape but it was marked as removed already
[28Feb2025 09:19:11.766] [Server thread/WARN] [net.minecraft.server.level.ServerLevel/]: Tried to add entity the_anomaly:anomaly_trap but it was marked as removed already
[28Feb2025 09:19:13.117] [Server thread/WARN] [net.minecraft.server.level.ServerLevel/]: Tried to add entity the_anomaly:anomaly_trap but it was marked as removed already
[28Feb2025 09:19:15.026] [Server thread/WARN] [cgm/]: literal{gamerku}(25ae1e96-42d5-3549-b750-22fa94fd0321) tried to fire before cooldown finished or server is lagging? Remaining milliseconds: 300
[28Feb2025 09:19:17.961] [Server thread/WARN] [net.minecraft.server.network.ServerGamePacketListenerImpl/]: gamerku moved too quickly! -1.7565827494946618,-10.33764139869757,-1.7212833719433291
[28Feb2025 09:19:19.717] [Server thread/WARN] [net.minecraft.server.level.ServerLevel/]: Tried to add entity the_anomaly:anomaly_escape but it was marked as removed already
[28Feb2025 09:19:20.166] [Server thread/WARN] [net.minecraft.server.level.ServerLevel/]: Tried to add entity the_anomaly:anomaly_trap but it was marked as removed already
[28Feb2025 09:19:20.217] [Server thread/WARN] [net.minecraft.server.level.ServerLevel/]: Tried to add entity the_anomaly:anomaly_escape but it was marked as removed already
[28Feb2025 09:19:20.217] [Server thread/WARN] [net.minecraft.server.level.ServerLevel/]: Tried to add entity the_anomaly:anomaly_escape but it was marked as removed already
[28Feb2025 09:19:20.267] [Server thread/WARN] [net.minecraft.server.level.ServerLevel/]: Tried to add entity the_anomaly:anomaly_escape but it was marked as removed already
[28Feb2025 09:19:20.466] [Server thread/WARN] [net.minecraft.server.level.ServerLevel/]: Tried to add entity the_anomaly:anomaly_trap but it was marked as removed already
[28Feb2025 09:19:23.618] [Server thread/WARN] [net.minecraft.server.level.ServerLevel/]: Tried to add entity the_anomaly:anomaly_trap but it was marked as removed already
[28Feb2025 09:19:28.667] [Server thread/WARN] [net.minecraft.server.level.ServerLevel/]: Tried to add entity the_anomaly:anomaly_trap but it was marked as removed already
[28Feb2025 09:19:30.028] [Server thread/INFO] [net.minecraftforge.common.AdvancementLoadFix/]: Using new advancement loading for net.minecraft.server.PlayerAdvancements@612bac75
[28Feb2025 09:19:30.031] [Server thread/INFO] [net.minecraft.server.players.PlayerList/]: YAMAPROSIH[/127.159.13.28:53169] logged in with entity id 32458 at (-66.1307885497553, 68.49520087700593, -126.91707075019606)
[28Feb2025 09:19:30.037] [Server thread/INFO] [net.minecraft.server.MinecraftServer/]: YAMAPROSIH joined the game
[28Feb2025 09:19:31.267] [Server thread/WARN] [net.minecraft.server.level.ServerLevel/]: Tried to add entity the_anomaly:anomaly_viewer but it was marked as removed already
[28Feb2025 09:19:31.967] [Server thread/WARN] [net.minecraft.server.level.ServerLevel/]: Tried to add entity the_anomaly:anomaly_viewer but it was marked as removed already
[28Feb2025 09:19:35.468] [Server thread/WARN] [net.minecraft.server.level.ServerLevel/]: Tried to add entity the_anomaly:anomaly_trap but it was marked as removed already
[28Feb2025 09:19:35.468] [Server thread/WARN] [net.minecraft.server.level.ServerLevel/]: Tried to add entity the_anomaly:anomaly_trap but it was marked as removed already
[28Feb2025 09:19:35.468] [Server thread/WARN] [net.minecraft.server.level.ServerLevel/]: Tried to add entity the_anomaly:anomaly_trap but it was marked as removed already
[28Feb2025 09:19:35.517] [Server thread/WARN] [net.minecraft.server.level.ServerLevel/]: Tried to add entity the_anomaly:anomaly_escape but it was marked as removed already
[28Feb2025 09:19:35.567] [Server thread/WARN] [net.minecraft.server.level.ServerLevel/]: Tried to add entity the_anomaly:anomaly_trap but it was marked as removed already
[28Feb2025 09:19:40.967] [Server thread/WARN] [net.minecraft.server.level.ServerLevel/]: Tried to add entity the_anomaly:anomaly_escape but it was marked as removed already
[28Feb2025 09:19:41.067] [Server thread/WARN] [net.minecraft.server.level.ServerLevel/]: Tried to add entity the_anomaly:anomaly_viewer but it was marked as removed already
[28Feb2025 09:19:41.167] [Server thread/WARN] [net.minecraft.server.level.ServerLevel/]: Tried to add entity the_anomaly:anomaly_escape but it was marked as removed already
[28Feb2025 09:19:41.217] [Server thread/WARN] [net.minecraft.server.level.ServerLevel/]: Tried to add entity the_anomaly:anomaly_viewer but it was marked as removed already
[28Feb2025 09:19:41.417] [Server thread/WARN] [net.minecraft.server.level.ServerLevel/]: Tried to add entity the_anomaly:anomaly_trap but it was marked as removed already
[28Feb2025 09:19:41.517] [Server thread/WARN] [net.minecraft.server.level.ServerLevel/]: Tried to add entity the_anomaly:anomaly_viewer but it was marked as removed already
[28Feb2025 09:19:41.667] [Server thread/WARN] [net.minecraft.server.level.ServerLevel/]: Tried to add entity the_anomaly:anomaly_trap but it was marked as removed already
[28Feb2025 09:19:41.767] [Server thread/WARN] [net.minecraft.server.level.ServerLevel/]: Tried to add entity the_anomaly:anomaly_viewer but it was marked as removed already
[28Feb2025 09:19:42.267] [Server thread/WARN] [net.minecraft.server.level.ServerLevel/]: Tried to add entity the_anomaly:anomaly_viewer but it was marked as removed already
[28Feb2025 09:19:42.316] [Server thread/WARN] [net.minecraft.server.level.ServerLevel/]: Tried to add entity the_anomaly:anomaly_escape but it was marked as removed already
[28Feb2025 09:19:42.567] [Server thread/WARN] [net.minecraft.server.level.ServerLevel/]: Tried to add entity the_anomaly:anomaly_viewer but it was marked as removed already
[28Feb2025 09:19:42.667] [Server thread/WARN] [net.minecraft.server.level.ServerLevel/]: Tried to add entity the_anomaly:anomaly_escape but it was marked as removed already
[28Feb2025 09:19:42.766] [Server thread/WARN] [net.minecraft.server.level.ServerLevel/]: Tried to add entity the_anomaly:anomaly_trap but it was marked as removed already
[28Feb2025 09:19:43.566] [Server thread/WARN] [net.minecraft.server.level.ServerLevel/]: Tried to add entity the_anomaly:anomaly_trap but it was marked as removed already
[28Feb2025 09:19:44.916] [Server thread/WARN] [net.minecraft.server.level.ServerLevel/]: Tried to add entity the_anomaly:anomaly_trap but it was marked as removed already
[28Feb2025 09:19:46.567] [Server thread/WARN] [net.minecraft.server.level.ServerLevel/]: Tried to add entity the_anomaly:anomaly_viewer but it was marked as removed already
[28Feb2025 09:19:46.567] [Server thread/WARN] [net.minecraft.server.level.ServerLevel/]: Tried to add entity the_anomaly:anomaly_viewer but it was marked as removed already
[28Feb2025 09:19:46.718] [Server thread/WARN] [net.minecraft.server.level.ServerLevel/]: Tried to add entity the_anomaly:anomaly_escape but it was marked as removed already
[28Feb2025 09:19:46.867] [Server thread/WARN] [net.minecraft.server.level.ServerLevel/]: Tried to add entity the_anomaly:anomaly_escape but it was marked as removed already
[28Feb2025 09:19:46.917] [Server thread/WARN] [net.minecraft.server.level.ServerLevel/]: Tried to add entity the_anomaly:anomaly_trap but it was marked as removed already
[28Feb2025 09:19:46.968] [Server thread/WARN] [net.minecraft.server.level.ServerLevel/]: Tried to add entity the_anomaly:anomaly_viewer but it was marked as removed already
[28Feb2025 09:19:48.217] [Server thread/WARN] [net.minecraft.server.level.ServerLevel/]: Tried to add entity the_anomaly:anomaly_trap but it was marked as removed already
[28Feb2025 09:19:48.266] [Server thread/WARN] [net.minecraft.server.level.ServerLevel/]: Tried to add entity the_anomaly:anomaly_escape but it was marked as removed already
[28Feb2025 09:19:48.317] [Server thread/WARN] [net.minecraft.server.level.ServerLevel/]: Tried to add entity the_anomaly:anomaly_trap but it was marked as removed already
[28Feb2025 09:19:48.367] [Server thread/WARN] [net.minecraft.server.level.ServerLevel/]: Tried to add entity the_anomaly:anomaly_trap but it was marked as removed already
[28Feb2025 09:19:50.666] [Server thread/WARN] [net.minecraft.server.level.ServerLevel/]: Tried to add entity the_anomaly:anomaly_viewer but it was marked as removed already
[28Feb2025 09:19:50.717] [Server thread/WARN] [net.minecraft.server.level.ServerLevel/]: Tried to add entity the_anomaly:anomaly_escape but it was marked as removed already
[28Feb2025 09:19:50.767] [Server thread/WARN] [net.minecraft.server.level.ServerLevel/]: Tried to add entity the_anomaly:anomaly_viewer but it was marked as removed already
[28Feb2025 09:19:51.667] [Server thread/WARN] [net.minecraft.server.level.ServerLevel/]: Tried to add entity the_anomaly:anomaly_visitor but it was marked as removed already
[28Feb2025 09:19:51.767] [Server thread/WARN] [net.minecraft.server.level.ServerLevel/]: Tried to add entity the_anomaly:anomaly_viewer but it was marked as removed already
[28Feb2025 09:19:54.317] [Server thread/WARN] [net.minecraft.server.level.ServerLevel/]: Tried to add entity the_anomaly:anomaly_escape but it was marked as removed already
[28Feb2025 09:19:54.367] [Server thread/WARN] [net.minecraft.server.level.ServerLevel/]: Tried to add entity the_anomaly:anomaly_trap but it was marked as removed already
[28Feb2025 09:19:54.717] [Server thread/WARN] [net.minecraft.server.level.ServerLevel/]: Tried to add entity the_anomaly:anomaly_escape but it was marked as removed already
[28Feb2025 09:19:54.766] [Server thread/WARN] [net.minecraft.server.level.ServerLevel/]: Tried to add entity the_anomaly:anomaly_escape but it was marked as removed already
[28Feb2025 09:19:55.467] [Server thread/WARN] [net.minecraft.server.level.ServerLevel/]: Tried to add entity the_anomaly:anomaly_trap but it was marked as removed already
[28Feb2025 09:19:57.517] [Server thread/WARN] [net.minecraft.server.level.ServerLevel/]: Tried to add entity the_anomaly:anomaly_viewer but it was marked as removed already
[28Feb2025 09:19:58.016] [Server thread/WARN] [net.minecraft.server.level.ServerLevel/]: Tried to add entity the_anomaly:anomaly_escape but it was marked as removed already
[28Feb2025 09:19:58.017] [Server thread/WARN] [net.minecraft.server.level.ServerLevel/]: Tried to add entity the_anomaly:anomaly_viewer but it was marked as removed already
[28Feb2025 09:19:58.067] [Server thread/WARN] [net.minecraft.server.level.ServerLevel/]: Tried to add entity the_anomaly:anomaly_viewer but it was marked as removed already
[28Feb2025 09:19:58.117] [Server thread/WARN] [net.minecraft.server.level.ServerLevel/]: Tried to add entity the_anomaly:anomaly_escape but it was marked as removed already
[28Feb2025 09:19:58.118] [Server thread/WARN] [net.minecraft.server.level.ServerLevel/]: Tried to add entity the_anomaly:anomaly_trap but it was marked as removed already
[28Feb2025 09:20:00.416] [Server thread/WARN] [net.minecraft.server.level.ServerLevel/]: Tried to add entity the_anomaly:anomaly_escape but it was marked as removed already
[28Feb2025 09:20:00.667] [Server thread/WARN] [net.minecraft.server.level.ServerLevel/]: Tried to add entity the_anomaly:anomaly_trap but it was marked as removed already
[28Feb2025 09:20:00.667] [Server thread/WARN] [net.minecraft.server.level.ServerLevel/]: Tried to add entity the_anomaly:anomaly_escape but it was marked as removed already
[28Feb2025 09:20:00.867] [Server thread/WARN] [net.minecraft.server.level.ServerLevel/]: Tried to add entity the_anomaly:anomaly_viewer but it was marked as removed already
[28Feb2025 09:20:00.966] [Server thread/WARN] [net.minecraft.server.level.ServerLevel/]: Tried to add entity the_anomaly:anomaly_escape but it was marked as removed already
[28Feb2025 09:20:03.117] [Server thread/WARN] [net.minecraft.server.level.ServerLevel/]: Tried to add entity the_anomaly:anomaly_escape but it was marked as removed already
[28Feb2025 09:20:04.067] [Server thread/WARN] [net.minecraft.server.level.ServerLevel/]: Tried to add entity the_anomaly:anomaly_viewer but it was marked as removed already
[28Feb2025 09:20:05.882] [Server thread/INFO] [net.minecraft.server.network.ServerGamePacketListenerImpl/]: YAMAPROSIH lost connection: Timed out
[28Feb2025 09:20:05.882] [Server thread/INFO] [net.minecraft.server.MinecraftServer/]: YAMAPROSIH left the game
[28Feb2025 09:20:07.066] [Server thread/WARN] [net.minecraft.server.level.ServerLevel/]: Tried to add entity the_anomaly:anomaly_escape but it was marked as removed already
[28Feb2025 09:20:11.467] [Server thread/WARN] [net.minecraft.server.level.ServerLevel/]: Tried to add entity the_anomaly:anomaly_trap but it was marked as removed already
[28Feb2025 09:20:11.467] [Server thread/WARN] [net.minecraft.server.level.ServerLevel/]: Tried to add entity the_anomaly:anomaly_viewer but it was marked as removed already
[28Feb2025 09:20:11.566] [Server thread/WARN] [net.minecraft.server.level.ServerLevel/]: Tried to add entity the_anomaly:anomaly_viewer but it was marked as removed already
[28Feb2025 09:20:11.567] [Server thread/WARN] [net.minecraft.server.level.ServerLevel/]: Tried to add entity the_anomaly:anomaly_escape but it was marked as removed already
[28Feb2025 09:20:11.717] [Server thread/WARN] [net.minecraft.server.level.ServerLevel/]: Tried to add entity the_anomaly:anomaly_viewer but it was marked as removed already
[28Feb2025 09:20:11.767] [Server thread/WARN] [net.minecraft.server.level.ServerLevel/]: Tried to add entity the_anomaly:anomaly_escape but it was marked as removed already
[28Feb2025 09:20:13.017] [Server thread/WARN] [net.minecraft.server.level.ServerLevel/]: Tried to add entity the_anomaly:anomaly_trap but it was marked as removed already
[28Feb2025 09:20:13.017] [Server thread/WARN] [net.minecraft.server.level.ServerLevel/]: Tried to add entity the_anomaly:anomaly_escape but it was marked as removed already
[28Feb2025 09:20:13.068] [Server thread/WARN] [net.minecraft.server.level.ServerLevel/]: Tried to add entity the_anomaly:anomaly_escape but it was marked as removed already
[28Feb2025 09:20:13.117] [Server thread/WARN] [net.minecraft.server.level.ServerLevel/]: Tried to add entity the_anomaly:anomaly_trap but it was marked as removed already
[28Feb2025 09:20:13.117] [Server thread/WARN] [net.minecraft.server.level.ServerLevel/]: Tried to add entity the_anomaly:anomaly_escape but it was marked as removed already
[28Feb2025 09:20:13.166] [Server thread/WARN] [net.minecraft.server.level.ServerLevel/]: Tried to add entity the_anomaly:anomaly_trap but it was marked as removed already
[28Feb2025 09:20:13.617] [Server thread/WARN] [net.minecraft.server.level.ServerLevel/]: Tried to add entity the_anomaly:anomaly_escape but it was marked as removed already
[28Feb2025 09:20:13.767] [Server thread/WARN] [net.minecraft.server.level.ServerLevel/]: Tried to add entity the_anomaly:anomaly_escape but it was marked as removed already
[28Feb2025 09:20:14.067] [Server thread/WARN] [net.minecraft.server.level.ServerLevel/]: Tried to add entity the_anomaly:anomaly_viewer but it was marked as removed already
[28Feb2025 09:20:14.067] [Server thread/WARN] [net.minecraft.server.level.ServerLevel/]: Tried to add entity the_anomaly:anomaly_viewer but it was marked as removed already
[28Feb2025 09:20:14.117] [Server thread/WARN] [net.minecraft.server.level.ServerLevel/]: Tried to add entity the_anomaly:anomaly_viewer but it was marked as removed already
[28Feb2025 09:20:14.117] [Server thread/WARN] [net.minecraft.server.level.ServerLevel/]: Tried to add entity the_anomaly:anomaly_escape but it was marked as removed already
[28Feb2025 09:20:14.117] [Server thread/WARN] [net.minecraft.server.level.ServerLevel/]: Tried to add entity the_anomaly:anomaly_viewer but it was marked as removed already
[28Feb2025 09:20:14.267] [Server thread/WARN] [net.minecraft.server.level.ServerLevel/]: Tried to add entity the_anomaly:anomaly_viewer but it was marked as removed already
[28Feb2025 09:20:14.718] [Server thread/WARN] [net.minecraft.server.level.ServerLevel/]: Tried to add entity the_anomaly:anomaly_viewer but it was marked as removed already
[28Feb2025 09:20:14.767] [Server thread/WARN] [net.minecraft.server.level.ServerLevel/]: Tried to add entity the_anomaly:anomaly_escape but it was marked as removed already
[28Feb2025 09:20:14.918] [Server thread/WARN] [net.minecraft.server.level.ServerLevel/]: Tried to add entity the_anomaly:anomaly_trap but it was marked as removed already
[28Feb2025 09:20:15.118] [Server thread/WARN] [net.minecraft.server.level.ServerLevel/]: Tried to add entity the_anomaly:anomaly_trap but it was marked as removed already
[28Feb2025 09:20:15.217] [Server thread/WARN] [net.minecraft.server.level.ServerLevel/]: Tried to add entity the_anomaly:anomaly_escape but it was marked as removed already
[28Feb2025 09:20:15.318] [Server thread/WARN] [net.minecraft.server.level.ServerLevel/]: Tried to add entity the_anomaly:anomaly_escape but it was marked as removed already
[28Feb2025 09:20:15.318] [Server thread/WARN] [net.minecraft.server.level.ServerLevel/]: Tried to add entity the_anomaly:anomaly_trap but it was marked as removed already
[28Feb2025 09:20:15.318] [Server thread/WARN] [net.minecraft.server.level.ServerLevel/]: Tried to add entity the_anomaly:anomaly_trap but it was marked as removed already
[28Feb2025 09:20:15.918] [Server thread/WARN] [net.minecraft.server.level.ServerLevel/]: Tried to add entity the_anomaly:anomaly_trap but it was marked as removed already
[28Feb2025 09:20:16.167] [Server thread/WARN] [net.minecraft.server.level.ServerLevel/]: Tried to add entity the_anomaly:anomaly_viewer but it was marked as removed already
[28Feb2025 09:20:16.167] [Server thread/WARN] [net.minecraft.server.level.ServerLevel/]: Tried to add entity the_anomaly:anomaly_escape but it was marked as removed already
[28Feb2025 09:20:16.366] [Server thread/WARN] [net.minecraft.server.level.ServerLevel/]: Tried to add entity the_anomaly:anomaly_escape but it was marked as removed already
[28Feb2025 09:20:17.967] [Server thread/WARN] [net.minecraft.server.level.ServerLevel/]: Tried to add entity the_anomaly:anomaly_escape but it was marked as removed already
[28Feb2025 09:20:18.166] [Server thread/WARN] [net.minecraft.server.level.ServerLevel/]: Tried to add entity the_anomaly:anomaly_trap but it was marked as removed already
[28Feb2025 09:20:23.017] [Server thread/WARN] [net.minecraft.server.level.ServerLevel/]: Tried to add entity the_anomaly:anomaly_escape but it was marked as removed already
[28Feb2025 09:20:23.017] [Server thread/WARN] [net.minecraft.server.level.ServerLevel/]: Tried to add entity the_anomaly:anomaly_escape but it was marked as removed already
[28Feb2025 09:20:23.117] [Server thread/WARN] [net.minecraft.server.level.ServerLevel/]: Tried to add entity the_anomaly:anomaly_viewer but it was marked as removed already
[28Feb2025 09:20:25.517] [Server thread/WARN] [net.minecraft.server.level.ServerLevel/]: Tried to add entity the_anomaly:anomaly_viewer but it was marked as removed already
[28Feb2025 09:20:25.566] [Server thread/WARN] [net.minecraft.server.level.ServerLevel/]: Tried to add entity the_anomaly:anomaly_viewer but it was marked as removed already
[28Feb2025 09:20:26.317] [Server thread/WARN] [net.minecraft.server.level.ServerLevel/]: Tried to add entity the_anomaly:anomaly_escape but it was marked as removed already
[28Feb2025 09:20:26.467] [Server thread/WARN] [net.minecraft.server.level.ServerLevel/]: Tried to add entity the_anomaly:anomaly_trap but it was marked as removed already
[28Feb2025 09:20:26.518] [Server thread/WARN] [net.minecraft.server.level.ServerLevel/]: Tried to add entity the_anomaly:anomaly_escape but it was marked as removed already
[28Feb2025 09:20:26.767] [Server thread/WARN] [net.minecraft.server.level.ServerLevel/]: Tried to add entity the_anomaly:anomaly_trap but it was marked as removed already
[28Feb2025 09:20:27.117] [Server thread/WARN] [net.minecraft.server.level.ServerLevel/]: Tried to add entity the_anomaly:anomaly_escape but it was marked as removed already
[28Feb2025 09:20:27.916] [Server thread/WARN] [net.minecraft.server.level.ServerLevel/]: Tried to add entity the_anomaly:anomaly_escape but it was marked as removed already
[28Feb2025 09:20:28.067] [Server thread/WARN] [net.minecraft.server.level.ServerLevel/]: Tried to add entity the_anomaly:anomaly_escape but it was marked as removed already
[28Feb2025 09:20:28.217] [Server thread/WARN] [net.minecraft.server.level.ServerLevel/]: Tried to add entity the_anomaly:anomaly_escape but it was marked as removed already
[28Feb2025 09:20:28.316] [Server thread/WARN] [net.minecraft.server.level.ServerLevel/]: Tried to add entity the_anomaly:anomaly_escape but it was marked as removed already
[28Feb2025 09:20:28.667] [Server thread/WARN] [net.minecraft.server.level.ServerLevel/]: Tried to add entity the_anomaly:anomaly_escape but it was marked as removed already
[28Feb2025 09:20:29.267] [Server thread/WARN] [net.minecraft.server.level.ServerLevel/]: Tried to add entity the_anomaly:anomaly_escape but it was marked as removed already
[28Feb2025 09:20:29.916] [Server thread/WARN] [net.minecraft.server.level.ServerLevel/]: Tried to add entity the_anomaly:anomaly_trap but it was marked as removed already
[28Feb2025 09:20:30.416] [Server thread/WARN] [net.minecraft.server.level.ServerLevel/]: Tried to add entity the_anomaly:anomaly_trap but it was marked as removed already
[28Feb2025 09:20:30.466] [Server thread/WARN] [net.minecraft.server.level.ServerLevel/]: Tried to add entity the_anomaly:anomaly_viewer but it was marked as removed already
[28Feb2025 09:20:30.966] [Server thread/WARN] [net.minecraft.server.level.ServerLevel/]: Tried to add entity the_anomaly:anomaly_trap but it was marked as removed already
[28Feb2025 09:20:31.166] [Server thread/WARN] [net.minecraft.server.level.ServerLevel/]: Tried to add entity the_anomaly:anomaly_viewer but it was marked as removed already
[28Feb2025 09:20:31.217] [Server thread/WARN] [net.minecraft.server.level.ServerLevel/]: Tried to add entity the_anomaly:anomaly_viewer but it was marked as removed already
[28Feb2025 09:20:31.267] [Server thread/WARN] [net.minecraft.server.level.ServerLevel/]: Tried to add entity the_anomaly:anomaly_escape but it was marked as removed already
[28Feb2025 09:20:31.317] [Server thread/WARN] [net.minecraft.server.level.ServerLevel/]: Tried to add entity the_anomaly:anomaly_trap but it was marked as removed already
[28Feb2025 09:20:31.367] [Server thread/WARN] [net.minecraft.server.level.ServerLevel/]: Tried to add entity the_anomaly:anomaly_trap but it was marked as removed already
[28Feb2025 09:20:31.666] [Server thread/WARN] [net.minecraft.server.level.ServerLevel/]: Tried to add entity the_anomaly:anomaly_escape but it was marked as removed already
[28Feb2025 09:20:33.566] [Server thread/WARN] [net.minecraft.server.level.ServerLevel/]: Tried to add entity the_anomaly:anomaly_trap but it was marked as removed already
[28Feb2025 09:20:33.667] [Server thread/WARN] [net.minecraft.server.level.ServerLevel/]: Tried to add entity the_anomaly:anomaly_escape but it was marked as removed already
[28Feb2025 09:20:33.667] [Server thread/WARN] [net.minecraft.server.level.ServerLevel/]: Tried to add entity the_anomaly:anomaly_viewer but it was marked as removed already
[28Feb2025 09:20:33.717] [Server thread/WARN] [net.minecraft.server.level.ServerLevel/]: Tried to add entity the_anomaly:anomaly_escape but it was marked as removed already
[28Feb2025 09:20:34.118] [Server thread/WARN] [net.minecraft.server.level.ServerLevel/]: Tried to add entity the_anomaly:anomaly_visitor but it was marked as removed already
[28Feb2025 09:20:34.167] [Server thread/WARN] [net.minecraft.server.level.ServerLevel/]: Tried to add entity the_anomaly:anomaly_viewer but it was marked as removed already
[28Feb2025 09:20:37.717] [Server thread/WARN] [net.minecraft.server.level.ServerLevel/]: Tried to add entity the_anomaly:anomaly_escape but it was marked as removed already
[28Feb2025 09:20:37.767] [Server thread/WARN] [net.minecraft.server.level.ServerLevel/]: Tried to add entity the_anomaly:anomaly_trap but it was marked as removed already
[28Feb2025 09:20:43.967] [Server thread/WARN] [net.minecraft.server.level.ServerLevel/]: Tried to add entity the_anomaly:anomaly_trap but it was marked as removed already
[28Feb2025 09:20:45.316] [Server thread/WARN] [net.minecraft.server.level.ServerLevel/]: Tried to add entity the_anomaly:anomaly_visitor_2 but it was marked as removed already
[28Feb2025 09:20:45.368] [Server thread/WARN] [net.minecraft.server.level.ServerLevel/]: Tried to add entity the_anomaly:anomaly_escape but it was marked as removed already
[28Feb2025 09:20:48.866] [Server thread/WARN] [net.minecraft.server.level.ServerLevel/]: Tried to add entity the_anomaly:anomaly_trap but it was marked as removed already
[28Feb2025 09:20:48.916] [Server thread/WARN] [net.minecraft.server.level.ServerLevel/]: Tried to add entity the_anomaly:anomaly_escape but it was marked as removed already
[28Feb2025 09:20:48.917] [Server thread/WARN] [net.minecraft.server.level.ServerLevel/]: Tried to add entity the_anomaly:anomaly_viewer but it was marked as removed already
[28Feb2025 09:20:49.167] [Server thread/WARN] [net.minecraft.server.level.ServerLevel/]: Tried to add entity the_anomaly:anomaly_viewer but it was marked as removed already
[28Feb2025 09:20:49.517] [Server thread/WARN] [net.minecraft.server.level.ServerLevel/]: Tried to add entity the_anomaly:anomaly_trap but it was marked as removed already
[28Feb2025 09:20:49.666] [Server thread/WARN] [net.minecraft.server.level.ServerLevel/]: Tried to add entity the_anomaly:anomaly_viewer but it was marked as removed already
[28Feb2025 09:20:49.717] [Server thread/WARN] [net.minecraft.server.level.ServerLevel/]: Tried to add entity the_anomaly:anomaly_viewer but it was marked as removed already
[28Feb2025 09:20:49.816] [Server thread/WARN] [net.minecraft.server.level.ServerLevel/]: Tried to add entity the_anomaly:anomaly_viewer but it was marked as removed already
[28Feb2025 09:20:49.817] [Server thread/WARN] [net.minecraft.server.level.ServerLevel/]: Tried to add entity the_anomaly:anomaly_visitor but it was marked as removed already
[28Feb2025 09:20:49.917] [Server thread/WARN] [net.minecraft.server.level.ServerLevel/]: Tried to add entity the_anomaly:anomaly_trap but it was marked as removed already
[28Feb2025 09:20:50.017] [Server thread/WARN] [net.minecraft.server.level.ServerLevel/]: Tried to add entity the_anomaly:anomaly_trap but it was marked as removed already
[28Feb2025 09:20:50.167] [Server thread/WARN] [net.minecraft.server.level.ServerLevel/]: Tried to add entity the_anomaly:anomaly_trap but it was marked as removed already
[28Feb2025 09:20:50.516] [Server thread/WARN] [net.minecraft.server.level.ServerLevel/]: Tried to add entity the_anomaly:anomaly_trap but it was marked as removed already
[28Feb2025 09:20:50.567] [Server thread/WARN] [net.minecraft.server.level.ServerLevel/]: Tried to add entity the_anomaly:anomaly_escape but it was marked as removed already
[28Feb2025 09:20:50.666] [Server thread/WARN] [net.minecraft.server.level.ServerLevel/]: Tried to add entity the_anomaly:anomaly_viewer but it was marked as removed already
[28Feb2025 09:20:51.167] [Server thread/WARN] [net.minecraft.server.level.ServerLevel/]: Tried to add entity the_anomaly:anomaly_trap but it was marked as removed already
[28Feb2025 09:20:51.316] [Server thread/WARN] [net.minecraft.server.level.ServerLevel/]: Tried to add entity the_anomaly:anomaly_viewer but it was marked as removed already
[28Feb2025 09:20:51.467] [Server thread/WARN] [net.minecraft.server.level.ServerLevel/]: Tried to add entity the_anomaly:anomaly_trap but it was marked as removed already
[28Feb2025 09:20:53.377] [Server thread/INFO] [net.minecraftforge.common.AdvancementLoadFix/]: Using new advancement loading for net.minecraft.server.PlayerAdvancements@6881810d
[28Feb2025 09:20:53.380] [Server thread/INFO] [net.minecraft.server.players.PlayerList/]: YAMAPROSIH[/127.159.13.28:56667] logged in with entity id 33405 at (-66.1307885497553, 68.03104150205048, -126.91707075019606)
[28Feb2025 09:20:53.385] [Server thread/INFO] [net.minecraft.server.MinecraftServer/]: YAMAPROSIH joined the game
[28Feb2025 09:20:53.567] [Server thread/WARN] [net.minecraft.server.level.ServerLevel/]: Tried to add entity the_anomaly:anomaly_trap but it was marked as removed already
[28Feb2025 09:20:53.567] [Server thread/WARN] [net.minecraft.server.level.ServerLevel/]: Tried to add entity the_anomaly:anomaly_escape but it was marked as removed already
[28Feb2025 09:20:53.618] [Server thread/WARN] [net.minecraft.server.level.ServerLevel/]: Tried to add entity the_anomaly:anomaly_trap but it was marked as removed already
[28Feb2025 09:20:53.828] [Server thread/INFO] [net.minecraft.server.MinecraftServer/]: gamerku has made the advancement [Ice Bucket Challenge]
[28Feb2025 09:20:54.016] [Server thread/WARN] [net.minecraft.server.level.ServerLevel/]: Tried to add entity the_anomaly:anomaly_viewer but it was marked as removed already
[28Feb2025 09:20:55.617] [Server thread/WARN] [net.minecraft.server.level.ServerLevel/]: Tried to add entity the_anomaly:anomaly_escape but it was marked as removed already
[28Feb2025 09:20:55.667] [Server thread/WARN] [net.minecraft.server.level.ServerLevel/]: Tried to add entity the_anomaly:anomaly_escape but it was marked as removed already
[28Feb2025 09:20:56.316] [Server thread/WARN] [net.minecraft.server.level.ServerLevel/]: Tried to add entity the_anomaly:anomaly_trap but it was marked as removed already
[28Feb2025 09:20:57.467] [Server thread/WARN] [net.minecraft.server.level.ServerLevel/]: Tried to add entity the_anomaly:anomaly_viewer but it was marked as removed already
[28Feb2025 09:20:59.217] [Server thread/WARN] [net.minecraft.server.level.ServerLevel/]: Tried to add entity the_anomaly:anomaly_escape but it was marked as removed already
[28Feb2025 09:21:03.316] [Server thread/WARN] [net.minecraft.server.level.ServerLevel/]: Tried to add entity the_anomaly:anomaly_escape but it was marked as removed already
[28Feb2025 09:21:03.467] [Server thread/WARN] [net.minecraft.server.level.ServerLevel/]: Tried to add entity the_anomaly:anomaly_escape but it was marked as removed already
[28Feb2025 09:21:03.467] [Server thread/WARN] [net.minecraft.server.level.ServerLevel/]: Tried to add entity the_anomaly:anomaly_viewer but it was marked as removed already
[28Feb2025 09:21:04.217] [Server thread/WARN] [net.minecraft.server.level.ServerLevel/]: Tried to add entity the_anomaly:anomaly_trap but it was marked as removed already
[28Feb2025 09:21:04.517] [Server thread/WARN] [net.minecraft.server.level.ServerLevel/]: Tried to add entity the_anomaly:anomaly_escape but it was marked as removed already
[28Feb2025 09:21:05.167] [Server thread/WARN] [net.minecraft.server.level.ServerLevel/]: Tried to add entity the_anomaly:anomaly_trap but it was marked as removed already
[28Feb2025 09:21:05.167] [Server thread/WARN] [net.minecraft.server.level.ServerLevel/]: Tried to add entity the_anomaly:anomaly_escape but it was marked as removed already
[28Feb2025 09:21:05.266] [Server thread/WARN] [net.minecraft.server.level.ServerLevel/]: Tried to add entity the_anomaly:anomaly_escape but it was marked as removed already
[28Feb2025 09:21:05.367] [Server thread/WARN] [net.minecraft.server.level.ServerLevel/]: Tried to add entity the_anomaly:anomaly_viewer but it was marked as removed already
[28Feb2025 09:21:05.467] [Server thread/WARN] [net.minecraft.server.level.ServerLevel/]: Tried to add entity the_anomaly:anomaly_escape but it was marked as removed already
[28Feb2025 09:21:05.617] [Server thread/WARN] [net.minecraft.server.level.ServerLevel/]: Tried to add entity the_anomaly:anomaly_viewer but it was marked as removed already
[28Feb2025 09:21:05.666] [Server thread/WARN] [net.minecraft.server.level.ServerLevel/]: Tried to add entity the_anomaly:anomaly_viewer but it was marked as removed already
[28Feb2025 09:21:06.517] [Server thread/WARN] [net.minecraft.server.level.ServerLevel/]: Tried to add entity the_anomaly:anomaly_viewer but it was marked as removed already
[28Feb2025 09:21:07.416] [Server thread/WARN] [net.minecraft.server.level.ServerLevel/]: Tried to add entity the_anomaly:anomaly_trap but it was marked as removed already
[28Feb2025 09:21:07.516] [Server thread/WARN] [net.minecraft.server.level.ServerLevel/]: Tried to add entity the_anomaly:anomaly_escape but it was marked as removed already
[28Feb2025 09:21:11.426] [Server thread/INFO] [net.minecraft.server.MinecraftServer/]: [YAMAPROSIH: Teleported YAMAPROSIH to Achbar]
[28Feb2025 09:21:12.317] [Server thread/WARN] [net.minecraft.server.level.ServerLevel/]: Tried to add entity the_anomaly:anomaly_trap but it was marked as removed already
[28Feb2025 09:21:12.366] [Server thread/WARN] [net.minecraft.server.level.ServerLevel/]: Tried to add entity the_anomaly:anomaly_viewer but it was marked as removed already
[28Feb2025 09:21:12.517] [Server thread/WARN] [net.minecraft.server.level.ServerLevel/]: Tried to add entity the_anomaly:anomaly_viewer but it was marked as removed already
[28Feb2025 09:21:12.567] [Server thread/WARN] [net.minecraft.server.level.ServerLevel/]: Tried to add entity the_anomaly:anomaly_viewer but it was marked as removed already
[28Feb2025 09:21:12.617] [Server thread/WARN] [net.minecraft.server.level.ServerLevel/]: Tried to add entity the_anomaly:anomaly_viewer but it was marked as removed already
[28Feb2025 09:21:12.617] [Server thread/WARN] [net.minecraft.server.level.ServerLevel/]: Tried to add entity the_anomaly:anomaly_viewer but it was marked as removed already
[28Feb2025 09:21:14.927] [Server thread/INFO] [net.minecraft.server.MinecraftServer/]: [Not Secure] <YAMAPROSIH> TEST
[28Feb2025 09:21:16.217] [Server thread/WARN] [net.minecraft.server.level.ServerLevel/]: Tried to add entity the_anomaly:anomaly_viewer but it was marked as removed already
[28Feb2025 09:21:16.317] [Server thread/WARN] [net.minecraft.server.level.ServerLevel/]: Tried to add entity the_anomaly:anomaly_trap but it was marked as removed already
[28Feb2025 09:21:16.380] [Server thread/INFO] [net.minecraft.server.MinecraftServer/]: [Not Secure] <YAMAPROSIH> MANUKSS
[28Feb2025 09:21:16.416] [Server thread/WARN] [net.minecraft.server.level.ServerLevel/]: Tried to add entity the_anomaly:anomaly_escape but it was marked as removed already
[28Feb2025 09:21:16.717] [Server thread/WARN] [net.minecraft.server.level.ServerLevel/]: Tried to add entity the_anomaly:anomaly_trap but it was marked as removed already
[28Feb2025 09:21:16.816] [Server thread/WARN] [net.minecraft.server.level.ServerLevel/]: Tried to add entity the_anomaly:anomaly_escape but it was marked as removed already
[28Feb2025 09:21:17.316] [Server thread/WARN] [net.minecraft.server.level.ServerLevel/]: Tried to add entity the_anomaly:anomaly_viewer but it was marked as removed already
[28Feb2025 09:21:17.517] [Server thread/WARN] [net.minecraft.server.level.ServerLevel/]: Tried to add entity the_anomaly:anomaly_escape but it was marked as removed already
[28Feb2025 09:21:17.566] [Server thread/WARN] [net.minecraft.server.level.ServerLevel/]: Tried to add entity the_anomaly:anomaly_trap but it was marked as removed already
[28Feb2025 09:21:17.567] [Server thread/WARN] [net.minecraft.server.level.ServerLevel/]: Tried to add entity the_anomaly:anomaly_viewer but it was marked as removed already
[28Feb2025 09:21:17.666] [Server thread/WARN] [net.minecraft.server.level.ServerLevel/]: Tried to add entity the_anomaly:anomaly_viewer but it was marked as removed already
[28Feb2025 09:21:17.816] [Server thread/WARN] [net.minecraft.server.level.ServerLevel/]: Tried to add entity the_anomaly:anomaly_viewer but it was marked as removed already
[28Feb2025 09:21:18.017] [Server thread/WARN] [net.minecraft.server.level.ServerLevel/]: Tried to add entity the_anomaly:anomaly_trap but it was marked as removed already
[28Feb2025 09:21:18.118] [Server thread/WARN] [net.minecraft.server.level.ServerLevel/]: Tried to add entity the_anomaly:anomaly_trap but it was marked as removed already
[28Feb2025 09:21:18.367] [Server thread/WARN] [net.minecraft.server.level.ServerLevel/]: Tried to add entity the_anomaly:anomaly_escape but it was marked as removed already
[28Feb2025 09:21:18.517] [Server thread/WARN] [net.minecraft.server.level.ServerLevel/]: Tried to add entity the_anomaly:anomaly_escape but it was marked as removed already
[28Feb2025 09:21:18.567] [Server thread/WARN] [net.minecraft.server.level.ServerLevel/]: Tried to add entity the_anomaly:anomaly_viewer but it was marked as removed already
[28Feb2025 09:21:18.716] [Server thread/WARN] [net.minecraft.server.level.ServerLevel/]: Tried to add entity the_anomaly:anomaly_escape but it was marked as removed already
[28Feb2025 09:21:19.016] [Server thread/WARN] [net.minecraft.server.level.ServerLevel/]: Tried to add entity the_anomaly:anomaly_escape but it was marked as removed already
[28Feb2025 09:21:19.116] [Server thread/WARN] [net.minecraft.server.level.ServerLevel/]: Tried to add entity the_anomaly:anomaly_trap but it was marked as removed already
[28Feb2025 09:21:19.166] [Server thread/WARN] [net.minecraft.server.level.ServerLevel/]: Tried to add entity the_anomaly:anomaly_escape but it was marked as removed already
[28Feb2025 09:21:19.179] [Server thread/INFO] [net.minecraft.server.MinecraftServer/]: [Not Secure] <YAMAPROSIH> BIJHI
[28Feb2025 09:21:23.667] [Server thread/WARN] [net.minecraft.server.level.ServerLevel/]: Tried to add entity the_anomaly:anomaly_escape but it was marked as removed already
[28Feb2025 09:21:23.817] [Server thread/WARN] [net.minecraft.server.level.ServerLevel/]: Tried to add entity the_anomaly:anomaly_trap but it was marked as removed already
[28Feb2025 09:21:23.867] [Server thread/WARN] [net.minecraft.server.level.ServerLevel/]: Tried to add entity the_anomaly:anomaly_trap but it was marked as removed already
[28Feb2025 09:21:23.917] [Server thread/WARN] [net.minecraft.server.level.ServerLevel/]: Tried to add entity the_anomaly:anomaly_viewer but it was marked as removed already
[28Feb2025 09:21:25.467] [Server thread/WARN] [net.minecraft.server.level.ServerLevel/]: Tried to add entity the_anomaly:anomaly_trap but it was marked as removed already
[28Feb2025 09:21:26.077] [Server thread/INFO] [net.minecraft.server.network.ServerGamePacketListenerImpl/]: YAMAPROSIH lost connection: Timed out
[28Feb2025 09:21:26.077] [Server thread/INFO] [net.minecraft.server.MinecraftServer/]: YAMAPROSIH left the game
[28Feb2025 09:21:26.766] [Server thread/WARN] [net.minecraft.server.level.ServerLevel/]: Tried to add entity the_anomaly:anomaly_trap but it was marked as removed already
[28Feb2025 09:21:27.017] [Server thread/WARN] [net.minecraft.server.level.ServerLevel/]: Tried to add entity the_anomaly:anomaly_trap but it was marked as removed already
[28Feb2025 09:21:27.017] [Server thread/WARN] [net.minecraft.server.level.ServerLevel/]: Tried to add entity the_anomaly:anomaly_escape but it was marked as removed already
[28Feb2025 09:21:27.116] [Server thread/WARN] [net.minecraft.server.level.ServerLevel/]: Tried to add entity the_anomaly:anomaly_trap but it was marked as removed already
[28Feb2025 09:21:27.266] [Server thread/WARN] [net.minecraft.server.level.ServerLevel/]: Tried to add entity the_anomaly:anomaly_escape but it was marked as removed already
[28Feb2025 09:21:28.386] [Server thread/INFO] [net.minecraft.server.MinecraftServer/]: gamerku fell out of the world
[28Feb2025 09:21:28.386] [Server thread/INFO] [net.minecraft.server.MinecraftServer/]: [Achbar: Killed gamerku]
[28Feb2025 09:21:30.517] [Server thread/WARN] [net.minecraft.server.level.ServerLevel/]: Tried to add entity the_anomaly:anomaly_escape but it was marked as removed already
[28Feb2025 09:21:30.717] [Server thread/WARN] [net.minecraft.server.level.ServerLevel/]: Tried to add entity the_anomaly:anomaly_trap but it was marked as removed already
[28Feb2025 09:21:32.566] [Server thread/WARN] [net.minecraft.server.level.ServerLevel/]: Tried to add entity the_anomaly:anomaly_viewer but it was marked as removed already
[28Feb2025 09:21:32.716] [Server thread/WARN] [net.minecraft.server.level.ServerLevel/]: Tried to add entity the_anomaly:anomaly_viewer but it was marked as removed already
[28Feb2025 09:21:32.716] [Server thread/WARN] [net.minecraft.server.level.ServerLevel/]: Tried to add entity the_anomaly:anomaly_viewer but it was marked as removed already
[28Feb2025 09:21:32.767] [Server thread/WARN] [net.minecraft.server.level.ServerLevel/]: Tried to add entity the_anomaly:anomaly_escape but it was marked as removed already
[28Feb2025 09:21:34.417] [Server thread/WARN] [net.minecraft.server.level.ServerLevel/]: Tried to add entity the_anomaly:anomaly_escape but it was marked as removed already
[28Feb2025 09:21:39.067] [Server thread/WARN] [net.minecraft.server.level.ServerLevel/]: Tried to add entity the_anomaly:anomaly_escape but it was marked as removed already
[28Feb2025 09:21:39.217] [Server thread/WARN] [net.minecraft.server.level.ServerLevel/]: Tried to add entity the_anomaly:anomaly_viewer but it was marked as removed already
[28Feb2025 09:21:43.516] [Server thread/WARN] [net.minecraft.server.level.ServerLevel/]: Tried to add entity the_anomaly:anomaly_viewer but it was marked as removed already
[28Feb2025 09:21:43.617] [Server thread/WARN] [net.minecraft.server.level.ServerLevel/]: Tried to add entity the_anomaly:anomaly_trap but it was marked as removed already
[28Feb2025 09:21:43.716] [Server thread/WARN] [net.minecraft.server.level.ServerLevel/]: Tried to add entity the_anomaly:anomaly_escape but it was marked as removed already
[28Feb2025 09:21:43.966] [Server thread/WARN] [net.minecraft.server.level.ServerLevel/]: Tried to add entity the_anomaly:anomaly_viewer but it was marked as removed already
[28Feb2025 09:21:44.617] [Server thread/WARN] [net.minecraft.server.level.ServerLevel/]: Tried to add entity the_anomaly:anomaly_viewer but it was marked as removed already
[28Feb2025 09:21:46.367] [Server thread/WARN] [net.minecraft.server.level.ServerLevel/]: Tried to add entity the_anomaly:anomaly_trap but it was marked as removed already
[28Feb2025 09:21:47.516] [Server thread/WARN] [net.minecraft.server.level.ServerLevel/]: Tried to add entity the_anomaly:anomaly_viewer but it was marked as removed already
[28Feb2025 09:21:47.566] [Server thread/WARN] [net.minecraft.server.level.ServerLevel/]: Tried to add entity the_anomaly:anomaly_viewer but it was marked as removed already
[28Feb2025 09:21:49.266] [Server thread/WARN] [net.minecraft.server.level.ServerLevel/]: Tried to add entity the_anomaly:anomaly_escape but it was marked as removed already
[28Feb2025 09:21:49.817] [Server thread/WARN] [net.minecraft.server.level.ServerLevel/]: Tried to add entity the_anomaly:anomaly_trap but it was marked as removed already
[28Feb2025 09:21:51.717] [Server thread/WARN] [net.minecraft.server.level.ServerLevel/]: Tried to add entity the_anomaly:anomaly_viewer but it was marked as removed already
[28Feb2025 09:21:51.767] [Server thread/WARN] [net.minecraft.server.level.ServerLevel/]: Tried to add entity the_anomaly:anomaly_escape but it was marked as removed already
[28Feb2025 09:21:51.767] [Server thread/WARN] [net.minecraft.server.level.ServerLevel/]: Tried to add entity the_anomaly:anomaly_escape but it was marked as removed already
[28Feb2025 09:21:51.967] [Server thread/WARN] [net.minecraft.server.level.ServerLevel/]: Tried to add entity the_anomaly:anomaly_trap but it was marked as removed already
[28Feb2025 09:21:52.067] [Server thread/WARN] [net.minecraft.server.level.ServerLevel/]: Tried to add entity the_anomaly:anomaly_escape but it was marked as removed already
[28Feb2025 09:21:52.068] [Server thread/WARN] [net.minecraft.server.level.ServerLevel/]: Tried to add entity the_anomaly:anomaly_viewer but it was marked as removed already
[28Feb2025 09:21:54.317] [Server thread/WARN] [net.minecraft.server.level.ServerLevel/]: Tried to add entity the_anomaly:anomaly_escape but it was marked as removed already
[28Feb2025 09:21:55.526] [Server thread/INFO] [net.minecraftforge.common.AdvancementLoadFix/]: Using new advancement loading for net.minecraft.server.PlayerAdvancements@640533af
[28Feb2025 09:21:55.529] [Server thread/INFO] [net.minecraft.server.players.PlayerList/]: YAMAPROSIH[/127.159.13.28:34689] logged in with entity id 33785 at (-62.0073635723737, 80.78029066665894, -108.03786598331573)
[28Feb2025 09:21:55.534] [Server thread/INFO] [net.minecraft.server.MinecraftServer/]: YAMAPROSIH joined the game
[28Feb2025 09:21:55.912] [Server thread/INFO] [net.minecraft.server.MinecraftServer/]: gamerku fell out of the world
[28Feb2025 09:21:55.913] [Server thread/INFO] [net.minecraft.server.MinecraftServer/]: [Achbar: Killed gamerku]
[28Feb2025 09:21:59.417] [Server thread/WARN] [net.minecraft.server.level.ServerLevel/]: Tried to add entity the_anomaly:anomaly_viewer but it was marked as removed already
[28Feb2025 09:21:59.467] [Server thread/WARN] [net.minecraft.server.level.ServerLevel/]: Tried to add entity the_anomaly:anomaly_viewer but it was marked as removed already
[28Feb2025 09:21:59.516] [Server thread/WARN] [net.minecraft.server.level.ServerLevel/]: Tried to add entity the_anomaly:anomaly_viewer but it was marked as removed already
[28Feb2025 09:21:59.517] [Server thread/WARN] [net.minecraft.server.level.ServerLevel/]: Tried to add entity the_anomaly:anomaly_trap but it was marked as removed already
[28Feb2025 09:21:59.566] [Server thread/WARN] [net.minecraft.server.level.ServerLevel/]: Tried to add entity the_anomaly:anomaly_escape but it was marked as removed already
[28Feb2025 09:22:01.089] [Server thread/INFO] [net.minecraft.server.MinecraftServer/]: [gamerku: Kicked Achbar: Kicked by an operator]
[28Feb2025 09:22:01.121] [Server thread/INFO] [net.minecraft.server.network.ServerGamePacketListenerImpl/]: Achbar lost connection: Kicked by an operator
[28Feb2025 09:22:01.121] [Server thread/INFO] [net.minecraft.server.MinecraftServer/]: Achbar left the game
[28Feb2025 09:22:01.216] [Server thread/WARN] [net.minecraft.server.level.ServerLevel/]: Tried to add entity the_anomaly:anomaly_escape but it was marked as removed already
[28Feb2025 09:22:01.267] [Server thread/WARN] [net.minecraft.server.level.ServerLevel/]: Tried to add entity the_anomaly:anomaly_escape but it was marked as removed already
[28Feb2025 09:22:01.317] [Server thread/WARN] [net.minecraft.server.level.ServerLevel/]: Tried to add entity the_anomaly:anomaly_trap but it was marked as removed already
[28Feb2025 09:22:01.368] [Server thread/WARN] [net.minecraft.server.level.ServerLevel/]: Tried to add entity the_anomaly:anomaly_viewer but it was marked as removed already
[28Feb2025 09:22:01.717] [Server thread/WARN] [net.minecraft.server.level.ServerLevel/]: Tried to add entity the_anomaly:anomaly_viewer but it was marked as removed already
[28Feb2025 09:22:01.867] [Server thread/WARN] [net.minecraft.server.level.ServerLevel/]: Tried to add entity the_anomaly:anomaly_trap but it was marked as removed already
[28Feb2025 09:22:01.917] [Server thread/WARN] [net.minecraft.server.level.ServerLevel/]: Tried to add entity the_anomaly:anomaly_trap but it was marked as removed already
[28Feb2025 09:22:01.917] [Server thread/WARN] [net.minecraft.server.level.ServerLevel/]: Tried to add entity the_anomaly:anomaly_viewer but it was marked as removed already
[28Feb2025 09:22:02.117] [Server thread/WARN] [net.minecraft.server.level.ServerLevel/]: Tried to add entity the_anomaly:anomaly_trap but it was marked as removed already
[28Feb2025 09:22:02.167] [Server thread/WARN] [net.minecraft.server.level.ServerLevel/]: Tried to add entity the_anomaly:anomaly_trap but it was marked as removed already
[28Feb2025 09:22:03.667] [Server thread/WARN] [net.minecraft.server.level.ServerLevel/]: Tried to add entity the_anomaly:anomaly_escape but it was marked as removed already
[28Feb2025 09:22:05.916] [Server thread/WARN] [net.minecraft.server.level.ServerLevel/]: Tried to add entity the_anomaly:anomaly_trap but it was marked as removed already
[28Feb2025 09:22:05.916] [Server thread/WARN] [net.minecraft.server.level.ServerLevel/]: Tried to add entity the_anomaly:anomaly_escape but it was marked as removed already
[28Feb2025 09:22:06.117] [Server thread/WARN] [net.minecraft.server.level.ServerLevel/]: Tried to add entity the_anomaly:anomaly_viewer but it was marked as removed already
[28Feb2025 09:22:06.617] [Server thread/WARN] [net.minecraft.server.level.ServerLevel/]: Tried to add entity the_anomaly:anomaly_escape but it was marked as removed already
[28Feb2025 09:22:08.627] [Server thread/INFO] [net.minecraftforge.common.AdvancementLoadFix/]: Using new advancement loading for net.minecraft.server.PlayerAdvancements@39822a0
[28Feb2025 09:22:08.630] [Server thread/INFO] [net.minecraft.server.players.PlayerList/]: Achbar[/127.95.219.121:57257] logged in with entity id 33882 at (-73.30000001192093, 67.0, -112.57249472128477)
[28Feb2025 09:22:08.636] [Server thread/INFO] [net.minecraft.server.MinecraftServer/]: Achbar joined the game
[28Feb2025 09:22:09.667] [Server thread/WARN] [net.minecraft.server.level.ServerLevel/]: Tried to add entity the_anomaly:anomaly_trap but it was marked as removed already
[28Feb2025 09:22:09.668] [Server thread/WARN] [net.minecraft.server.level.ServerLevel/]: Tried to add entity the_anomaly:anomaly_trap but it was marked as removed already
[28Feb2025 09:22:10.568] [Server thread/WARN] [net.minecraft.server.level.ServerLevel/]: Tried to add entity the_anomaly:anomaly_viewer but it was marked as removed already
[28Feb2025 09:22:12.966] [Server thread/WARN] [net.minecraft.server.level.ServerLevel/]: Tried to add entity the_anomaly:anomaly_viewer but it was marked as removed already
[28Feb2025 09:22:13.016] [Server thread/WARN] [net.minecraft.server.level.ServerLevel/]: Tried to add entity the_anomaly:anomaly_viewer but it was marked as removed already
[28Feb2025 09:22:17.618] [Server thread/WARN] [net.minecraft.server.level.ServerLevel/]: Tried to add entity the_anomaly:anomaly_trap but it was marked as removed already
[28Feb2025 09:22:17.716] [Server thread/WARN] [net.minecraft.server.level.ServerLevel/]: Tried to add entity the_anomaly:anomaly_viewer but it was marked as removed already
[28Feb2025 09:22:17.766] [Server thread/WARN] [net.minecraft.server.level.ServerLevel/]: Tried to add entity the_anomaly:anomaly_viewer but it was marked as removed already
[28Feb2025 09:22:17.867] [Server thread/WARN] [net.minecraft.server.level.ServerLevel/]: Tried to add entity the_anomaly:anomaly_viewer but it was marked as removed already
[28Feb2025 09:22:17.917] [Server thread/WARN] [net.minecraft.server.level.ServerLevel/]: Tried to add entity the_anomaly:anomaly_escape but it was marked as removed already
[28Feb2025 09:22:18.067] [Server thread/WARN] [net.minecraft.server.level.ServerLevel/]: Tried to add entity the_anomaly:anomaly_escape but it was marked as removed already
[28Feb2025 09:22:18.118] [Server thread/WARN] [net.minecraft.server.level.ServerLevel/]: Tried to add entity the_anomaly:anomaly_escape but it was marked as removed already
[28Feb2025 09:22:18.167] [Server thread/WARN] [net.minecraft.server.level.ServerLevel/]: Tried to add entity the_anomaly:anomaly_escape but it was marked as removed already
[28Feb2025 09:22:18.217] [Server thread/WARN] [net.minecraft.server.level.ServerLevel/]: Tried to add entity the_anomaly:anomaly_escape but it was marked as removed already
[28Feb2025 09:22:18.267] [Server thread/WARN] [net.minecraft.server.level.ServerLevel/]: Tried to add entity the_anomaly:anomaly_escape but it was marked as removed already
[28Feb2025 09:22:18.366] [Server thread/WARN] [net.minecraft.server.level.ServerLevel/]: Tried to add entity the_anomaly:anomaly_viewer but it was marked as removed already
[28Feb2025 09:22:18.367] [Server thread/WARN] [net.minecraft.server.level.ServerLevel/]: Tried to add entity the_anomaly:anomaly_escape but it was marked as removed already
[28Feb2025 09:22:18.416] [Server thread/WARN] [net.minecraft.server.level.ServerLevel/]: Tried to add entity the_anomaly:anomaly_viewer but it was marked as removed already
[28Feb2025 09:22:18.467] [Server thread/WARN] [net.minecraft.server.level.ServerLevel/]: Tried to add entity the_anomaly:anomaly_viewer but it was marked as removed already
[28Feb2025 09:22:18.568] [Server thread/WARN] [net.minecraft.server.level.ServerLevel/]: Tried to add entity the_anomaly:anomaly_escape but it was marked as removed already
[28Feb2025 09:22:19.566] [Server thread/WARN] [net.minecraft.server.level.ServerLevel/]: Tried to add entity the_anomaly:anomaly_viewer but it was marked as removed already
[28Feb2025 09:22:19.617] [Server thread/WARN] [net.minecraft.server.level.ServerLevel/]: Tried to add entity the_anomaly:anomaly_escape but it was marked as removed already
[28Feb2025 09:22:20.566] [Server thread/WARN] [net.minecraft.server.level.ServerLevel/]: Tried to add entity the_anomaly:anomaly_viewer but it was marked as removed already
[28Feb2025 09:22:22.217] [Server thread/WARN] [net.minecraft.server.level.ServerLevel/]: Tried to add entity the_anomaly:anomaly_viewer but it was marked as removed already
[28Feb2025 09:22:25.116] [Server thread/WARN] [net.minecraft.server.level.ServerLevel/]: Tried to add entity the_anomaly:anomaly_escape but it was marked as removed already
[28Feb2025 09:22:25.166] [Server thread/WARN] [net.minecraft.server.level.ServerLevel/]: Tried to add entity the_anomaly:anomaly_escape but it was marked as removed already
[28Feb2025 09:22:25.217] [Server thread/WARN] [net.minecraft.server.level.ServerLevel/]: Tried to add entity the_anomaly:anomaly_escape but it was marked as removed already
[28Feb2025 09:22:25.317] [Server thread/WARN] [net.minecraft.server.level.ServerLevel/]: Tried to add entity the_anomaly:anomaly_escape but it was marked as removed already
[28Feb2025 09:22:25.367] [Server thread/WARN] [net.minecraft.server.level.ServerLevel/]: Tried to add entity the_anomaly:anomaly_escape but it was marked as removed already
[28Feb2025 09:22:25.417] [Server thread/WARN] [net.minecraft.server.level.ServerLevel/]: Tried to add entity the_anomaly:anomaly_escape but it was marked as removed already
[28Feb2025 09:22:25.617] [Server thread/WARN] [net.minecraft.server.level.ServerLevel/]: Tried to add entity the_anomaly:anomaly_viewer but it was marked as removed already
[28Feb2025 09:22:25.617] [Server thread/WARN] [net.minecraft.server.level.ServerLevel/]: Tried to add entity the_anomaly:anomaly_viewer but it was marked as removed already
[28Feb2025 09:22:25.667] [Server thread/WARN] [net.minecraft.server.level.ServerLevel/]: Tried to add entity the_anomaly:anomaly_escape but it was marked as removed already
[28Feb2025 09:22:25.717] [Server thread/WARN] [net.minecraft.server.level.ServerLevel/]: Tried to add entity the_anomaly:anomaly_trap but it was marked as removed already
[28Feb2025 09:22:25.967] [Server thread/WARN] [net.minecraft.server.level.ServerLevel/]: Tried to add entity the_anomaly:anomaly_escape but it was marked as removed already
[28Feb2025 09:22:26.067] [Server thread/WARN] [net.minecraft.server.level.ServerLevel/]: Tried to add entity the_anomaly:anomaly_viewer but it was marked as removed already
[28Feb2025 09:22:26.117] [Server thread/WARN] [net.minecraft.server.level.ServerLevel/]: Tried to add entity the_anomaly:anomaly_escape but it was marked as removed already
[28Feb2025 09:22:27.028] [Server thread/INFO] [net.minecraft.server.network.ServerGamePacketListenerImpl/]: YAMAPROSIH lost connection: Timed out
[28Feb2025 09:22:27.028] [Server thread/INFO] [net.minecraft.server.MinecraftServer/]: YAMAPROSIH left the game
[28Feb2025 09:22:28.267] [Server thread/WARN] [net.minecraft.server.level.ServerLevel/]: Tried to add entity the_anomaly:anomaly_escape but it was marked as removed already
[28Feb2025 09:22:28.267] [Server thread/WARN] [net.minecraft.server.level.ServerLevel/]: Tried to add entity the_anomaly:anomaly_viewer but it was marked as removed already
[28Feb2025 09:22:28.466] [Server thread/WARN] [net.minecraft.server.level.ServerLevel/]: Tried to add entity the_anomaly:anomaly_viewer but it was marked as removed already
[28Feb2025 09:22:28.567] [Server thread/WARN] [net.minecraft.server.level.ServerLevel/]: Tried to add entity the_anomaly:anomaly_escape but it was marked as removed already
[28Feb2025 09:22:29.416] [Server thread/WARN] [net.minecraft.server.level.ServerLevel/]: Tried to add entity the_anomaly:anomaly_trap but it was marked as removed already
[28Feb2025 09:22:29.467] [Server thread/WARN] [net.minecraft.server.level.ServerLevel/]: Tried to add entity the_anomaly:anomaly_escape but it was marked as removed already
[28Feb2025 09:22:30.067] [Server thread/WARN] [net.minecraft.server.level.ServerLevel/]: Tried to add entity the_anomaly:anomaly_trap but it was marked as removed already
[28Feb2025 09:22:30.116] [Server thread/WARN] [net.minecraft.server.level.ServerLevel/]: Tried to add entity the_anomaly:anomaly_viewer but it was marked as removed already
[28Feb2025 09:22:30.167] [Server thread/WARN] [net.minecraft.server.level.ServerLevel/]: Tried to add entity the_anomaly:anomaly_visitor_2 but it was marked as removed already
[28Feb2025 09:22:30.367] [Server thread/WARN] [net.minecraft.server.level.ServerLevel/]: Tried to add entity the_anomaly:anomaly_escape but it was marked as removed already
[28Feb2025 09:22:30.567] [Server thread/WARN] [net.minecraft.server.level.ServerLevel/]: Tried to add entity the_anomaly:anomaly_trap but it was marked as removed already
[28Feb2025 09:22:33.716] [Server thread/WARN] [net.minecraft.server.level.ServerLevel/]: Tried to add entity the_anomaly:anomaly_visitor_2 but it was marked as removed already
[28Feb2025 09:22:34.416] [Server thread/WARN] [net.minecraft.server.level.ServerLevel/]: Tried to add entity the_anomaly:anomaly_trap but it was marked as removed already
[28Feb2025 09:22:36.967] [Server thread/WARN] [net.minecraft.server.level.ServerLevel/]: Tried to add entity the_anomaly:anomaly_trap but it was marked as removed already
[28Feb2025 09:22:36.968] [Server thread/WARN] [net.minecraft.server.level.ServerLevel/]: Tried to add entity the_anomaly:anomaly_viewer but it was marked as removed already
[28Feb2025 09:22:37.117] [Server thread/WARN] [net.minecraft.server.level.ServerLevel/]: Tried to add entity the_anomaly:anomaly_escape but it was marked as removed already
[28Feb2025 09:22:37.167] [Server thread/WARN] [net.minecraft.server.level.ServerLevel/]: Tried to add entity the_anomaly:anomaly_trap but it was marked as removed already
[28Feb2025 09:22:38.271] [Server thread/INFO] [net.minecraft.server.network.ServerGamePacketListenerImpl/]: gamerku lost connection: Timed out
[28Feb2025 09:22:38.271] [Server thread/INFO] [net.minecraft.server.MinecraftServer/]: gamerku left the game
[28Feb2025 09:22:39.367] [Server thread/WARN] [net.minecraft.server.level.ServerLevel/]: Tried to add entity the_anomaly:anomaly_viewer but it was marked as removed already
[28Feb2025 09:22:39.417] [Server thread/WARN] [net.minecraft.server.level.ServerLevel/]: Tried to add entity the_anomaly:anomaly_visitor_2 but it was marked as removed already
[28Feb2025 09:22:40.217] [Server thread/WARN] [net.minecraft.server.level.ServerLevel/]: Tried to add entity the_anomaly:anomaly_escape but it was marked as removed already
[28Feb2025 09:22:40.317] [Server thread/WARN] [net.minecraft.server.level.ServerLevel/]: Tried to add entity the_anomaly:anomaly_escape but it was marked as removed already
[28Feb2025 09:22:42.716] [Server thread/WARN] [net.minecraft.server.level.ServerLevel/]: Tried to add entity the_anomaly:anomaly_viewer but it was marked as removed already
[28Feb2025 09:22:42.766] [Server thread/WARN] [net.minecraft.server.level.ServerLevel/]: Tried to add entity the_anomaly:anomaly_trap but it was marked as removed already
[28Feb2025 09:22:42.917] [Server thread/WARN] [net.minecraft.server.level.ServerLevel/]: Tried to add entity the_anomaly:anomaly_escape but it was marked as removed already
[28Feb2025 09:22:43.017] [Server thread/WARN] [net.minecraft.server.level.ServerLevel/]: Tried to add entity the_anomaly:anomaly_viewer but it was marked as removed already
[28Feb2025 09:22:43.267] [Server thread/WARN] [net.minecraft.server.level.ServerLevel/]: Tried to add entity the_anomaly:anomaly_escape but it was marked as removed already
[28Feb2025 09:22:45.717] [Server thread/WARN] [net.minecraft.server.level.ServerLevel/]: Tried to add entity the_anomaly:anomaly_escape but it was marked as removed already
[28Feb2025 09:22:48.216] [Server thread/WARN] [net.minecraft.server.level.ServerLevel/]: Tried to add entity the_anomaly:anomaly_escape but it was marked as removed already
[28Feb2025 09:22:48.268] [Server thread/WARN] [net.minecraft.server.level.ServerLevel/]: Tried to add entity the_anomaly:anomaly_viewer but it was marked as removed already
[28Feb2025 09:22:48.767] [Server thread/WARN] [net.minecraft.server.level.ServerLevel/]: Tried to add entity the_anomaly:anomaly_visitor but it was marked as removed already
[28Feb2025 09:22:48.767] [Server thread/WARN] [net.minecraft.server.level.ServerLevel/]: Tried to add entity the_anomaly:anomaly_visitor_2 but it was marked as removed already
[28Feb2025 09:22:48.817] [Server thread/WARN] [net.minecraft.server.level.ServerLevel/]: Tried to add entity the_anomaly:anomaly_escape but it was marked as removed already
[28Feb2025 09:22:49.016] [Server thread/WARN] [net.minecraft.server.level.ServerLevel/]: Tried to add entity the_anomaly:anomaly_trap but it was marked as removed already
[28Feb2025 09:22:49.017] [Server thread/WARN] [net.minecraft.server.level.ServerLevel/]: Tried to add entity the_anomaly:anomaly_trap but it was marked as removed already
[28Feb2025 09:22:49.166] [Server thread/WARN] [net.minecraft.server.level.ServerLevel/]: Tried to add entity the_anomaly:anomaly_trap but it was marked as removed already
[28Feb2025 09:22:51.827] [Server thread/INFO] [net.minecraftforge.common.AdvancementLoadFix/]: Using new advancement loading for net.minecraft.server.PlayerAdvancements@a43c7b0
[28Feb2025 09:22:51.830] [Server thread/INFO] [net.minecraft.server.players.PlayerList/]: YAMAPROSIH[/127.159.13.28:54193] logged in with entity id 34173 at (-62.0073635723737, 80.78029066665894, -108.03786598331573)
[28Feb2025 09:22:51.835] [Server thread/INFO] [net.minecraft.server.MinecraftServer/]: YAMAPROSIH joined the game
[28Feb2025 09:22:54.616] [Server thread/WARN] [net.minecraft.server.level.ServerLevel/]: Tried to add entity the_anomaly:anomaly_trap but it was marked as removed already
[28Feb2025 09:22:56.416] [Server thread/WARN] [net.minecraft.server.level.ServerLevel/]: Tried to add entity the_anomaly:anomaly_trap but it was marked as removed already
[28Feb2025 09:22:56.516] [Server thread/WARN] [net.minecraft.server.level.ServerLevel/]: Tried to add entity the_anomaly:anomaly_escape but it was marked as removed already
[28Feb2025 09:22:56.567] [Server thread/WARN] [net.minecraft.server.level.ServerLevel/]: Tried to add entity the_anomaly:anomaly_escape but it was marked as removed already
[28Feb2025 09:22:56.617] [Server thread/WARN] [net.minecraft.server.level.ServerLevel/]: Tried to add entity the_anomaly:anomaly_escape but it was marked as removed already
[28Feb2025 09:22:56.716] [Server thread/WARN] [net.minecraft.server.level.ServerLevel/]: Tried to add entity the_anomaly:anomaly_viewer but it was marked as removed already
[28Feb2025 09:22:56.716] [Server thread/WARN] [net.minecraft.server.level.ServerLevel/]: Tried to add entity the_anomaly:anomaly_trap but it was marked as removed already
[28Feb2025 09:22:56.817] [Server thread/WARN] [net.minecraft.server.level.ServerLevel/]: Tried to add entity the_anomaly:anomaly_escape but it was marked as removed already
[28Feb2025 09:22:56.817] [Server thread/WARN] [net.minecraft.server.level.ServerLevel/]: Tried to add entity the_anomaly:anomaly_trap but it was marked as removed already
[28Feb2025 09:22:56.866] [Server thread/WARN] [net.minecraft.server.level.ServerLevel/]: Tried to add entity the_anomaly:anomaly_viewer but it was marked as removed already
[28Feb2025 09:22:57.729] [Server thread/INFO] [net.minecraftforge.common.AdvancementLoadFix/]: Using new advancement loading for net.minecraft.server.PlayerAdvancements@2243085a
[28Feb2025 09:22:57.732] [Server thread/INFO] [net.minecraft.server.players.PlayerList/]: gamerku[/127.163.95.26:41163] logged in with entity id 34207 at (-61.311082934188065, 68.5, -112.62820267172313)
[28Feb2025 09:22:57.737] [Server thread/INFO] [net.minecraft.server.MinecraftServer/]: gamerku joined the game
[28Feb2025 09:22:58.866] [Server thread/WARN] [net.minecraft.server.level.ServerLevel/]: Tried to add entity the_anomaly:anomaly_viewer but it was marked as removed already
[28Feb2025 09:23:04.017] [Server thread/WARN] [net.minecraft.server.level.ServerLevel/]: Tried to add entity the_anomaly:anomaly_escape but it was marked as removed already
[28Feb2025 09:23:04.517] [Server thread/WARN] [net.minecraft.server.level.ServerLevel/]: Tried to add entity the_anomaly:anomaly_escape but it was marked as removed already
[28Feb2025 09:23:04.517] [Server thread/WARN] [net.minecraft.server.level.ServerLevel/]: Tried to add entity the_anomaly:anomaly_viewer but it was marked as removed already
[28Feb2025 09:23:08.316] [Server thread/WARN] [net.minecraft.server.level.ServerLevel/]: Tried to add entity the_anomaly:anomaly_trap but it was marked as removed already
[28Feb2025 09:23:08.417] [Server thread/WARN] [net.minecraft.server.level.ServerLevel/]: Tried to add entity the_anomaly:anomaly_viewer but it was marked as removed already
[28Feb2025 09:23:08.716] [Server thread/WARN] [net.minecraft.server.level.ServerLevel/]: Tried to add entity the_anomaly:anomaly_escape but it was marked as removed already
[28Feb2025 09:23:08.867] [Server thread/WARN] [net.minecraft.server.level.ServerLevel/]: Tried to add entity the_anomaly:anomaly_escape but it was marked as removed already
[28Feb2025 09:23:12.666] [Server thread/WARN] [net.minecraft.server.level.ServerLevel/]: Tried to add entity the_anomaly:anomaly_viewer but it was marked as removed already
[28Feb2025 09:23:12.716] [Server thread/WARN] [net.minecraft.server.level.ServerLevel/]: Tried to add entity the_anomaly:anomaly_viewer but it was marked as removed already
[28Feb2025 09:23:13.017] [Server thread/WARN] [net.minecraft.server.level.ServerLevel/]: Tried to add entity the_anomaly:anomaly_trap but it was marked as removed already
[28Feb2025 09:23:13.216] [Server thread/WARN] [net.minecraft.server.level.ServerLevel/]: Tried to add entity the_anomaly:anomaly_trap but it was marked as removed already
[28Feb2025 09:23:13.217] [Server thread/WARN] [net.minecraft.server.level.ServerLevel/]: Tried to add entity the_anomaly:anomaly_viewer but it was marked as removed already
[28Feb2025 09:23:13.316] [Server thread/WARN] [net.minecraft.server.level.ServerLevel/]: Tried to add entity the_anomaly:anomaly_trap but it was marked as removed already
[28Feb2025 09:23:13.416] [Server thread/WARN] [net.minecraft.server.level.ServerLevel/]: Tried to add entity the_anomaly:anomaly_viewer but it was marked as removed already
[28Feb2025 09:23:13.517] [Server thread/WARN] [net.minecraft.server.level.ServerLevel/]: Tried to add entity the_anomaly:anomaly_viewer but it was marked as removed already
[28Feb2025 09:23:13.666] [Server thread/WARN] [net.minecraft.server.level.ServerLevel/]: Tried to add entity the_anomaly:anomaly_escape but it was marked as removed already
[28Feb2025 09:23:15.217] [Server thread/WARN] [net.minecraft.server.level.ServerLevel/]: Tried to add entity the_anomaly:anomaly_escape but it was marked as removed already
[28Feb2025 09:23:15.716] [Server thread/WARN] [net.minecraft.server.level.ServerLevel/]: Tried to add entity the_anomaly:anomaly_viewer but it was marked as removed already
[28Feb2025 09:23:15.767] [Server thread/WARN] [net.minecraft.server.level.ServerLevel/]: Tried to add entity the_anomaly:anomaly_viewer but it was marked as removed already
[28Feb2025 09:23:15.817] [Server thread/WARN] [net.minecraft.server.level.ServerLevel/]: Tried to add entity the_anomaly:anomaly_escape but it was marked as removed already
[28Feb2025 09:23:15.967] [Server thread/WARN] [net.minecraft.server.level.ServerLevel/]: Tried to add entity the_anomaly:anomaly_trap but it was marked as removed already
[28Feb2025 09:23:16.228] [Server thread/INFO] [net.minecraft.server.MinecraftServer/]: [Not Secure] <YAMAPROSIH> TEST
[28Feb2025 09:23:19.408] [Server thread/INFO] [net.minecraft.server.MinecraftServer/]: [Not Secure] <YAMAPROSIH> MANOK
[28Feb2025 09:23:20.017] [Server thread/WARN] [net.minecraft.server.level.ServerLevel/]: Tried to add entity the_anomaly:anomaly_escape but it was marked as removed already
[28Feb2025 09:23:20.117] [Server thread/WARN] [net.minecraft.server.level.ServerLevel/]: Tried to add entity the_anomaly:anomaly_escape but it was marked as removed already
[28Feb2025 09:23:20.167] [Server thread/WARN] [net.minecraft.server.level.ServerLevel/]: Tried to add entity the_anomaly:anomaly_escape but it was marked as removed already
[28Feb2025 09:23:20.366] [Server thread/WARN] [net.minecraft.server.level.ServerLevel/]: Tried to add entity the_anomaly:anomaly_escape but it was marked as removed already
[28Feb2025 09:23:20.367] [Server thread/WARN] [net.minecraft.server.level.ServerLevel/]: Tried to add entity the_anomaly:anomaly_trap but it was marked as removed already
[28Feb2025 09:23:20.416] [Server thread/WARN] [net.minecraft.server.level.ServerLevel/]: Tried to add entity the_anomaly:anomaly_viewer but it was marked as removed already
[28Feb2025 09:23:20.417] [Server thread/WARN] [net.minecraft.server.level.ServerLevel/]: Tried to add entity the_anomaly:anomaly_escape but it was marked as removed already
[28Feb2025 09:23:20.616] [Server thread/WARN] [net.minecraft.server.level.ServerLevel/]: Tried to add entity the_anomaly:anomaly_viewer but it was marked as removed already
[28Feb2025 09:23:23.067] [Server thread/WARN] [net.minecraft.server.level.ServerLevel/]: Tried to add entity the_anomaly:anomaly_visitor but it was marked as removed already
[28Feb2025 09:23:23.116] [Server thread/WARN] [net.minecraft.server.level.ServerLevel/]: Tried to add entity the_anomaly:anomaly_escape but it was marked as removed already
[28Feb2025 09:23:23.167] [Server thread/WARN] [net.minecraft.server.level.ServerLevel/]: Tried to add entity the_anomaly:anomaly_escape but it was marked as removed already
[28Feb2025 09:23:23.316] [Server thread/WARN] [net.minecraft.server.level.ServerLevel/]: Tried to add entity the_anomaly:anomaly_viewer but it was marked as removed already
[28Feb2025 09:23:23.317] [Server thread/WARN] [net.minecraft.server.level.ServerLevel/]: Tried to add entity the_anomaly:anomaly_trap but it was marked as removed already
[28Feb2025 09:23:23.467] [Server thread/WARN] [net.minecraft.server.level.ServerLevel/]: Tried to add entity the_anomaly:anomaly_visitor_2 but it was marked as removed already
[28Feb2025 09:23:23.566] [Server thread/WARN] [net.minecraft.server.level.ServerLevel/]: Tried to add entity the_anomaly:anomaly_trap but it was marked as removed already
[28Feb2025 09:23:23.567] [Server thread/WARN] [net.minecraft.server.level.ServerLevel/]: Tried to add entity the_anomaly:anomaly_viewer but it was marked as removed already
[28Feb2025 09:23:23.567] [Server thread/WARN] [net.minecraft.server.level.ServerLevel/]: Tried to add entity the_anomaly:anomaly_escape but it was marked as removed already
[28Feb2025 09:23:23.667] [Server thread/WARN] [net.minecraft.server.level.ServerLevel/]: Tried to add entity the_anomaly:anomaly_escape but it was marked as removed already
[28Feb2025 09:23:23.766] [Server thread/WARN] [net.minecraft.server.level.ServerLevel/]: Tried to add entity the_anomaly:anomaly_viewer but it was marked as removed already
[28Feb2025 09:23:23.767] [Server thread/WARN] [net.minecraft.server.level.ServerLevel/]: Tried to add entity the_anomaly:anomaly_trap but it was marked as removed already
[28Feb2025 09:23:23.817] [Server thread/WARN] [net.minecraft.server.level.ServerLevel/]: Tried to add entity the_anomaly:anomaly_escape but it was marked as removed already
[28Feb2025 09:23:24.067] [Server thread/WARN] [net.minecraft.server.level.ServerLevel/]: Tried to add entity the_anomaly:anomaly_escape but it was marked as removed already
[28Feb2025 09:23:24.067] [Server thread/WARN] [net.minecraft.server.level.ServerLevel/]: Tried to add entity the_anomaly:anomaly_viewer but it was marked as removed already
[28Feb2025 09:23:24.217] [Server thread/WARN] [net.minecraft.server.level.ServerLevel/]: Tried to add entity the_anomaly:anomaly_escape but it was marked as removed already
[28Feb2025 09:23:24.966] [Server thread/WARN] [net.minecraft.server.level.ServerLevel/]: Tried to add entity the_anomaly:anomaly_viewer but it was marked as removed already
[28Feb2025 09:23:28.367] [Server thread/WARN] [net.minecraft.server.level.ServerLevel/]: Tried to add entity the_anomaly:anomaly_trap but it was marked as removed already
[28Feb2025 09:23:29.967] [Server thread/WARN] [net.minecraft.server.level.ServerLevel/]: Tried to add entity the_anomaly:anomaly_trap but it was marked as removed already
[28Feb2025 09:23:30.066] [Server thread/WARN] [net.minecraft.server.level.ServerLevel/]: Tried to add entity the_anomaly:anomaly_trap but it was marked as removed already
[28Feb2025 09:23:30.067] [Server thread/WARN] [net.minecraft.server.level.ServerLevel/]: Tried to add entity the_anomaly:anomaly_viewer but it was marked as removed already
[28Feb2025 09:23:30.567] [Server thread/WARN] [net.minecraft.server.level.ServerLevel/]: Tried to add entity the_anomaly:anomaly_viewer but it was marked as removed already
[28Feb2025 09:23:30.617] [Server thread/WARN] [net.minecraft.server.level.ServerLevel/]: Tried to add entity the_anomaly:anomaly_trap but it was marked as removed already
[28Feb2025 09:23:30.667] [Server thread/WARN] [net.minecraft.server.level.ServerLevel/]: Tried to add entity the_anomaly:anomaly_trap but it was marked as removed already
[28Feb2025 09:23:30.667] [Server thread/WARN] [net.minecraft.server.level.ServerLevel/]: Tried to add entity the_anomaly:anomaly_trap but it was marked as removed already
[28Feb2025 09:23:30.716] [Server thread/WARN] [net.minecraft.server.level.ServerLevel/]: Tried to add entity the_anomaly:anomaly_viewer but it was marked as removed already
[28Feb2025 09:23:30.817] [Server thread/WARN] [net.minecraft.server.level.ServerLevel/]: Tried to add entity the_anomaly:anomaly_trap but it was marked as removed already
[28Feb2025 09:23:30.916] [Server thread/WARN] [net.minecraft.server.level.ServerLevel/]: Tried to add entity the_anomaly:anomaly_visitor_2 but it was marked as removed already
[28Feb2025 09:23:31.017] [Server thread/WARN] [net.minecraft.server.level.ServerLevel/]: Tried to add entity the_anomaly:anomaly_viewer but it was marked as removed already
[28Feb2025 09:23:32.966] [Server thread/WARN] [net.minecraft.server.level.ServerLevel/]: Tried to add entity the_anomaly:anomaly_viewer but it was marked as removed already
[28Feb2025 09:23:33.017] [Server thread/WARN] [net.minecraft.server.level.ServerLevel/]: Tried to add entity the_anomaly:anomaly_viewer but it was marked as removed already
[28Feb2025 09:23:34.617] [Server thread/WARN] [net.minecraft.server.level.ServerLevel/]: Tried to add entity the_anomaly:anomaly_viewer but it was marked as removed already
[28Feb2025 09:23:34.717] [Server thread/WARN] [net.minecraft.server.level.ServerLevel/]: Tried to add entity the_anomaly:anomaly_viewer but it was marked as removed already
[28Feb2025 09:23:36.566] [Server thread/WARN] [net.minecraft.server.level.ServerLevel/]: Tried to add entity the_anomaly:anomaly_escape but it was marked as removed already
[28Feb2025 09:23:38.117] [Server thread/WARN] [net.minecraft.server.level.ServerLevel/]: Tried to add entity the_anomaly:anomaly_viewer but it was marked as removed already
[28Feb2025 09:23:41.416] [Server thread/WARN] [net.minecraft.server.level.ServerLevel/]: Tried to add entity the_anomaly:anomaly_escape but it was marked as removed already
[28Feb2025 09:23:41.567] [Server thread/WARN] [net.minecraft.server.level.ServerLevel/]: Tried to add entity the_anomaly:anomaly_trap but it was marked as removed already
[28Feb2025 09:23:41.617] [Server thread/WARN] [net.minecraft.server.level.ServerLevel/]: Tried to add entity the_anomaly:anomaly_escape but it was marked as removed already
[28Feb2025 09:23:41.767] [Server thread/WARN] [net.minecraft.server.level.ServerLevel/]: Tried to add entity the_anomaly:anomaly_escape but it was marked as removed already
[28Feb2025 09:23:41.817] [Server thread/WARN] [net.minecraft.server.level.ServerLevel/]: Tried to add entity the_anomaly:anomaly_viewer but it was marked as removed already
[28Feb2025 09:23:43.216] [Server thread/WARN] [net.minecraft.server.level.ServerLevel/]: Tried to add entity the_anomaly:anomaly_trap but it was marked as removed already
[28Feb2025 09:23:44.767] [Server thread/WARN] [net.minecraft.server.level.ServerLevel/]: Tried to add entity the_anomaly:anomaly_escape but it was marked as removed already
[28Feb2025 09:23:45.167] [Server thread/WARN] [net.minecraft.server.level.ServerLevel/]: Tried to add entity the_anomaly:anomaly_trap but it was marked as removed already
[28Feb2025 09:23:45.167] [Server thread/WARN] [net.minecraft.server.level.ServerLevel/]: Tried to add entity the_anomaly:anomaly_escape but it was marked as removed already
[28Feb2025 09:23:45.467] [Server thread/WARN] [net.minecraft.server.level.ServerLevel/]: Tried to add entity the_anomaly:anomaly_escape but it was marked as removed already
[28Feb2025 09:23:45.667] [Server thread/WARN] [net.minecraft.server.level.ServerLevel/]: Tried to add entity the_anomaly:anomaly_viewer but it was marked as removed already
[28Feb2025 09:23:45.717] [Server thread/WARN] [net.minecraft.server.level.ServerLevel/]: Tried to add entity the_anomaly:anomaly_viewer but it was marked as removed already
[28Feb2025 09:23:45.817] [Server thread/WARN] [net.minecraft.server.level.ServerLevel/]: Tried to add entity the_anomaly:anomaly_trap but it was marked as removed already
[28Feb2025 09:23:45.817] [Server thread/WARN] [net.minecraft.server.level.ServerLevel/]: Tried to add entity the_anomaly:anomaly_escape but it was marked as removed already
[28Feb2025 09:23:45.867] [Server thread/WARN] [net.minecraft.server.level.ServerLevel/]: Tried to add entity the_anomaly:anomaly_trap but it was marked as removed already
[28Feb2025 09:23:45.867] [Server thread/WARN] [net.minecraft.server.level.ServerLevel/]: Tried to add entity the_anomaly:anomaly_viewer but it was marked as removed already
[28Feb2025 09:23:46.367] [Server thread/WARN] [net.minecraft.server.level.ServerLevel/]: Tried to add entity the_anomaly:anomaly_trap but it was marked as removed already
[28Feb2025 09:23:46.667] [Server thread/WARN] [net.minecraft.server.level.ServerLevel/]: Tried to add entity the_anomaly:anomaly_escape but it was marked as removed already
[28Feb2025 09:23:46.717] [Server thread/WARN] [net.minecraft.server.level.ServerLevel/]: Tried to add entity the_anomaly:anomaly_viewer but it was marked as removed already
[28Feb2025 09:23:46.817] [Server thread/WARN] [net.minecraft.server.level.ServerLevel/]: Tried to add entity the_anomaly:anomaly_trap but it was marked as removed already
[28Feb2025 09:23:49.916] [Server thread/WARN] [net.minecraft.server.level.ServerLevel/]: Tried to add entity the_anomaly:anomaly_escape but it was marked as removed already
[28Feb2025 09:23:51.567] [Server thread/WARN] [net.minecraft.server.level.ServerLevel/]: Tried to add entity the_anomaly:anomaly_viewer but it was marked as removed already
[28Feb2025 09:23:51.667] [Server thread/WARN] [net.minecraft.server.level.ServerLevel/]: Tried to add entity the_anomaly:anomaly_viewer but it was marked as removed already
[28Feb2025 09:23:51.971] [Server thread/INFO] [net.minecraft.server.network.ServerGamePacketListenerImpl/]: YAMAPROSIH lost connection: Timed out
[28Feb2025 09:23:51.971] [Server thread/INFO] [net.minecraft.server.MinecraftServer/]: YAMAPROSIH left the game
[28Feb2025 09:23:52.117] [Server thread/WARN] [net.minecraft.server.level.ServerLevel/]: Tried to add entity the_anomaly:anomaly_trap but it was marked as removed already
[28Feb2025 09:23:53.467] [Server thread/WARN] [net.minecraft.server.level.ServerLevel/]: Tried to add entity the_anomaly:anomaly_viewer but it was marked as removed already
[28Feb2025 09:23:53.666] [Server thread/WARN] [net.minecraft.server.level.ServerLevel/]: Tried to add entity the_anomaly:anomaly_escape but it was marked as removed already
[28Feb2025 09:23:54.416] [Server thread/WARN] [net.minecraft.server.level.ServerLevel/]: Tried to add entity the_anomaly:anomaly_viewer but it was marked as removed already
[28Feb2025 09:23:55.066] [Server thread/WARN] [net.minecraft.server.level.ServerLevel/]: Tried to add entity the_anomaly:anomaly_trap but it was marked as removed already
[28Feb2025 09:23:55.217] [Server thread/WARN] [net.minecraft.server.level.ServerLevel/]: Tried to add entity the_anomaly:anomaly_trap but it was marked as removed already
[28Feb2025 09:23:55.266] [Server thread/WARN] [net.minecraft.server.level.ServerLevel/]: Tried to add entity the_anomaly:anomaly_escape but it was marked as removed already
[28Feb2025 09:23:55.317] [Server thread/WARN] [net.minecraft.server.level.ServerLevel/]: Tried to add entity the_anomaly:anomaly_viewer but it was marked as removed already
[28Feb2025 09:23:55.367] [Server thread/WARN] [net.minecraft.server.level.ServerLevel/]: Tried to add entity the_anomaly:anomaly_trap but it was marked as removed already
[28Feb2025 09:23:57.067] [Server thread/WARN] [net.minecraft.server.level.ServerLevel/]: Tried to add entity the_anomaly:anomaly_visitor_2 but it was marked as removed already
[28Feb2025 09:23:57.117] [Server thread/WARN] [net.minecraft.server.level.ServerLevel/]: Tried to add entity the_anomaly:anomaly_viewer but it was marked as removed already
[28Feb2025 09:23:57.217] [Server thread/WARN] [net.minecraft.server.level.ServerLevel/]: Tried to add entity the_anomaly:anomaly_trap but it was marked as removed already
[28Feb2025 09:23:58.366] [Server thread/WARN] [net.minecraft.server.level.ServerLevel/]: Tried to add entity the_anomaly:anomaly_viewer but it was marked as removed already
[28Feb2025 09:24:02.066] [Server thread/WARN] [net.minecraft.server.level.ServerLevel/]: Tried to add entity the_anomaly:anomaly_viewer but it was marked as removed already
[28Feb2025 09:24:02.266] [Server thread/WARN] [net.minecraft.server.level.ServerLevel/]: Tried to add entity the_anomaly:anomaly_escape but it was marked as removed already
[28Feb2025 09:24:02.516] [Server thread/WARN] [net.minecraft.server.level.ServerLevel/]: Tried to add entity the_anomaly:anomaly_trap but it was marked as removed already
[28Feb2025 09:24:05.286] [Server thread/INFO] [net.minecraft.server.MinecraftServer/]: [Not Secure] <Achbar> bentuk manuk
[28Feb2025 09:24:13.217] [Server thread/WARN] [net.minecraft.server.level.ServerLevel/]: Tried to add entity the_anomaly:anomaly_escape but it was marked as removed already
[28Feb2025 09:24:13.267] [Server thread/WARN] [net.minecraft.server.level.ServerLevel/]: Tried to add entity the_anomaly:anomaly_viewer but it was marked as removed already
[28Feb2025 09:24:13.267] [Server thread/WARN] [net.minecraft.server.level.ServerLevel/]: Tried to add entity the_anomaly:anomaly_viewer but it was marked as removed already
[28Feb2025 09:24:13.567] [Server thread/WARN] [net.minecraft.server.level.ServerLevel/]: Tried to add entity the_anomaly:anomaly_escape but it was marked as removed already
[28Feb2025 09:24:13.617] [Server thread/WARN] [net.minecraft.server.level.ServerLevel/]: Tried to add entity the_anomaly:anomaly_escape but it was marked as removed already
[28Feb2025 09:24:13.767] [Server thread/WARN] [net.minecraft.server.level.ServerLevel/]: Tried to add entity the_anomaly:anomaly_viewer but it was marked as removed already
[28Feb2025 09:24:13.767] [Server thread/WARN] [net.minecraft.server.level.ServerLevel/]: Tried to add entity the_anomaly:anomaly_escape but it was marked as removed already
[28Feb2025 09:24:13.817] [Server thread/WARN] [net.minecraft.server.level.ServerLevel/]: Tried to add entity the_anomaly:anomaly_viewer but it was marked as removed already
[28Feb2025 09:24:14.067] [Server thread/WARN] [net.minecraft.server.level.ServerLevel/]: Tried to add entity the_anomaly:anomaly_escape but it was marked as removed already
[28Feb2025 09:24:15.816] [Server thread/WARN] [net.minecraft.server.level.ServerLevel/]: Tried to add entity the_anomaly:anomaly_viewer but it was marked as removed already
[28Feb2025 09:24:15.916] [Server thread/WARN] [net.minecraft.server.level.ServerLevel/]: Tried to add entity the_anomaly:anomaly_trap but it was marked as removed already
[28Feb2025 09:24:19.118] [Server thread/WARN] [net.minecraft.server.level.ServerLevel/]: Tried to add entity the_anomaly:anomaly_trap but it was marked as removed already
[28Feb2025 09:24:19.118] [Server thread/WARN] [net.minecraft.server.level.ServerLevel/]: Tried to add entity the_anomaly:anomaly_viewer but it was marked as removed already
[28Feb2025 09:24:21.867] [Server thread/WARN] [net.minecraft.server.level.ServerLevel/]: Tried to add entity the_anomaly:anomaly_escape but it was marked as removed already
[28Feb2025 09:24:23.167] [Server thread/WARN] [net.minecraft.server.level.ServerLevel/]: Tried to add entity the_anomaly:anomaly_viewer but it was marked as removed already
[28Feb2025 09:24:23.217] [Server thread/WARN] [net.minecraft.server.level.ServerLevel/]: Tried to add entity the_anomaly:anomaly_escape but it was marked as removed already
[28Feb2025 09:24:24.317] [Server thread/WARN] [net.minecraft.server.level.ServerLevel/]: Tried to add entity the_anomaly:anomaly_escape but it was marked as removed already
[28Feb2025 09:24:25.866] [Server thread/WARN] [net.minecraft.server.level.ServerLevel/]: Tried to add entity the_anomaly:anomaly_viewer but it was marked as removed already
[28Feb2025 09:24:26.116] [Server thread/WARN] [net.minecraft.server.level.ServerLevel/]: Tried to add entity the_anomaly:anomaly_trap but it was marked as removed already
[28Feb2025 09:24:26.217] [Server thread/WARN] [net.minecraft.server.level.ServerLevel/]: Tried to add entity the_anomaly:anomaly_trap but it was marked as removed already
[28Feb2025 09:24:26.217] [Server thread/WARN] [net.minecraft.server.level.ServerLevel/]: Tried to add entity the_anomaly:anomaly_trap but it was marked as removed already
[28Feb2025 09:24:26.266] [Server thread/WARN] [net.minecraft.server.level.ServerLevel/]: Tried to add entity the_anomaly:anomaly_trap but it was marked as removed already
[28Feb2025 09:24:27.016] [Server thread/WARN] [net.minecraft.server.level.ServerLevel/]: Tried to add entity the_anomaly:anomaly_viewer but it was marked as removed already
[28Feb2025 09:24:27.066] [Server thread/WARN] [net.minecraft.server.level.ServerLevel/]: Tried to add entity the_anomaly:anomaly_escape but it was marked as removed already
[28Feb2025 09:24:27.267] [Server thread/WARN] [net.minecraft.server.level.ServerLevel/]: Tried to add entity the_anomaly:anomaly_viewer but it was marked as removed already
[28Feb2025 09:24:27.267] [Server thread/WARN] [net.minecraft.server.level.ServerLevel/]: Tried to add entity the_anomaly:anomaly_escape but it was marked as removed already
[28Feb2025 09:24:27.318] [Server thread/WARN] [net.minecraft.server.level.ServerLevel/]: Tried to add entity the_anomaly:anomaly_viewer but it was marked as removed already
[28Feb2025 09:24:28.928] [Server thread/INFO] [net.minecraftforge.common.AdvancementLoadFix/]: Using new advancement loading for net.minecraft.server.PlayerAdvancements@b9f71d8
[28Feb2025 09:24:28.930] [Server thread/INFO] [net.minecraft.server.players.PlayerList/]: YAMAPROSIH[/127.159.13.28:49605] logged in with entity id 34684 at (-67.5475113217265, 68.0, -111.19864525106385)
[28Feb2025 09:24:28.936] [Server thread/INFO] [net.minecraft.server.MinecraftServer/]: YAMAPROSIH joined the game
[28Feb2025 09:24:29.367] [Server thread/WARN] [net.minecraft.server.level.ServerLevel/]: Tried to add entity the_anomaly:anomaly_trap but it was marked as removed already
[28Feb2025 09:24:32.766] [Server thread/WARN] [net.minecraft.server.level.ServerLevel/]: Tried to add entity the_anomaly:anomaly_trap but it was marked as removed already
[28Feb2025 09:24:32.767] [Server thread/WARN] [net.minecraft.server.level.ServerLevel/]: Tried to add entity the_anomaly:anomaly_trap but it was marked as removed already
[28Feb2025 09:24:33.017] [Server thread/WARN] [net.minecraft.server.level.ServerLevel/]: Tried to add entity the_anomaly:anomaly_viewer but it was marked as removed already
[28Feb2025 09:24:33.117] [Server thread/WARN] [net.minecraft.server.level.ServerLevel/]: Tried to add entity the_anomaly:anomaly_viewer but it was marked as removed already
[28Feb2025 09:24:33.117] [Server thread/WARN] [net.minecraft.server.level.ServerLevel/]: Tried to add entity the_anomaly:anomaly_viewer but it was marked as removed already
[28Feb2025 09:24:33.266] [Server thread/WARN] [net.minecraft.server.level.ServerLevel/]: Tried to add entity the_anomaly:anomaly_escape but it was marked as removed already
[28Feb2025 09:24:33.267] [Server thread/WARN] [net.minecraft.server.level.ServerLevel/]: Tried to add entity the_anomaly:anomaly_viewer but it was marked as removed already
[28Feb2025 09:24:33.816] [Server thread/WARN] [net.minecraft.server.level.ServerLevel/]: Tried to add entity the_anomaly:anomaly_escape but it was marked as removed already
[28Feb2025 09:24:33.916] [Server thread/WARN] [net.minecraft.server.level.ServerLevel/]: Tried to add entity the_anomaly:anomaly_escape but it was marked as removed already
[28Feb2025 09:24:33.916] [Server thread/WARN] [net.minecraft.server.level.ServerLevel/]: Tried to add entity the_anomaly:anomaly_escape but it was marked as removed already
[28Feb2025 09:24:34.067] [Server thread/WARN] [net.minecraft.server.level.ServerLevel/]: Tried to add entity the_anomaly:anomaly_escape but it was marked as removed already
[28Feb2025 09:24:34.217] [Server thread/WARN] [net.minecraft.server.level.ServerLevel/]: Tried to add entity the_anomaly:anomaly_trap but it was marked as removed already
[28Feb2025 09:24:35.217] [Server thread/WARN] [net.minecraft.server.level.ServerLevel/]: Tried to add entity the_anomaly:anomaly_viewer but it was marked as removed already
[28Feb2025 09:24:35.417] [Server thread/WARN] [net.minecraft.server.level.ServerLevel/]: Tried to add entity the_anomaly:anomaly_escape but it was marked as removed already
[28Feb2025 09:24:35.867] [Server thread/WARN] [net.minecraft.server.level.ServerLevel/]: Tried to add entity the_anomaly:anomaly_viewer but it was marked as removed already
[28Feb2025 09:24:36.366] [Server thread/WARN] [net.minecraft.server.level.ServerLevel/]: Tried to add entity the_anomaly:anomaly_escape but it was marked as removed already
[28Feb2025 09:24:36.417] [Server thread/WARN] [net.minecraft.server.level.ServerLevel/]: Tried to add entity the_anomaly:anomaly_escape but it was marked as removed already
[28Feb2025 09:24:36.816] [Server thread/WARN] [net.minecraft.server.level.ServerLevel/]: Tried to add entity the_anomaly:anomaly_escape but it was marked as removed already
[28Feb2025 09:24:36.917] [Server thread/WARN] [net.minecraft.server.level.ServerLevel/]: Tried to add entity the_anomaly:anomaly_viewer but it was marked as removed already
[28Feb2025 09:24:37.167] [Server thread/WARN] [net.minecraft.server.level.ServerLevel/]: Tried to add entity the_anomaly:anomaly_viewer but it was marked as removed already
[28Feb2025 09:24:37.217] [Server thread/WARN] [net.minecraft.server.level.ServerLevel/]: Tried to add entity the_anomaly:anomaly_viewer but it was marked as removed already
[28Feb2025 09:24:37.267] [Server thread/WARN] [net.minecraft.server.level.ServerLevel/]: Tried to add entity the_anomaly:anomaly_trap but it was marked as removed already
[28Feb2025 09:24:39.417] [Server thread/WARN] [net.minecraft.server.level.ServerLevel/]: Tried to add entity the_anomaly:anomaly_trap but it was marked as removed already
[28Feb2025 09:24:39.467] [Server thread/WARN] [net.minecraft.server.level.ServerLevel/]: Tried to add entity the_anomaly:anomaly_trap but it was marked as removed already
[28Feb2025 09:24:39.568] [Server thread/WARN] [net.minecraft.server.level.ServerLevel/]: Tried to add entity the_anomaly:anomaly_viewer but it was marked as removed already
[28Feb2025 09:24:39.667] [Server thread/WARN] [net.minecraft.server.level.ServerLevel/]: Tried to add entity the_anomaly:anomaly_trap but it was marked as removed already
[28Feb2025 09:24:39.717] [Server thread/WARN] [net.minecraft.server.level.ServerLevel/]: Tried to add entity the_anomaly:anomaly_viewer but it was marked as removed already
[28Feb2025 09:24:39.817] [Server thread/WARN] [net.minecraft.server.level.ServerLevel/]: Tried to add entity the_anomaly:anomaly_viewer but it was marked as removed already
[28Feb2025 09:24:39.917] [Server thread/WARN] [net.minecraft.server.level.ServerLevel/]: Tried to add entity the_anomaly:anomaly_trap but it was marked as removed already
[28Feb2025 09:24:39.917] [Server thread/WARN] [net.minecraft.server.level.ServerLevel/]: Tried to add entity the_anomaly:anomaly_escape but it was marked as removed already
[28Feb2025 09:24:40.017] [Server thread/WARN] [net.minecraft.server.level.ServerLevel/]: Tried to add entity the_anomaly:anomaly_trap but it was marked as removed already
[28Feb2025 09:24:40.117] [Server thread/WARN] [net.minecraft.server.level.ServerLevel/]: Tried to add entity the_anomaly:anomaly_trap but it was marked as removed already
[28Feb2025 09:24:40.167] [Server thread/WARN] [net.minecraft.server.level.ServerLevel/]: Tried to add entity the_anomaly:anomaly_escape but it was marked as removed already
[28Feb2025 09:24:40.267] [Server thread/WARN] [net.minecraft.server.level.ServerLevel/]: Tried to add entity the_anomaly:anomaly_escape but it was marked as removed already
[28Feb2025 09:24:40.317] [Server thread/WARN] [net.minecraft.server.level.ServerLevel/]: Tried to add entity the_anomaly:anomaly_trap but it was marked as removed already
[28Feb2025 09:24:40.416] [Server thread/WARN] [net.minecraft.server.level.ServerLevel/]: Tried to add entity the_anomaly:anomaly_trap but it was marked as removed already
[28Feb2025 09:24:40.567] [Server thread/WARN] [net.minecraft.server.level.ServerLevel/]: Tried to add entity the_anomaly:anomaly_trap but it was marked as removed already
[28Feb2025 09:24:42.668] [Server thread/WARN] [net.minecraft.server.level.ServerLevel/]: Tried to add entity the_anomaly:anomaly_viewer but it was marked as removed already
[28Feb2025 09:24:42.668] [Server thread/WARN] [net.minecraft.server.level.ServerLevel/]: Tried to add entity the_anomaly:anomaly_viewer but it was marked as removed already
[28Feb2025 09:24:42.767] [Server thread/WARN] [net.minecraft.server.level.ServerLevel/]: Tried to add entity the_anomaly:anomaly_escape but it was marked as removed already
[28Feb2025 09:24:42.917] [Server thread/WARN] [net.minecraft.server.level.ServerLevel/]: Tried to add entity the_anomaly:anomaly_viewer but it was marked as removed already
[28Feb2025 09:24:43.116] [Server thread/WARN] [net.minecraft.server.level.ServerLevel/]: Tried to add entity the_anomaly:anomaly_viewer but it was marked as removed already
[28Feb2025 09:24:43.816] [Server thread/WARN] [net.minecraft.server.level.ServerLevel/]: Tried to add entity the_anomaly:anomaly_viewer but it was marked as removed already
[28Feb2025 09:24:44.017] [Server thread/WARN] [net.minecraft.server.level.ServerLevel/]: Tried to add entity the_anomaly:anomaly_viewer but it was marked as removed already
[28Feb2025 09:24:44.216] [Server thread/WARN] [net.minecraft.server.level.ServerLevel/]: Tried to add entity the_anomaly:anomaly_escape but it was marked as removed already
[28Feb2025 09:24:44.766] [Server thread/WARN] [net.minecraft.server.level.ServerLevel/]: Tried to add entity the_anomaly:anomaly_escape but it was marked as removed already
[28Feb2025 09:24:44.817] [Server thread/WARN] [net.minecraft.server.level.ServerLevel/]: Tried to add entity the_anomaly:anomaly_viewer but it was marked as removed already
[28Feb2025 09:24:45.017] [Server thread/WARN] [net.minecraft.server.level.ServerLevel/]: Tried to add entity the_anomaly:anomaly_escape but it was marked as removed already
[28Feb2025 09:24:45.017] [Server thread/WARN] [net.minecraft.server.level.ServerLevel/]: Tried to add entity the_anomaly:anomaly_trap but it was marked as removed already
[28Feb2025 09:24:45.267] [Server thread/WARN] [net.minecraft.server.level.ServerLevel/]: Tried to add entity the_anomaly:anomaly_viewer but it was marked as removed already
[28Feb2025 09:24:45.317] [Server thread/WARN] [net.minecraft.server.level.ServerLevel/]: Tried to add entity the_anomaly:anomaly_trap but it was marked as removed already
[28Feb2025 09:24:46.116] [Server thread/WARN] [net.minecraft.server.level.ServerLevel/]: Tried to add entity the_anomaly:anomaly_viewer but it was marked as removed already
[28Feb2025 09:24:46.317] [Server thread/WARN] [net.minecraft.server.level.ServerLevel/]: Tried to add entity the_anomaly:anomaly_viewer but it was marked as removed already
[28Feb2025 09:24:47.567] [Server thread/WARN] [net.minecraft.server.level.ServerLevel/]: Tried to add entity the_anomaly:anomaly_escape but it was marked as removed already
[28Feb2025 09:24:47.667] [Server thread/WARN] [net.minecraft.server.level.ServerLevel/]: Tried to add entity the_anomaly:anomaly_trap but it was marked as removed already
[28Feb2025 09:24:50.016] [Server thread/WARN] [net.minecraft.server.level.ServerLevel/]: Tried to add entity the_anomaly:anomaly_viewer but it was marked as removed already
[28Feb2025 09:24:50.618] [Server thread/WARN] [net.minecraft.server.level.ServerLevel/]: Tried to add entity the_anomaly:anomaly_trap but it was marked as removed already
[28Feb2025 09:24:50.667] [Server thread/WARN] [net.minecraft.server.level.ServerLevel/]: Tried to add entity the_anomaly:anomaly_escape but it was marked as removed already
[28Feb2025 09:24:50.781] [Server thread/INFO] [net.minecraft.server.MinecraftServer/]: [gamerku: Stopping the server]
[28Feb2025 09:24:50.816] [Server thread/INFO] [net.minecraft.server.MinecraftServer/]: Stopping server
[28Feb2025 09:24:50.817] [Server thread/INFO] [net.minecraft.server.MinecraftServer/]: Saving players
[28Feb2025 09:24:50.829] [Server thread/INFO] [net.minecraft.server.MinecraftServer/]: Saving worlds
[28Feb2025 09:24:51.779] [Server thread/INFO] [net.minecraft.server.MinecraftServer/]: Saving chunks for level 'ServerLevel[world]'/minecraft:overworld
[28Feb2025 09:24:51.870] [Server thread/INFO] [net.minecraft.server.MinecraftServer/]: Saving chunks for level 'ServerLevel[world]'/minecraft:the_nether
[28Feb2025 09:24:51.871] [Server thread/INFO] [net.minecraft.server.MinecraftServer/]: Saving chunks for level 'ServerLevel[world]'/minecraft:the_end
[28Feb2025 09:24:51.871] [Server thread/INFO] [net.minecraft.server.MinecraftServer/]: Saving chunks for level 'ServerLevel[world]'/man:halucination
[28Feb2025 09:24:51.884] [Server thread/INFO] [net.minecraft.server.MinecraftServer/]: ThreadedAnvilChunkStorage (world): All chunks are saved
[28Feb2025 09:24:51.884] [Server thread/INFO] [net.minecraft.server.MinecraftServer/]: ThreadedAnvilChunkStorage (DIM-1): All chunks are saved
[28Feb2025 09:24:51.885] [Server thread/INFO] [net.minecraft.server.MinecraftServer/]: ThreadedAnvilChunkStorage (DIM1): All chunks are saved
[28Feb2025 09:24:51.885] [Server thread/INFO] [net.minecraft.server.MinecraftServer/]: ThreadedAnvilChunkStorage (halucination): All chunks are saved
[28Feb2025 09:24:51.885] [Server thread/INFO] [net.minecraft.server.MinecraftServer/]: ThreadedAnvilChunkStorage: All dimensions are saved
[28Feb2025 09:24:51.902] [Server thread/INFO] [Framework/]: Unloading server configs...
